"run_index";"target_community_index";"dataset_name";"comm_algo";"budget";"modularity_before";"modularity_random";"modularity_after_mod";"modularity_after_saf";"safeness_before";"safeness_random";"safeness_after_mod";"safeness_after_saf";"deception_before";"deception_random";"deception_after_mod";"deception_after_saf";"ari_gen_random";"ari_gen_mod";"ari_gen_saf";"nmi_gen_random";"nmi_gen_mod";"nmi_gen_saf";"ari_spec_random";"ari_spec_mod";"ari_spec_saf";"nmi_spec_random";"nmi_spec_mod";"nmi_spec_saf";"time_random";"time_mod";"time_saf";"target_community_nodes";"edits_random";"edits_mod";"edits_saf";"communities_random";"communities_mod";"communities_saf";"community_structure_original";"community_structure_random";"community_structure_mod";"community_structure_saf"
0;0;"aucs";"flat_ec";6;0.4162;0.4069;0.404;0.4026;"{'25': 0.5523809523809524, '57': 0.3051948051948052, '52': 0.2888198757763975, '59': 0.48809523809523814, '49': 0.32142857142857145, '16': 0.44642857142857145, '51': 0.3968253968253968, '44': 0.44642857142857145, '31': 0.2542016806722689, '47': 0.41541353383458646, '50': 0.35714285714285715, '53': 0.17857142857142858, '29': 0.4512987012987013, '24': 0.3055555555555556, '48': 0.21428571428571427}";"{'25': 0.5523809523809524, '57': 0.3051948051948052, '52': 0.3005952380952381, '59': 0.48809523809523814, '49': 0.35714285714285715, '16': 0.5, '51': 0.4357142857142857, '44': 0.5, '31': 0.2542016806722689, '47': 0.41541353383458646, '50': 0.35714285714285715, '53': 0.21428571428571427, '29': 0.46118012422360244, '24': 0.35, '48': 0.21428571428571427}";"{'25': 0.6190476190476191, '57': 0.3051948051948052, '52': 0.2888198757763975, '59': 0.48809523809523814, '49': 0.32142857142857145, '16': 0.44642857142857145, '51': 0.3968253968253968, '44': 0.44642857142857145, '31': 0.2542016806722689, '47': 0.41541353383458646, '50': 0.35714285714285715, '53': 0.17857142857142858, '29': 0.4512987012987013, '24': 0.3055555555555556, '48': 0.21428571428571427}";"{'25': 0.5523809523809524, '57': 0.3051948051948052, '52': 0.2888198757763975, '59': 0.48809523809523814, '49': 0.3928571428571429, '16': 0.44642857142857145, '51': 0.3968253968253968, '44': 0.44642857142857145, '31': 0.2542016806722689, '47': 0.41541353383458646, '50': 0.44047619047619047, '53': 0.2619047619047619, '29': 0.4512987012987013, '24': 0.3055555555555556, '48': 0.3051948051948052}";0.0;0.0;0.0;0.0833333333333333;1.0;1.0;0.8413901082002964;1.0;1.0;0.8876013987878365;1.0;1.0;0.8695138286975022;1.0;1.0;0.8979839896889152;0.044;0.0381;0.0085;"['25', '57', '52', '59', '49', '16', '51', '44', '31', '47', '50', '53', '29', '24', '48']";"[('intraD', ('49', '53')), ('interA', ('22', '52')), ('intraD', ('16', '44')), ('interA', ('24', '42')), ('interA', ('29', '7')), ('interA', ('26', '51'))]";"[('interA', ('25', '39')), ('interA', ('25', '32')), ('interA', ('25', '7')), ('interA', ('25', '37')), ('interA', ('25', '26')), ('interA', ('25', '30'))]";"[('interA', ('49', '58')), ('interA', ('41', '50')), ('interA', ('45', '53')), ('interA', ('12', '48')), ('interA', ('11', '53')), ('interA', ('48', '5'))]";"[['25', '57', '52', '59', '49', '16', '51', '44', '31', '47', '50', '53', '29', '24', '48'], ['11', '20', '2', '3', '15', '43', '40', '28', '19', '6', '46', '42', '27'], ['39', '32', '7', '37', '26', '30', '35', '12', '34', '13', '36', '33', '38'], ['8', '22', '14', '18', '23', '17', '5', '4', '21', '60', '58', '1'], ['55', '54', '45', '61', '10', '56', '9', '41']]";"[['25', '57', '52', '59', '49', '16', '51', '44', '31', '47', '50', '53', '29', '24', '48'], ['11', '20', '2', '3', '15', '43', '40', '28', '19', '6', '46', '42', '27'], ['39', '32', '7', '37', '26', '30', '35', '12', '34', '13', '36', '33', '38'], ['8', '22', '14', '18', '23', '17', '5', '4', '21', '60', '58', '1'], ['55', '54', '45', '61', '10', '56', '9', '41']]";"[['25', '57', '52', '59', '48', '49', '16', '4', '51', '31', '44', '47', '50', '53', '29', '24', '58', '1'], ['39', '32', '14', '37', '7', '26', '30', '35', '12', '34', '13', '36', '33', '38'], ['11', '20', '2', '3', '15', '43', '40', '28', '19', '6', '46', '42', '27'], ['55', '54', '45', '61', '10', '56', '9', '41'], ['8', '22', '18', '23', '17', '5', '21', '60']]";"[3, 1, 1, 3, 3, 1, 2, 3, 4, 4, 1, 2, 2, 3, 1, 0, 3, 3, 1, 1, 3, 3, 3, 0, 0, 2, 1, 1, 0, 2, 0, 2, 2, 2, 2, 2, 2, 2, 2, 1, 4, 1, 1, 0, 4, 1, 0, 0, 0, 0, 0, 0, 0, 4, 4, 4, 0, 3, 0, 3, 4]";"[3, 1, 1, 3, 3, 1, 2, 3, 4, 4, 1, 2, 2, 3, 1, 0, 3, 3, 1, 1, 3, 3, 3, 0, 0, 2, 1, 1, 0, 2, 0, 2, 2, 2, 2, 2, 2, 2, 2, 1, 4, 1, 1, 0, 4, 1, 0, 0, 0, 0, 0, 0, 0, 4, 4, 4, 0, 3, 0, 3, 4]";"[3, 1, 1, 3, 3, 1, 2, 3, 4, 4, 1, 2, 2, 3, 1, 0, 3, 3, 1, 1, 3, 3, 3, 0, 0, 2, 1, 1, 0, 2, 0, 2, 2, 2, 2, 2, 2, 2, 2, 1, 4, 1, 1, 0, 4, 1, 0, 0, 0, 0, 0, 0, 0, 4, 4, 4, 0, 3, 0, 3, 4]";"[0, 2, 2, 0, 4, 2, 1, 4, 3, 3, 2, 1, 1, 1, 2, 0, 4, 4, 2, 2, 4, 4, 4, 0, 0, 1, 2, 2, 0, 1, 0, 1, 1, 1, 1, 1, 1, 1, 1, 2, 3, 2, 2, 0, 3, 2, 0, 0, 0, 0, 0, 0, 0, 3, 3, 3, 0, 0, 0, 4, 3]"
1;0;"aucs";"flat_ec";6;0.4162;0.4162;0.404;0.4055;"{'25': 0.5523809523809524, '57': 0.3051948051948052, '52': 0.2888198757763975, '59': 0.48809523809523814, '49': 0.32142857142857145, '16': 0.44642857142857145, '51': 0.3968253968253968, '44': 0.44642857142857145, '31': 0.2542016806722689, '47': 0.41541353383458646, '50': 0.35714285714285715, '53': 0.17857142857142858, '29': 0.4512987012987013, '24': 0.3055555555555556, '48': 0.21428571428571427}";"{'25': 0.5669642857142857, '57': 0.3051948051948052, '52': 0.2888198757763975, '59': 0.48809523809523814, '49': 0.32142857142857145, '16': 0.44642857142857145, '51': 0.3968253968253968, '44': 0.44642857142857145, '31': 0.2761904761904762, '47': 0.41541353383458646, '50': 0.35714285714285715, '53': 0.17857142857142858, '29': 0.44047619047619047, '24': 0.3055555555555556, '48': 0.22402597402597402}";"{'25': 0.6190476190476191, '57': 0.3051948051948052, '52': 0.2888198757763975, '59': 0.48809523809523814, '49': 0.32142857142857145, '16': 0.44642857142857145, '51': 0.3968253968253968, '44': 0.44642857142857145, '31': 0.2542016806722689, '47': 0.41541353383458646, '50': 0.35714285714285715, '53': 0.17857142857142858, '29': 0.4512987012987013, '24': 0.3055555555555556, '48': 0.21428571428571427}";"{'25': 0.5523809523809524, '57': 0.3051948051948052, '52': 0.2888198757763975, '59': 0.48809523809523814, '49': 0.3928571428571429, '16': 0.44642857142857145, '51': 0.3968253968253968, '44': 0.44642857142857145, '31': 0.2542016806722689, '47': 0.41541353383458646, '50': 0.44047619047619047, '53': 0.2619047619047619, '29': 0.4512987012987013, '24': 0.3055555555555556, '48': 0.3051948051948052}";0.0;0.0;0.0;0.0;1.0;1.0;1.0;1.0;1.0;1.0;1.0;1.0;1.0;1.0;1.0;1.0;0.0015;0.0398;0.0102;"['25', '57', '52', '59', '49', '16', '51', '44', '31', '47', '50', '53', '29', '24', '48']";"[('interD', ('19', '29')), ('interD', ('31', '35')), ('intraD', ('31', '59')), ('intraA', ('48', '59')), ('interA', ('25', '33')), ('interA', ('48', '6'))]";"[('interA', ('25', '39')), ('interA', ('25', '32')), ('interA', ('25', '7')), ('interA', ('25', '37')), ('interA', ('25', '26')), ('interA', ('25', '30'))]";"[('interA', ('30', '49')), ('interA', ('10', '50')), ('interA', ('53', '54')), ('interA', ('19', '48')), ('interA', ('35', '53')), ('interA', ('14', '48'))]";"[['25', '57', '52', '59', '49', '16', '51', '44', '31', '47', '50', '53', '29', '24', '48'], ['11', '20', '2', '3', '15', '43', '40', '28', '19', '6', '46', '42', '27'], ['39', '32', '7', '37', '26', '30', '35', '12', '34', '13', '36', '33', '38'], ['8', '22', '14', '18', '23', '17', '5', '4', '21', '60', '58', '1'], ['55', '54', '45', '61', '10', '56', '9', '41']]";"[['25', '57', '52', '59', '49', '16', '51', '44', '31', '47', '50', '53', '29', '24', '48'], ['11', '20', '2', '3', '15', '43', '40', '28', '19', '6', '46', '42', '27'], ['39', '32', '7', '37', '26', '30', '35', '12', '34', '13', '36', '33', '38'], ['8', '22', '14', '18', '23', '17', '5', '4', '21', '60', '58', '1'], ['55', '54', '45', '61', '10', '56', '9', '41']]";"[['25', '57', '52', '59', '49', '16', '51', '44', '31', '47', '50', '53', '29', '24', '48'], ['39', '32', '7', '37', '26', '30', '35', '12', '34', '13', '36', '33', '38'], ['11', '20', '2', '3', '15', '43', '40', '28', '19', '6', '46', '42', '27'], ['8', '22', '14', '18', '23', '17', '5', '4', '21', '60', '58', '1'], ['55', '54', '45', '61', '10', '56', '9', '41']]";"[3, 1, 1, 3, 3, 1, 2, 3, 4, 4, 1, 2, 2, 3, 1, 0, 3, 3, 1, 1, 3, 3, 3, 0, 0, 2, 1, 1, 0, 2, 0, 2, 2, 2, 2, 2, 2, 2, 2, 1, 4, 1, 1, 0, 4, 1, 0, 0, 0, 0, 0, 0, 0, 4, 4, 4, 0, 3, 0, 3, 4]";"[3, 1, 1, 3, 3, 1, 2, 3, 4, 4, 1, 2, 2, 3, 1, 0, 3, 3, 1, 1, 3, 3, 3, 0, 0, 2, 1, 1, 0, 2, 0, 2, 2, 2, 2, 2, 2, 2, 2, 1, 4, 1, 1, 0, 4, 1, 0, 0, 0, 0, 0, 0, 0, 4, 4, 4, 0, 3, 0, 3, 4]";"[3, 1, 1, 3, 3, 1, 2, 3, 4, 4, 1, 2, 2, 3, 1, 0, 3, 3, 1, 1, 3, 3, 3, 0, 0, 2, 1, 1, 0, 2, 0, 2, 2, 2, 2, 2, 2, 2, 2, 1, 4, 1, 1, 0, 4, 1, 0, 0, 0, 0, 0, 0, 0, 4, 4, 4, 0, 3, 0, 3, 4]";"[3, 2, 2, 3, 3, 2, 1, 3, 4, 4, 2, 1, 1, 3, 2, 0, 3, 3, 2, 2, 3, 3, 3, 0, 0, 1, 2, 2, 0, 1, 0, 1, 1, 1, 1, 1, 1, 1, 1, 2, 4, 2, 2, 0, 4, 2, 0, 0, 0, 0, 0, 0, 0, 4, 4, 4, 0, 3, 0, 3, 4]"
2;0;"aucs";"flat_ec";6;0.4162;0.4171;0.404;0.4018;"{'25': 0.5523809523809524, '57': 0.3051948051948052, '52': 0.2888198757763975, '59': 0.48809523809523814, '49': 0.32142857142857145, '16': 0.44642857142857145, '51': 0.3968253968253968, '44': 0.44642857142857145, '31': 0.2542016806722689, '47': 0.41541353383458646, '50': 0.35714285714285715, '53': 0.17857142857142858, '29': 0.4512987012987013, '24': 0.3055555555555556, '48': 0.21428571428571427}";"{'25': 0.5, '57': 0.3051948051948052, '52': 0.275974025974026, '59': 0.48809523809523814, '49': 0.3482142857142857, '16': 0.3968253968253968, '51': 0.3968253968253968, '44': 0.44642857142857145, '31': 0.23214285714285715, '47': 0.41541353383458646, '50': 0.32142857142857145, '53': 0.17857142857142858, '29': 0.4512987012987013, '24': 0.22402597402597402, '48': 0.21428571428571427}";"{'25': 0.6190476190476191, '57': 0.3051948051948052, '52': 0.2888198757763975, '59': 0.48809523809523814, '49': 0.32142857142857145, '16': 0.44642857142857145, '51': 0.3968253968253968, '44': 0.44642857142857145, '31': 0.2542016806722689, '47': 0.41541353383458646, '50': 0.35714285714285715, '53': 0.17857142857142858, '29': 0.4512987012987013, '24': 0.3055555555555556, '48': 0.21428571428571427}";"{'25': 0.5523809523809524, '57': 0.3051948051948052, '52': 0.2888198757763975, '59': 0.48809523809523814, '49': 0.3928571428571429, '16': 0.44642857142857145, '51': 0.3968253968253968, '44': 0.44642857142857145, '31': 0.2542016806722689, '47': 0.41541353383458646, '50': 0.44047619047619047, '53': 0.2619047619047619, '29': 0.4512987012987013, '24': 0.3055555555555556, '48': 0.3051948051948052}";0.0;0.0;0.0;0.0;0.958151101963811;1.0;0.958151101963811;0.9636579250469968;1.0;0.9636579250469968;0.936885433340956;1.0;0.936885433340956;0.9439972731128782;1.0;0.9439972731128782;0.0013;0.0397;0.0075;"['25', '57', '52', '59', '49', '16', '51', '44', '31', '47', '50', '53', '29', '24', '48']";"[('interD', ('52', '58')), ('intraA', ('49', '50')), ('interD', ('30', '31')), ('intraA', ('24', '25')), ('intraA', ('16', '24')), ('interA', ('40', '49'))]";"[('interA', ('25', '39')), ('interA', ('25', '32')), ('interA', ('25', '7')), ('interA', ('25', '37')), ('interA', ('25', '26')), ('interA', ('25', '30'))]";"[('interA', ('46', '49')), ('interA', ('37', '50')), ('interA', ('27', '53')), ('interA', ('26', '48')), ('interA', ('5', '53')), ('interA', ('48', '56'))]";"[['25', '57', '52', '59', '49', '16', '51', '44', '31', '47', '50', '53', '29', '24', '48'], ['39', '32', '14', '37', '7', '26', '30', '35', '12', '34', '13', '36', '33', '38'], ['11', '20', '2', '3', '15', '43', '40', '28', '19', '6', '46', '42', '27'], ['8', '22', '18', '23', '17', '5', '4', '21', '60', '58', '1'], ['55', '54', '45', '61', '10', '56', '9', '41']]";"[['25', '57', '52', '59', '49', '16', '51', '44', '31', '47', '50', '53', '29', '24', '48'], ['39', '32', '7', '37', '26', '30', '35', '12', '34', '13', '36', '33', '38'], ['11', '20', '2', '3', '15', '43', '40', '28', '19', '6', '46', '42', '27'], ['8', '22', '14', '18', '23', '17', '5', '4', '21', '60', '58', '1'], ['55', '54', '45', '61', '10', '56', '9', '41']]";"[['25', '57', '52', '59', '49', '16', '51', '44', '31', '47', '50', '53', '29', '24', '48'], ['39', '32', '14', '37', '7', '26', '30', '35', '12', '34', '13', '36', '33', '38'], ['11', '20', '2', '3', '15', '43', '40', '28', '19', '6', '46', '42', '27'], ['8', '22', '18', '23', '17', '5', '4', '21', '60', '58', '1'], ['55', '54', '45', '61', '10', '56', '9', '41']]";"[3, 1, 1, 3, 3, 1, 2, 3, 4, 4, 1, 2, 2, 3, 1, 0, 3, 3, 1, 1, 3, 3, 3, 0, 0, 2, 1, 1, 0, 2, 0, 2, 2, 2, 2, 2, 2, 2, 2, 1, 4, 1, 1, 0, 4, 1, 0, 0, 0, 0, 0, 0, 0, 4, 4, 4, 0, 3, 0, 3, 4]";"[3, 2, 2, 3, 3, 2, 1, 3, 4, 4, 2, 1, 1, 1, 2, 0, 3, 3, 2, 2, 3, 3, 3, 0, 0, 1, 2, 2, 0, 1, 0, 1, 1, 1, 1, 1, 1, 1, 1, 2, 4, 2, 2, 0, 4, 2, 0, 0, 0, 0, 0, 0, 0, 4, 4, 4, 0, 3, 0, 3, 4]";"[3, 2, 2, 3, 3, 2, 1, 3, 4, 4, 2, 1, 1, 3, 2, 0, 3, 3, 2, 2, 3, 3, 3, 0, 0, 1, 2, 2, 0, 1, 0, 1, 1, 1, 1, 1, 1, 1, 1, 2, 4, 2, 2, 0, 4, 2, 0, 0, 0, 0, 0, 0, 0, 4, 4, 4, 0, 3, 0, 3, 4]";"[3, 2, 2, 3, 3, 2, 1, 3, 4, 4, 2, 1, 1, 1, 2, 0, 3, 3, 2, 2, 3, 3, 3, 0, 0, 1, 2, 2, 0, 1, 0, 1, 1, 1, 1, 1, 1, 1, 1, 2, 4, 2, 2, 0, 4, 2, 0, 0, 0, 0, 0, 0, 0, 4, 4, 4, 0, 3, 0, 3, 4]"
3;0;"aucs";"flat_ec";6;0.4162;0.416;0.404;0.4052;"{'25': 0.5523809523809524, '57': 0.3051948051948052, '52': 0.2888198757763975, '59': 0.48809523809523814, '49': 0.32142857142857145, '16': 0.44642857142857145, '51': 0.3968253968253968, '44': 0.44642857142857145, '31': 0.2542016806722689, '47': 0.41541353383458646, '50': 0.35714285714285715, '53': 0.17857142857142858, '29': 0.4512987012987013, '24': 0.3055555555555556, '48': 0.21428571428571427}";"{'25': 0.5523809523809524, '57': 0.3051948051948052, '52': 0.2888198757763975, '59': 0.44642857142857145, '49': 0.2857142857142857, '16': 0.5, '51': 0.44642857142857145, '44': 0.3968253968253968, '31': 0.2542016806722689, '47': 0.41541353383458646, '50': 0.35714285714285715, '53': 0.2642857142857143, '29': 0.40372670807453415, '24': 0.3055555555555556, '48': 0.21428571428571427}";"{'25': 0.6190476190476191, '57': 0.3051948051948052, '52': 0.2888198757763975, '59': 0.48809523809523814, '49': 0.32142857142857145, '16': 0.44642857142857145, '51': 0.3968253968253968, '44': 0.44642857142857145, '31': 0.2542016806722689, '47': 0.41541353383458646, '50': 0.35714285714285715, '53': 0.17857142857142858, '29': 0.4512987012987013, '24': 0.3055555555555556, '48': 0.21428571428571427}";"{'25': 0.5523809523809524, '57': 0.3051948051948052, '52': 0.2888198757763975, '59': 0.48809523809523814, '49': 0.3928571428571429, '16': 0.44642857142857145, '51': 0.3968253968253968, '44': 0.44642857142857145, '31': 0.2542016806722689, '47': 0.41541353383458646, '50': 0.44047619047619047, '53': 0.2619047619047619, '29': 0.4512987012987013, '24': 0.3055555555555556, '48': 0.3051948051948052}";0.0;0.0;0.0;0.0;1.0;1.0;1.0;1.0;1.0;1.0;1.0;1.0;1.0;1.0;1.0;1.0;0.0037;0.0376;0.007;"['25', '57', '52', '59', '49', '16', '51', '44', '31', '47', '50', '53', '29', '24', '48']";"[('intraD', ('51', '53')), ('intraD', ('16', '59')), ('interA', ('37', '53')), ('intraA', ('49', '59')), ('intraA', ('29', '44')), ('interD', ('3', '59'))]";"[('interA', ('25', '39')), ('interA', ('25', '32')), ('interA', ('25', '7')), ('interA', ('25', '37')), ('interA', ('25', '26')), ('interA', ('25', '30'))]";"[('interA', ('49', '7')), ('interA', ('50', '6')), ('interA', ('3', '53')), ('interA', ('40', '48')), ('interA', ('13', '53')), ('interA', ('48', '54'))]";"[['25', '57', '52', '59', '49', '16', '51', '44', '31', '47', '50', '53', '29', '24', '48'], ['11', '20', '2', '3', '15', '43', '40', '28', '19', '6', '46', '42', '27'], ['39', '32', '7', '37', '26', '30', '35', '12', '34', '13', '36', '33', '38'], ['8', '22', '14', '18', '23', '17', '5', '4', '21', '60', '58', '1'], ['55', '54', '45', '61', '10', '56', '9', '41']]";"[['25', '57', '52', '59', '49', '16', '51', '44', '31', '47', '50', '53', '29', '24', '48'], ['39', '32', '7', '37', '26', '30', '35', '12', '34', '13', '36', '33', '38'], ['11', '20', '2', '3', '15', '43', '40', '28', '19', '6', '46', '42', '27'], ['8', '22', '14', '18', '23', '17', '5', '4', '21', '60', '58', '1'], ['55', '54', '45', '61', '10', '56', '9', '41']]";"[['25', '57', '52', '59', '49', '16', '51', '44', '31', '47', '50', '53', '29', '24', '48'], ['11', '20', '2', '3', '15', '43', '40', '28', '19', '6', '46', '42', '27'], ['39', '32', '7', '37', '26', '30', '35', '12', '34', '13', '36', '33', '38'], ['8', '22', '14', '18', '23', '17', '5', '4', '21', '60', '58', '1'], ['55', '54', '45', '61', '10', '56', '9', '41']]";"[3, 1, 1, 3, 3, 1, 2, 3, 4, 4, 1, 2, 2, 3, 1, 0, 3, 3, 1, 1, 3, 3, 3, 0, 0, 2, 1, 1, 0, 2, 0, 2, 2, 2, 2, 2, 2, 2, 2, 1, 4, 1, 1, 0, 4, 1, 0, 0, 0, 0, 0, 0, 0, 4, 4, 4, 0, 3, 0, 3, 4]";"[3, 1, 1, 3, 3, 1, 2, 3, 4, 4, 1, 2, 2, 3, 1, 0, 3, 3, 1, 1, 3, 3, 3, 0, 0, 2, 1, 1, 0, 2, 0, 2, 2, 2, 2, 2, 2, 2, 2, 1, 4, 1, 1, 0, 4, 1, 0, 0, 0, 0, 0, 0, 0, 4, 4, 4, 0, 3, 0, 3, 4]";"[3, 2, 2, 3, 3, 2, 1, 3, 4, 4, 2, 1, 1, 3, 2, 0, 3, 3, 2, 2, 3, 3, 3, 0, 0, 1, 2, 2, 0, 1, 0, 1, 1, 1, 1, 1, 1, 1, 1, 2, 4, 2, 2, 0, 4, 2, 0, 0, 0, 0, 0, 0, 0, 4, 4, 4, 0, 3, 0, 3, 4]";"[3, 1, 1, 3, 3, 1, 2, 3, 4, 4, 1, 2, 2, 3, 1, 0, 3, 3, 1, 1, 3, 3, 3, 0, 0, 2, 1, 1, 0, 2, 0, 2, 2, 2, 2, 2, 2, 2, 2, 1, 4, 1, 1, 0, 4, 1, 0, 0, 0, 0, 0, 0, 0, 4, 4, 4, 0, 3, 0, 3, 4]"
4;0;"aucs";"flat_ec";6;0.4162;0.4143;0.404;0.4052;"{'25': 0.5523809523809524, '57': 0.3051948051948052, '52': 0.2888198757763975, '59': 0.48809523809523814, '49': 0.32142857142857145, '16': 0.44642857142857145, '51': 0.3968253968253968, '44': 0.44642857142857145, '31': 0.2542016806722689, '47': 0.41541353383458646, '50': 0.35714285714285715, '53': 0.17857142857142858, '29': 0.4512987012987013, '24': 0.3055555555555556, '48': 0.21428571428571427}";"{'25': 0.5523809523809524, '57': 0.2619047619047619, '52': 0.2888198757763975, '59': 0.48809523809523814, '49': 0.32142857142857145, '16': 0.35, '51': 0.35, '44': 0.44642857142857145, '31': 0.23214285714285715, '47': 0.4642857142857143, '50': 0.35714285714285715, '53': 0.14285714285714285, '29': 0.4512987012987013, '24': 0.3051948051948052, '48': 0.25}";"{'25': 0.6190476190476191, '57': 0.3051948051948052, '52': 0.2888198757763975, '59': 0.48809523809523814, '49': 0.32142857142857145, '16': 0.44642857142857145, '51': 0.3968253968253968, '44': 0.44642857142857145, '31': 0.2542016806722689, '47': 0.41541353383458646, '50': 0.35714285714285715, '53': 0.17857142857142858, '29': 0.4512987012987013, '24': 0.3055555555555556, '48': 0.21428571428571427}";"{'25': 0.5523809523809524, '57': 0.3051948051948052, '52': 0.2888198757763975, '59': 0.48809523809523814, '49': 0.3928571428571429, '16': 0.44642857142857145, '51': 0.3968253968253968, '44': 0.44642857142857145, '31': 0.2542016806722689, '47': 0.41541353383458646, '50': 0.44047619047619047, '53': 0.2619047619047619, '29': 0.4512987012987013, '24': 0.3055555555555556, '48': 0.3051948051948052}";0.0;0.0;0.0;0.0;0.958151101963811;1.0;1.0;0.9636579250469968;1.0;1.0;0.936885433340956;1.0;1.0;0.9439972731128782;1.0;1.0;0.0013;0.0374;0.0094;"['25', '57', '52', '59', '49', '16', '51', '44', '31', '47', '50', '53', '29', '24', '48']";"[('interD', ('19', '31')), ('intraA', ('16', '53')), ('intraA', ('24', '57')), ('intraA', ('16', '51')), ('intraD', ('47', '48')), ('interA', ('24', '42'))]";"[('interA', ('25', '39')), ('interA', ('25', '32')), ('interA', ('25', '7')), ('interA', ('25', '37')), ('interA', ('25', '26')), ('interA', ('25', '30'))]";"[('interA', ('30', '49')), ('interA', ('45', '50')), ('interA', ('32', '53')), ('interA', ('42', '48')), ('interA', ('53', '55')), ('interA', ('37', '48'))]";"[['25', '57', '52', '59', '49', '16', '51', '44', '31', '47', '50', '53', '29', '24', '48'], ['39', '32', '14', '37', '7', '26', '30', '35', '12', '34', '13', '36', '33', '38'], ['11', '20', '2', '3', '15', '43', '40', '28', '19', '6', '46', '42', '27'], ['8', '22', '18', '23', '17', '5', '4', '21', '60', '58', '1'], ['55', '54', '45', '61', '10', '56', '9', '41']]";"[['25', '57', '52', '59', '49', '16', '51', '44', '31', '47', '50', '53', '29', '24', '48'], ['11', '20', '2', '3', '15', '43', '40', '28', '19', '6', '46', '42', '27'], ['39', '32', '7', '37', '26', '30', '35', '12', '34', '13', '36', '33', '38'], ['8', '22', '14', '18', '23', '17', '5', '4', '21', '60', '58', '1'], ['55', '54', '45', '61', '10', '56', '9', '41']]";"[['25', '57', '52', '59', '49', '16', '51', '44', '31', '47', '50', '53', '29', '24', '48'], ['39', '32', '7', '37', '26', '30', '35', '12', '34', '13', '36', '33', '38'], ['11', '20', '2', '3', '15', '43', '40', '28', '19', '6', '46', '42', '27'], ['8', '22', '14', '18', '23', '17', '5', '4', '21', '60', '58', '1'], ['55', '54', '45', '61', '10', '56', '9', '41']]";"[3, 1, 1, 3, 3, 1, 2, 3, 4, 4, 1, 2, 2, 3, 1, 0, 3, 3, 1, 1, 3, 3, 3, 0, 0, 2, 1, 1, 0, 2, 0, 2, 2, 2, 2, 2, 2, 2, 2, 1, 4, 1, 1, 0, 4, 1, 0, 0, 0, 0, 0, 0, 0, 4, 4, 4, 0, 3, 0, 3, 4]";"[3, 2, 2, 3, 3, 2, 1, 3, 4, 4, 2, 1, 1, 1, 2, 0, 3, 3, 2, 2, 3, 3, 3, 0, 0, 1, 2, 2, 0, 1, 0, 1, 1, 1, 1, 1, 1, 1, 1, 2, 4, 2, 2, 0, 4, 2, 0, 0, 0, 0, 0, 0, 0, 4, 4, 4, 0, 3, 0, 3, 4]";"[3, 1, 1, 3, 3, 1, 2, 3, 4, 4, 1, 2, 2, 3, 1, 0, 3, 3, 1, 1, 3, 3, 3, 0, 0, 2, 1, 1, 0, 2, 0, 2, 2, 2, 2, 2, 2, 2, 2, 1, 4, 1, 1, 0, 4, 1, 0, 0, 0, 0, 0, 0, 0, 4, 4, 4, 0, 3, 0, 3, 4]";"[3, 2, 2, 3, 3, 2, 1, 3, 4, 4, 2, 1, 1, 3, 2, 0, 3, 3, 2, 2, 3, 3, 3, 0, 0, 1, 2, 2, 0, 1, 0, 1, 1, 1, 1, 1, 1, 1, 1, 2, 4, 2, 2, 0, 4, 2, 0, 0, 0, 0, 0, 0, 0, 4, 4, 4, 0, 3, 0, 3, 4]"
5;0;"aucs";"flat_ec";6;0.4162;0.4184;0.404;0.4052;"{'25': 0.5523809523809524, '57': 0.3051948051948052, '52': 0.2888198757763975, '59': 0.48809523809523814, '49': 0.32142857142857145, '16': 0.44642857142857145, '51': 0.3968253968253968, '44': 0.44642857142857145, '31': 0.2542016806722689, '47': 0.41541353383458646, '50': 0.35714285714285715, '53': 0.17857142857142858, '29': 0.4512987012987013, '24': 0.3055555555555556, '48': 0.21428571428571427}";"{'25': 0.5523809523809524, '57': 0.3051948051948052, '52': 0.2888198757763975, '59': 0.38636363636363635, '49': 0.32142857142857145, '16': 0.44642857142857145, '51': 0.3968253968253968, '44': 0.44642857142857145, '31': 0.2542016806722689, '47': 0.4007936507936508, '50': 0.35714285714285715, '53': 0.22402597402597402, '29': 0.4892857142857143, '24': 0.3055555555555556, '48': 0.17857142857142858}";"{'25': 0.6190476190476191, '57': 0.3051948051948052, '52': 0.2888198757763975, '59': 0.48809523809523814, '49': 0.32142857142857145, '16': 0.44642857142857145, '51': 0.3968253968253968, '44': 0.44642857142857145, '31': 0.2542016806722689, '47': 0.41541353383458646, '50': 0.35714285714285715, '53': 0.17857142857142858, '29': 0.4512987012987013, '24': 0.3055555555555556, '48': 0.21428571428571427}";"{'25': 0.5523809523809524, '57': 0.3051948051948052, '52': 0.2888198757763975, '59': 0.48809523809523814, '49': 0.3928571428571429, '16': 0.44642857142857145, '51': 0.3968253968253968, '44': 0.44642857142857145, '31': 0.2542016806722689, '47': 0.41541353383458646, '50': 0.44047619047619047, '53': 0.2619047619047619, '29': 0.4512987012987013, '24': 0.3055555555555556, '48': 0.3051948051948052}";0.0;0.0;0.0;0.0;1.0;1.0;1.0;1.0;1.0;1.0;1.0;1.0;1.0;1.0;1.0;1.0;0.0012;0.0525;0.0072;"['25', '57', '52', '59', '49', '16', '51', '44', '31', '47', '50', '53', '29', '24', '48']";"[('intraA', ('48', '59')), ('interD', ('29', '45')), ('interD', ('10', '47')), ('intraA', ('49', '59')), ('interA', ('19', '53')), ('intraD', ('29', '49'))]";"[('interA', ('25', '39')), ('interA', ('25', '32')), ('interA', ('25', '7')), ('interA', ('25', '37')), ('interA', ('25', '26')), ('interA', ('25', '30'))]";"[('interA', ('38', '49')), ('interA', ('35', '50')), ('interA', ('34', '53')), ('interA', ('48', '9')), ('interA', ('45', '53')), ('interA', ('1', '48'))]";"[['25', '57', '52', '59', '49', '16', '51', '44', '31', '47', '50', '53', '29', '24', '48'], ['39', '32', '7', '37', '26', '30', '35', '12', '34', '13', '36', '33', '38'], ['11', '20', '2', '3', '15', '43', '40', '28', '19', '6', '46', '42', '27'], ['8', '22', '14', '18', '23', '17', '5', '4', '21', '60', '58', '1'], ['55', '54', '45', '61', '10', '56', '9', '41']]";"[['25', '57', '52', '59', '49', '16', '51', '44', '31', '47', '50', '53', '29', '24', '48'], ['39', '32', '7', '37', '26', '30', '35', '12', '34', '13', '36', '33', '38'], ['11', '20', '2', '3', '15', '43', '40', '28', '19', '6', '46', '42', '27'], ['8', '22', '14', '18', '23', '17', '5', '4', '21', '60', '58', '1'], ['55', '54', '45', '61', '10', '56', '9', '41']]";"[['25', '57', '52', '59', '49', '16', '51', '44', '31', '47', '50', '53', '29', '24', '48'], ['11', '20', '2', '3', '15', '43', '40', '28', '19', '6', '46', '42', '27'], ['39', '32', '7', '37', '26', '30', '35', '12', '34', '13', '36', '33', '38'], ['8', '22', '14', '18', '23', '17', '5', '4', '21', '60', '58', '1'], ['55', '54', '45', '61', '10', '56', '9', '41']]";"[3, 1, 1, 3, 3, 1, 2, 3, 4, 4, 1, 2, 2, 3, 1, 0, 3, 3, 1, 1, 3, 3, 3, 0, 0, 2, 1, 1, 0, 2, 0, 2, 2, 2, 2, 2, 2, 2, 2, 1, 4, 1, 1, 0, 4, 1, 0, 0, 0, 0, 0, 0, 0, 4, 4, 4, 0, 3, 0, 3, 4]";"[3, 2, 2, 3, 3, 2, 1, 3, 4, 4, 2, 1, 1, 3, 2, 0, 3, 3, 2, 2, 3, 3, 3, 0, 0, 1, 2, 2, 0, 1, 0, 1, 1, 1, 1, 1, 1, 1, 1, 2, 4, 2, 2, 0, 4, 2, 0, 0, 0, 0, 0, 0, 0, 4, 4, 4, 0, 3, 0, 3, 4]";"[3, 2, 2, 3, 3, 2, 1, 3, 4, 4, 2, 1, 1, 3, 2, 0, 3, 3, 2, 2, 3, 3, 3, 0, 0, 1, 2, 2, 0, 1, 0, 1, 1, 1, 1, 1, 1, 1, 1, 2, 4, 2, 2, 0, 4, 2, 0, 0, 0, 0, 0, 0, 0, 4, 4, 4, 0, 3, 0, 3, 4]";"[3, 1, 1, 3, 3, 1, 2, 3, 4, 4, 1, 2, 2, 3, 1, 0, 3, 3, 1, 1, 3, 3, 3, 0, 0, 2, 1, 1, 0, 2, 0, 2, 2, 2, 2, 2, 2, 2, 2, 1, 4, 1, 1, 0, 4, 1, 0, 0, 0, 0, 0, 0, 0, 4, 4, 4, 0, 3, 0, 3, 4]"
6;0;"aucs";"flat_ec";6;0.4162;0.4133;0.404;0.4018;"{'25': 0.5523809523809524, '57': 0.3051948051948052, '52': 0.2888198757763975, '59': 0.48809523809523814, '49': 0.32142857142857145, '16': 0.44642857142857145, '51': 0.3968253968253968, '44': 0.44642857142857145, '31': 0.2542016806722689, '47': 0.41541353383458646, '50': 0.35714285714285715, '53': 0.17857142857142858, '29': 0.4512987012987013, '24': 0.3055555555555556, '48': 0.21428571428571427}";"{'25': 0.5523809523809524, '57': 0.2619047619047619, '52': 0.38095238095238093, '59': 0.48809523809523814, '49': 0.3928571428571429, '16': 0.44642857142857145, '51': 0.35, '44': 0.44642857142857145, '31': 0.29910714285714285, '47': 0.41541353383458646, '50': 0.35714285714285715, '53': 0.21428571428571427, '29': 0.40372670807453415, '24': 0.3055555555555556, '48': 0.25}";"{'25': 0.6190476190476191, '57': 0.3051948051948052, '52': 0.2888198757763975, '59': 0.48809523809523814, '49': 0.32142857142857145, '16': 0.44642857142857145, '51': 0.3968253968253968, '44': 0.44642857142857145, '31': 0.2542016806722689, '47': 0.41541353383458646, '50': 0.35714285714285715, '53': 0.17857142857142858, '29': 0.4512987012987013, '24': 0.3055555555555556, '48': 0.21428571428571427}";"{'25': 0.5523809523809524, '57': 0.3051948051948052, '52': 0.2888198757763975, '59': 0.48809523809523814, '49': 0.3928571428571429, '16': 0.44642857142857145, '51': 0.3968253968253968, '44': 0.44642857142857145, '31': 0.2542016806722689, '47': 0.41541353383458646, '50': 0.44047619047619047, '53': 0.2619047619047619, '29': 0.4512987012987013, '24': 0.3055555555555556, '48': 0.3051948051948052}";0.0;0.0;0.0;0.0833333333333333;1.0;1.0;0.8413901082002964;1.0;1.0;0.8876013987878365;1.0;1.0;0.8695138286975022;1.0;1.0;0.8979839896889152;0.0012;0.0363;0.0071;"['25', '57', '52', '59', '49', '16', '51', '44', '31', '47', '50', '53', '29', '24', '48']";"[('intraD', ('31', '48')), ('intraA', ('51', '57')), ('intraA', ('25', '29')), ('intraD', ('25', '52')), ('interA', ('37', '49')), ('intraD', ('52', '53'))]";"[('interA', ('25', '39')), ('interA', ('25', '32')), ('interA', ('25', '7')), ('interA', ('25', '37')), ('interA', ('25', '26')), ('interA', ('25', '30'))]";"[('interA', ('11', '49')), ('interA', ('28', '50')), ('interA', ('53', '58')), ('interA', ('48', '60')), ('interA', ('30', '53')), ('interA', ('26', '48'))]";"[['25', '57', '52', '59', '49', '16', '51', '44', '31', '47', '50', '53', '29', '24', '48'], ['11', '20', '2', '3', '15', '43', '40', '28', '19', '6', '46', '42', '27'], ['39', '32', '7', '37', '26', '30', '35', '12', '34', '13', '36', '33', '38'], ['8', '22', '14', '18', '23', '17', '5', '4', '21', '60', '58', '1'], ['55', '54', '45', '61', '10', '56', '9', '41']]";"[['25', '57', '52', '59', '49', '16', '51', '44', '31', '47', '50', '53', '29', '24', '48'], ['11', '20', '2', '3', '15', '43', '40', '28', '19', '6', '46', '42', '27'], ['39', '32', '7', '37', '26', '30', '35', '12', '34', '13', '36', '33', '38'], ['8', '22', '14', '18', '23', '17', '5', '4', '21', '60', '58', '1'], ['55', '54', '45', '61', '10', '56', '9', '41']]";"[['25', '57', '52', '59', '48', '49', '16', '4', '51', '31', '44', '47', '50', '53', '29', '24', '58', '1'], ['39', '32', '14', '37', '7', '26', '30', '35', '12', '34', '13', '36', '33', '38'], ['11', '20', '2', '3', '15', '43', '40', '28', '19', '6', '46', '42', '27'], ['8', '22', '18', '23', '17', '5', '21', '60'], ['55', '54', '45', '61', '10', '56', '9', '41']]";"[3, 1, 1, 3, 3, 1, 2, 3, 4, 4, 1, 2, 2, 3, 1, 0, 3, 3, 1, 1, 3, 3, 3, 0, 0, 2, 1, 1, 0, 2, 0, 2, 2, 2, 2, 2, 2, 2, 2, 1, 4, 1, 1, 0, 4, 1, 0, 0, 0, 0, 0, 0, 0, 4, 4, 4, 0, 3, 0, 3, 4]";"[3, 1, 1, 3, 3, 1, 2, 3, 4, 4, 1, 2, 2, 3, 1, 0, 3, 3, 1, 1, 3, 3, 3, 0, 0, 2, 1, 1, 0, 2, 0, 2, 2, 2, 2, 2, 2, 2, 2, 1, 4, 1, 1, 0, 4, 1, 0, 0, 0, 0, 0, 0, 0, 4, 4, 4, 0, 3, 0, 3, 4]";"[3, 1, 1, 3, 3, 1, 2, 3, 4, 4, 1, 2, 2, 3, 1, 0, 3, 3, 1, 1, 3, 3, 3, 0, 0, 2, 1, 1, 0, 2, 0, 2, 2, 2, 2, 2, 2, 2, 2, 1, 4, 1, 1, 0, 4, 1, 0, 0, 0, 0, 0, 0, 0, 4, 4, 4, 0, 3, 0, 3, 4]";"[0, 2, 2, 0, 3, 2, 1, 3, 4, 4, 2, 1, 1, 1, 2, 0, 3, 3, 2, 2, 3, 3, 3, 0, 0, 1, 2, 2, 0, 1, 0, 1, 1, 1, 1, 1, 1, 1, 1, 2, 4, 2, 2, 0, 4, 2, 0, 0, 0, 0, 0, 0, 0, 4, 4, 4, 0, 0, 0, 3, 4]"
7;0;"aucs";"flat_ec";6;0.4162;0.4109;0.404;0.4026;"{'25': 0.5523809523809524, '57': 0.3051948051948052, '52': 0.2888198757763975, '59': 0.48809523809523814, '49': 0.32142857142857145, '16': 0.44642857142857145, '51': 0.3968253968253968, '44': 0.44642857142857145, '31': 0.2542016806722689, '47': 0.41541353383458646, '50': 0.35714285714285715, '53': 0.17857142857142858, '29': 0.4512987012987013, '24': 0.3055555555555556, '48': 0.21428571428571427}";"{'25': 0.5669642857142857, '57': 0.3392857142857143, '52': 0.3344155844155844, '59': 0.48809523809523814, '49': 0.32142857142857145, '16': 0.44642857142857145, '51': 0.3968253968253968, '44': 0.5, '31': 0.2542016806722689, '47': 0.44957983193277307, '50': 0.35714285714285715, '53': 0.17857142857142858, '29': 0.4512987012987013, '24': 0.35, '48': 0.25}";"{'25': 0.6190476190476191, '57': 0.3051948051948052, '52': 0.2888198757763975, '59': 0.48809523809523814, '49': 0.32142857142857145, '16': 0.44642857142857145, '51': 0.3968253968253968, '44': 0.44642857142857145, '31': 0.2542016806722689, '47': 0.41541353383458646, '50': 0.35714285714285715, '53': 0.17857142857142858, '29': 0.4512987012987013, '24': 0.3055555555555556, '48': 0.21428571428571427}";"{'25': 0.5523809523809524, '57': 0.3051948051948052, '52': 0.2888198757763975, '59': 0.48809523809523814, '49': 0.3928571428571429, '16': 0.44642857142857145, '51': 0.3968253968253968, '44': 0.44642857142857145, '31': 0.2542016806722689, '47': 0.41541353383458646, '50': 0.44047619047619047, '53': 0.2619047619047619, '29': 0.4512987012987013, '24': 0.3055555555555556, '48': 0.3051948051948052}";0.0;0.0;0.0;0.0;1.0;1.0;0.958151101963811;1.0;1.0;0.9636579250469968;1.0;1.0;0.936885433340956;1.0;1.0;0.9439972731128782;0.0013;0.0365;0.0075;"['25', '57', '52', '59', '49', '16', '51', '44', '31', '47', '50', '53', '29', '24', '48']";"[('interA', ('2', '57')), ('interA', ('25', '34')), ('intraD', ('44', '52')), ('intraD', ('47', '48')), ('interD', ('20', '47')), ('interA', ('24', '45'))]";"[('interA', ('25', '39')), ('interA', ('25', '32')), ('interA', ('25', '7')), ('interA', ('25', '37')), ('interA', ('25', '26')), ('interA', ('25', '30'))]";"[('interA', ('49', '54')), ('interA', ('21', '50')), ('interA', ('33', '53')), ('interA', ('48', '6')), ('interA', ('53', '55')), ('interA', ('45', '48'))]";"[['25', '57', '52', '59', '49', '16', '51', '44', '31', '47', '50', '53', '29', '24', '48'], ['11', '20', '2', '3', '15', '43', '40', '28', '19', '6', '46', '42', '27'], ['39', '32', '7', '37', '26', '30', '35', '12', '34', '13', '36', '33', '38'], ['8', '22', '14', '18', '23', '17', '5', '4', '21', '60', '58', '1'], ['55', '54', '45', '61', '10', '56', '9', '41']]";"[['25', '57', '52', '59', '49', '16', '51', '44', '31', '47', '50', '53', '29', '24', '48'], ['11', '20', '2', '3', '15', '43', '40', '28', '19', '6', '46', '42', '27'], ['39', '32', '7', '37', '26', '30', '35', '12', '34', '13', '36', '33', '38'], ['8', '22', '14', '18', '23', '17', '5', '4', '21', '60', '58', '1'], ['55', '54', '45', '61', '10', '56', '9', '41']]";"[['25', '57', '52', '59', '49', '16', '51', '44', '31', '47', '50', '53', '29', '24', '48'], ['39', '32', '14', '37', '7', '26', '30', '35', '12', '34', '13', '36', '33', '38'], ['11', '20', '2', '3', '15', '43', '40', '28', '19', '6', '46', '42', '27'], ['8', '22', '18', '23', '17', '5', '4', '21', '60', '58', '1'], ['55', '54', '45', '61', '10', '56', '9', '41']]";"[3, 1, 1, 3, 3, 1, 2, 3, 4, 4, 1, 2, 2, 3, 1, 0, 3, 3, 1, 1, 3, 3, 3, 0, 0, 2, 1, 1, 0, 2, 0, 2, 2, 2, 2, 2, 2, 2, 2, 1, 4, 1, 1, 0, 4, 1, 0, 0, 0, 0, 0, 0, 0, 4, 4, 4, 0, 3, 0, 3, 4]";"[3, 1, 1, 3, 3, 1, 2, 3, 4, 4, 1, 2, 2, 3, 1, 0, 3, 3, 1, 1, 3, 3, 3, 0, 0, 2, 1, 1, 0, 2, 0, 2, 2, 2, 2, 2, 2, 2, 2, 1, 4, 1, 1, 0, 4, 1, 0, 0, 0, 0, 0, 0, 0, 4, 4, 4, 0, 3, 0, 3, 4]";"[3, 1, 1, 3, 3, 1, 2, 3, 4, 4, 1, 2, 2, 3, 1, 0, 3, 3, 1, 1, 3, 3, 3, 0, 0, 2, 1, 1, 0, 2, 0, 2, 2, 2, 2, 2, 2, 2, 2, 1, 4, 1, 1, 0, 4, 1, 0, 0, 0, 0, 0, 0, 0, 4, 4, 4, 0, 3, 0, 3, 4]";"[3, 2, 2, 3, 3, 2, 1, 3, 4, 4, 2, 1, 1, 1, 2, 0, 3, 3, 2, 2, 3, 3, 3, 0, 0, 1, 2, 2, 0, 1, 0, 1, 1, 1, 1, 1, 1, 1, 1, 2, 4, 2, 2, 0, 4, 2, 0, 0, 0, 0, 0, 0, 0, 4, 4, 4, 0, 3, 0, 3, 4]"
8;0;"aucs";"flat_ec";6;0.4162;0.4109;0.404;0.4059;"{'25': 0.5523809523809524, '57': 0.3051948051948052, '52': 0.2888198757763975, '59': 0.48809523809523814, '49': 0.32142857142857145, '16': 0.44642857142857145, '51': 0.3968253968253968, '44': 0.44642857142857145, '31': 0.2542016806722689, '47': 0.41541353383458646, '50': 0.35714285714285715, '53': 0.17857142857142858, '29': 0.4512987012987013, '24': 0.3055555555555556, '48': 0.21428571428571427}";"{'25': 0.5523809523809524, '57': 0.3051948051948052, '52': 0.39285714285714285, '59': 0.5214285714285715, '49': 0.32142857142857145, '16': 0.48809523809523814, '51': 0.3968253968253968, '44': 0.5, '31': 0.2542016806722689, '47': 0.4007936507936508, '50': 0.35714285714285715, '53': 0.17857142857142858, '29': 0.4512987012987013, '24': 0.3055555555555556, '48': 0.25}";"{'25': 0.6190476190476191, '57': 0.3051948051948052, '52': 0.2888198757763975, '59': 0.48809523809523814, '49': 0.32142857142857145, '16': 0.44642857142857145, '51': 0.3968253968253968, '44': 0.44642857142857145, '31': 0.2542016806722689, '47': 0.41541353383458646, '50': 0.35714285714285715, '53': 0.17857142857142858, '29': 0.4512987012987013, '24': 0.3055555555555556, '48': 0.21428571428571427}";"{'25': 0.5523809523809524, '57': 0.3051948051948052, '52': 0.2888198757763975, '59': 0.48809523809523814, '49': 0.3928571428571429, '16': 0.44642857142857145, '51': 0.3968253968253968, '44': 0.44642857142857145, '31': 0.2542016806722689, '47': 0.41541353383458646, '50': 0.44047619047619047, '53': 0.2619047619047619, '29': 0.4512987012987013, '24': 0.3055555555555556, '48': 0.3051948051948052}";0.0;0.0;0.0;0.0;1.0;1.0;0.9196180472666508;1.0;1.0;0.9281697666967568;1.0;1.0;0.8787006369426752;1.0;1.0;0.8893599197280153;0.0014;0.0379;0.0072;"['25', '57', '52', '59', '49', '16', '51', '44', '31', '47', '50', '53', '29', '24', '48']";"[('interA', ('42', '59')), ('intraD', ('48', '52')), ('interA', ('16', '8')), ('interA', ('40', '52')), ('intraD', ('44', '52')), ('interD', ('18', '47'))]";"[('interA', ('25', '39')), ('interA', ('25', '32')), ('interA', ('25', '7')), ('interA', ('25', '37')), ('interA', ('25', '26')), ('interA', ('25', '30'))]";"[('interA', ('49', '54')), ('interA', ('15', '50')), ('interA', ('53', '6')), ('interA', ('28', '48')), ('interA', ('1', '53')), ('interA', ('42', '48'))]";"[['25', '57', '52', '59', '49', '16', '51', '44', '31', '47', '50', '53', '29', '24', '48'], ['11', '20', '2', '3', '15', '43', '40', '28', '19', '6', '46', '42', '27'], ['39', '32', '7', '37', '26', '30', '35', '12', '34', '13', '36', '33', '38'], ['8', '22', '14', '18', '23', '17', '5', '4', '21', '60', '58', '1'], ['55', '54', '45', '61', '10', '56', '9', '41']]";"[['25', '57', '52', '59', '49', '16', '51', '44', '31', '47', '50', '53', '29', '24', '48'], ['11', '20', '2', '3', '15', '43', '40', '28', '19', '6', '46', '42', '27'], ['39', '32', '7', '37', '26', '30', '35', '12', '34', '13', '36', '33', '38'], ['8', '22', '14', '18', '23', '17', '5', '4', '21', '60', '58', '1'], ['55', '54', '45', '61', '10', '56', '9', '41']]";"[['25', '57', '52', '59', '49', '16', '51', '44', '31', '47', '50', '53', '29', '24', '48'], ['11', '2', '20', '15', '43', '40', '28', '19', '6', '46', '42', '27', '1'], ['39', '32', '7', '37', '26', '30', '35', '12', '34', '13', '36', '33', '38'], ['8', '3', '14', '22', '18', '23', '17', '5', '4', '21', '60', '58'], ['55', '54', '45', '61', '10', '56', '9', '41']]";"[3, 1, 1, 3, 3, 1, 2, 3, 4, 4, 1, 2, 2, 3, 1, 0, 3, 3, 1, 1, 3, 3, 3, 0, 0, 2, 1, 1, 0, 2, 0, 2, 2, 2, 2, 2, 2, 2, 2, 1, 4, 1, 1, 0, 4, 1, 0, 0, 0, 0, 0, 0, 0, 4, 4, 4, 0, 3, 0, 3, 4]";"[3, 1, 1, 3, 3, 1, 2, 3, 4, 4, 1, 2, 2, 3, 1, 0, 3, 3, 1, 1, 3, 3, 3, 0, 0, 2, 1, 1, 0, 2, 0, 2, 2, 2, 2, 2, 2, 2, 2, 1, 4, 1, 1, 0, 4, 1, 0, 0, 0, 0, 0, 0, 0, 4, 4, 4, 0, 3, 0, 3, 4]";"[3, 1, 1, 3, 3, 1, 2, 3, 4, 4, 1, 2, 2, 3, 1, 0, 3, 3, 1, 1, 3, 3, 3, 0, 0, 2, 1, 1, 0, 2, 0, 2, 2, 2, 2, 2, 2, 2, 2, 1, 4, 1, 1, 0, 4, 1, 0, 0, 0, 0, 0, 0, 0, 4, 4, 4, 0, 3, 0, 3, 4]";"[1, 1, 3, 3, 3, 1, 2, 3, 4, 4, 1, 2, 2, 3, 1, 0, 3, 3, 1, 1, 3, 3, 3, 0, 0, 2, 1, 1, 0, 2, 0, 2, 2, 2, 2, 2, 2, 2, 2, 1, 4, 1, 1, 0, 4, 1, 0, 0, 0, 0, 0, 0, 0, 4, 4, 4, 0, 3, 0, 3, 4]"
9;0;"aucs";"flat_ec";6;0.4162;0.4183;0.404;0.4023;"{'25': 0.5523809523809524, '57': 0.3051948051948052, '52': 0.2888198757763975, '59': 0.48809523809523814, '49': 0.32142857142857145, '16': 0.44642857142857145, '51': 0.3968253968253968, '44': 0.44642857142857145, '31': 0.2542016806722689, '47': 0.41541353383458646, '50': 0.35714285714285715, '53': 0.17857142857142858, '29': 0.4512987012987013, '24': 0.3055555555555556, '48': 0.21428571428571427}";"{'25': 0.5523809523809524, '57': 0.3051948051948052, '52': 0.2888198757763975, '59': 0.48809523809523814, '49': 0.2857142857142857, '16': 0.44642857142857145, '51': 0.35, '44': 0.3968253968253968, '31': 0.23214285714285715, '47': 0.4007936507936508, '50': 0.32142857142857145, '53': 0.17857142857142858, '29': 0.4512987012987013, '24': 0.3055555555555556, '48': 0.21428571428571427}";"{'25': 0.6190476190476191, '57': 0.3051948051948052, '52': 0.2888198757763975, '59': 0.48809523809523814, '49': 0.32142857142857145, '16': 0.44642857142857145, '51': 0.3968253968253968, '44': 0.44642857142857145, '31': 0.2542016806722689, '47': 0.41541353383458646, '50': 0.35714285714285715, '53': 0.17857142857142858, '29': 0.4512987012987013, '24': 0.3055555555555556, '48': 0.21428571428571427}";"{'25': 0.5523809523809524, '57': 0.3051948051948052, '52': 0.2888198757763975, '59': 0.48809523809523814, '49': 0.3928571428571429, '16': 0.44642857142857145, '51': 0.3968253968253968, '44': 0.44642857142857145, '31': 0.2542016806722689, '47': 0.41541353383458646, '50': 0.44047619047619047, '53': 0.2619047619047619, '29': 0.4512987012987013, '24': 0.3055555555555556, '48': 0.3051948051948052}";0.0;0.0;0.0;0.0;0.958151101963811;1.0;0.958151101963811;0.9636579250469968;1.0;0.9636579250469968;0.936885433340956;1.0;0.936885433340956;0.9439972731128782;1.0;0.9439972731128782;0.0016;0.0375;0.0082;"['25', '57', '52', '59', '49', '16', '51', '44', '31', '47', '50', '53', '29', '24', '48']";"[('interD', ('14', '47')), ('intraA', ('44', '50')), ('interD', ('3', '52')), ('interA', ('52', '7')), ('intraA', ('49', '51')), ('interD', ('31', '35'))]";"[('interA', ('25', '39')), ('interA', ('25', '32')), ('interA', ('25', '7')), ('interA', ('25', '37')), ('interA', ('25', '26')), ('interA', ('25', '30'))]";"[('interA', ('49', '9')), ('interA', ('5', '50')), ('interA', ('46', '53')), ('interA', ('21', '48')), ('interA', ('53', '7')), ('interA', ('2', '48'))]";"[['25', '57', '52', '59', '49', '16', '51', '44', '31', '47', '50', '53', '29', '24', '48'], ['39', '32', '14', '37', '7', '26', '30', '35', '12', '34', '13', '36', '33', '38'], ['11', '20', '2', '3', '15', '43', '40', '28', '19', '6', '46', '42', '27'], ['8', '22', '18', '23', '17', '5', '4', '21', '60', '58', '1'], ['55', '54', '45', '61', '10', '56', '9', '41']]";"[['25', '57', '52', '59', '49', '16', '51', '44', '31', '47', '50', '53', '29', '24', '48'], ['39', '32', '7', '37', '26', '30', '35', '12', '34', '13', '36', '33', '38'], ['11', '20', '2', '3', '15', '43', '40', '28', '19', '6', '46', '42', '27'], ['8', '22', '14', '18', '23', '17', '5', '4', '21', '60', '58', '1'], ['55', '54', '45', '61', '10', '56', '9', '41']]";"[['25', '57', '52', '59', '49', '16', '51', '44', '31', '47', '50', '53', '29', '24', '48'], ['39', '32', '14', '37', '7', '26', '30', '35', '12', '34', '13', '36', '33', '38'], ['11', '20', '2', '3', '15', '43', '40', '28', '19', '6', '46', '42', '27'], ['8', '22', '18', '23', '17', '5', '4', '21', '60', '58', '1'], ['55', '54', '45', '61', '10', '56', '9', '41']]";"[3, 1, 1, 3, 3, 1, 2, 3, 4, 4, 1, 2, 2, 3, 1, 0, 3, 3, 1, 1, 3, 3, 3, 0, 0, 2, 1, 1, 0, 2, 0, 2, 2, 2, 2, 2, 2, 2, 2, 1, 4, 1, 1, 0, 4, 1, 0, 0, 0, 0, 0, 0, 0, 4, 4, 4, 0, 3, 0, 3, 4]";"[3, 2, 2, 3, 3, 2, 1, 3, 4, 4, 2, 1, 1, 1, 2, 0, 3, 3, 2, 2, 3, 3, 3, 0, 0, 1, 2, 2, 0, 1, 0, 1, 1, 1, 1, 1, 1, 1, 1, 2, 4, 2, 2, 0, 4, 2, 0, 0, 0, 0, 0, 0, 0, 4, 4, 4, 0, 3, 0, 3, 4]";"[3, 2, 2, 3, 3, 2, 1, 3, 4, 4, 2, 1, 1, 3, 2, 0, 3, 3, 2, 2, 3, 3, 3, 0, 0, 1, 2, 2, 0, 1, 0, 1, 1, 1, 1, 1, 1, 1, 1, 2, 4, 2, 2, 0, 4, 2, 0, 0, 0, 0, 0, 0, 0, 4, 4, 4, 0, 3, 0, 3, 4]";"[3, 2, 2, 3, 3, 2, 1, 3, 4, 4, 2, 1, 1, 1, 2, 0, 3, 3, 2, 2, 3, 3, 3, 0, 0, 1, 2, 2, 0, 1, 0, 1, 1, 1, 1, 1, 1, 1, 1, 2, 4, 2, 2, 0, 4, 2, 0, 0, 0, 0, 0, 0, 0, 4, 4, 4, 0, 3, 0, 3, 4]"
10;0;"aucs";"flat_ec";6;0.4162;0.4133;0.404;0.4046;"{'25': 0.5523809523809524, '57': 0.3051948051948052, '52': 0.2888198757763975, '59': 0.48809523809523814, '49': 0.32142857142857145, '16': 0.44642857142857145, '51': 0.3968253968253968, '44': 0.44642857142857145, '31': 0.2542016806722689, '47': 0.41541353383458646, '50': 0.35714285714285715, '53': 0.17857142857142858, '29': 0.4512987012987013, '24': 0.3055555555555556, '48': 0.21428571428571427}";"{'25': 0.5523809523809524, '57': 0.35, '52': 0.3344155844155844, '59': 0.48809523809523814, '49': 0.32142857142857145, '16': 0.44642857142857145, '51': 0.3968253968253968, '44': 0.48809523809523814, '31': 0.21031746031746032, '47': 0.4642857142857143, '50': 0.32142857142857145, '53': 0.21428571428571427, '29': 0.4512987012987013, '24': 0.2642857142857143, '48': 0.25}";"{'25': 0.6190476190476191, '57': 0.3051948051948052, '52': 0.2888198757763975, '59': 0.48809523809523814, '49': 0.32142857142857145, '16': 0.44642857142857145, '51': 0.3968253968253968, '44': 0.44642857142857145, '31': 0.2542016806722689, '47': 0.41541353383458646, '50': 0.35714285714285715, '53': 0.17857142857142858, '29': 0.4512987012987013, '24': 0.3055555555555556, '48': 0.21428571428571427}";"{'25': 0.5523809523809524, '57': 0.3051948051948052, '52': 0.2888198757763975, '59': 0.48809523809523814, '49': 0.3928571428571429, '16': 0.44642857142857145, '51': 0.3968253968253968, '44': 0.44642857142857145, '31': 0.2542016806722689, '47': 0.41541353383458646, '50': 0.44047619047619047, '53': 0.2619047619047619, '29': 0.4512987012987013, '24': 0.3055555555555556, '48': 0.3051948051948052}";0.0;0.0;0.0;0.0;1.0;1.0;1.0;1.0;1.0;1.0;1.0;1.0;1.0;1.0;1.0;1.0;0.0016;0.0372;0.0082;"['25', '57', '52', '59', '49', '16', '51', '44', '31', '47', '50', '53', '29', '24', '48']";"[('intraD', ('47', '52')), ('intraD', ('48', '49')), ('intraD', ('53', '57')), ('intraA', ('31', '50')), ('intraA', ('24', '49')), ('interA', ('30', '44'))]";"[('interA', ('25', '39')), ('interA', ('25', '32')), ('interA', ('25', '7')), ('interA', ('25', '37')), ('interA', ('25', '26')), ('interA', ('25', '30'))]";"[('interA', ('38', '49')), ('interA', ('33', '50')), ('interA', ('35', '53')), ('interA', ('17', '48')), ('interA', ('32', '53')), ('interA', ('14', '48'))]";"[['25', '57', '52', '59', '49', '16', '51', '44', '31', '47', '50', '53', '29', '24', '48'], ['11', '20', '2', '3', '15', '43', '40', '28', '19', '6', '46', '42', '27'], ['39', '32', '7', '37', '26', '30', '35', '12', '34', '13', '36', '33', '38'], ['8', '22', '14', '18', '23', '17', '5', '4', '21', '60', '58', '1'], ['55', '54', '45', '61', '10', '56', '9', '41']]";"[['25', '57', '52', '59', '49', '16', '51', '44', '31', '47', '50', '53', '29', '24', '48'], ['11', '20', '2', '3', '15', '43', '40', '28', '19', '6', '46', '42', '27'], ['39', '32', '7', '37', '26', '30', '35', '12', '34', '13', '36', '33', '38'], ['8', '22', '14', '18', '23', '17', '5', '4', '21', '60', '58', '1'], ['55', '54', '45', '61', '10', '56', '9', '41']]";"[['25', '57', '52', '59', '49', '16', '51', '44', '31', '47', '50', '53', '29', '24', '48'], ['11', '20', '2', '3', '15', '43', '40', '28', '19', '6', '46', '42', '27'], ['39', '32', '7', '37', '26', '30', '35', '12', '34', '13', '36', '33', '38'], ['8', '22', '14', '18', '23', '17', '5', '4', '21', '60', '58', '1'], ['55', '54', '45', '61', '10', '56', '9', '41']]";"[3, 1, 1, 3, 3, 1, 2, 3, 4, 4, 1, 2, 2, 3, 1, 0, 3, 3, 1, 1, 3, 3, 3, 0, 0, 2, 1, 1, 0, 2, 0, 2, 2, 2, 2, 2, 2, 2, 2, 1, 4, 1, 1, 0, 4, 1, 0, 0, 0, 0, 0, 0, 0, 4, 4, 4, 0, 3, 0, 3, 4]";"[3, 1, 1, 3, 3, 1, 2, 3, 4, 4, 1, 2, 2, 3, 1, 0, 3, 3, 1, 1, 3, 3, 3, 0, 0, 2, 1, 1, 0, 2, 0, 2, 2, 2, 2, 2, 2, 2, 2, 1, 4, 1, 1, 0, 4, 1, 0, 0, 0, 0, 0, 0, 0, 4, 4, 4, 0, 3, 0, 3, 4]";"[3, 1, 1, 3, 3, 1, 2, 3, 4, 4, 1, 2, 2, 3, 1, 0, 3, 3, 1, 1, 3, 3, 3, 0, 0, 2, 1, 1, 0, 2, 0, 2, 2, 2, 2, 2, 2, 2, 2, 1, 4, 1, 1, 0, 4, 1, 0, 0, 0, 0, 0, 0, 0, 4, 4, 4, 0, 3, 0, 3, 4]";"[3, 1, 1, 3, 3, 1, 2, 3, 4, 4, 1, 2, 2, 3, 1, 0, 3, 3, 1, 1, 3, 3, 3, 0, 0, 2, 1, 1, 0, 2, 0, 2, 2, 2, 2, 2, 2, 2, 2, 1, 4, 1, 1, 0, 4, 1, 0, 0, 0, 0, 0, 0, 0, 4, 4, 4, 0, 3, 0, 3, 4]"
11;0;"aucs";"flat_ec";6;0.4162;0.4149;0.404;0.4016;"{'25': 0.5523809523809524, '57': 0.3051948051948052, '52': 0.2888198757763975, '59': 0.48809523809523814, '49': 0.32142857142857145, '16': 0.44642857142857145, '51': 0.3968253968253968, '44': 0.44642857142857145, '31': 0.2542016806722689, '47': 0.41541353383458646, '50': 0.35714285714285715, '53': 0.17857142857142858, '29': 0.4512987012987013, '24': 0.3055555555555556, '48': 0.21428571428571427}";"{'25': 0.48333333333333334, '57': 0.3051948051948052, '52': 0.2888198757763975, '59': 0.4357142857142857, '49': 0.2857142857142857, '16': 0.44642857142857145, '51': 0.3968253968253968, '44': 0.3968253968253968, '31': 0.2542016806722689, '47': 0.4642857142857143, '50': 0.35714285714285715, '53': 0.14285714285714285, '29': 0.4512987012987013, '24': 0.35, '48': 0.21428571428571427}";"{'25': 0.6190476190476191, '57': 0.3051948051948052, '52': 0.2888198757763975, '59': 0.48809523809523814, '49': 0.32142857142857145, '16': 0.44642857142857145, '51': 0.3968253968253968, '44': 0.44642857142857145, '31': 0.2542016806722689, '47': 0.41541353383458646, '50': 0.35714285714285715, '53': 0.17857142857142858, '29': 0.4512987012987013, '24': 0.3055555555555556, '48': 0.21428571428571427}";"{'25': 0.5523809523809524, '57': 0.3051948051948052, '52': 0.2888198757763975, '59': 0.48809523809523814, '49': 0.3928571428571429, '16': 0.44642857142857145, '51': 0.3968253968253968, '44': 0.44642857142857145, '31': 0.2542016806722689, '47': 0.41541353383458646, '50': 0.44047619047619047, '53': 0.2619047619047619, '29': 0.4512987012987013, '24': 0.3055555555555556, '48': 0.3051948051948052}";0.0;0.0833333333333333;0.0;0.0;0.8413901082002964;1.0;0.958151101963811;0.8876013987878365;1.0;0.9636579250469968;0.8695138286975022;1.0;0.936885433340956;0.8979839896889152;1.0;0.9439972731128782;0.0012;0.0366;0.007;"['25', '57', '52', '59', '49', '16', '51', '44', '31', '47', '50', '53', '29', '24', '48']";"[('interD', ('14', '25')), ('intraA', ('25', '49')), ('intraA', ('44', '53')), ('interA', ('24', '58')), ('intraA', ('51', '59')), ('intraD', ('47', '51'))]";"[('interA', ('25', '39')), ('interA', ('25', '32')), ('interA', ('25', '7')), ('interA', ('25', '37')), ('interA', ('25', '26')), ('interA', ('25', '30'))]";"[('interA', ('15', '49')), ('interA', ('35', '50')), ('interA', ('53', '6')), ('interA', ('21', '48')), ('interA', ('19', '53')), ('interA', ('26', '48'))]";"[['25', '57', '52', '59', '48', '49', '16', '4', '51', '31', '44', '47', '50', '53', '29', '24', '58', '1'], ['39', '32', '14', '37', '7', '26', '30', '35', '12', '34', '13', '36', '33', '38'], ['11', '20', '2', '3', '15', '43', '40', '28', '19', '6', '46', '42', '27'], ['55', '54', '45', '61', '10', '56', '9', '41'], ['8', '22', '18', '23', '17', '5', '21', '60']]";"[['25', '57', '52', '59', '49', '16', '51', '44', '31', '47', '50', '53', '29', '24', '48'], ['39', '32', '7', '37', '26', '30', '35', '12', '34', '13', '36', '33', '38'], ['11', '20', '2', '3', '15', '43', '40', '28', '19', '6', '46', '42', '27'], ['8', '22', '14', '18', '23', '17', '5', '4', '21', '60', '58', '1'], ['55', '54', '45', '61', '10', '56', '9', '41']]";"[['25', '57', '52', '59', '49', '16', '51', '44', '31', '47', '50', '53', '29', '24', '48'], ['39', '32', '14', '37', '7', '26', '30', '35', '12', '34', '13', '36', '33', '38'], ['11', '20', '2', '3', '15', '43', '40', '28', '19', '6', '46', '42', '27'], ['8', '22', '18', '23', '17', '5', '4', '21', '60', '58', '1'], ['55', '54', '45', '61', '10', '56', '9', '41']]";"[3, 1, 1, 3, 3, 1, 2, 3, 4, 4, 1, 2, 2, 3, 1, 0, 3, 3, 1, 1, 3, 3, 3, 0, 0, 2, 1, 1, 0, 2, 0, 2, 2, 2, 2, 2, 2, 2, 2, 1, 4, 1, 1, 0, 4, 1, 0, 0, 0, 0, 0, 0, 0, 4, 4, 4, 0, 3, 0, 3, 4]";"[0, 2, 2, 0, 4, 2, 1, 4, 3, 3, 2, 1, 1, 1, 2, 0, 4, 4, 2, 2, 4, 4, 4, 0, 0, 1, 2, 2, 0, 1, 0, 1, 1, 1, 1, 1, 1, 1, 1, 2, 3, 2, 2, 0, 3, 2, 0, 0, 0, 0, 0, 0, 0, 3, 3, 3, 0, 0, 0, 4, 3]";"[3, 2, 2, 3, 3, 2, 1, 3, 4, 4, 2, 1, 1, 3, 2, 0, 3, 3, 2, 2, 3, 3, 3, 0, 0, 1, 2, 2, 0, 1, 0, 1, 1, 1, 1, 1, 1, 1, 1, 2, 4, 2, 2, 0, 4, 2, 0, 0, 0, 0, 0, 0, 0, 4, 4, 4, 0, 3, 0, 3, 4]";"[3, 2, 2, 3, 3, 2, 1, 3, 4, 4, 2, 1, 1, 1, 2, 0, 3, 3, 2, 2, 3, 3, 3, 0, 0, 1, 2, 2, 0, 1, 0, 1, 1, 1, 1, 1, 1, 1, 1, 2, 4, 2, 2, 0, 4, 2, 0, 0, 0, 0, 0, 0, 0, 4, 4, 4, 0, 3, 0, 3, 4]"
12;0;"aucs";"flat_ec";6;0.4162;0.4112;0.404;0.402;"{'25': 0.5523809523809524, '57': 0.3051948051948052, '52': 0.2888198757763975, '59': 0.48809523809523814, '49': 0.32142857142857145, '16': 0.44642857142857145, '51': 0.3968253968253968, '44': 0.44642857142857145, '31': 0.2542016806722689, '47': 0.41541353383458646, '50': 0.35714285714285715, '53': 0.17857142857142858, '29': 0.4512987012987013, '24': 0.3055555555555556, '48': 0.21428571428571427}";"{'25': 0.5523809523809524, '57': 0.3055555555555556, '52': 0.2888198757763975, '59': 0.48809523809523814, '49': 0.32142857142857145, '16': 0.44642857142857145, '51': 0.44642857142857145, '44': 0.5, '31': 0.2542016806722689, '47': 0.4007936507936508, '50': 0.39285714285714285, '53': 0.17857142857142858, '29': 0.46118012422360244, '24': 0.35, '48': 0.21428571428571427}";"{'25': 0.6190476190476191, '57': 0.3051948051948052, '52': 0.2888198757763975, '59': 0.48809523809523814, '49': 0.32142857142857145, '16': 0.44642857142857145, '51': 0.3968253968253968, '44': 0.44642857142857145, '31': 0.2542016806722689, '47': 0.41541353383458646, '50': 0.35714285714285715, '53': 0.17857142857142858, '29': 0.4512987012987013, '24': 0.3055555555555556, '48': 0.21428571428571427}";"{'25': 0.5523809523809524, '57': 0.3051948051948052, '52': 0.2888198757763975, '59': 0.48809523809523814, '49': 0.3928571428571429, '16': 0.44642857142857145, '51': 0.3968253968253968, '44': 0.44642857142857145, '31': 0.2542016806722689, '47': 0.41541353383458646, '50': 0.44047619047619047, '53': 0.2619047619047619, '29': 0.4512987012987013, '24': 0.3055555555555556, '48': 0.3051948051948052}";0.0;0.0;0.0;0.0;0.958151101963811;1.0;0.958151101963811;0.9636579250469968;1.0;0.9636579250469968;0.936885433340956;1.0;0.936885433340956;0.9439972731128782;1.0;0.9439972731128782;0.0013;0.0361;0.0071;"['25', '57', '52', '59', '49', '16', '51', '44', '31', '47', '50', '53', '29', '24', '48']";"[('intraD', ('44', '57')), ('interD', ('55', '57')), ('interA', ('24', '41')), ('interA', ('28', '29')), ('intraD', ('50', '51')), ('interD', ('14', '47'))]";"[('interA', ('25', '39')), ('interA', ('25', '32')), ('interA', ('25', '7')), ('interA', ('25', '37')), ('interA', ('25', '26')), ('interA', ('25', '30'))]";"[('interA', ('42', '49')), ('interA', ('11', '50')), ('interA', ('35', '53')), ('interA', ('2', '48')), ('interA', ('53', '55')), ('interA', ('28', '48'))]";"[['25', '57', '52', '59', '49', '16', '51', '44', '31', '47', '50', '53', '29', '24', '48'], ['39', '32', '14', '37', '7', '26', '30', '35', '12', '34', '13', '36', '33', '38'], ['11', '20', '2', '3', '15', '43', '40', '28', '19', '6', '46', '42', '27'], ['8', '22', '18', '23', '17', '5', '4', '21', '60', '58', '1'], ['55', '54', '45', '61', '10', '56', '9', '41']]";"[['25', '57', '52', '59', '49', '16', '51', '44', '31', '47', '50', '53', '29', '24', '48'], ['11', '20', '2', '3', '15', '43', '40', '28', '19', '6', '46', '42', '27'], ['39', '32', '7', '37', '26', '30', '35', '12', '34', '13', '36', '33', '38'], ['8', '22', '14', '18', '23', '17', '5', '4', '21', '60', '58', '1'], ['55', '54', '45', '61', '10', '56', '9', '41']]";"[['25', '57', '52', '59', '49', '16', '51', '44', '31', '47', '50', '53', '29', '24', '48'], ['39', '32', '14', '37', '7', '26', '30', '35', '12', '34', '13', '36', '33', '38'], ['11', '20', '2', '3', '15', '43', '40', '28', '19', '6', '46', '42', '27'], ['8', '22', '18', '23', '17', '5', '4', '21', '60', '58', '1'], ['55', '54', '45', '61', '10', '56', '9', '41']]";"[3, 1, 1, 3, 3, 1, 2, 3, 4, 4, 1, 2, 2, 3, 1, 0, 3, 3, 1, 1, 3, 3, 3, 0, 0, 2, 1, 1, 0, 2, 0, 2, 2, 2, 2, 2, 2, 2, 2, 1, 4, 1, 1, 0, 4, 1, 0, 0, 0, 0, 0, 0, 0, 4, 4, 4, 0, 3, 0, 3, 4]";"[3, 2, 2, 3, 3, 2, 1, 3, 4, 4, 2, 1, 1, 1, 2, 0, 3, 3, 2, 2, 3, 3, 3, 0, 0, 1, 2, 2, 0, 1, 0, 1, 1, 1, 1, 1, 1, 1, 1, 2, 4, 2, 2, 0, 4, 2, 0, 0, 0, 0, 0, 0, 0, 4, 4, 4, 0, 3, 0, 3, 4]";"[3, 1, 1, 3, 3, 1, 2, 3, 4, 4, 1, 2, 2, 3, 1, 0, 3, 3, 1, 1, 3, 3, 3, 0, 0, 2, 1, 1, 0, 2, 0, 2, 2, 2, 2, 2, 2, 2, 2, 1, 4, 1, 1, 0, 4, 1, 0, 0, 0, 0, 0, 0, 0, 4, 4, 4, 0, 3, 0, 3, 4]";"[3, 2, 2, 3, 3, 2, 1, 3, 4, 4, 2, 1, 1, 1, 2, 0, 3, 3, 2, 2, 3, 3, 3, 0, 0, 1, 2, 2, 0, 1, 0, 1, 1, 1, 1, 1, 1, 1, 1, 2, 4, 2, 2, 0, 4, 2, 0, 0, 0, 0, 0, 0, 0, 4, 4, 4, 0, 3, 0, 3, 4]"
13;0;"aucs";"flat_ec";6;0.4162;0.415;0.404;0.4017;"{'25': 0.5523809523809524, '57': 0.3051948051948052, '52': 0.2888198757763975, '59': 0.48809523809523814, '49': 0.32142857142857145, '16': 0.44642857142857145, '51': 0.3968253968253968, '44': 0.44642857142857145, '31': 0.2542016806722689, '47': 0.41541353383458646, '50': 0.35714285714285715, '53': 0.17857142857142858, '29': 0.4512987012987013, '24': 0.3055555555555556, '48': 0.21428571428571427}";"{'25': 0.5906593406593407, '57': 0.38636363636363635, '52': 0.3214285714285714, '59': 0.5446428571428572, '49': 0.32142857142857145, '16': 0.44642857142857145, '51': 0.3968253968253968, '44': 0.5, '31': 0.29910714285714285, '47': 0.41541353383458646, '50': 0.35714285714285715, '53': 0.17857142857142858, '29': 0.4512987012987013, '24': 0.3055555555555556, '48': 0.21428571428571427}";"{'25': 0.6190476190476191, '57': 0.3051948051948052, '52': 0.2888198757763975, '59': 0.48809523809523814, '49': 0.32142857142857145, '16': 0.44642857142857145, '51': 0.3968253968253968, '44': 0.44642857142857145, '31': 0.2542016806722689, '47': 0.41541353383458646, '50': 0.35714285714285715, '53': 0.17857142857142858, '29': 0.4512987012987013, '24': 0.3055555555555556, '48': 0.21428571428571427}";"{'25': 0.5523809523809524, '57': 0.3051948051948052, '52': 0.2888198757763975, '59': 0.48809523809523814, '49': 0.3928571428571429, '16': 0.44642857142857145, '51': 0.3968253968253968, '44': 0.44642857142857145, '31': 0.2542016806722689, '47': 0.41541353383458646, '50': 0.44047619047619047, '53': 0.2619047619047619, '29': 0.4512987012987013, '24': 0.3055555555555556, '48': 0.3051948051948052}";0.0;0.0;0.0;0.0;1.0;1.0;0.958151101963811;1.0;1.0;0.9636579250469968;1.0;1.0;0.936885433340956;1.0;1.0;0.9439972731128782;0.0013;0.0373;0.0084;"['25', '57', '52', '59', '49', '16', '51', '44', '31', '47', '50', '53', '29', '24', '48']";"[('interA', ('36', '57')), ('intraD', ('52', '59')), ('intraD', ('25', '44')), ('interD', ('20', '52')), ('intraD', ('31', '57')), ('interD', ('25', '45'))]";"[('interA', ('25', '39')), ('interA', ('25', '32')), ('interA', ('25', '7')), ('interA', ('25', '37')), ('interA', ('25', '26')), ('interA', ('25', '30'))]";"[('interA', ('33', '49')), ('interA', ('21', '50')), ('interA', ('19', '53')), ('interA', ('48', '5')), ('interA', ('32', '53')), ('interA', ('46', '48'))]";"[['25', '57', '52', '59', '49', '16', '51', '44', '31', '47', '50', '53', '29', '24', '48'], ['39', '32', '7', '37', '26', '30', '35', '12', '34', '13', '36', '33', '38'], ['11', '20', '2', '3', '15', '43', '40', '28', '19', '6', '46', '42', '27'], ['8', '22', '14', '18', '23', '17', '5', '4', '21', '60', '58', '1'], ['55', '54', '45', '61', '10', '56', '9', '41']]";"[['25', '57', '52', '59', '49', '16', '51', '44', '31', '47', '50', '53', '29', '24', '48'], ['39', '32', '7', '37', '26', '30', '35', '12', '34', '13', '36', '33', '38'], ['11', '20', '2', '3', '15', '43', '40', '28', '19', '6', '46', '42', '27'], ['8', '22', '14', '18', '23', '17', '5', '4', '21', '60', '58', '1'], ['55', '54', '45', '61', '10', '56', '9', '41']]";"[['25', '57', '52', '59', '49', '16', '51', '44', '31', '47', '50', '53', '29', '24', '48'], ['39', '32', '14', '37', '7', '26', '30', '35', '12', '34', '13', '36', '33', '38'], ['11', '20', '2', '3', '15', '43', '40', '28', '19', '6', '46', '42', '27'], ['8', '22', '18', '23', '17', '5', '4', '21', '60', '58', '1'], ['55', '54', '45', '61', '10', '56', '9', '41']]";"[3, 1, 1, 3, 3, 1, 2, 3, 4, 4, 1, 2, 2, 3, 1, 0, 3, 3, 1, 1, 3, 3, 3, 0, 0, 2, 1, 1, 0, 2, 0, 2, 2, 2, 2, 2, 2, 2, 2, 1, 4, 1, 1, 0, 4, 1, 0, 0, 0, 0, 0, 0, 0, 4, 4, 4, 0, 3, 0, 3, 4]";"[3, 2, 2, 3, 3, 2, 1, 3, 4, 4, 2, 1, 1, 3, 2, 0, 3, 3, 2, 2, 3, 3, 3, 0, 0, 1, 2, 2, 0, 1, 0, 1, 1, 1, 1, 1, 1, 1, 1, 2, 4, 2, 2, 0, 4, 2, 0, 0, 0, 0, 0, 0, 0, 4, 4, 4, 0, 3, 0, 3, 4]";"[3, 2, 2, 3, 3, 2, 1, 3, 4, 4, 2, 1, 1, 3, 2, 0, 3, 3, 2, 2, 3, 3, 3, 0, 0, 1, 2, 2, 0, 1, 0, 1, 1, 1, 1, 1, 1, 1, 1, 2, 4, 2, 2, 0, 4, 2, 0, 0, 0, 0, 0, 0, 0, 4, 4, 4, 0, 3, 0, 3, 4]";"[3, 2, 2, 3, 3, 2, 1, 3, 4, 4, 2, 1, 1, 1, 2, 0, 3, 3, 2, 2, 3, 3, 3, 0, 0, 1, 2, 2, 0, 1, 0, 1, 1, 1, 1, 1, 1, 1, 1, 2, 4, 2, 2, 0, 4, 2, 0, 0, 0, 0, 0, 0, 0, 4, 4, 4, 0, 3, 0, 3, 4]"
14;0;"aucs";"flat_ec";6;0.4162;0.4196;0.404;0.405;"{'25': 0.5523809523809524, '57': 0.3051948051948052, '52': 0.2888198757763975, '59': 0.48809523809523814, '49': 0.32142857142857145, '16': 0.44642857142857145, '51': 0.3968253968253968, '44': 0.44642857142857145, '31': 0.2542016806722689, '47': 0.41541353383458646, '50': 0.35714285714285715, '53': 0.17857142857142858, '29': 0.4512987012987013, '24': 0.3055555555555556, '48': 0.21428571428571427}";"{'25': 0.5523809523809524, '57': 0.35, '52': 0.2888198757763975, '59': 0.48809523809523814, '49': 0.32142857142857145, '16': 0.3928571428571429, '51': 0.3968253968253968, '44': 0.44642857142857145, '31': 0.2542016806722689, '47': 0.3533834586466165, '50': 0.44047619047619047, '53': 0.17857142857142858, '29': 0.44047619047619047, '24': 0.3055555555555556, '48': 0.21428571428571427}";"{'25': 0.6190476190476191, '57': 0.3051948051948052, '52': 0.2888198757763975, '59': 0.48809523809523814, '49': 0.32142857142857145, '16': 0.44642857142857145, '51': 0.3968253968253968, '44': 0.44642857142857145, '31': 0.2542016806722689, '47': 0.41541353383458646, '50': 0.35714285714285715, '53': 0.17857142857142858, '29': 0.4512987012987013, '24': 0.3055555555555556, '48': 0.21428571428571427}";"{'25': 0.5523809523809524, '57': 0.3051948051948052, '52': 0.2888198757763975, '59': 0.48809523809523814, '49': 0.3928571428571429, '16': 0.44642857142857145, '51': 0.3968253968253968, '44': 0.44642857142857145, '31': 0.2542016806722689, '47': 0.41541353383458646, '50': 0.44047619047619047, '53': 0.2619047619047619, '29': 0.4512987012987013, '24': 0.3055555555555556, '48': 0.3051948051948052}";0.0;0.0;0.0;0.0;1.0;1.0;1.0;1.0;1.0;1.0;1.0;1.0;1.0;1.0;1.0;1.0;0.0013;0.0366;0.0087;"['25', '57', '52', '59', '49', '16', '51', '44', '31', '47', '50', '53', '29', '24', '48']";"[('interA', ('2', '50')), ('interD', ('20', '47')), ('intraA', ('47', '59')), ('interD', ('29', '45')), ('intraD', ('57', '59')), ('interD', ('16', '5'))]";"[('interA', ('25', '39')), ('interA', ('25', '32')), ('interA', ('25', '7')), ('interA', ('25', '37')), ('interA', ('25', '26')), ('interA', ('25', '30'))]";"[('interA', ('27', '49')), ('interA', ('46', '50')), ('interA', ('53', '58')), ('interA', ('35', '48')), ('interA', ('35', '53')), ('interA', ('43', '48'))]";"[['25', '57', '52', '59', '49', '16', '51', '44', '31', '47', '50', '53', '29', '24', '48'], ['39', '32', '7', '37', '26', '30', '35', '12', '34', '13', '36', '33', '38'], ['11', '20', '2', '3', '15', '43', '40', '28', '19', '6', '46', '42', '27'], ['8', '22', '14', '18', '23', '17', '5', '4', '21', '60', '58', '1'], ['55', '54', '45', '61', '10', '56', '9', '41']]";"[['25', '57', '52', '59', '49', '16', '51', '44', '31', '47', '50', '53', '29', '24', '48'], ['11', '20', '2', '3', '15', '43', '40', '28', '19', '6', '46', '42', '27'], ['39', '32', '7', '37', '26', '30', '35', '12', '34', '13', '36', '33', '38'], ['8', '22', '14', '18', '23', '17', '5', '4', '21', '60', '58', '1'], ['55', '54', '45', '61', '10', '56', '9', '41']]";"[['25', '57', '52', '59', '49', '16', '51', '44', '31', '47', '50', '53', '29', '24', '48'], ['11', '20', '2', '3', '15', '43', '40', '28', '19', '6', '46', '42', '27'], ['39', '32', '7', '37', '26', '30', '35', '12', '34', '13', '36', '33', '38'], ['8', '22', '14', '18', '23', '17', '5', '4', '21', '60', '58', '1'], ['55', '54', '45', '61', '10', '56', '9', '41']]";"[3, 1, 1, 3, 3, 1, 2, 3, 4, 4, 1, 2, 2, 3, 1, 0, 3, 3, 1, 1, 3, 3, 3, 0, 0, 2, 1, 1, 0, 2, 0, 2, 2, 2, 2, 2, 2, 2, 2, 1, 4, 1, 1, 0, 4, 1, 0, 0, 0, 0, 0, 0, 0, 4, 4, 4, 0, 3, 0, 3, 4]";"[3, 2, 2, 3, 3, 2, 1, 3, 4, 4, 2, 1, 1, 3, 2, 0, 3, 3, 2, 2, 3, 3, 3, 0, 0, 1, 2, 2, 0, 1, 0, 1, 1, 1, 1, 1, 1, 1, 1, 2, 4, 2, 2, 0, 4, 2, 0, 0, 0, 0, 0, 0, 0, 4, 4, 4, 0, 3, 0, 3, 4]";"[3, 1, 1, 3, 3, 1, 2, 3, 4, 4, 1, 2, 2, 3, 1, 0, 3, 3, 1, 1, 3, 3, 3, 0, 0, 2, 1, 1, 0, 2, 0, 2, 2, 2, 2, 2, 2, 2, 2, 1, 4, 1, 1, 0, 4, 1, 0, 0, 0, 0, 0, 0, 0, 4, 4, 4, 0, 3, 0, 3, 4]";"[3, 1, 1, 3, 3, 1, 2, 3, 4, 4, 1, 2, 2, 3, 1, 0, 3, 3, 1, 1, 3, 3, 3, 0, 0, 2, 1, 1, 0, 2, 0, 2, 2, 2, 2, 2, 2, 2, 2, 1, 4, 1, 1, 0, 4, 1, 0, 0, 0, 0, 0, 0, 0, 4, 4, 4, 0, 3, 0, 3, 4]"
15;0;"aucs";"flat_ec";6;0.4162;0.4172;0.404;0.4059;"{'25': 0.5523809523809524, '57': 0.3051948051948052, '52': 0.2888198757763975, '59': 0.48809523809523814, '49': 0.32142857142857145, '16': 0.44642857142857145, '51': 0.3968253968253968, '44': 0.44642857142857145, '31': 0.2542016806722689, '47': 0.41541353383458646, '50': 0.35714285714285715, '53': 0.17857142857142858, '29': 0.4512987012987013, '24': 0.3055555555555556, '48': 0.21428571428571427}";"{'25': 0.5357142857142857, '57': 0.35, '52': 0.2888198757763975, '59': 0.4357142857142857, '49': 0.32142857142857145, '16': 0.5, '51': 0.5, '44': 0.3968253968253968, '31': 0.2542016806722689, '47': 0.41541353383458646, '50': 0.39285714285714285, '53': 0.14285714285714285, '29': 0.4512987012987013, '24': 0.3055555555555556, '48': 0.21428571428571427}";"{'25': 0.6190476190476191, '57': 0.3051948051948052, '52': 0.2888198757763975, '59': 0.48809523809523814, '49': 0.32142857142857145, '16': 0.44642857142857145, '51': 0.3968253968253968, '44': 0.44642857142857145, '31': 0.2542016806722689, '47': 0.41541353383458646, '50': 0.35714285714285715, '53': 0.17857142857142858, '29': 0.4512987012987013, '24': 0.3055555555555556, '48': 0.21428571428571427}";"{'25': 0.5523809523809524, '57': 0.3051948051948052, '52': 0.2888198757763975, '59': 0.48809523809523814, '49': 0.3928571428571429, '16': 0.44642857142857145, '51': 0.3968253968253968, '44': 0.44642857142857145, '31': 0.2542016806722689, '47': 0.41541353383458646, '50': 0.44047619047619047, '53': 0.2619047619047619, '29': 0.4512987012987013, '24': 0.3055555555555556, '48': 0.3051948051948052}";0.0;0.0;0.0;0.0;1.0;1.0;1.0;1.0;1.0;1.0;1.0;1.0;1.0;1.0;1.0;1.0;0.0012;0.0376;0.0078;"['25', '57', '52', '59', '49', '16', '51', '44', '31', '47', '50', '53', '29', '24', '48']";"[('intraA', ('53', '59')), ('intraD', ('50', '51')), ('interD', ('25', '3')), ('intraD', ('48', '51')), ('intraA', ('44', '48')), ('intraD', ('16', '57'))]";"[('interA', ('25', '39')), ('interA', ('25', '32')), ('interA', ('25', '7')), ('interA', ('25', '37')), ('interA', ('25', '26')), ('interA', ('25', '30'))]";"[('interA', ('49', '6')), ('interA', ('36', '50')), ('interA', ('14', '53')), ('interA', ('48', '56')), ('interA', ('53', '56')), ('interA', ('45', '48'))]";"[['25', '57', '52', '59', '49', '16', '51', '44', '31', '47', '50', '53', '29', '24', '48'], ['39', '32', '7', '37', '26', '30', '35', '12', '34', '13', '36', '33', '38'], ['11', '20', '2', '3', '15', '43', '40', '28', '19', '6', '46', '42', '27'], ['8', '22', '14', '18', '23', '17', '5', '4', '21', '60', '58', '1'], ['55', '54', '45', '61', '10', '56', '9', '41']]";"[['25', '57', '52', '59', '49', '16', '51', '44', '31', '47', '50', '53', '29', '24', '48'], ['11', '20', '2', '3', '15', '43', '40', '28', '19', '6', '46', '42', '27'], ['39', '32', '7', '37', '26', '30', '35', '12', '34', '13', '36', '33', '38'], ['8', '22', '14', '18', '23', '17', '5', '4', '21', '60', '58', '1'], ['55', '54', '45', '61', '10', '56', '9', '41']]";"[['25', '57', '52', '59', '49', '16', '51', '44', '31', '47', '50', '53', '29', '24', '48'], ['39', '32', '7', '37', '26', '30', '35', '12', '34', '13', '36', '33', '38'], ['11', '20', '2', '3', '15', '43', '40', '28', '19', '6', '46', '42', '27'], ['8', '22', '14', '18', '23', '17', '5', '4', '21', '60', '58', '1'], ['55', '54', '45', '61', '10', '56', '9', '41']]";"[3, 1, 1, 3, 3, 1, 2, 3, 4, 4, 1, 2, 2, 3, 1, 0, 3, 3, 1, 1, 3, 3, 3, 0, 0, 2, 1, 1, 0, 2, 0, 2, 2, 2, 2, 2, 2, 2, 2, 1, 4, 1, 1, 0, 4, 1, 0, 0, 0, 0, 0, 0, 0, 4, 4, 4, 0, 3, 0, 3, 4]";"[3, 2, 2, 3, 3, 2, 1, 3, 4, 4, 2, 1, 1, 3, 2, 0, 3, 3, 2, 2, 3, 3, 3, 0, 0, 1, 2, 2, 0, 1, 0, 1, 1, 1, 1, 1, 1, 1, 1, 2, 4, 2, 2, 0, 4, 2, 0, 0, 0, 0, 0, 0, 0, 4, 4, 4, 0, 3, 0, 3, 4]";"[3, 1, 1, 3, 3, 1, 2, 3, 4, 4, 1, 2, 2, 3, 1, 0, 3, 3, 1, 1, 3, 3, 3, 0, 0, 2, 1, 1, 0, 2, 0, 2, 2, 2, 2, 2, 2, 2, 2, 1, 4, 1, 1, 0, 4, 1, 0, 0, 0, 0, 0, 0, 0, 4, 4, 4, 0, 3, 0, 3, 4]";"[3, 2, 2, 3, 3, 2, 1, 3, 4, 4, 2, 1, 1, 3, 2, 0, 3, 3, 2, 2, 3, 3, 3, 0, 0, 1, 2, 2, 0, 1, 0, 1, 1, 1, 1, 1, 1, 1, 1, 2, 4, 2, 2, 0, 4, 2, 0, 0, 0, 0, 0, 0, 0, 4, 4, 4, 0, 3, 0, 3, 4]"
16;0;"aucs";"flat_ec";6;0.4162;0.4163;0.404;0.4058;"{'25': 0.5523809523809524, '57': 0.3051948051948052, '52': 0.2888198757763975, '59': 0.48809523809523814, '49': 0.32142857142857145, '16': 0.44642857142857145, '51': 0.3968253968253968, '44': 0.44642857142857145, '31': 0.2542016806722689, '47': 0.41541353383458646, '50': 0.35714285714285715, '53': 0.17857142857142858, '29': 0.4512987012987013, '24': 0.3055555555555556, '48': 0.21428571428571427}";"{'25': 0.5523809523809524, '57': 0.2619047619047619, '52': 0.3214285714285714, '59': 0.5446428571428572, '49': 0.32142857142857145, '16': 0.44642857142857145, '51': 0.35, '44': 0.3968253968253968, '31': 0.2542016806722689, '47': 0.41541353383458646, '50': 0.35714285714285715, '53': 0.17857142857142858, '29': 0.4892857142857143, '24': 0.2642857142857143, '48': 0.25}";"{'25': 0.6190476190476191, '57': 0.3051948051948052, '52': 0.2888198757763975, '59': 0.48809523809523814, '49': 0.32142857142857145, '16': 0.44642857142857145, '51': 0.3968253968253968, '44': 0.44642857142857145, '31': 0.2542016806722689, '47': 0.41541353383458646, '50': 0.35714285714285715, '53': 0.17857142857142858, '29': 0.4512987012987013, '24': 0.3055555555555556, '48': 0.21428571428571427}";"{'25': 0.5523809523809524, '57': 0.3051948051948052, '52': 0.2888198757763975, '59': 0.48809523809523814, '49': 0.3928571428571429, '16': 0.44642857142857145, '51': 0.3968253968253968, '44': 0.44642857142857145, '31': 0.2542016806722689, '47': 0.41541353383458646, '50': 0.44047619047619047, '53': 0.2619047619047619, '29': 0.4512987012987013, '24': 0.3055555555555556, '48': 0.3051948051948052}";0.0;0.0;0.0;0.0;0.958151101963811;1.0;1.0;0.9636579250469968;1.0;1.0;0.936885433340956;1.0;1.0;0.9439972731128782;1.0;1.0;0.0013;0.0383;0.0074;"['25', '57', '52', '59', '49', '16', '51', '44', '31', '47', '50', '53', '29', '24', '48']";"[('intraA', ('24', '44')), ('intraD', ('52', '59')), ('intraD', ('29', '48')), ('interD', ('29', '35')), ('interD', ('10', '52')), ('intraA', ('51', '57'))]";"[('interA', ('25', '39')), ('interA', ('25', '32')), ('interA', ('25', '7')), ('interA', ('25', '37')), ('interA', ('25', '26')), ('interA', ('25', '30'))]";"[('interA', ('45', '49')), ('interA', ('50', '54')), ('interA', ('5', '53')), ('interA', ('3', '48')), ('interA', ('1', '53')), ('interA', ('35', '48'))]";"[['25', '57', '52', '59', '49', '16', '51', '44', '31', '47', '50', '53', '29', '24', '48'], ['39', '32', '14', '37', '7', '26', '30', '35', '12', '34', '13', '36', '33', '38'], ['11', '20', '2', '3', '15', '43', '40', '28', '19', '6', '46', '42', '27'], ['8', '22', '18', '23', '17', '5', '4', '21', '60', '58', '1'], ['55', '54', '45', '61', '10', '56', '9', '41']]";"[['25', '57', '52', '59', '49', '16', '51', '44', '31', '47', '50', '53', '29', '24', '48'], ['11', '20', '2', '3', '15', '43', '40', '28', '19', '6', '46', '42', '27'], ['39', '32', '7', '37', '26', '30', '35', '12', '34', '13', '36', '33', '38'], ['8', '22', '14', '18', '23', '17', '5', '4', '21', '60', '58', '1'], ['55', '54', '45', '61', '10', '56', '9', '41']]";"[['25', '57', '52', '59', '49', '16', '51', '44', '31', '47', '50', '53', '29', '24', '48'], ['11', '20', '2', '3', '15', '43', '40', '28', '19', '6', '46', '42', '27'], ['39', '32', '7', '37', '26', '30', '35', '12', '34', '13', '36', '33', '38'], ['8', '22', '14', '18', '23', '17', '5', '4', '21', '60', '58', '1'], ['55', '54', '45', '61', '10', '56', '9', '41']]";"[3, 1, 1, 3, 3, 1, 2, 3, 4, 4, 1, 2, 2, 3, 1, 0, 3, 3, 1, 1, 3, 3, 3, 0, 0, 2, 1, 1, 0, 2, 0, 2, 2, 2, 2, 2, 2, 2, 2, 1, 4, 1, 1, 0, 4, 1, 0, 0, 0, 0, 0, 0, 0, 4, 4, 4, 0, 3, 0, 3, 4]";"[3, 2, 2, 3, 3, 2, 1, 3, 4, 4, 2, 1, 1, 1, 2, 0, 3, 3, 2, 2, 3, 3, 3, 0, 0, 1, 2, 2, 0, 1, 0, 1, 1, 1, 1, 1, 1, 1, 1, 2, 4, 2, 2, 0, 4, 2, 0, 0, 0, 0, 0, 0, 0, 4, 4, 4, 0, 3, 0, 3, 4]";"[3, 1, 1, 3, 3, 1, 2, 3, 4, 4, 1, 2, 2, 3, 1, 0, 3, 3, 1, 1, 3, 3, 3, 0, 0, 2, 1, 1, 0, 2, 0, 2, 2, 2, 2, 2, 2, 2, 2, 1, 4, 1, 1, 0, 4, 1, 0, 0, 0, 0, 0, 0, 0, 4, 4, 4, 0, 3, 0, 3, 4]";"[3, 1, 1, 3, 3, 1, 2, 3, 4, 4, 1, 2, 2, 3, 1, 0, 3, 3, 1, 1, 3, 3, 3, 0, 0, 2, 1, 1, 0, 2, 0, 2, 2, 2, 2, 2, 2, 2, 2, 1, 4, 1, 1, 0, 4, 1, 0, 0, 0, 0, 0, 0, 0, 4, 4, 4, 0, 3, 0, 3, 4]"
17;0;"aucs";"flat_ec";6;0.4162;0.4201;0.404;0.4055;"{'25': 0.5523809523809524, '57': 0.3051948051948052, '52': 0.2888198757763975, '59': 0.48809523809523814, '49': 0.32142857142857145, '16': 0.44642857142857145, '51': 0.3968253968253968, '44': 0.44642857142857145, '31': 0.2542016806722689, '47': 0.41541353383458646, '50': 0.35714285714285715, '53': 0.17857142857142858, '29': 0.4512987012987013, '24': 0.3055555555555556, '48': 0.21428571428571427}";"{'25': 0.5523809523809524, '57': 0.3051948051948052, '52': 0.2888198757763975, '59': 0.48809523809523814, '49': 0.2857142857142857, '16': 0.44047619047619047, '51': 0.3968253968253968, '44': 0.5, '31': 0.2542016806722689, '47': 0.3533834586466165, '50': 0.35714285714285715, '53': 0.17857142857142858, '29': 0.4512987012987013, '24': 0.3055555555555556, '48': 0.21428571428571427}";"{'25': 0.6190476190476191, '57': 0.3051948051948052, '52': 0.2888198757763975, '59': 0.48809523809523814, '49': 0.32142857142857145, '16': 0.44642857142857145, '51': 0.3968253968253968, '44': 0.44642857142857145, '31': 0.2542016806722689, '47': 0.41541353383458646, '50': 0.35714285714285715, '53': 0.17857142857142858, '29': 0.4512987012987013, '24': 0.3055555555555556, '48': 0.21428571428571427}";"{'25': 0.5523809523809524, '57': 0.3051948051948052, '52': 0.2888198757763975, '59': 0.48809523809523814, '49': 0.3928571428571429, '16': 0.44642857142857145, '51': 0.3968253968253968, '44': 0.44642857142857145, '31': 0.2542016806722689, '47': 0.41541353383458646, '50': 0.44047619047619047, '53': 0.2619047619047619, '29': 0.4512987012987013, '24': 0.3055555555555556, '48': 0.3051948051948052}";0.0;0.0;0.0;0.0;1.0;1.0;1.0;1.0;1.0;1.0;1.0;1.0;1.0;1.0;1.0;1.0;0.0013;0.0369;0.008;"['25', '57', '52', '59', '49', '16', '51', '44', '31', '47', '50', '53', '29', '24', '48']";"[('interD', ('32', '47')), ('intraD', ('16', '44')), ('intraD', ('44', '59')), ('interD', ('16', '4')), ('intraA', ('44', '47')), ('intraA', ('49', '59'))]";"[('interA', ('25', '39')), ('interA', ('25', '32')), ('interA', ('25', '7')), ('interA', ('25', '37')), ('interA', ('25', '26')), ('interA', ('25', '30'))]";"[('interA', ('41', '49')), ('interA', ('50', '7')), ('interA', ('19', '53')), ('interA', ('32', '48')), ('interA', ('4', '53')), ('interA', ('10', '48'))]";"[['25', '57', '52', '59', '49', '16', '51', '44', '31', '47', '50', '53', '29', '24', '48'], ['11', '20', '2', '3', '15', '43', '40', '28', '19', '6', '46', '42', '27'], ['39', '32', '7', '37', '26', '30', '35', '12', '34', '13', '36', '33', '38'], ['8', '22', '14', '18', '23', '17', '5', '4', '21', '60', '58', '1'], ['55', '54', '45', '61', '10', '56', '9', '41']]";"[['25', '57', '52', '59', '49', '16', '51', '44', '31', '47', '50', '53', '29', '24', '48'], ['39', '32', '7', '37', '26', '30', '35', '12', '34', '13', '36', '33', '38'], ['11', '20', '2', '3', '15', '43', '40', '28', '19', '6', '46', '42', '27'], ['8', '22', '14', '18', '23', '17', '5', '4', '21', '60', '58', '1'], ['55', '54', '45', '61', '10', '56', '9', '41']]";"[['25', '57', '52', '59', '49', '16', '51', '44', '31', '47', '50', '53', '29', '24', '48'], ['39', '32', '7', '37', '26', '30', '35', '12', '34', '13', '36', '33', '38'], ['11', '20', '2', '3', '15', '43', '40', '28', '19', '6', '46', '42', '27'], ['8', '22', '14', '18', '23', '17', '5', '4', '21', '60', '58', '1'], ['55', '54', '45', '61', '10', '56', '9', '41']]";"[3, 1, 1, 3, 3, 1, 2, 3, 4, 4, 1, 2, 2, 3, 1, 0, 3, 3, 1, 1, 3, 3, 3, 0, 0, 2, 1, 1, 0, 2, 0, 2, 2, 2, 2, 2, 2, 2, 2, 1, 4, 1, 1, 0, 4, 1, 0, 0, 0, 0, 0, 0, 0, 4, 4, 4, 0, 3, 0, 3, 4]";"[3, 1, 1, 3, 3, 1, 2, 3, 4, 4, 1, 2, 2, 3, 1, 0, 3, 3, 1, 1, 3, 3, 3, 0, 0, 2, 1, 1, 0, 2, 0, 2, 2, 2, 2, 2, 2, 2, 2, 1, 4, 1, 1, 0, 4, 1, 0, 0, 0, 0, 0, 0, 0, 4, 4, 4, 0, 3, 0, 3, 4]";"[3, 2, 2, 3, 3, 2, 1, 3, 4, 4, 2, 1, 1, 3, 2, 0, 3, 3, 2, 2, 3, 3, 3, 0, 0, 1, 2, 2, 0, 1, 0, 1, 1, 1, 1, 1, 1, 1, 1, 2, 4, 2, 2, 0, 4, 2, 0, 0, 0, 0, 0, 0, 0, 4, 4, 4, 0, 3, 0, 3, 4]";"[3, 2, 2, 3, 3, 2, 1, 3, 4, 4, 2, 1, 1, 3, 2, 0, 3, 3, 2, 2, 3, 3, 3, 0, 0, 1, 2, 2, 0, 1, 0, 1, 1, 1, 1, 1, 1, 1, 1, 2, 4, 2, 2, 0, 4, 2, 0, 0, 0, 0, 0, 0, 0, 4, 4, 4, 0, 3, 0, 3, 4]"
18;0;"aucs";"flat_ec";6;0.4162;0.4114;0.404;0.4021;"{'25': 0.5523809523809524, '57': 0.3051948051948052, '52': 0.2888198757763975, '59': 0.48809523809523814, '49': 0.32142857142857145, '16': 0.44642857142857145, '51': 0.3968253968253968, '44': 0.44642857142857145, '31': 0.2542016806722689, '47': 0.41541353383458646, '50': 0.35714285714285715, '53': 0.17857142857142858, '29': 0.4512987012987013, '24': 0.3055555555555556, '48': 0.21428571428571427}";"{'25': 0.5523809523809524, '57': 0.3051948051948052, '52': 0.3344155844155844, '59': 0.3968253968253968, '49': 0.32142857142857145, '16': 0.44642857142857145, '51': 0.35, '44': 0.44642857142857145, '31': 0.2542016806722689, '47': 0.4285714285714286, '50': 0.42857142857142855, '53': 0.21428571428571427, '29': 0.5, '24': 0.3055555555555556, '48': 0.25}";"{'25': 0.6190476190476191, '57': 0.3051948051948052, '52': 0.2888198757763975, '59': 0.48809523809523814, '49': 0.32142857142857145, '16': 0.44642857142857145, '51': 0.3968253968253968, '44': 0.44642857142857145, '31': 0.2542016806722689, '47': 0.41541353383458646, '50': 0.35714285714285715, '53': 0.17857142857142858, '29': 0.4512987012987013, '24': 0.3055555555555556, '48': 0.21428571428571427}";"{'25': 0.5523809523809524, '57': 0.3051948051948052, '52': 0.2888198757763975, '59': 0.48809523809523814, '49': 0.3928571428571429, '16': 0.44642857142857145, '51': 0.3968253968253968, '44': 0.44642857142857145, '31': 0.2542016806722689, '47': 0.41541353383458646, '50': 0.44047619047619047, '53': 0.2619047619047619, '29': 0.4512987012987013, '24': 0.3055555555555556, '48': 0.3051948051948052}";0.0;0.0;0.0;0.0833333333333333;0.958151101963811;1.0;0.8413901082002964;0.9636579250469968;1.0;0.8876013987878365;0.936885433340956;1.0;0.8695138286975022;0.9439972731128782;1.0;0.8979839896889152;0.0013;0.0371;0.0073;"['25', '57', '52', '59', '49', '16', '51', '44', '31', '47', '50', '53', '29', '24', '48']";"[('interD', ('26', '59')), ('intraD', ('48', '52')), ('intraD', ('29', '50')), ('intraA', ('51', '59')), ('intraD', ('50', '53')), ('interA', ('47', '61'))]";"[('interA', ('25', '39')), ('interA', ('25', '32')), ('interA', ('25', '7')), ('interA', ('25', '37')), ('interA', ('25', '26')), ('interA', ('25', '30'))]";"[('interA', ('23', '49')), ('interA', ('4', '50')), ('interA', ('53', '9')), ('interA', ('26', '48')), ('interA', ('53', '7')), ('interA', ('3', '48'))]";"[['25', '57', '52', '59', '49', '16', '51', '44', '31', '47', '50', '53', '29', '24', '48'], ['39', '32', '14', '37', '7', '26', '30', '35', '12', '34', '13', '36', '33', '38'], ['11', '20', '2', '3', '15', '43', '40', '28', '19', '6', '46', '42', '27'], ['8', '22', '18', '23', '17', '5', '4', '21', '60', '58', '1'], ['55', '54', '45', '61', '10', '56', '9', '41']]";"[['25', '57', '52', '59', '49', '16', '51', '44', '31', '47', '50', '53', '29', '24', '48'], ['11', '20', '2', '3', '15', '43', '40', '28', '19', '6', '46', '42', '27'], ['39', '32', '7', '37', '26', '30', '35', '12', '34', '13', '36', '33', '38'], ['8', '22', '14', '18', '23', '17', '5', '4', '21', '60', '58', '1'], ['55', '54', '45', '61', '10', '56', '9', '41']]";"[['25', '57', '52', '59', '48', '49', '16', '4', '51', '31', '44', '47', '50', '53', '29', '24', '58', '1'], ['39', '32', '14', '37', '7', '26', '30', '35', '12', '34', '13', '36', '33', '38'], ['11', '20', '2', '3', '15', '43', '40', '28', '19', '6', '46', '42', '27'], ['8', '22', '18', '23', '17', '5', '21', '60'], ['55', '54', '45', '61', '10', '56', '9', '41']]";"[3, 1, 1, 3, 3, 1, 2, 3, 4, 4, 1, 2, 2, 3, 1, 0, 3, 3, 1, 1, 3, 3, 3, 0, 0, 2, 1, 1, 0, 2, 0, 2, 2, 2, 2, 2, 2, 2, 2, 1, 4, 1, 1, 0, 4, 1, 0, 0, 0, 0, 0, 0, 0, 4, 4, 4, 0, 3, 0, 3, 4]";"[3, 2, 2, 3, 3, 2, 1, 3, 4, 4, 2, 1, 1, 1, 2, 0, 3, 3, 2, 2, 3, 3, 3, 0, 0, 1, 2, 2, 0, 1, 0, 1, 1, 1, 1, 1, 1, 1, 1, 2, 4, 2, 2, 0, 4, 2, 0, 0, 0, 0, 0, 0, 0, 4, 4, 4, 0, 3, 0, 3, 4]";"[3, 1, 1, 3, 3, 1, 2, 3, 4, 4, 1, 2, 2, 3, 1, 0, 3, 3, 1, 1, 3, 3, 3, 0, 0, 2, 1, 1, 0, 2, 0, 2, 2, 2, 2, 2, 2, 2, 2, 1, 4, 1, 1, 0, 4, 1, 0, 0, 0, 0, 0, 0, 0, 4, 4, 4, 0, 3, 0, 3, 4]";"[0, 2, 2, 0, 3, 2, 1, 3, 4, 4, 2, 1, 1, 1, 2, 0, 3, 3, 2, 2, 3, 3, 3, 0, 0, 1, 2, 2, 0, 1, 0, 1, 1, 1, 1, 1, 1, 1, 1, 2, 4, 2, 2, 0, 4, 2, 0, 0, 0, 0, 0, 0, 0, 4, 4, 4, 0, 0, 0, 3, 4]"
19;0;"aucs";"flat_ec";6;0.4162;0.4158;0.404;0.402;"{'25': 0.5523809523809524, '57': 0.3051948051948052, '52': 0.2888198757763975, '59': 0.48809523809523814, '49': 0.32142857142857145, '16': 0.44642857142857145, '51': 0.3968253968253968, '44': 0.44642857142857145, '31': 0.2542016806722689, '47': 0.41541353383458646, '50': 0.35714285714285715, '53': 0.17857142857142858, '29': 0.4512987012987013, '24': 0.3055555555555556, '48': 0.21428571428571427}";"{'25': 0.5523809523809524, '57': 0.3051948051948052, '52': 0.2888198757763975, '59': 0.48809523809523814, '49': 0.32142857142857145, '16': 0.44642857142857145, '51': 0.3968253968253968, '44': 0.4357142857142857, '31': 0.23214285714285715, '47': 0.41541353383458646, '50': 0.35714285714285715, '53': 0.17857142857142858, '29': 0.39285714285714285, '24': 0.3055555555555556, '48': 0.21428571428571427}";"{'25': 0.6190476190476191, '57': 0.3051948051948052, '52': 0.2888198757763975, '59': 0.48809523809523814, '49': 0.32142857142857145, '16': 0.44642857142857145, '51': 0.3968253968253968, '44': 0.44642857142857145, '31': 0.2542016806722689, '47': 0.41541353383458646, '50': 0.35714285714285715, '53': 0.17857142857142858, '29': 0.4512987012987013, '24': 0.3055555555555556, '48': 0.21428571428571427}";"{'25': 0.5523809523809524, '57': 0.3051948051948052, '52': 0.2888198757763975, '59': 0.48809523809523814, '49': 0.3928571428571429, '16': 0.44642857142857145, '51': 0.3968253968253968, '44': 0.44642857142857145, '31': 0.2542016806722689, '47': 0.41541353383458646, '50': 0.44047619047619047, '53': 0.2619047619047619, '29': 0.4512987012987013, '24': 0.3055555555555556, '48': 0.3051948051948052}";0.0;0.0;0.0;0.0;0.958151101963811;1.0;0.958151101963811;0.9636579250469968;1.0;0.9636579250469968;0.936885433340956;1.0;0.936885433340956;0.9439972731128782;1.0;0.9439972731128782;0.0013;0.0375;0.0076;"['25', '57', '52', '59', '49', '16', '51', '44', '31', '47', '50', '53', '29', '24', '48']";"[('interA', ('52', '6')), ('intraA', ('29', '44')), ('interD', ('26', '31')), ('interD', ('3', '52')), ('interA', ('17', '44')), ('interD', ('27', '29'))]";"[('interA', ('25', '39')), ('interA', ('25', '32')), ('interA', ('25', '7')), ('interA', ('25', '37')), ('interA', ('25', '26')), ('interA', ('25', '30'))]";"[('interA', ('22', '49')), ('interA', ('50', '8')), ('interA', ('20', '53')), ('interA', ('48', '61')), ('interA', ('38', '53')), ('interA', ('37', '48'))]";"[['25', '57', '52', '59', '49', '16', '51', '44', '31', '47', '50', '53', '29', '24', '48'], ['39', '32', '14', '37', '7', '26', '30', '35', '12', '34', '13', '36', '33', '38'], ['11', '20', '2', '3', '15', '43', '40', '28', '19', '6', '46', '42', '27'], ['8', '22', '18', '23', '17', '5', '4', '21', '60', '58', '1'], ['55', '54', '45', '61', '10', '56', '9', '41']]";"[['25', '57', '52', '59', '49', '16', '51', '44', '31', '47', '50', '53', '29', '24', '48'], ['11', '20', '2', '3', '15', '43', '40', '28', '19', '6', '46', '42', '27'], ['39', '32', '7', '37', '26', '30', '35', '12', '34', '13', '36', '33', '38'], ['8', '22', '14', '18', '23', '17', '5', '4', '21', '60', '58', '1'], ['55', '54', '45', '61', '10', '56', '9', '41']]";"[['25', '57', '52', '59', '49', '16', '51', '44', '31', '47', '50', '53', '29', '24', '48'], ['39', '32', '14', '37', '7', '26', '30', '35', '12', '34', '13', '36', '33', '38'], ['11', '20', '2', '3', '15', '43', '40', '28', '19', '6', '46', '42', '27'], ['8', '22', '18', '23', '17', '5', '4', '21', '60', '58', '1'], ['55', '54', '45', '61', '10', '56', '9', '41']]";"[3, 1, 1, 3, 3, 1, 2, 3, 4, 4, 1, 2, 2, 3, 1, 0, 3, 3, 1, 1, 3, 3, 3, 0, 0, 2, 1, 1, 0, 2, 0, 2, 2, 2, 2, 2, 2, 2, 2, 1, 4, 1, 1, 0, 4, 1, 0, 0, 0, 0, 0, 0, 0, 4, 4, 4, 0, 3, 0, 3, 4]";"[3, 2, 2, 3, 3, 2, 1, 3, 4, 4, 2, 1, 1, 1, 2, 0, 3, 3, 2, 2, 3, 3, 3, 0, 0, 1, 2, 2, 0, 1, 0, 1, 1, 1, 1, 1, 1, 1, 1, 2, 4, 2, 2, 0, 4, 2, 0, 0, 0, 0, 0, 0, 0, 4, 4, 4, 0, 3, 0, 3, 4]";"[3, 1, 1, 3, 3, 1, 2, 3, 4, 4, 1, 2, 2, 3, 1, 0, 3, 3, 1, 1, 3, 3, 3, 0, 0, 2, 1, 1, 0, 2, 0, 2, 2, 2, 2, 2, 2, 2, 2, 1, 4, 1, 1, 0, 4, 1, 0, 0, 0, 0, 0, 0, 0, 4, 4, 4, 0, 3, 0, 3, 4]";"[3, 2, 2, 3, 3, 2, 1, 3, 4, 4, 2, 1, 1, 1, 2, 0, 3, 3, 2, 2, 3, 3, 3, 0, 0, 1, 2, 2, 0, 1, 0, 1, 1, 1, 1, 1, 1, 1, 1, 2, 4, 2, 2, 0, 4, 2, 0, 0, 0, 0, 0, 0, 0, 4, 4, 4, 0, 3, 0, 3, 4]"
0;1;"aucs";"flat_ec";6;0.4162;0.4164;0.405;0.4072;"{'11': 0.125, '2': 0.45833333333333337, '20': 0.4730392156862745, '3': 0.625, '15': 0.34523809523809523, '43': 0.2916666666666667, '40': 0.5608974358974359, '28': 0.625, '19': 0.45833333333333337, '6': 0.45833333333333337, '46': 0.3125, '42': 0.3125, '27': 0.4166666666666667}";"{'11': 0.125, '2': 0.45833333333333337, '20': 0.5916666666666667, '3': 0.625, '15': 0.34523809523809523, '43': 0.25, '40': 0.5416666666666667, '28': 0.5416666666666667, '19': 0.45833333333333337, '6': 0.5208333333333333, '46': 0.3125, '42': 0.3125, '27': 0.47619047619047616}";"{'11': 0.3125, '2': 0.45833333333333337, '20': 0.4730392156862745, '3': 0.625, '15': 0.34523809523809523, '43': 0.2916666666666667, '40': 0.5608974358974359, '28': 0.625, '19': 0.45833333333333337, '6': 0.45833333333333337, '46': 0.3125, '42': 0.3125, '27': 0.4166666666666667}";"{'11': 0.20833333333333331, '2': 0.45833333333333337, '20': 0.4730392156862745, '3': 0.625, '15': 0.34523809523809523, '43': 0.4166666666666667, '40': 0.5608974358974359, '28': 0.625, '19': 0.45833333333333337, '6': 0.45833333333333337, '46': 0.3611111111111111, '42': 0.3611111111111111, '27': 0.4166666666666667}";0.0;0.0;0.0;0.09375;1.0;1.0;0.8861307262253816;1.0;1.0;0.9250397064476248;1.0;1.0;0.9332040810955444;1.0;1.0;0.9509392866108032;0.0012;0.0348;0.0056;"['11', '2', '20', '3', '15', '43', '40', '28', '19', '6', '46', '42', '27']";"[('intraD', ('20', '27')), ('interD', ('40', '41')), ('intraA', ('28', '43')), ('intraD', ('20', '46')), ('intraA', ('2', '46')), ('intraD', ('2', '6'))]";"[('interA', ('11', '39')), ('interA', ('11', '32')), ('interA', ('11', '7')), ('interA', ('11', '37')), ('interA', ('11', '26')), ('interA', ('11', '30'))]";"[('interA', ('11', '49')), ('interA', ('43', '60')), ('interA', ('11', '24')), ('interA', ('46', '58')), ('interA', ('42', '44')), ('interA', ('30', '43'))]";"[['25', '57', '52', '59', '49', '16', '51', '44', '31', '47', '50', '53', '29', '24', '48'], ['39', '32', '7', '37', '26', '30', '35', '12', '34', '13', '36', '33', '38'], ['11', '20', '2', '3', '15', '43', '40', '28', '19', '6', '46', '42', '27'], ['8', '22', '14', '18', '23', '17', '5', '4', '21', '60', '58', '1'], ['55', '54', '45', '61', '10', '56', '9', '41']]";"[['25', '57', '52', '59', '49', '16', '51', '44', '31', '47', '50', '53', '29', '24', '48'], ['39', '32', '7', '37', '26', '30', '35', '12', '34', '13', '36', '33', '38'], ['11', '20', '2', '3', '15', '43', '40', '28', '19', '6', '46', '42', '27'], ['8', '22', '14', '18', '23', '17', '5', '4', '21', '60', '58', '1'], ['55', '54', '45', '61', '10', '56', '9', '41']]";"[['11', '2', '20', '3', '15', '43', '40', '28', '19', '6', '60', '46', '42', '58', '27', '1'], ['25', '57', '52', '59', '49', '16', '51', '44', '31', '47', '50', '53', '29', '24', '48'], ['39', '32', '7', '37', '26', '30', '35', '12', '34', '13', '36', '33', '38'], ['8', '14', '22', '18', '23', '17', '5', '4', '21'], ['55', '54', '45', '61', '10', '56', '9', '41']]";"[3, 1, 1, 3, 3, 1, 2, 3, 4, 4, 1, 2, 2, 3, 1, 0, 3, 3, 1, 1, 3, 3, 3, 0, 0, 2, 1, 1, 0, 2, 0, 2, 2, 2, 2, 2, 2, 2, 2, 1, 4, 1, 1, 0, 4, 1, 0, 0, 0, 0, 0, 0, 0, 4, 4, 4, 0, 3, 0, 3, 4]";"[3, 2, 2, 3, 3, 2, 1, 3, 4, 4, 2, 1, 1, 3, 2, 0, 3, 3, 2, 2, 3, 3, 3, 0, 0, 1, 2, 2, 0, 1, 0, 1, 1, 1, 1, 1, 1, 1, 1, 2, 4, 2, 2, 0, 4, 2, 0, 0, 0, 0, 0, 0, 0, 4, 4, 4, 0, 3, 0, 3, 4]";"[3, 2, 2, 3, 3, 2, 1, 3, 4, 4, 2, 1, 1, 3, 2, 0, 3, 3, 2, 2, 3, 3, 3, 0, 0, 1, 2, 2, 0, 1, 0, 1, 1, 1, 1, 1, 1, 1, 1, 2, 4, 2, 2, 0, 4, 2, 0, 0, 0, 0, 0, 0, 0, 4, 4, 4, 0, 3, 0, 3, 4]";"[0, 0, 0, 3, 3, 0, 2, 3, 4, 4, 0, 2, 2, 3, 0, 1, 3, 3, 0, 0, 3, 3, 3, 1, 1, 2, 0, 0, 1, 2, 1, 2, 2, 2, 2, 2, 2, 2, 2, 0, 4, 0, 0, 1, 4, 0, 1, 1, 1, 1, 1, 1, 1, 4, 4, 4, 1, 0, 1, 0, 4]"
1;1;"aucs";"flat_ec";6;0.4162;0.4158;0.405;0.4071;"{'11': 0.125, '2': 0.45833333333333337, '20': 0.4730392156862745, '3': 0.625, '15': 0.34523809523809523, '43': 0.2916666666666667, '40': 0.5608974358974359, '28': 0.625, '19': 0.45833333333333337, '6': 0.45833333333333337, '46': 0.3125, '42': 0.3125, '27': 0.4166666666666667}";"{'11': 0.125, '2': 0.45833333333333337, '20': 0.4730392156862745, '3': 0.75, '15': 0.40064102564102566, '43': 0.36309523809523814, '40': 0.5, '28': 0.625, '19': 0.5208333333333333, '6': 0.45833333333333337, '46': 0.3125, '42': 0.3611111111111111, '27': 0.47619047619047616}";"{'11': 0.3125, '2': 0.45833333333333337, '20': 0.4730392156862745, '3': 0.625, '15': 0.34523809523809523, '43': 0.2916666666666667, '40': 0.5608974358974359, '28': 0.625, '19': 0.45833333333333337, '6': 0.45833333333333337, '46': 0.3125, '42': 0.3125, '27': 0.4166666666666667}";"{'11': 0.20833333333333331, '2': 0.45833333333333337, '20': 0.4730392156862745, '3': 0.625, '15': 0.34523809523809523, '43': 0.4166666666666667, '40': 0.5608974358974359, '28': 0.625, '19': 0.45833333333333337, '6': 0.45833333333333337, '46': 0.3611111111111111, '42': 0.3611111111111111, '27': 0.4166666666666667}";0.0;0.2692307692307692;0.0;0.0;0.9580615898782524;1.0;1.0;0.9636548291232548;1.0;1.0;1.0;1.0;1.0;1.0;1.0;1.0;0.0013;0.0341;0.0059;"['11', '2', '20', '3', '15', '43', '40', '28', '19', '6', '46', '42', '27']";"[('intraD', ('15', '3')), ('interA', ('42', '59')), ('intraA', ('20', '40')), ('interA', ('17', '43')), ('intraD', ('20', '3')), ('intraD', ('19', '27'))]";"[('interA', ('11', '39')), ('interA', ('11', '32')), ('interA', ('11', '7')), ('interA', ('11', '37')), ('interA', ('11', '26')), ('interA', ('11', '30'))]";"[('interA', ('10', '11')), ('interA', ('24', '43')), ('interA', ('11', '17')), ('interA', ('46', '54')), ('interA', ('42', '45')), ('interA', ('14', '43'))]";"[['25', '57', '52', '59', '49', '16', '51', '44', '31', '47', '50', '53', '29', '24', '48'], ['39', '32', '7', '37', '26', '30', '35', '12', '34', '13', '36', '33', '38'], ['8', '3', '22', '14', '18', '23', '17', '5', '4', '21', '60', '58', '1'], ['11', '20', '2', '15', '43', '40', '28', '19', '6', '46', '42', '27'], ['55', '54', '45', '61', '10', '56', '9', '41']]";"[['25', '57', '52', '59', '49', '16', '51', '44', '31', '47', '50', '53', '29', '24', '48'], ['39', '32', '7', '37', '26', '30', '35', '12', '34', '13', '36', '33', '38'], ['11', '20', '2', '3', '15', '43', '40', '28', '19', '6', '46', '42', '27'], ['8', '22', '14', '18', '23', '17', '5', '4', '21', '60', '58', '1'], ['55', '54', '45', '61', '10', '56', '9', '41']]";"[['25', '57', '52', '59', '49', '16', '51', '44', '31', '47', '50', '53', '29', '24', '48'], ['39', '32', '7', '37', '26', '30', '35', '12', '34', '13', '36', '33', '38'], ['11', '20', '2', '3', '15', '43', '40', '28', '19', '6', '46', '42', '27'], ['8', '22', '14', '18', '23', '17', '5', '4', '21', '60', '58', '1'], ['55', '54', '45', '61', '10', '56', '9', '41']]";"[3, 1, 1, 3, 3, 1, 2, 3, 4, 4, 1, 2, 2, 3, 1, 0, 3, 3, 1, 1, 3, 3, 3, 0, 0, 2, 1, 1, 0, 2, 0, 2, 2, 2, 2, 2, 2, 2, 2, 1, 4, 1, 1, 0, 4, 1, 0, 0, 0, 0, 0, 0, 0, 4, 4, 4, 0, 3, 0, 3, 4]";"[2, 3, 2, 2, 2, 3, 1, 2, 4, 4, 3, 1, 1, 2, 3, 0, 2, 2, 3, 3, 2, 2, 2, 0, 0, 1, 3, 3, 0, 1, 0, 1, 1, 1, 1, 1, 1, 1, 1, 3, 4, 3, 3, 0, 4, 3, 0, 0, 0, 0, 0, 0, 0, 4, 4, 4, 0, 2, 0, 2, 4]";"[3, 2, 2, 3, 3, 2, 1, 3, 4, 4, 2, 1, 1, 3, 2, 0, 3, 3, 2, 2, 3, 3, 3, 0, 0, 1, 2, 2, 0, 1, 0, 1, 1, 1, 1, 1, 1, 1, 1, 2, 4, 2, 2, 0, 4, 2, 0, 0, 0, 0, 0, 0, 0, 4, 4, 4, 0, 3, 0, 3, 4]";"[3, 2, 2, 3, 3, 2, 1, 3, 4, 4, 2, 1, 1, 3, 2, 0, 3, 3, 2, 2, 3, 3, 3, 0, 0, 1, 2, 2, 0, 1, 0, 1, 1, 1, 1, 1, 1, 1, 1, 2, 4, 2, 2, 0, 4, 2, 0, 0, 0, 0, 0, 0, 0, 4, 4, 4, 0, 3, 0, 3, 4]"
2;1;"aucs";"flat_ec";6;0.4162;0.4135;0.405;0.4071;"{'11': 0.125, '2': 0.45833333333333337, '20': 0.4730392156862745, '3': 0.625, '15': 0.34523809523809523, '43': 0.2916666666666667, '40': 0.5608974358974359, '28': 0.625, '19': 0.45833333333333337, '6': 0.45833333333333337, '46': 0.3125, '42': 0.3125, '27': 0.4166666666666667}";"{'11': 0.125, '2': 0.45833333333333337, '20': 0.5773809523809523, '3': 0.6862745098039216, '15': 0.3205128205128205, '43': 0.2916666666666667, '40': 0.5, '28': 0.625, '19': 0.4916666666666667, '6': 0.4, '46': 0.36309523809523814, '42': 0.3125, '27': 0.4166666666666667}";"{'11': 0.3125, '2': 0.45833333333333337, '20': 0.4730392156862745, '3': 0.625, '15': 0.34523809523809523, '43': 0.2916666666666667, '40': 0.5608974358974359, '28': 0.625, '19': 0.45833333333333337, '6': 0.45833333333333337, '46': 0.3125, '42': 0.3125, '27': 0.4166666666666667}";"{'11': 0.20833333333333331, '2': 0.45833333333333337, '20': 0.4730392156862745, '3': 0.625, '15': 0.34523809523809523, '43': 0.4166666666666667, '40': 0.5608974358974359, '28': 0.625, '19': 0.45833333333333337, '6': 0.45833333333333337, '46': 0.3611111111111111, '42': 0.3611111111111111, '27': 0.4166666666666667}";0.0;0.0;0.0;0.09375;0.958151101963811;1.0;0.8861307262253816;0.9636579250469968;1.0;0.9250397064476248;0.9427171277311563;1.0;0.9332040810955444;0.9460753496601964;1.0;0.9509392866108032;0.0013;0.0349;0.0069;"['11', '2', '20', '3', '15', '43', '40', '28', '19', '6', '46', '42', '27']";"[('interA', ('19', '47')), ('intraD', ('20', '46')), ('intraD', ('20', '3')), ('interD', ('20', '32')), ('interD', ('15', '32')), ('intraA', ('40', '6'))]";"[('interA', ('11', '39')), ('interA', ('11', '32')), ('interA', ('11', '7')), ('interA', ('11', '37')), ('interA', ('11', '26')), ('interA', ('11', '30'))]";"[('interA', ('11', '60')), ('interA', ('43', '53')), ('interA', ('11', '36')), ('interA', ('12', '46')), ('interA', ('42', '58')), ('interA', ('43', '57'))]";"[['25', '57', '52', '59', '49', '16', '51', '44', '31', '47', '50', '53', '29', '24', '48'], ['39', '32', '14', '37', '7', '26', '30', '35', '12', '34', '13', '36', '33', '38'], ['11', '20', '2', '3', '15', '43', '40', '28', '19', '6', '46', '42', '27'], ['8', '22', '18', '23', '17', '5', '4', '21', '60', '58', '1'], ['55', '54', '45', '61', '10', '56', '9', '41']]";"[['25', '57', '52', '59', '49', '16', '51', '44', '31', '47', '50', '53', '29', '24', '48'], ['11', '20', '2', '3', '15', '43', '40', '28', '19', '6', '46', '42', '27'], ['39', '32', '7', '37', '26', '30', '35', '12', '34', '13', '36', '33', '38'], ['8', '22', '14', '18', '23', '17', '5', '4', '21', '60', '58', '1'], ['55', '54', '45', '61', '10', '56', '9', '41']]";"[['11', '2', '20', '3', '15', '43', '40', '28', '19', '6', '60', '46', '42', '58', '27', '1'], ['25', '57', '52', '59', '49', '16', '51', '44', '31', '47', '50', '53', '29', '24', '48'], ['39', '32', '7', '37', '26', '30', '35', '12', '34', '13', '36', '33', '38'], ['8', '14', '22', '18', '23', '17', '5', '4', '21'], ['55', '54', '45', '61', '10', '56', '9', '41']]";"[3, 1, 1, 3, 3, 1, 2, 3, 4, 4, 1, 2, 2, 3, 1, 0, 3, 3, 1, 1, 3, 3, 3, 0, 0, 2, 1, 1, 0, 2, 0, 2, 2, 2, 2, 2, 2, 2, 2, 1, 4, 1, 1, 0, 4, 1, 0, 0, 0, 0, 0, 0, 0, 4, 4, 4, 0, 3, 0, 3, 4]";"[3, 2, 2, 3, 3, 2, 1, 3, 4, 4, 2, 1, 1, 1, 2, 0, 3, 3, 2, 2, 3, 3, 3, 0, 0, 1, 2, 2, 0, 1, 0, 1, 1, 1, 1, 1, 1, 1, 1, 2, 4, 2, 2, 0, 4, 2, 0, 0, 0, 0, 0, 0, 0, 4, 4, 4, 0, 3, 0, 3, 4]";"[3, 1, 1, 3, 3, 1, 2, 3, 4, 4, 1, 2, 2, 3, 1, 0, 3, 3, 1, 1, 3, 3, 3, 0, 0, 2, 1, 1, 0, 2, 0, 2, 2, 2, 2, 2, 2, 2, 2, 1, 4, 1, 1, 0, 4, 1, 0, 0, 0, 0, 0, 0, 0, 4, 4, 4, 0, 3, 0, 3, 4]";"[0, 0, 0, 3, 3, 0, 2, 3, 4, 4, 0, 2, 2, 3, 0, 1, 3, 3, 0, 0, 3, 3, 3, 1, 1, 2, 0, 0, 1, 2, 1, 2, 2, 2, 2, 2, 2, 2, 2, 0, 4, 0, 0, 1, 4, 0, 1, 1, 1, 1, 1, 1, 1, 4, 4, 4, 1, 0, 1, 0, 4]"
3;1;"aucs";"flat_ec";6;0.4162;0.4163;0.405;0.4058;"{'11': 0.125, '2': 0.45833333333333337, '20': 0.4730392156862745, '3': 0.625, '15': 0.34523809523809523, '43': 0.2916666666666667, '40': 0.5608974358974359, '28': 0.625, '19': 0.45833333333333337, '6': 0.45833333333333337, '46': 0.3125, '42': 0.3125, '27': 0.4166666666666667}";"{'11': 0.16666666666666666, '2': 0.45833333333333337, '20': 0.45833333333333337, '3': 0.6151960784313726, '15': 0.34523809523809523, '43': 0.2916666666666667, '40': 0.5608974358974359, '28': 0.5416666666666667, '19': 0.45833333333333337, '6': 0.45833333333333337, '46': 0.3125, '42': 0.4166666666666667, '27': 0.47619047619047616}";"{'11': 0.3125, '2': 0.45833333333333337, '20': 0.4730392156862745, '3': 0.625, '15': 0.34523809523809523, '43': 0.2916666666666667, '40': 0.5608974358974359, '28': 0.625, '19': 0.45833333333333337, '6': 0.45833333333333337, '46': 0.3125, '42': 0.3125, '27': 0.4166666666666667}";"{'11': 0.20833333333333331, '2': 0.45833333333333337, '20': 0.4730392156862745, '3': 0.625, '15': 0.34523809523809523, '43': 0.4166666666666667, '40': 0.5608974358974359, '28': 0.625, '19': 0.45833333333333337, '6': 0.45833333333333337, '46': 0.3611111111111111, '42': 0.3611111111111111, '27': 0.4166666666666667}";0.0;0.0357142857142857;0.0;0.0357142857142857;0.958151101963811;1.0;0.958151101963811;0.9636579250469968;1.0;0.9636579250469968;0.973324160467816;1.0;0.973324160467816;0.9743587977088658;1.0;0.9743587977088658;0.0016;0.0344;0.0066;"['11', '2', '20', '3', '15', '43', '40', '28', '19', '6', '46', '42', '27']";"[('interA', ('42', '57')), ('interD', ('3', '52')), ('intraA', ('11', '28')), ('intraD', ('11', '27')), ('intraD', ('11', '42')), ('interD', ('20', '45'))]";"[('interA', ('11', '39')), ('interA', ('11', '32')), ('interA', ('11', '7')), ('interA', ('11', '37')), ('interA', ('11', '26')), ('interA', ('11', '30'))]";"[('interA', ('11', '7')), ('interA', ('43', '56')), ('interA', ('11', '18')), ('interA', ('46', '48')), ('interA', ('42', '48')), ('interA', ('13', '43'))]";"[['25', '57', '52', '59', '49', '16', '51', '44', '31', '47', '50', '53', '29', '24', '48'], ['11', '20', '2', '3', '15', '43', '40', '28', '19', '6', '60', '46', '42', '27'], ['39', '32', '7', '37', '26', '30', '35', '12', '34', '13', '36', '33', '38'], ['8', '22', '14', '18', '23', '17', '5', '4', '21', '58', '1'], ['55', '54', '45', '61', '10', '56', '9', '41']]";"[['25', '57', '52', '59', '49', '16', '51', '44', '31', '47', '50', '53', '29', '24', '48'], ['11', '20', '2', '3', '15', '43', '40', '28', '19', '6', '46', '42', '27'], ['39', '32', '7', '37', '26', '30', '35', '12', '34', '13', '36', '33', '38'], ['8', '22', '14', '18', '23', '17', '5', '4', '21', '60', '58', '1'], ['55', '54', '45', '61', '10', '56', '9', '41']]";"[['25', '57', '52', '59', '49', '16', '51', '44', '31', '47', '50', '53', '29', '24', '48'], ['11', '20', '2', '3', '15', '43', '40', '28', '19', '6', '60', '46', '42', '27'], ['39', '32', '7', '37', '26', '30', '35', '12', '34', '13', '36', '33', '38'], ['8', '22', '14', '18', '23', '17', '5', '4', '21', '58', '1'], ['55', '54', '45', '61', '10', '56', '9', '41']]";"[3, 1, 1, 3, 3, 1, 2, 3, 4, 4, 1, 2, 2, 3, 1, 0, 3, 3, 1, 1, 3, 3, 3, 0, 0, 2, 1, 1, 0, 2, 0, 2, 2, 2, 2, 2, 2, 2, 2, 1, 4, 1, 1, 0, 4, 1, 0, 0, 0, 0, 0, 0, 0, 4, 4, 4, 0, 3, 0, 3, 4]";"[3, 1, 1, 3, 3, 1, 2, 3, 4, 4, 1, 2, 2, 3, 1, 0, 3, 3, 1, 1, 3, 3, 3, 0, 0, 2, 1, 1, 0, 2, 0, 2, 2, 2, 2, 2, 2, 2, 2, 1, 4, 1, 1, 0, 4, 1, 0, 0, 0, 0, 0, 0, 0, 4, 4, 4, 0, 3, 0, 1, 4]";"[3, 1, 1, 3, 3, 1, 2, 3, 4, 4, 1, 2, 2, 3, 1, 0, 3, 3, 1, 1, 3, 3, 3, 0, 0, 2, 1, 1, 0, 2, 0, 2, 2, 2, 2, 2, 2, 2, 2, 1, 4, 1, 1, 0, 4, 1, 0, 0, 0, 0, 0, 0, 0, 4, 4, 4, 0, 3, 0, 3, 4]";"[3, 1, 1, 3, 3, 1, 2, 3, 4, 4, 1, 2, 2, 3, 1, 0, 3, 3, 1, 1, 3, 3, 3, 0, 0, 2, 1, 1, 0, 2, 0, 2, 2, 2, 2, 2, 2, 2, 2, 1, 4, 1, 1, 0, 4, 1, 0, 0, 0, 0, 0, 0, 0, 4, 4, 4, 0, 3, 0, 1, 4]"
4;1;"aucs";"flat_ec";6;0.4162;0.4165;0.405;0.4087;"{'11': 0.125, '2': 0.45833333333333337, '20': 0.4730392156862745, '3': 0.625, '15': 0.34523809523809523, '43': 0.2916666666666667, '40': 0.5608974358974359, '28': 0.625, '19': 0.45833333333333337, '6': 0.45833333333333337, '46': 0.3125, '42': 0.3125, '27': 0.4166666666666667}";"{'11': 0.125, '2': 0.45833333333333337, '20': 0.4730392156862745, '3': 0.6151960784313726, '15': 0.3666666666666667, '43': 0.41666666666666663, '40': 0.625, '28': 0.625, '19': 0.4166666666666667, '6': 0.4166666666666667, '46': 0.3125, '42': 0.3125, '27': 0.4166666666666667}";"{'11': 0.3125, '2': 0.45833333333333337, '20': 0.4730392156862745, '3': 0.625, '15': 0.34523809523809523, '43': 0.2916666666666667, '40': 0.5608974358974359, '28': 0.625, '19': 0.45833333333333337, '6': 0.45833333333333337, '46': 0.3125, '42': 0.3125, '27': 0.4166666666666667}";"{'11': 0.20833333333333331, '2': 0.45833333333333337, '20': 0.4730392156862745, '3': 0.625, '15': 0.34523809523809523, '43': 0.4166666666666667, '40': 0.5608974358974359, '28': 0.625, '19': 0.45833333333333337, '6': 0.45833333333333337, '46': 0.3611111111111111, '42': 0.3611111111111111, '27': 0.4166666666666667}";0.0;0.0;0.0;0.0357142857142857;1.0;1.0;0.958151101963811;1.0;1.0;0.9636579250469968;1.0;1.0;0.973324160467816;1.0;1.0;0.9743587977088658;0.0013;0.0341;0.0058;"['11', '2', '20', '3', '15', '43', '40', '28', '19', '6', '46', '42', '27']";"[('interD', ('19', '29')), ('intraD', ('40', '43')), ('interD', ('3', '4')), ('interA', ('43', '5')), ('interD', ('5', '6')), ('interA', ('15', '38'))]";"[('interA', ('11', '39')), ('interA', ('11', '32')), ('interA', ('11', '7')), ('interA', ('11', '37')), ('interA', ('11', '26')), ('interA', ('11', '30'))]";"[('interA', ('11', '34')), ('interA', ('43', '60')), ('interA', ('11', '12')), ('interA', ('17', '46')), ('interA', ('33', '42')), ('interA', ('43', '61'))]";"[['25', '57', '52', '59', '49', '16', '51', '44', '31', '47', '50', '53', '29', '24', '48'], ['11', '20', '2', '3', '15', '43', '40', '28', '19', '6', '46', '42', '27'], ['39', '32', '7', '37', '26', '30', '35', '12', '34', '13', '36', '33', '38'], ['8', '22', '14', '18', '23', '17', '5', '4', '21', '60', '58', '1'], ['55', '54', '45', '61', '10', '56', '9', '41']]";"[['25', '57', '52', '59', '49', '16', '51', '44', '31', '47', '50', '53', '29', '24', '48'], ['39', '32', '7', '37', '26', '30', '35', '12', '34', '13', '36', '33', '38'], ['11', '20', '2', '3', '15', '43', '40', '28', '19', '6', '46', '42', '27'], ['8', '22', '14', '18', '23', '17', '5', '4', '21', '60', '58', '1'], ['55', '54', '45', '61', '10', '56', '9', '41']]";"[['25', '57', '52', '59', '49', '16', '51', '44', '31', '47', '50', '53', '29', '24', '48'], ['11', '20', '2', '3', '15', '43', '40', '28', '19', '6', '60', '46', '42', '27'], ['39', '32', '7', '37', '26', '30', '35', '12', '34', '13', '36', '33', '38'], ['8', '22', '14', '18', '23', '17', '5', '4', '21', '58', '1'], ['55', '54', '45', '61', '10', '56', '9', '41']]";"[3, 1, 1, 3, 3, 1, 2, 3, 4, 4, 1, 2, 2, 3, 1, 0, 3, 3, 1, 1, 3, 3, 3, 0, 0, 2, 1, 1, 0, 2, 0, 2, 2, 2, 2, 2, 2, 2, 2, 1, 4, 1, 1, 0, 4, 1, 0, 0, 0, 0, 0, 0, 0, 4, 4, 4, 0, 3, 0, 3, 4]";"[3, 1, 1, 3, 3, 1, 2, 3, 4, 4, 1, 2, 2, 3, 1, 0, 3, 3, 1, 1, 3, 3, 3, 0, 0, 2, 1, 1, 0, 2, 0, 2, 2, 2, 2, 2, 2, 2, 2, 1, 4, 1, 1, 0, 4, 1, 0, 0, 0, 0, 0, 0, 0, 4, 4, 4, 0, 3, 0, 3, 4]";"[3, 2, 2, 3, 3, 2, 1, 3, 4, 4, 2, 1, 1, 3, 2, 0, 3, 3, 2, 2, 3, 3, 3, 0, 0, 1, 2, 2, 0, 1, 0, 1, 1, 1, 1, 1, 1, 1, 1, 2, 4, 2, 2, 0, 4, 2, 0, 0, 0, 0, 0, 0, 0, 4, 4, 4, 0, 3, 0, 3, 4]";"[3, 1, 1, 3, 3, 1, 2, 3, 4, 4, 1, 2, 2, 3, 1, 0, 3, 3, 1, 1, 3, 3, 3, 0, 0, 2, 1, 1, 0, 2, 0, 2, 2, 2, 2, 2, 2, 2, 2, 1, 4, 1, 1, 0, 4, 1, 0, 0, 0, 0, 0, 0, 0, 4, 4, 4, 0, 3, 0, 1, 4]"
5;1;"aucs";"flat_ec";6;0.4162;0.413;0.405;0.4036;"{'11': 0.125, '2': 0.45833333333333337, '20': 0.4730392156862745, '3': 0.625, '15': 0.34523809523809523, '43': 0.2916666666666667, '40': 0.5608974358974359, '28': 0.625, '19': 0.45833333333333337, '6': 0.45833333333333337, '46': 0.3125, '42': 0.3125, '27': 0.4166666666666667}";"{'11': 0.17045454545454547, '2': 0.45833333333333337, '20': 0.4730392156862745, '3': 0.5083333333333333, '15': 0.40064102564102566, '43': 0.2916666666666667, '40': 0.625, '28': 0.625, '19': 0.3611111111111111, '6': 0.45833333333333337, '46': 0.41666666666666663, '42': 0.3125, '27': 0.3611111111111111}";"{'11': 0.3125, '2': 0.45833333333333337, '20': 0.4730392156862745, '3': 0.625, '15': 0.34523809523809523, '43': 0.2916666666666667, '40': 0.5608974358974359, '28': 0.625, '19': 0.45833333333333337, '6': 0.45833333333333337, '46': 0.3125, '42': 0.3125, '27': 0.4166666666666667}";"{'11': 0.20833333333333331, '2': 0.45833333333333337, '20': 0.4730392156862745, '3': 0.625, '15': 0.34523809523809523, '43': 0.4166666666666667, '40': 0.5608974358974359, '28': 0.625, '19': 0.45833333333333337, '6': 0.45833333333333337, '46': 0.3611111111111111, '42': 0.3611111111111111, '27': 0.4166666666666667}";0.0;0.0;0.0;0.0;0.958151101963811;1.0;0.958151101963811;0.9636579250469968;1.0;0.9636579250469968;0.9427171277311563;1.0;0.9427171277311563;0.9460753496601964;1.0;0.9460753496601964;0.0013;0.0342;0.006;"['11', '2', '20', '3', '15', '43', '40', '28', '19', '6', '46', '42', '27']";"[('interD', ('19', '29')), ('interA', ('11', '21')), ('intraA', ('19', '3')), ('intraD', ('15', '46')), ('intraA', ('27', '3')), ('intraD', ('40', '46'))]";"[('interA', ('11', '39')), ('interA', ('11', '32')), ('interA', ('11', '7')), ('interA', ('11', '37')), ('interA', ('11', '26')), ('interA', ('11', '30'))]";"[('interA', ('11', '23')), ('interA', ('43', '9')), ('interA', ('11', '16')), ('interA', ('46', '57')), ('interA', ('10', '42')), ('interA', ('43', '45'))]";"[['25', '57', '52', '59', '49', '16', '51', '44', '31', '47', '50', '53', '29', '24', '48'], ['39', '32', '14', '37', '7', '26', '30', '35', '12', '34', '13', '36', '33', '38'], ['11', '20', '2', '3', '15', '43', '40', '28', '19', '6', '46', '42', '27'], ['8', '22', '18', '23', '17', '5', '4', '21', '60', '58', '1'], ['55', '54', '45', '61', '10', '56', '9', '41']]";"[['25', '57', '52', '59', '49', '16', '51', '44', '31', '47', '50', '53', '29', '24', '48'], ['11', '20', '2', '3', '15', '43', '40', '28', '19', '6', '46', '42', '27'], ['39', '32', '7', '37', '26', '30', '35', '12', '34', '13', '36', '33', '38'], ['8', '22', '14', '18', '23', '17', '5', '4', '21', '60', '58', '1'], ['55', '54', '45', '61', '10', '56', '9', '41']]";"[['25', '57', '52', '59', '49', '16', '51', '44', '31', '47', '50', '53', '29', '24', '48'], ['39', '32', '14', '37', '7', '26', '30', '35', '12', '34', '13', '36', '33', '38'], ['11', '20', '2', '3', '15', '43', '40', '28', '19', '6', '46', '42', '27'], ['8', '22', '18', '23', '17', '5', '4', '21', '60', '58', '1'], ['55', '54', '45', '61', '10', '56', '9', '41']]";"[3, 1, 1, 3, 3, 1, 2, 3, 4, 4, 1, 2, 2, 3, 1, 0, 3, 3, 1, 1, 3, 3, 3, 0, 0, 2, 1, 1, 0, 2, 0, 2, 2, 2, 2, 2, 2, 2, 2, 1, 4, 1, 1, 0, 4, 1, 0, 0, 0, 0, 0, 0, 0, 4, 4, 4, 0, 3, 0, 3, 4]";"[3, 2, 2, 3, 3, 2, 1, 3, 4, 4, 2, 1, 1, 1, 2, 0, 3, 3, 2, 2, 3, 3, 3, 0, 0, 1, 2, 2, 0, 1, 0, 1, 1, 1, 1, 1, 1, 1, 1, 2, 4, 2, 2, 0, 4, 2, 0, 0, 0, 0, 0, 0, 0, 4, 4, 4, 0, 3, 0, 3, 4]";"[3, 1, 1, 3, 3, 1, 2, 3, 4, 4, 1, 2, 2, 3, 1, 0, 3, 3, 1, 1, 3, 3, 3, 0, 0, 2, 1, 1, 0, 2, 0, 2, 2, 2, 2, 2, 2, 2, 2, 1, 4, 1, 1, 0, 4, 1, 0, 0, 0, 0, 0, 0, 0, 4, 4, 4, 0, 3, 0, 3, 4]";"[3, 2, 2, 3, 3, 2, 1, 3, 4, 4, 2, 1, 1, 1, 2, 0, 3, 3, 2, 2, 3, 3, 3, 0, 0, 1, 2, 2, 0, 1, 0, 1, 1, 1, 1, 1, 1, 1, 1, 2, 4, 2, 2, 0, 4, 2, 0, 0, 0, 0, 0, 0, 0, 4, 4, 4, 0, 3, 0, 3, 4]"
6;1;"aucs";"flat_ec";6;0.4162;0.4216;0.405;0.4061;"{'11': 0.125, '2': 0.45833333333333337, '20': 0.4730392156862745, '3': 0.625, '15': 0.34523809523809523, '43': 0.2916666666666667, '40': 0.5608974358974359, '28': 0.625, '19': 0.45833333333333337, '6': 0.45833333333333337, '46': 0.3125, '42': 0.3125, '27': 0.4166666666666667}";"{'11': 0.125, '2': 0.45833333333333337, '20': 0.4730392156862745, '3': 0.6151960784313726, '15': 0.34523809523809523, '43': 0.25, '40': 0.5189393939393939, '28': 0.5416666666666667, '19': 0.45833333333333337, '6': 0.45833333333333337, '46': 0.3125, '42': 0.36309523809523814, '27': 0.3611111111111111}";"{'11': 0.3125, '2': 0.45833333333333337, '20': 0.4730392156862745, '3': 0.625, '15': 0.34523809523809523, '43': 0.2916666666666667, '40': 0.5608974358974359, '28': 0.625, '19': 0.45833333333333337, '6': 0.45833333333333337, '46': 0.3125, '42': 0.3125, '27': 0.4166666666666667}";"{'11': 0.20833333333333331, '2': 0.45833333333333337, '20': 0.4730392156862745, '3': 0.625, '15': 0.34523809523809523, '43': 0.4166666666666667, '40': 0.5608974358974359, '28': 0.625, '19': 0.45833333333333337, '6': 0.45833333333333337, '46': 0.3611111111111111, '42': 0.3611111111111111, '27': 0.4166666666666667}";0.0;0.0;0.0;0.0;1.0;1.0;1.0;1.0;1.0;1.0;1.0;1.0;1.0;1.0;1.0;1.0;0.0013;0.0335;0.0056;"['11', '2', '20', '3', '15', '43', '40', '28', '19', '6', '46', '42', '27']";"[('interD', ('3', '45')), ('interD', ('40', '45')), ('interD', ('10', '40')), ('intraA', ('28', '43')), ('intraD', ('2', '42')), ('intraA', ('2', '27'))]";"[('interA', ('11', '39')), ('interA', ('11', '32')), ('interA', ('11', '7')), ('interA', ('11', '37')), ('interA', ('11', '26')), ('interA', ('11', '30'))]";"[('interA', ('11', '26')), ('interA', ('10', '43')), ('interA', ('11', '12')), ('interA', ('46', '51')), ('interA', ('24', '42')), ('interA', ('41', '43'))]";"[['25', '57', '52', '59', '49', '16', '51', '44', '31', '47', '50', '53', '29', '24', '48'], ['39', '32', '7', '37', '26', '30', '35', '12', '34', '13', '36', '33', '38'], ['11', '20', '2', '3', '15', '43', '40', '28', '19', '6', '46', '42', '27'], ['8', '22', '14', '18', '23', '17', '5', '4', '21', '60', '58', '1'], ['55', '54', '45', '61', '10', '56', '9', '41']]";"[['25', '57', '52', '59', '49', '16', '51', '44', '31', '47', '50', '53', '29', '24', '48'], ['11', '20', '2', '3', '15', '43', '40', '28', '19', '6', '46', '42', '27'], ['39', '32', '7', '37', '26', '30', '35', '12', '34', '13', '36', '33', '38'], ['8', '22', '14', '18', '23', '17', '5', '4', '21', '60', '58', '1'], ['55', '54', '45', '61', '10', '56', '9', '41']]";"[['25', '57', '52', '59', '49', '16', '51', '44', '31', '47', '50', '53', '29', '24', '48'], ['11', '20', '2', '3', '15', '43', '40', '28', '19', '6', '46', '42', '27'], ['39', '32', '7', '37', '26', '30', '35', '12', '34', '13', '36', '33', '38'], ['8', '22', '14', '18', '23', '17', '5', '4', '21', '60', '58', '1'], ['55', '54', '45', '61', '10', '56', '9', '41']]";"[3, 1, 1, 3, 3, 1, 2, 3, 4, 4, 1, 2, 2, 3, 1, 0, 3, 3, 1, 1, 3, 3, 3, 0, 0, 2, 1, 1, 0, 2, 0, 2, 2, 2, 2, 2, 2, 2, 2, 1, 4, 1, 1, 0, 4, 1, 0, 0, 0, 0, 0, 0, 0, 4, 4, 4, 0, 3, 0, 3, 4]";"[3, 2, 2, 3, 3, 2, 1, 3, 4, 4, 2, 1, 1, 3, 2, 0, 3, 3, 2, 2, 3, 3, 3, 0, 0, 1, 2, 2, 0, 1, 0, 1, 1, 1, 1, 1, 1, 1, 1, 2, 4, 2, 2, 0, 4, 2, 0, 0, 0, 0, 0, 0, 0, 4, 4, 4, 0, 3, 0, 3, 4]";"[3, 1, 1, 3, 3, 1, 2, 3, 4, 4, 1, 2, 2, 3, 1, 0, 3, 3, 1, 1, 3, 3, 3, 0, 0, 2, 1, 1, 0, 2, 0, 2, 2, 2, 2, 2, 2, 2, 2, 1, 4, 1, 1, 0, 4, 1, 0, 0, 0, 0, 0, 0, 0, 4, 4, 4, 0, 3, 0, 3, 4]";"[3, 1, 1, 3, 3, 1, 2, 3, 4, 4, 1, 2, 2, 3, 1, 0, 3, 3, 1, 1, 3, 3, 3, 0, 0, 2, 1, 1, 0, 2, 0, 2, 2, 2, 2, 2, 2, 2, 2, 1, 4, 1, 1, 0, 4, 1, 0, 0, 0, 0, 0, 0, 0, 4, 4, 4, 0, 3, 0, 3, 4]"
7;1;"aucs";"flat_ec";6;0.4162;0.4166;0.405;0.4092;"{'11': 0.125, '2': 0.45833333333333337, '20': 0.4730392156862745, '3': 0.625, '15': 0.34523809523809523, '43': 0.2916666666666667, '40': 0.5608974358974359, '28': 0.625, '19': 0.45833333333333337, '6': 0.45833333333333337, '46': 0.3125, '42': 0.3125, '27': 0.4166666666666667}";"{'11': 0.16666666666666666, '2': 0.45833333333333337, '20': 0.4730392156862745, '3': 0.6151960784313726, '15': 0.29166666666666663, '43': 0.2916666666666667, '40': 0.5608974358974359, '28': 0.625, '19': 0.45833333333333337, '6': 0.4, '46': 0.3125, '42': 0.3611111111111111, '27': 0.47619047619047616}";"{'11': 0.3125, '2': 0.45833333333333337, '20': 0.4730392156862745, '3': 0.625, '15': 0.34523809523809523, '43': 0.2916666666666667, '40': 0.5608974358974359, '28': 0.625, '19': 0.45833333333333337, '6': 0.45833333333333337, '46': 0.3125, '42': 0.3125, '27': 0.4166666666666667}";"{'11': 0.20833333333333331, '2': 0.45833333333333337, '20': 0.4730392156862745, '3': 0.625, '15': 0.34523809523809523, '43': 0.4166666666666667, '40': 0.5608974358974359, '28': 0.625, '19': 0.45833333333333337, '6': 0.45833333333333337, '46': 0.3611111111111111, '42': 0.3611111111111111, '27': 0.4166666666666667}";0.0;0.0;0.0;0.2868589743589743;1.0;1.0;0.9196180472666508;1.0;1.0;0.9281697666967568;1.0;1.0;0.973324160467816;1.0;1.0;0.9743587977088658;0.0016;0.0347;0.006;"['11', '2', '20', '3', '15', '43', '40', '28', '19', '6', '46', '42', '27']";"[('interA', ('42', '8')), ('intraA', ('15', '6')), ('interA', ('40', '9')), ('interD', ('29', '40')), ('intraD', ('11', '27')), ('interD', ('3', '8'))]";"[('interA', ('11', '39')), ('interA', ('11', '32')), ('interA', ('11', '7')), ('interA', ('11', '37')), ('interA', ('11', '26')), ('interA', ('11', '30'))]";"[('interA', ('11', '45')), ('interA', ('38', '43')), ('interA', ('11', '22')), ('interA', ('35', '46')), ('interA', ('1', '42')), ('interA', ('43', '48'))]";"[['25', '57', '52', '59', '49', '16', '51', '44', '31', '47', '50', '53', '29', '24', '48'], ['11', '20', '2', '3', '15', '43', '40', '28', '19', '6', '46', '42', '27'], ['39', '32', '7', '37', '26', '30', '35', '12', '34', '13', '36', '33', '38'], ['8', '22', '14', '18', '23', '17', '5', '4', '21', '60', '58', '1'], ['55', '54', '45', '61', '10', '56', '9', '41']]";"[['25', '57', '52', '59', '49', '16', '51', '44', '31', '47', '50', '53', '29', '24', '48'], ['39', '32', '7', '37', '26', '30', '35', '12', '34', '13', '36', '33', '38'], ['11', '20', '2', '3', '15', '43', '40', '28', '19', '6', '46', '42', '27'], ['8', '22', '14', '18', '23', '17', '5', '4', '21', '60', '58', '1'], ['55', '54', '45', '61', '10', '56', '9', '41']]";"[['25', '57', '52', '59', '49', '16', '51', '44', '31', '47', '50', '53', '29', '24', '48'], ['39', '32', '7', '37', '26', '30', '35', '12', '34', '13', '36', '33', '38'], ['11', '2', '20', '15', '43', '40', '28', '19', '6', '46', '42', '27', '1'], ['8', '3', '14', '22', '18', '23', '17', '5', '4', '21', '60', '58'], ['55', '54', '45', '61', '10', '56', '9', '41']]";"[3, 1, 1, 3, 3, 1, 2, 3, 4, 4, 1, 2, 2, 3, 1, 0, 3, 3, 1, 1, 3, 3, 3, 0, 0, 2, 1, 1, 0, 2, 0, 2, 2, 2, 2, 2, 2, 2, 2, 1, 4, 1, 1, 0, 4, 1, 0, 0, 0, 0, 0, 0, 0, 4, 4, 4, 0, 3, 0, 3, 4]";"[3, 1, 1, 3, 3, 1, 2, 3, 4, 4, 1, 2, 2, 3, 1, 0, 3, 3, 1, 1, 3, 3, 3, 0, 0, 2, 1, 1, 0, 2, 0, 2, 2, 2, 2, 2, 2, 2, 2, 1, 4, 1, 1, 0, 4, 1, 0, 0, 0, 0, 0, 0, 0, 4, 4, 4, 0, 3, 0, 3, 4]";"[3, 2, 2, 3, 3, 2, 1, 3, 4, 4, 2, 1, 1, 3, 2, 0, 3, 3, 2, 2, 3, 3, 3, 0, 0, 1, 2, 2, 0, 1, 0, 1, 1, 1, 1, 1, 1, 1, 1, 2, 4, 2, 2, 0, 4, 2, 0, 0, 0, 0, 0, 0, 0, 4, 4, 4, 0, 3, 0, 3, 4]";"[2, 2, 3, 3, 3, 2, 1, 3, 4, 4, 2, 1, 1, 3, 2, 0, 3, 3, 2, 2, 3, 3, 3, 0, 0, 1, 2, 2, 0, 1, 0, 1, 1, 1, 1, 1, 1, 1, 1, 2, 4, 2, 2, 0, 4, 2, 0, 0, 0, 0, 0, 0, 0, 4, 4, 4, 0, 3, 0, 3, 4]"
8;1;"aucs";"flat_ec";6;0.4162;0.4095;0.405;0.4055;"{'11': 0.125, '2': 0.45833333333333337, '20': 0.4730392156862745, '3': 0.625, '15': 0.34523809523809523, '43': 0.2916666666666667, '40': 0.5608974358974359, '28': 0.625, '19': 0.45833333333333337, '6': 0.45833333333333337, '46': 0.3125, '42': 0.3125, '27': 0.4166666666666667}";"{'11': 0.17045454545454547, '2': 0.40064102564102566, '20': 0.4730392156862745, '3': 0.625, '15': 0.4226190476190476, '43': 0.2916666666666667, '40': 0.5608974358974359, '28': 0.625, '19': 0.45833333333333337, '6': 0.4916666666666667, '46': 0.4166666666666667, '42': 0.3125, '27': 0.3611111111111111}";"{'11': 0.3125, '2': 0.45833333333333337, '20': 0.4730392156862745, '3': 0.625, '15': 0.34523809523809523, '43': 0.2916666666666667, '40': 0.5608974358974359, '28': 0.625, '19': 0.45833333333333337, '6': 0.45833333333333337, '46': 0.3125, '42': 0.3125, '27': 0.4166666666666667}";"{'11': 0.20833333333333331, '2': 0.45833333333333337, '20': 0.4730392156862745, '3': 0.625, '15': 0.34523809523809523, '43': 0.4166666666666667, '40': 0.5608974358974359, '28': 0.625, '19': 0.45833333333333337, '6': 0.45833333333333337, '46': 0.3611111111111111, '42': 0.3611111111111111, '27': 0.4166666666666667}";0.0;0.0;0.0;0.0;1.0;1.0;1.0;1.0;1.0;1.0;1.0;1.0;1.0;1.0;1.0;1.0;0.0013;0.0342;0.0072;"['11', '2', '20', '3', '15', '43', '40', '28', '19', '6', '46', '42', '27']";"[('intraA', ('2', '27')), ('intraD', ('15', '46')), ('interA', ('33', '6')), ('interA', ('15', '4')), ('interA', ('45', '46')), ('interA', ('11', '30'))]";"[('interA', ('11', '39')), ('interA', ('11', '32')), ('interA', ('11', '7')), ('interA', ('11', '37')), ('interA', ('11', '26')), ('interA', ('11', '30'))]";"[('interA', ('11', '31')), ('interA', ('4', '43')), ('interA', ('11', '7')), ('interA', ('39', '46')), ('interA', ('37', '42')), ('interA', ('43', '48'))]";"[['25', '57', '52', '59', '49', '16', '51', '44', '31', '47', '50', '53', '29', '24', '48'], ['39', '32', '7', '37', '26', '30', '35', '12', '34', '13', '36', '33', '38'], ['11', '20', '2', '3', '15', '43', '40', '28', '19', '6', '46', '42', '27'], ['8', '22', '14', '18', '23', '17', '5', '4', '21', '60', '58', '1'], ['55', '54', '45', '61', '10', '56', '9', '41']]";"[['25', '57', '52', '59', '49', '16', '51', '44', '31', '47', '50', '53', '29', '24', '48'], ['11', '20', '2', '3', '15', '43', '40', '28', '19', '6', '46', '42', '27'], ['39', '32', '7', '37', '26', '30', '35', '12', '34', '13', '36', '33', '38'], ['8', '22', '14', '18', '23', '17', '5', '4', '21', '60', '58', '1'], ['55', '54', '45', '61', '10', '56', '9', '41']]";"[['25', '57', '52', '59', '49', '16', '51', '44', '31', '47', '50', '53', '29', '24', '48'], ['11', '20', '2', '3', '15', '43', '40', '28', '19', '6', '46', '42', '27'], ['39', '32', '7', '37', '26', '30', '35', '12', '34', '13', '36', '33', '38'], ['8', '22', '14', '18', '23', '17', '5', '4', '21', '60', '58', '1'], ['55', '54', '45', '61', '10', '56', '9', '41']]";"[3, 1, 1, 3, 3, 1, 2, 3, 4, 4, 1, 2, 2, 3, 1, 0, 3, 3, 1, 1, 3, 3, 3, 0, 0, 2, 1, 1, 0, 2, 0, 2, 2, 2, 2, 2, 2, 2, 2, 1, 4, 1, 1, 0, 4, 1, 0, 0, 0, 0, 0, 0, 0, 4, 4, 4, 0, 3, 0, 3, 4]";"[3, 2, 2, 3, 3, 2, 1, 3, 4, 4, 2, 1, 1, 3, 2, 0, 3, 3, 2, 2, 3, 3, 3, 0, 0, 1, 2, 2, 0, 1, 0, 1, 1, 1, 1, 1, 1, 1, 1, 2, 4, 2, 2, 0, 4, 2, 0, 0, 0, 0, 0, 0, 0, 4, 4, 4, 0, 3, 0, 3, 4]";"[3, 1, 1, 3, 3, 1, 2, 3, 4, 4, 1, 2, 2, 3, 1, 0, 3, 3, 1, 1, 3, 3, 3, 0, 0, 2, 1, 1, 0, 2, 0, 2, 2, 2, 2, 2, 2, 2, 2, 1, 4, 1, 1, 0, 4, 1, 0, 0, 0, 0, 0, 0, 0, 4, 4, 4, 0, 3, 0, 3, 4]";"[3, 1, 1, 3, 3, 1, 2, 3, 4, 4, 1, 2, 2, 3, 1, 0, 3, 3, 1, 1, 3, 3, 3, 0, 0, 2, 1, 1, 0, 2, 0, 2, 2, 2, 2, 2, 2, 2, 2, 1, 4, 1, 1, 0, 4, 1, 0, 0, 0, 0, 0, 0, 0, 4, 4, 4, 0, 3, 0, 3, 4]"
9;1;"aucs";"flat_ec";6;0.4162;0.4154;0.405;0.4062;"{'11': 0.125, '2': 0.45833333333333337, '20': 0.4730392156862745, '3': 0.625, '15': 0.34523809523809523, '43': 0.2916666666666667, '40': 0.5608974358974359, '28': 0.625, '19': 0.45833333333333337, '6': 0.45833333333333337, '46': 0.3125, '42': 0.3125, '27': 0.4166666666666667}";"{'11': 0.125, '2': 0.45833333333333337, '20': 0.45833333333333337, '3': 0.5657894736842105, '15': 0.3205128205128205, '43': 0.25, '40': 0.5608974358974359, '28': 0.625, '19': 0.4, '6': 0.4, '46': 0.4166666666666667, '42': 0.36309523809523814, '27': 0.4166666666666667}";"{'11': 0.3125, '2': 0.45833333333333337, '20': 0.4730392156862745, '3': 0.625, '15': 0.34523809523809523, '43': 0.2916666666666667, '40': 0.5608974358974359, '28': 0.625, '19': 0.45833333333333337, '6': 0.45833333333333337, '46': 0.3125, '42': 0.3125, '27': 0.4166666666666667}";"{'11': 0.20833333333333331, '2': 0.45833333333333337, '20': 0.4730392156862745, '3': 0.625, '15': 0.34523809523809523, '43': 0.4166666666666667, '40': 0.5608974358974359, '28': 0.625, '19': 0.45833333333333337, '6': 0.45833333333333337, '46': 0.3611111111111111, '42': 0.3611111111111111, '27': 0.4166666666666667}";0.0;0.0;0.0;0.0;0.958151101963811;1.0;1.0;0.9636579250469968;1.0;1.0;0.9427171277311563;1.0;1.0;0.9460753496601964;1.0;1.0;0.0019;0.0348;0.0061;"['11', '2', '20', '3', '15', '43', '40', '28', '19', '6', '46', '42', '27']";"[('interD', ('15', '18')), ('intraD', ('42', '46')), ('intraA', ('19', '3')), ('intraA', ('43', '6')), ('interD', ('14', '20')), ('interA', ('44', '46'))]";"[('interA', ('11', '39')), ('interA', ('11', '32')), ('interA', ('11', '7')), ('interA', ('11', '37')), ('interA', ('11', '26')), ('interA', ('11', '30'))]";"[('interA', ('11', '14')), ('interA', ('43', '52')), ('interA', ('11', '38')), ('interA', ('44', '46')), ('interA', ('23', '42')), ('interA', ('43', '45'))]";"[['25', '57', '52', '59', '49', '16', '51', '44', '31', '47', '50', '53', '29', '24', '48'], ['39', '32', '14', '37', '7', '26', '30', '35', '12', '34', '13', '36', '33', '38'], ['11', '20', '2', '3', '15', '43', '40', '28', '19', '6', '46', '42', '27'], ['8', '22', '18', '23', '17', '5', '4', '21', '60', '58', '1'], ['55', '54', '45', '61', '10', '56', '9', '41']]";"[['25', '57', '52', '59', '49', '16', '51', '44', '31', '47', '50', '53', '29', '24', '48'], ['11', '20', '2', '3', '15', '43', '40', '28', '19', '6', '46', '42', '27'], ['39', '32', '7', '37', '26', '30', '35', '12', '34', '13', '36', '33', '38'], ['8', '22', '14', '18', '23', '17', '5', '4', '21', '60', '58', '1'], ['55', '54', '45', '61', '10', '56', '9', '41']]";"[['25', '57', '52', '59', '49', '16', '51', '44', '31', '47', '50', '53', '29', '24', '48'], ['11', '20', '2', '3', '15', '43', '40', '28', '19', '6', '46', '42', '27'], ['39', '32', '7', '37', '26', '30', '35', '12', '34', '13', '36', '33', '38'], ['8', '22', '14', '18', '23', '17', '5', '4', '21', '60', '58', '1'], ['55', '54', '45', '61', '10', '56', '9', '41']]";"[3, 1, 1, 3, 3, 1, 2, 3, 4, 4, 1, 2, 2, 3, 1, 0, 3, 3, 1, 1, 3, 3, 3, 0, 0, 2, 1, 1, 0, 2, 0, 2, 2, 2, 2, 2, 2, 2, 2, 1, 4, 1, 1, 0, 4, 1, 0, 0, 0, 0, 0, 0, 0, 4, 4, 4, 0, 3, 0, 3, 4]";"[3, 2, 2, 3, 3, 2, 1, 3, 4, 4, 2, 1, 1, 1, 2, 0, 3, 3, 2, 2, 3, 3, 3, 0, 0, 1, 2, 2, 0, 1, 0, 1, 1, 1, 1, 1, 1, 1, 1, 2, 4, 2, 2, 0, 4, 2, 0, 0, 0, 0, 0, 0, 0, 4, 4, 4, 0, 3, 0, 3, 4]";"[3, 1, 1, 3, 3, 1, 2, 3, 4, 4, 1, 2, 2, 3, 1, 0, 3, 3, 1, 1, 3, 3, 3, 0, 0, 2, 1, 1, 0, 2, 0, 2, 2, 2, 2, 2, 2, 2, 2, 1, 4, 1, 1, 0, 4, 1, 0, 0, 0, 0, 0, 0, 0, 4, 4, 4, 0, 3, 0, 3, 4]";"[3, 1, 1, 3, 3, 1, 2, 3, 4, 4, 1, 2, 2, 3, 1, 0, 3, 3, 1, 1, 3, 3, 3, 0, 0, 2, 1, 1, 0, 2, 0, 2, 2, 2, 2, 2, 2, 2, 2, 1, 4, 1, 1, 0, 4, 1, 0, 0, 0, 0, 0, 0, 0, 4, 4, 4, 0, 3, 0, 3, 4]"
10;1;"aucs";"flat_ec";6;0.4162;0.4189;0.405;0.4084;"{'11': 0.125, '2': 0.45833333333333337, '20': 0.4730392156862745, '3': 0.625, '15': 0.34523809523809523, '43': 0.2916666666666667, '40': 0.5608974358974359, '28': 0.625, '19': 0.45833333333333337, '6': 0.45833333333333337, '46': 0.3125, '42': 0.3125, '27': 0.4166666666666667}";"{'11': 0.125, '2': 0.45833333333333337, '20': 0.4730392156862745, '3': 0.625, '15': 0.34523809523809523, '43': 0.25, '40': 0.5166666666666666, '28': 0.625, '19': 0.5208333333333333, '6': 0.3446969696969697, '46': 0.3125, '42': 0.3125, '27': 0.4166666666666667}";"{'11': 0.3125, '2': 0.45833333333333337, '20': 0.4730392156862745, '3': 0.625, '15': 0.34523809523809523, '43': 0.2916666666666667, '40': 0.5608974358974359, '28': 0.625, '19': 0.45833333333333337, '6': 0.45833333333333337, '46': 0.3125, '42': 0.3125, '27': 0.4166666666666667}";"{'11': 0.20833333333333331, '2': 0.45833333333333337, '20': 0.4730392156862745, '3': 0.625, '15': 0.34523809523809523, '43': 0.4166666666666667, '40': 0.5608974358974359, '28': 0.625, '19': 0.45833333333333337, '6': 0.45833333333333337, '46': 0.3611111111111111, '42': 0.3611111111111111, '27': 0.4166666666666667}";0.0;0.0;0.0;0.0666666666666666;1.0;1.0;0.9201305540005884;1.0;1.0;0.9416230242840428;1.0;1.0;0.9509537495597578;1.0;1.0;0.9603038567926814;0.0013;0.0344;0.0057;"['11', '2', '20', '3', '15', '43', '40', '28', '19', '6', '46', '42', '27']";"[('intraD', ('19', '2')), ('interD', ('1', '2')), ('interA', ('40', '7')), ('interD', ('2', '52')), ('intraA', ('43', '6')), ('intraA', ('40', '6'))]";"[('interA', ('11', '39')), ('interA', ('11', '32')), ('interA', ('11', '7')), ('interA', ('11', '37')), ('interA', ('11', '26')), ('interA', ('11', '30'))]";"[('interA', ('11', '60')), ('interA', ('17', '43')), ('interA', ('11', '26')), ('interA', ('39', '46')), ('interA', ('42', '61')), ('interA', ('34', '43'))]";"[['25', '57', '52', '59', '49', '16', '51', '44', '31', '47', '50', '53', '29', '24', '48'], ['11', '20', '2', '3', '15', '43', '40', '28', '19', '6', '46', '42', '27'], ['39', '32', '7', '37', '26', '30', '35', '12', '34', '13', '36', '33', '38'], ['8', '22', '14', '18', '23', '17', '5', '4', '21', '60', '58', '1'], ['55', '54', '45', '61', '10', '56', '9', '41']]";"[['25', '57', '52', '59', '49', '16', '51', '44', '31', '47', '50', '53', '29', '24', '48'], ['39', '32', '7', '37', '26', '30', '35', '12', '34', '13', '36', '33', '38'], ['11', '20', '2', '3', '15', '43', '40', '28', '19', '6', '46', '42', '27'], ['8', '22', '14', '18', '23', '17', '5', '4', '21', '60', '58', '1'], ['55', '54', '45', '61', '10', '56', '9', '41']]";"[['25', '57', '52', '59', '49', '16', '51', '44', '31', '47', '50', '53', '29', '24', '48'], ['11', '2', '20', '3', '15', '43', '40', '28', '19', '6', '60', '46', '42', '27', '1'], ['39', '32', '7', '37', '26', '30', '35', '12', '34', '13', '36', '33', '38'], ['8', '14', '22', '18', '23', '17', '5', '4', '21', '58'], ['55', '54', '45', '61', '10', '56', '9', '41']]";"[3, 1, 1, 3, 3, 1, 2, 3, 4, 4, 1, 2, 2, 3, 1, 0, 3, 3, 1, 1, 3, 3, 3, 0, 0, 2, 1, 1, 0, 2, 0, 2, 2, 2, 2, 2, 2, 2, 2, 1, 4, 1, 1, 0, 4, 1, 0, 0, 0, 0, 0, 0, 0, 4, 4, 4, 0, 3, 0, 3, 4]";"[3, 1, 1, 3, 3, 1, 2, 3, 4, 4, 1, 2, 2, 3, 1, 0, 3, 3, 1, 1, 3, 3, 3, 0, 0, 2, 1, 1, 0, 2, 0, 2, 2, 2, 2, 2, 2, 2, 2, 1, 4, 1, 1, 0, 4, 1, 0, 0, 0, 0, 0, 0, 0, 4, 4, 4, 0, 3, 0, 3, 4]";"[3, 2, 2, 3, 3, 2, 1, 3, 4, 4, 2, 1, 1, 3, 2, 0, 3, 3, 2, 2, 3, 3, 3, 0, 0, 1, 2, 2, 0, 1, 0, 1, 1, 1, 1, 1, 1, 1, 1, 2, 4, 2, 2, 0, 4, 2, 0, 0, 0, 0, 0, 0, 0, 4, 4, 4, 0, 3, 0, 3, 4]";"[1, 1, 1, 3, 3, 1, 2, 3, 4, 4, 1, 2, 2, 3, 1, 0, 3, 3, 1, 1, 3, 3, 3, 0, 0, 2, 1, 1, 0, 2, 0, 2, 2, 2, 2, 2, 2, 2, 2, 1, 4, 1, 1, 0, 4, 1, 0, 0, 0, 0, 0, 0, 0, 4, 4, 4, 0, 3, 0, 1, 4]"
11;1;"aucs";"flat_ec";6;0.4162;0.4218;0.405;0.4027;"{'11': 0.125, '2': 0.45833333333333337, '20': 0.4730392156862745, '3': 0.625, '15': 0.34523809523809523, '43': 0.2916666666666667, '40': 0.5608974358974359, '28': 0.625, '19': 0.45833333333333337, '6': 0.45833333333333337, '46': 0.3125, '42': 0.3125, '27': 0.4166666666666667}";"{'11': 0.125, '2': 0.45833333333333337, '20': 0.5166666666666666, '3': 0.6151960784313726, '15': 0.34523809523809523, '43': 0.2916666666666667, '40': 0.5608974358974359, '28': 0.475, '19': 0.45833333333333337, '6': 0.4, '46': 0.21666666666666667, '42': 0.3125, '27': 0.4166666666666667}";"{'11': 0.3125, '2': 0.45833333333333337, '20': 0.4730392156862745, '3': 0.625, '15': 0.34523809523809523, '43': 0.2916666666666667, '40': 0.5608974358974359, '28': 0.625, '19': 0.45833333333333337, '6': 0.45833333333333337, '46': 0.3125, '42': 0.3125, '27': 0.4166666666666667}";"{'11': 0.20833333333333331, '2': 0.45833333333333337, '20': 0.4730392156862745, '3': 0.625, '15': 0.34523809523809523, '43': 0.4166666666666667, '40': 0.5608974358974359, '28': 0.625, '19': 0.45833333333333337, '6': 0.45833333333333337, '46': 0.3611111111111111, '42': 0.3611111111111111, '27': 0.4166666666666667}";0.0;0.0357142857142857;0.0;0.0;0.958151101963811;1.0;0.958151101963811;0.9636579250469968;1.0;0.9636579250469968;0.973324160467816;1.0;0.9427171277311563;0.9743587977088658;1.0;0.9460753496601964;0.0016;0.035;0.0067;"['11', '2', '20', '3', '15', '43', '40', '28', '19', '6', '46', '42', '27']";"[('intraA', ('11', '28')), ('interD', ('3', '8')), ('intraD', ('11', '20')), ('interD', ('20', '52')), ('intraA', ('46', '6')), ('intraA', ('28', '46'))]";"[('interA', ('11', '39')), ('interA', ('11', '32')), ('interA', ('11', '7')), ('interA', ('11', '37')), ('interA', ('11', '26')), ('interA', ('11', '30'))]";"[('interA', ('11', '12')), ('interA', ('41', '43')), ('interA', ('11', '7')), ('interA', ('35', '46')), ('interA', ('17', '42')), ('interA', ('18', '43'))]";"[['25', '57', '52', '59', '49', '16', '51', '44', '31', '47', '50', '53', '29', '24', '48'], ['11', '20', '2', '3', '15', '43', '40', '28', '19', '6', '60', '46', '42', '27'], ['39', '32', '7', '37', '26', '30', '35', '12', '34', '13', '36', '33', '38'], ['8', '22', '14', '18', '23', '17', '5', '4', '21', '58', '1'], ['55', '54', '45', '61', '10', '56', '9', '41']]";"[['25', '57', '52', '59', '49', '16', '51', '44', '31', '47', '50', '53', '29', '24', '48'], ['39', '32', '7', '37', '26', '30', '35', '12', '34', '13', '36', '33', '38'], ['11', '20', '2', '3', '15', '43', '40', '28', '19', '6', '46', '42', '27'], ['8', '22', '14', '18', '23', '17', '5', '4', '21', '60', '58', '1'], ['55', '54', '45', '61', '10', '56', '9', '41']]";"[['25', '57', '52', '59', '49', '16', '51', '44', '31', '47', '50', '53', '29', '24', '48'], ['39', '32', '14', '37', '7', '26', '30', '35', '12', '34', '13', '36', '33', '38'], ['11', '20', '2', '3', '15', '43', '40', '28', '19', '6', '46', '42', '27'], ['8', '22', '18', '23', '17', '5', '4', '21', '60', '58', '1'], ['55', '54', '45', '61', '10', '56', '9', '41']]";"[3, 1, 1, 3, 3, 1, 2, 3, 4, 4, 1, 2, 2, 3, 1, 0, 3, 3, 1, 1, 3, 3, 3, 0, 0, 2, 1, 1, 0, 2, 0, 2, 2, 2, 2, 2, 2, 2, 2, 1, 4, 1, 1, 0, 4, 1, 0, 0, 0, 0, 0, 0, 0, 4, 4, 4, 0, 3, 0, 3, 4]";"[3, 1, 1, 3, 3, 1, 2, 3, 4, 4, 1, 2, 2, 3, 1, 0, 3, 3, 1, 1, 3, 3, 3, 0, 0, 2, 1, 1, 0, 2, 0, 2, 2, 2, 2, 2, 2, 2, 2, 1, 4, 1, 1, 0, 4, 1, 0, 0, 0, 0, 0, 0, 0, 4, 4, 4, 0, 3, 0, 1, 4]";"[3, 2, 2, 3, 3, 2, 1, 3, 4, 4, 2, 1, 1, 3, 2, 0, 3, 3, 2, 2, 3, 3, 3, 0, 0, 1, 2, 2, 0, 1, 0, 1, 1, 1, 1, 1, 1, 1, 1, 2, 4, 2, 2, 0, 4, 2, 0, 0, 0, 0, 0, 0, 0, 4, 4, 4, 0, 3, 0, 3, 4]";"[3, 2, 2, 3, 3, 2, 1, 3, 4, 4, 2, 1, 1, 1, 2, 0, 3, 3, 2, 2, 3, 3, 3, 0, 0, 1, 2, 2, 0, 1, 0, 1, 1, 1, 1, 1, 1, 1, 1, 2, 4, 2, 2, 0, 4, 2, 0, 0, 0, 0, 0, 0, 0, 4, 4, 4, 0, 3, 0, 3, 4]"
12;1;"aucs";"flat_ec";6;0.4162;0.4194;0.405;0.4063;"{'11': 0.125, '2': 0.45833333333333337, '20': 0.4730392156862745, '3': 0.625, '15': 0.34523809523809523, '43': 0.2916666666666667, '40': 0.5608974358974359, '28': 0.625, '19': 0.45833333333333337, '6': 0.45833333333333337, '46': 0.3125, '42': 0.3125, '27': 0.4166666666666667}";"{'11': 0.08333333333333333, '2': 0.45833333333333337, '20': 0.38541666666666663, '3': 0.6862745098039216, '15': 0.34523809523809523, '43': 0.2916666666666667, '40': 0.5608974358974359, '28': 0.625, '19': 0.45833333333333337, '6': 0.4166666666666667, '46': 0.3125, '42': 0.2638888888888889, '27': 0.4166666666666667}";"{'11': 0.3125, '2': 0.45833333333333337, '20': 0.4730392156862745, '3': 0.625, '15': 0.34523809523809523, '43': 0.2916666666666667, '40': 0.5608974358974359, '28': 0.625, '19': 0.45833333333333337, '6': 0.45833333333333337, '46': 0.3125, '42': 0.3125, '27': 0.4166666666666667}";"{'11': 0.20833333333333331, '2': 0.45833333333333337, '20': 0.4730392156862745, '3': 0.625, '15': 0.34523809523809523, '43': 0.4166666666666667, '40': 0.5608974358974359, '28': 0.625, '19': 0.45833333333333337, '6': 0.45833333333333337, '46': 0.3611111111111111, '42': 0.3611111111111111, '27': 0.4166666666666667}";0.0;0.0;0.0;0.0;0.958151101963811;1.0;1.0;0.9636579250469968;1.0;1.0;0.9427171277311563;1.0;1.0;0.9460753496601964;1.0;1.0;0.0013;0.0332;0.0058;"['11', '2', '20', '3', '15', '43', '40', '28', '19', '6', '46', '42', '27']";"[('intraA', ('20', '42')), ('interD', ('20', '29')), ('intraD', ('3', '6')), ('intraA', ('11', '6')), ('interD', ('26', '6')), ('interD', ('20', '47'))]";"[('interA', ('11', '39')), ('interA', ('11', '32')), ('interA', ('11', '7')), ('interA', ('11', '37')), ('interA', ('11', '26')), ('interA', ('11', '30'))]";"[('interA', ('11', '5')), ('interA', ('22', '43')), ('interA', ('11', '22')), ('interA', ('46', '58')), ('interA', ('37', '42')), ('interA', ('43', '51'))]";"[['25', '57', '52', '59', '49', '16', '51', '44', '31', '47', '50', '53', '29', '24', '48'], ['39', '32', '14', '37', '7', '26', '30', '35', '12', '34', '13', '36', '33', '38'], ['11', '20', '2', '3', '15', '43', '40', '28', '19', '6', '46', '42', '27'], ['8', '22', '18', '23', '17', '5', '4', '21', '60', '58', '1'], ['55', '54', '45', '61', '10', '56', '9', '41']]";"[['25', '57', '52', '59', '49', '16', '51', '44', '31', '47', '50', '53', '29', '24', '48'], ['39', '32', '7', '37', '26', '30', '35', '12', '34', '13', '36', '33', '38'], ['11', '20', '2', '3', '15', '43', '40', '28', '19', '6', '46', '42', '27'], ['8', '22', '14', '18', '23', '17', '5', '4', '21', '60', '58', '1'], ['55', '54', '45', '61', '10', '56', '9', '41']]";"[['25', '57', '52', '59', '49', '16', '51', '44', '31', '47', '50', '53', '29', '24', '48'], ['11', '20', '2', '3', '15', '43', '40', '28', '19', '6', '46', '42', '27'], ['39', '32', '7', '37', '26', '30', '35', '12', '34', '13', '36', '33', '38'], ['8', '22', '14', '18', '23', '17', '5', '4', '21', '60', '58', '1'], ['55', '54', '45', '61', '10', '56', '9', '41']]";"[3, 1, 1, 3, 3, 1, 2, 3, 4, 4, 1, 2, 2, 3, 1, 0, 3, 3, 1, 1, 3, 3, 3, 0, 0, 2, 1, 1, 0, 2, 0, 2, 2, 2, 2, 2, 2, 2, 2, 1, 4, 1, 1, 0, 4, 1, 0, 0, 0, 0, 0, 0, 0, 4, 4, 4, 0, 3, 0, 3, 4]";"[3, 2, 2, 3, 3, 2, 1, 3, 4, 4, 2, 1, 1, 1, 2, 0, 3, 3, 2, 2, 3, 3, 3, 0, 0, 1, 2, 2, 0, 1, 0, 1, 1, 1, 1, 1, 1, 1, 1, 2, 4, 2, 2, 0, 4, 2, 0, 0, 0, 0, 0, 0, 0, 4, 4, 4, 0, 3, 0, 3, 4]";"[3, 2, 2, 3, 3, 2, 1, 3, 4, 4, 2, 1, 1, 3, 2, 0, 3, 3, 2, 2, 3, 3, 3, 0, 0, 1, 2, 2, 0, 1, 0, 1, 1, 1, 1, 1, 1, 1, 1, 2, 4, 2, 2, 0, 4, 2, 0, 0, 0, 0, 0, 0, 0, 4, 4, 4, 0, 3, 0, 3, 4]";"[3, 1, 1, 3, 3, 1, 2, 3, 4, 4, 1, 2, 2, 3, 1, 0, 3, 3, 1, 1, 3, 3, 3, 0, 0, 2, 1, 1, 0, 2, 0, 2, 2, 2, 2, 2, 2, 2, 2, 1, 4, 1, 1, 0, 4, 1, 0, 0, 0, 0, 0, 0, 0, 4, 4, 4, 0, 3, 0, 3, 4]"
13;1;"aucs";"flat_ec";6;0.4162;0.4136;0.405;0.4055;"{'11': 0.125, '2': 0.45833333333333337, '20': 0.4730392156862745, '3': 0.625, '15': 0.34523809523809523, '43': 0.2916666666666667, '40': 0.5608974358974359, '28': 0.625, '19': 0.45833333333333337, '6': 0.45833333333333337, '46': 0.3125, '42': 0.3125, '27': 0.4166666666666667}";"{'11': 0.125, '2': 0.40064102564102566, '20': 0.4978070175438597, '3': 0.625, '15': 0.34523809523809523, '43': 0.3333333333333333, '40': 0.625, '28': 0.5416666666666667, '19': 0.45833333333333337, '6': 0.4166666666666667, '46': 0.3125, '42': 0.41666666666666663, '27': 0.4166666666666667}";"{'11': 0.3125, '2': 0.45833333333333337, '20': 0.4730392156862745, '3': 0.625, '15': 0.34523809523809523, '43': 0.2916666666666667, '40': 0.5608974358974359, '28': 0.625, '19': 0.45833333333333337, '6': 0.45833333333333337, '46': 0.3125, '42': 0.3125, '27': 0.4166666666666667}";"{'11': 0.20833333333333331, '2': 0.45833333333333337, '20': 0.4730392156862745, '3': 0.625, '15': 0.34523809523809523, '43': 0.4166666666666667, '40': 0.5608974358974359, '28': 0.625, '19': 0.45833333333333337, '6': 0.45833333333333337, '46': 0.3611111111111111, '42': 0.3611111111111111, '27': 0.4166666666666667}";0.0;0.0;0.0;0.0;1.0;1.0;1.0;1.0;1.0;1.0;1.0;1.0;1.0;1.0;1.0;1.0;0.0013;0.0346;0.0062;"['11', '2', '20', '3', '15', '43', '40', '28', '19', '6', '46', '42', '27']";"[('interD', ('26', '6')), ('interA', ('20', '9')), ('intraA', ('2', '28')), ('interA', ('20', '35')), ('intraD', ('40', '42')), ('intraD', ('42', '43'))]";"[('interA', ('11', '39')), ('interA', ('11', '32')), ('interA', ('11', '7')), ('interA', ('11', '37')), ('interA', ('11', '26')), ('interA', ('11', '30'))]";"[('interA', ('11', '13')), ('interA', ('43', '50')), ('interA', ('11', '48')), ('interA', ('46', '49')), ('interA', ('4', '42')), ('interA', ('13', '43'))]";"[['25', '57', '52', '59', '49', '16', '51', '44', '31', '47', '50', '53', '29', '24', '48'], ['11', '20', '2', '3', '15', '43', '40', '28', '19', '6', '46', '42', '27'], ['39', '32', '7', '37', '26', '30', '35', '12', '34', '13', '36', '33', '38'], ['8', '22', '14', '18', '23', '17', '5', '4', '21', '60', '58', '1'], ['55', '54', '45', '61', '10', '56', '9', '41']]";"[['25', '57', '52', '59', '49', '16', '51', '44', '31', '47', '50', '53', '29', '24', '48'], ['11', '20', '2', '3', '15', '43', '40', '28', '19', '6', '46', '42', '27'], ['39', '32', '7', '37', '26', '30', '35', '12', '34', '13', '36', '33', '38'], ['8', '22', '14', '18', '23', '17', '5', '4', '21', '60', '58', '1'], ['55', '54', '45', '61', '10', '56', '9', '41']]";"[['25', '57', '52', '59', '49', '16', '51', '44', '31', '47', '50', '53', '29', '24', '48'], ['11', '20', '2', '3', '15', '43', '40', '28', '19', '6', '46', '42', '27'], ['39', '32', '7', '37', '26', '30', '35', '12', '34', '13', '36', '33', '38'], ['8', '22', '14', '18', '23', '17', '5', '4', '21', '60', '58', '1'], ['55', '54', '45', '61', '10', '56', '9', '41']]";"[3, 1, 1, 3, 3, 1, 2, 3, 4, 4, 1, 2, 2, 3, 1, 0, 3, 3, 1, 1, 3, 3, 3, 0, 0, 2, 1, 1, 0, 2, 0, 2, 2, 2, 2, 2, 2, 2, 2, 1, 4, 1, 1, 0, 4, 1, 0, 0, 0, 0, 0, 0, 0, 4, 4, 4, 0, 3, 0, 3, 4]";"[3, 1, 1, 3, 3, 1, 2, 3, 4, 4, 1, 2, 2, 3, 1, 0, 3, 3, 1, 1, 3, 3, 3, 0, 0, 2, 1, 1, 0, 2, 0, 2, 2, 2, 2, 2, 2, 2, 2, 1, 4, 1, 1, 0, 4, 1, 0, 0, 0, 0, 0, 0, 0, 4, 4, 4, 0, 3, 0, 3, 4]";"[3, 1, 1, 3, 3, 1, 2, 3, 4, 4, 1, 2, 2, 3, 1, 0, 3, 3, 1, 1, 3, 3, 3, 0, 0, 2, 1, 1, 0, 2, 0, 2, 2, 2, 2, 2, 2, 2, 2, 1, 4, 1, 1, 0, 4, 1, 0, 0, 0, 0, 0, 0, 0, 4, 4, 4, 0, 3, 0, 3, 4]";"[3, 1, 1, 3, 3, 1, 2, 3, 4, 4, 1, 2, 2, 3, 1, 0, 3, 3, 1, 1, 3, 3, 3, 0, 0, 2, 1, 1, 0, 2, 0, 2, 2, 2, 2, 2, 2, 2, 2, 1, 4, 1, 1, 0, 4, 1, 0, 0, 0, 0, 0, 0, 0, 4, 4, 4, 0, 3, 0, 3, 4]"
14;1;"aucs";"flat_ec";6;0.4162;0.4162;0.405;0.4036;"{'11': 0.125, '2': 0.45833333333333337, '20': 0.4730392156862745, '3': 0.625, '15': 0.34523809523809523, '43': 0.2916666666666667, '40': 0.5608974358974359, '28': 0.625, '19': 0.45833333333333337, '6': 0.45833333333333337, '46': 0.3125, '42': 0.3125, '27': 0.4166666666666667}";"{'11': 0.17045454545454547, '2': 0.45833333333333337, '20': 0.4730392156862745, '3': 0.625, '15': 0.34523809523809523, '43': 0.2916666666666667, '40': 0.5608974358974359, '28': 0.5416666666666667, '19': 0.45833333333333337, '6': 0.45833333333333337, '46': 0.2638888888888889, '42': 0.3125, '27': 0.475}";"{'11': 0.3125, '2': 0.45833333333333337, '20': 0.4730392156862745, '3': 0.625, '15': 0.34523809523809523, '43': 0.2916666666666667, '40': 0.5608974358974359, '28': 0.625, '19': 0.45833333333333337, '6': 0.45833333333333337, '46': 0.3125, '42': 0.3125, '27': 0.4166666666666667}";"{'11': 0.20833333333333331, '2': 0.45833333333333337, '20': 0.4730392156862745, '3': 0.625, '15': 0.34523809523809523, '43': 0.4166666666666667, '40': 0.5608974358974359, '28': 0.625, '19': 0.45833333333333337, '6': 0.45833333333333337, '46': 0.3611111111111111, '42': 0.3611111111111111, '27': 0.4166666666666667}";0.0;0.0;0.0;0.09375;1.0;1.0;0.8506878991643925;1.0;1.0;0.8898477739447299;1.0;1.0;0.8819944815681762;1.0;1.0;0.901591476668106;0.0012;0.0343;0.0057;"['11', '2', '20', '3', '15', '43', '40', '28', '19', '6', '46', '42', '27']";"[('intraA', ('28', '46')), ('intraD', ('27', '46')), ('interD', ('27', '29')), ('interA', ('11', '12')), ('intraD', ('19', '27')), ('intraA', ('19', '46'))]";"[('interA', ('11', '39')), ('interA', ('11', '32')), ('interA', ('11', '7')), ('interA', ('11', '37')), ('interA', ('11', '26')), ('interA', ('11', '30'))]";"[('interA', ('11', '31')), ('interA', ('43', '9')), ('interA', ('11', '16')), ('interA', ('12', '46')), ('interA', ('42', '58')), ('interA', ('41', '43'))]";"[['25', '57', '52', '59', '49', '16', '51', '44', '31', '47', '50', '53', '29', '24', '48'], ['39', '32', '7', '37', '26', '30', '35', '12', '34', '13', '36', '33', '38'], ['11', '20', '2', '3', '15', '43', '40', '28', '19', '6', '46', '42', '27'], ['8', '22', '14', '18', '23', '17', '5', '4', '21', '60', '58', '1'], ['55', '54', '45', '61', '10', '56', '9', '41']]";"[['25', '57', '52', '59', '49', '16', '51', '44', '31', '47', '50', '53', '29', '24', '48'], ['39', '32', '7', '37', '26', '30', '35', '12', '34', '13', '36', '33', '38'], ['11', '20', '2', '3', '15', '43', '40', '28', '19', '6', '46', '42', '27'], ['8', '22', '14', '18', '23', '17', '5', '4', '21', '60', '58', '1'], ['55', '54', '45', '61', '10', '56', '9', '41']]";"[['11', '2', '20', '3', '15', '43', '40', '28', '19', '4', '6', '46', '42', '58', '27', '1'], ['25', '57', '52', '59', '49', '16', '51', '44', '31', '47', '50', '53', '29', '24', '48'], ['39', '32', '14', '37', '7', '26', '30', '35', '12', '34', '13', '36', '33', '38'], ['8', '22', '18', '23', '17', '5', '21', '60'], ['55', '54', '45', '61', '10', '56', '9', '41']]";"[3, 1, 1, 3, 3, 1, 2, 3, 4, 4, 1, 2, 2, 3, 1, 0, 3, 3, 1, 1, 3, 3, 3, 0, 0, 2, 1, 1, 0, 2, 0, 2, 2, 2, 2, 2, 2, 2, 2, 1, 4, 1, 1, 0, 4, 1, 0, 0, 0, 0, 0, 0, 0, 4, 4, 4, 0, 3, 0, 3, 4]";"[3, 2, 2, 3, 3, 2, 1, 3, 4, 4, 2, 1, 1, 3, 2, 0, 3, 3, 2, 2, 3, 3, 3, 0, 0, 1, 2, 2, 0, 1, 0, 1, 1, 1, 1, 1, 1, 1, 1, 2, 4, 2, 2, 0, 4, 2, 0, 0, 0, 0, 0, 0, 0, 4, 4, 4, 0, 3, 0, 3, 4]";"[3, 2, 2, 3, 3, 2, 1, 3, 4, 4, 2, 1, 1, 3, 2, 0, 3, 3, 2, 2, 3, 3, 3, 0, 0, 1, 2, 2, 0, 1, 0, 1, 1, 1, 1, 1, 1, 1, 1, 2, 4, 2, 2, 0, 4, 2, 0, 0, 0, 0, 0, 0, 0, 4, 4, 4, 0, 3, 0, 3, 4]";"[0, 0, 0, 0, 3, 0, 2, 3, 4, 4, 0, 2, 2, 2, 0, 1, 3, 3, 0, 0, 3, 3, 3, 1, 1, 2, 0, 0, 1, 2, 1, 2, 2, 2, 2, 2, 2, 2, 2, 0, 4, 0, 0, 1, 4, 0, 1, 1, 1, 1, 1, 1, 1, 4, 4, 4, 1, 0, 1, 3, 4]"
15;1;"aucs";"flat_ec";6;0.4162;0.4146;0.405;0.4034;"{'11': 0.125, '2': 0.45833333333333337, '20': 0.4730392156862745, '3': 0.625, '15': 0.34523809523809523, '43': 0.2916666666666667, '40': 0.5608974358974359, '28': 0.625, '19': 0.45833333333333337, '6': 0.45833333333333337, '46': 0.3125, '42': 0.3125, '27': 0.4166666666666667}";"{'11': 0.125, '2': 0.40064102564102566, '20': 0.4730392156862745, '3': 0.625, '15': 0.3205128205128205, '43': 0.2916666666666667, '40': 0.5166666666666666, '28': 0.41666666666666663, '19': 0.4, '6': 0.45833333333333337, '46': 0.3125, '42': 0.3125, '27': 0.45833333333333337}";"{'11': 0.3125, '2': 0.45833333333333337, '20': 0.4730392156862745, '3': 0.625, '15': 0.34523809523809523, '43': 0.2916666666666667, '40': 0.5608974358974359, '28': 0.625, '19': 0.45833333333333337, '6': 0.45833333333333337, '46': 0.3125, '42': 0.3125, '27': 0.4166666666666667}";"{'11': 0.20833333333333331, '2': 0.45833333333333337, '20': 0.4730392156862745, '3': 0.625, '15': 0.34523809523809523, '43': 0.4166666666666667, '40': 0.5608974358974359, '28': 0.625, '19': 0.45833333333333337, '6': 0.45833333333333337, '46': 0.3611111111111111, '42': 0.3611111111111111, '27': 0.4166666666666667}";0.0;0.0;0.0;0.0;0.958151101963811;1.0;0.958151101963811;0.9636579250469968;1.0;0.9636579250469968;0.9427171277311563;1.0;0.9427171277311563;0.9460753496601964;1.0;0.9460753496601964;0.0016;0.0344;0.0056;"['11', '2', '20', '3', '15', '43', '40', '28', '19', '6', '46', '42', '27']";"[('interD', ('15', '26')), ('interA', ('31', '40')), ('intraA', ('19', '28')), ('interA', ('27', '53')), ('intraA', ('2', '28')), ('intraA', ('28', '40'))]";"[('interA', ('11', '39')), ('interA', ('11', '32')), ('interA', ('11', '7')), ('interA', ('11', '37')), ('interA', ('11', '26')), ('interA', ('11', '30'))]";"[('interA', ('11', '7')), ('interA', ('43', '8')), ('interA', ('11', '8')), ('interA', ('46', '61')), ('interA', ('42', '54')), ('interA', ('43', '59'))]";"[['25', '57', '52', '59', '49', '16', '51', '44', '31', '47', '50', '53', '29', '24', '48'], ['39', '32', '14', '37', '7', '26', '30', '35', '12', '34', '13', '36', '33', '38'], ['11', '20', '2', '3', '15', '43', '40', '28', '19', '6', '46', '42', '27'], ['8', '22', '18', '23', '17', '5', '4', '21', '60', '58', '1'], ['55', '54', '45', '61', '10', '56', '9', '41']]";"[['25', '57', '52', '59', '49', '16', '51', '44', '31', '47', '50', '53', '29', '24', '48'], ['11', '20', '2', '3', '15', '43', '40', '28', '19', '6', '46', '42', '27'], ['39', '32', '7', '37', '26', '30', '35', '12', '34', '13', '36', '33', '38'], ['8', '22', '14', '18', '23', '17', '5', '4', '21', '60', '58', '1'], ['55', '54', '45', '61', '10', '56', '9', '41']]";"[['25', '57', '52', '59', '49', '16', '51', '44', '31', '47', '50', '53', '29', '24', '48'], ['39', '32', '14', '37', '7', '26', '30', '35', '12', '34', '13', '36', '33', '38'], ['11', '20', '2', '3', '15', '43', '40', '28', '19', '6', '46', '42', '27'], ['8', '22', '18', '23', '17', '5', '4', '21', '60', '58', '1'], ['55', '54', '45', '61', '10', '56', '9', '41']]";"[3, 1, 1, 3, 3, 1, 2, 3, 4, 4, 1, 2, 2, 3, 1, 0, 3, 3, 1, 1, 3, 3, 3, 0, 0, 2, 1, 1, 0, 2, 0, 2, 2, 2, 2, 2, 2, 2, 2, 1, 4, 1, 1, 0, 4, 1, 0, 0, 0, 0, 0, 0, 0, 4, 4, 4, 0, 3, 0, 3, 4]";"[3, 2, 2, 3, 3, 2, 1, 3, 4, 4, 2, 1, 1, 1, 2, 0, 3, 3, 2, 2, 3, 3, 3, 0, 0, 1, 2, 2, 0, 1, 0, 1, 1, 1, 1, 1, 1, 1, 1, 2, 4, 2, 2, 0, 4, 2, 0, 0, 0, 0, 0, 0, 0, 4, 4, 4, 0, 3, 0, 3, 4]";"[3, 1, 1, 3, 3, 1, 2, 3, 4, 4, 1, 2, 2, 3, 1, 0, 3, 3, 1, 1, 3, 3, 3, 0, 0, 2, 1, 1, 0, 2, 0, 2, 2, 2, 2, 2, 2, 2, 2, 1, 4, 1, 1, 0, 4, 1, 0, 0, 0, 0, 0, 0, 0, 4, 4, 4, 0, 3, 0, 3, 4]";"[3, 2, 2, 3, 3, 2, 1, 3, 4, 4, 2, 1, 1, 1, 2, 0, 3, 3, 2, 2, 3, 3, 3, 0, 0, 1, 2, 2, 0, 1, 0, 1, 1, 1, 1, 1, 1, 1, 1, 2, 4, 2, 2, 0, 4, 2, 0, 0, 0, 0, 0, 0, 0, 4, 4, 4, 0, 3, 0, 3, 4]"
16;1;"aucs";"flat_ec";6;0.4162;0.417;0.405;0.4036;"{'11': 0.125, '2': 0.45833333333333337, '20': 0.4730392156862745, '3': 0.625, '15': 0.34523809523809523, '43': 0.2916666666666667, '40': 0.5608974358974359, '28': 0.625, '19': 0.45833333333333337, '6': 0.45833333333333337, '46': 0.3125, '42': 0.3125, '27': 0.4166666666666667}";"{'11': 0.125, '2': 0.45833333333333337, '20': 0.53125, '3': 0.5555555555555556, '15': 0.40064102564102566, '43': 0.3333333333333333, '40': 0.5416666666666667, '28': 0.625, '19': 0.4, '6': 0.5208333333333333, '46': 0.36309523809523814, '42': 0.36309523809523814, '27': 0.4166666666666667}";"{'11': 0.3125, '2': 0.45833333333333337, '20': 0.4730392156862745, '3': 0.625, '15': 0.34523809523809523, '43': 0.2916666666666667, '40': 0.5608974358974359, '28': 0.625, '19': 0.45833333333333337, '6': 0.45833333333333337, '46': 0.3125, '42': 0.3125, '27': 0.4166666666666667}";"{'11': 0.20833333333333331, '2': 0.45833333333333337, '20': 0.4730392156862745, '3': 0.625, '15': 0.34523809523809523, '43': 0.4166666666666667, '40': 0.5608974358974359, '28': 0.625, '19': 0.45833333333333337, '6': 0.45833333333333337, '46': 0.3611111111111111, '42': 0.3611111111111111, '27': 0.4166666666666667}";0.0;0.0;0.0;0.0;1.0;1.0;0.958151101963811;1.0;1.0;0.9636579250469968;1.0;1.0;0.9427171277311563;1.0;1.0;0.9460753496601964;0.0012;0.0343;0.0061;"['11', '2', '20', '3', '15', '43', '40', '28', '19', '6', '46', '42', '27']";"[('intraA', ('19', '3')), ('intraD', ('43', '46')), ('intraD', ('20', '6')), ('intraD', ('15', '42')), ('interD', ('40', '41')), ('interD', ('3', '52'))]";"[('interA', ('11', '39')), ('interA', ('11', '32')), ('interA', ('11', '7')), ('interA', ('11', '37')), ('interA', ('11', '26')), ('interA', ('11', '30'))]";"[('interA', ('11', '52')), ('interA', ('43', '61')), ('interA', ('11', '48')), ('interA', ('46', '9')), ('interA', ('21', '42')), ('interA', ('43', '54'))]";"[['25', '57', '52', '59', '49', '16', '51', '44', '31', '47', '50', '53', '29', '24', '48'], ['11', '20', '2', '3', '15', '43', '40', '28', '19', '6', '46', '42', '27'], ['39', '32', '7', '37', '26', '30', '35', '12', '34', '13', '36', '33', '38'], ['8', '22', '14', '18', '23', '17', '5', '4', '21', '60', '58', '1'], ['55', '54', '45', '61', '10', '56', '9', '41']]";"[['25', '57', '52', '59', '49', '16', '51', '44', '31', '47', '50', '53', '29', '24', '48'], ['11', '20', '2', '3', '15', '43', '40', '28', '19', '6', '46', '42', '27'], ['39', '32', '7', '37', '26', '30', '35', '12', '34', '13', '36', '33', '38'], ['8', '22', '14', '18', '23', '17', '5', '4', '21', '60', '58', '1'], ['55', '54', '45', '61', '10', '56', '9', '41']]";"[['25', '57', '52', '59', '49', '16', '51', '44', '31', '47', '50', '53', '29', '24', '48'], ['39', '32', '14', '37', '7', '26', '30', '35', '12', '34', '13', '36', '33', '38'], ['11', '20', '2', '3', '15', '43', '40', '28', '19', '6', '46', '42', '27'], ['8', '22', '18', '23', '17', '5', '4', '21', '60', '58', '1'], ['55', '54', '45', '61', '10', '56', '9', '41']]";"[3, 1, 1, 3, 3, 1, 2, 3, 4, 4, 1, 2, 2, 3, 1, 0, 3, 3, 1, 1, 3, 3, 3, 0, 0, 2, 1, 1, 0, 2, 0, 2, 2, 2, 2, 2, 2, 2, 2, 1, 4, 1, 1, 0, 4, 1, 0, 0, 0, 0, 0, 0, 0, 4, 4, 4, 0, 3, 0, 3, 4]";"[3, 1, 1, 3, 3, 1, 2, 3, 4, 4, 1, 2, 2, 3, 1, 0, 3, 3, 1, 1, 3, 3, 3, 0, 0, 2, 1, 1, 0, 2, 0, 2, 2, 2, 2, 2, 2, 2, 2, 1, 4, 1, 1, 0, 4, 1, 0, 0, 0, 0, 0, 0, 0, 4, 4, 4, 0, 3, 0, 3, 4]";"[3, 1, 1, 3, 3, 1, 2, 3, 4, 4, 1, 2, 2, 3, 1, 0, 3, 3, 1, 1, 3, 3, 3, 0, 0, 2, 1, 1, 0, 2, 0, 2, 2, 2, 2, 2, 2, 2, 2, 1, 4, 1, 1, 0, 4, 1, 0, 0, 0, 0, 0, 0, 0, 4, 4, 4, 0, 3, 0, 3, 4]";"[3, 2, 2, 3, 3, 2, 1, 3, 4, 4, 2, 1, 1, 1, 2, 0, 3, 3, 2, 2, 3, 3, 3, 0, 0, 1, 2, 2, 0, 1, 0, 1, 1, 1, 1, 1, 1, 1, 1, 2, 4, 2, 2, 0, 4, 2, 0, 0, 0, 0, 0, 0, 0, 4, 4, 4, 0, 3, 0, 3, 4]"
17;1;"aucs";"flat_ec";6;0.4162;0.4136;0.405;0.4023;"{'11': 0.125, '2': 0.45833333333333337, '20': 0.4730392156862745, '3': 0.625, '15': 0.34523809523809523, '43': 0.2916666666666667, '40': 0.5608974358974359, '28': 0.625, '19': 0.45833333333333337, '6': 0.45833333333333337, '46': 0.3125, '42': 0.3125, '27': 0.4166666666666667}";"{'11': 0.16666666666666666, '2': 0.4318181818181818, '20': 0.4730392156862745, '3': 0.6337719298245614, '15': 0.34523809523809523, '43': 0.25, '40': 0.5, '28': 0.625, '19': 0.3446969696969697, '6': 0.45833333333333337, '46': 0.3125, '42': 0.4166666666666667, '27': 0.4166666666666667}";"{'11': 0.3125, '2': 0.45833333333333337, '20': 0.4730392156862745, '3': 0.625, '15': 0.34523809523809523, '43': 0.2916666666666667, '40': 0.5608974358974359, '28': 0.625, '19': 0.45833333333333337, '6': 0.45833333333333337, '46': 0.3125, '42': 0.3125, '27': 0.4166666666666667}";"{'11': 0.20833333333333331, '2': 0.45833333333333337, '20': 0.4730392156862745, '3': 0.625, '15': 0.34523809523809523, '43': 0.4166666666666667, '40': 0.5608974358974359, '28': 0.625, '19': 0.45833333333333337, '6': 0.45833333333333337, '46': 0.3611111111111111, '42': 0.3611111111111111, '27': 0.4166666666666667}";0.0;0.09375;0.0;0.0;0.8506878991643925;1.0;0.958151101963811;0.8898477739447299;1.0;0.9636579250469968;0.8819944815681762;1.0;0.9427171277311563;0.901591476668106;1.0;0.9460753496601964;0.0013;0.0345;0.0059;"['11', '2', '20', '3', '15', '43', '40', '28', '19', '6', '46', '42', '27']";"[('interA', ('42', '58')), ('intraA', ('19', '40')), ('interD', ('2', '52')), ('intraD', ('11', '42')), ('intraA', ('19', '43')), ('interA', ('3', '61'))]";"[('interA', ('11', '39')), ('interA', ('11', '32')), ('interA', ('11', '7')), ('interA', ('11', '37')), ('interA', ('11', '26')), ('interA', ('11', '30'))]";"[('interA', ('11', '39')), ('interA', ('17', '43')), ('interA', ('11', '59')), ('interA', ('46', '51')), ('interA', ('42', '51')), ('interA', ('43', '59'))]";"[['11', '2', '20', '3', '15', '43', '40', '28', '19', '4', '6', '46', '42', '58', '27', '1'], ['25', '57', '52', '59', '49', '16', '51', '44', '31', '47', '50', '53', '29', '24', '48'], ['39', '32', '14', '37', '7', '26', '30', '35', '12', '34', '13', '36', '33', '38'], ['8', '22', '18', '23', '17', '5', '21', '60'], ['55', '54', '45', '61', '10', '56', '9', '41']]";"[['25', '57', '52', '59', '49', '16', '51', '44', '31', '47', '50', '53', '29', '24', '48'], ['11', '20', '2', '3', '15', '43', '40', '28', '19', '6', '46', '42', '27'], ['39', '32', '7', '37', '26', '30', '35', '12', '34', '13', '36', '33', '38'], ['8', '22', '14', '18', '23', '17', '5', '4', '21', '60', '58', '1'], ['55', '54', '45', '61', '10', '56', '9', '41']]";"[['25', '57', '52', '59', '49', '16', '51', '44', '31', '47', '50', '53', '29', '24', '48'], ['39', '32', '14', '37', '7', '26', '30', '35', '12', '34', '13', '36', '33', '38'], ['11', '20', '2', '3', '15', '43', '40', '28', '19', '6', '46', '42', '27'], ['8', '22', '18', '23', '17', '5', '4', '21', '60', '58', '1'], ['55', '54', '45', '61', '10', '56', '9', '41']]";"[3, 1, 1, 3, 3, 1, 2, 3, 4, 4, 1, 2, 2, 3, 1, 0, 3, 3, 1, 1, 3, 3, 3, 0, 0, 2, 1, 1, 0, 2, 0, 2, 2, 2, 2, 2, 2, 2, 2, 1, 4, 1, 1, 0, 4, 1, 0, 0, 0, 0, 0, 0, 0, 4, 4, 4, 0, 3, 0, 3, 4]";"[0, 0, 0, 0, 3, 0, 2, 3, 4, 4, 0, 2, 2, 2, 0, 1, 3, 3, 0, 0, 3, 3, 3, 1, 1, 2, 0, 0, 1, 2, 1, 2, 2, 2, 2, 2, 2, 2, 2, 0, 4, 0, 0, 1, 4, 0, 1, 1, 1, 1, 1, 1, 1, 4, 4, 4, 1, 0, 1, 3, 4]";"[3, 1, 1, 3, 3, 1, 2, 3, 4, 4, 1, 2, 2, 3, 1, 0, 3, 3, 1, 1, 3, 3, 3, 0, 0, 2, 1, 1, 0, 2, 0, 2, 2, 2, 2, 2, 2, 2, 2, 1, 4, 1, 1, 0, 4, 1, 0, 0, 0, 0, 0, 0, 0, 4, 4, 4, 0, 3, 0, 3, 4]";"[3, 2, 2, 3, 3, 2, 1, 3, 4, 4, 2, 1, 1, 1, 2, 0, 3, 3, 2, 2, 3, 3, 3, 0, 0, 1, 2, 2, 0, 1, 0, 1, 1, 1, 1, 1, 1, 1, 1, 2, 4, 2, 2, 0, 4, 2, 0, 0, 0, 0, 0, 0, 0, 4, 4, 4, 0, 3, 0, 3, 4]"
18;1;"aucs";"flat_ec";6;0.4162;0.415;0.405;0.4027;"{'11': 0.125, '2': 0.45833333333333337, '20': 0.4730392156862745, '3': 0.625, '15': 0.34523809523809523, '43': 0.2916666666666667, '40': 0.5608974358974359, '28': 0.625, '19': 0.45833333333333337, '6': 0.45833333333333337, '46': 0.3125, '42': 0.3125, '27': 0.4166666666666667}";"{'11': 0.17045454545454547, '2': 0.40064102564102566, '20': 0.45833333333333337, '3': 0.625, '15': 0.34523809523809523, '43': 0.2916666666666667, '40': 0.5416666666666667, '28': 0.475, '19': 0.45833333333333337, '6': 0.45833333333333337, '46': 0.3611111111111111, '42': 0.3125, '27': 0.3611111111111111}";"{'11': 0.3125, '2': 0.45833333333333337, '20': 0.4730392156862745, '3': 0.625, '15': 0.34523809523809523, '43': 0.2916666666666667, '40': 0.5608974358974359, '28': 0.625, '19': 0.45833333333333337, '6': 0.45833333333333337, '46': 0.3125, '42': 0.3125, '27': 0.4166666666666667}";"{'11': 0.20833333333333331, '2': 0.45833333333333337, '20': 0.4730392156862745, '3': 0.625, '15': 0.34523809523809523, '43': 0.4166666666666667, '40': 0.5608974358974359, '28': 0.625, '19': 0.45833333333333337, '6': 0.45833333333333337, '46': 0.3611111111111111, '42': 0.3611111111111111, '27': 0.4166666666666667}";0.0;0.0;0.0;0.0;0.958151101963811;1.0;0.958151101963811;0.9636579250469968;1.0;0.9636579250469968;0.9427171277311563;1.0;0.9427171277311563;0.9460753496601964;1.0;0.9460753496601964;0.0013;0.0338;0.0057;"['11', '2', '20', '3', '15', '43', '40', '28', '19', '6', '46', '42', '27']";"[('interD', ('14', '20')), ('intraA', ('2', '28')), ('intraA', ('27', '28')), ('interA', ('46', '7')), ('interD', ('10', '40')), ('interA', ('11', '22'))]";"[('interA', ('11', '39')), ('interA', ('11', '32')), ('interA', ('11', '7')), ('interA', ('11', '37')), ('interA', ('11', '26')), ('interA', ('11', '30'))]";"[('interA', ('11', '36')), ('interA', ('10', '43')), ('interA', ('11', '47')), ('interA', ('46', '53')), ('interA', ('42', '51')), ('interA', ('43', '45'))]";"[['25', '57', '52', '59', '49', '16', '51', '44', '31', '47', '50', '53', '29', '24', '48'], ['39', '32', '14', '37', '7', '26', '30', '35', '12', '34', '13', '36', '33', '38'], ['11', '20', '2', '3', '15', '43', '40', '28', '19', '6', '46', '42', '27'], ['8', '22', '18', '23', '17', '5', '4', '21', '60', '58', '1'], ['55', '54', '45', '61', '10', '56', '9', '41']]";"[['25', '57', '52', '59', '49', '16', '51', '44', '31', '47', '50', '53', '29', '24', '48'], ['11', '20', '2', '3', '15', '43', '40', '28', '19', '6', '46', '42', '27'], ['39', '32', '7', '37', '26', '30', '35', '12', '34', '13', '36', '33', '38'], ['8', '22', '14', '18', '23', '17', '5', '4', '21', '60', '58', '1'], ['55', '54', '45', '61', '10', '56', '9', '41']]";"[['25', '57', '52', '59', '49', '16', '51', '44', '31', '47', '50', '53', '29', '24', '48'], ['39', '32', '14', '37', '7', '26', '30', '35', '12', '34', '13', '36', '33', '38'], ['11', '20', '2', '3', '15', '43', '40', '28', '19', '6', '46', '42', '27'], ['8', '22', '18', '23', '17', '5', '4', '21', '60', '58', '1'], ['55', '54', '45', '61', '10', '56', '9', '41']]";"[3, 1, 1, 3, 3, 1, 2, 3, 4, 4, 1, 2, 2, 3, 1, 0, 3, 3, 1, 1, 3, 3, 3, 0, 0, 2, 1, 1, 0, 2, 0, 2, 2, 2, 2, 2, 2, 2, 2, 1, 4, 1, 1, 0, 4, 1, 0, 0, 0, 0, 0, 0, 0, 4, 4, 4, 0, 3, 0, 3, 4]";"[3, 2, 2, 3, 3, 2, 1, 3, 4, 4, 2, 1, 1, 1, 2, 0, 3, 3, 2, 2, 3, 3, 3, 0, 0, 1, 2, 2, 0, 1, 0, 1, 1, 1, 1, 1, 1, 1, 1, 2, 4, 2, 2, 0, 4, 2, 0, 0, 0, 0, 0, 0, 0, 4, 4, 4, 0, 3, 0, 3, 4]";"[3, 1, 1, 3, 3, 1, 2, 3, 4, 4, 1, 2, 2, 3, 1, 0, 3, 3, 1, 1, 3, 3, 3, 0, 0, 2, 1, 1, 0, 2, 0, 2, 2, 2, 2, 2, 2, 2, 2, 1, 4, 1, 1, 0, 4, 1, 0, 0, 0, 0, 0, 0, 0, 4, 4, 4, 0, 3, 0, 3, 4]";"[3, 2, 2, 3, 3, 2, 1, 3, 4, 4, 2, 1, 1, 1, 2, 0, 3, 3, 2, 2, 3, 3, 3, 0, 0, 1, 2, 2, 0, 1, 0, 1, 1, 1, 1, 1, 1, 1, 1, 2, 4, 2, 2, 0, 4, 2, 0, 0, 0, 0, 0, 0, 0, 4, 4, 4, 0, 3, 0, 3, 4]"
19;1;"aucs";"flat_ec";6;0.4162;0.4218;0.405;0.4057;"{'11': 0.125, '2': 0.45833333333333337, '20': 0.4730392156862745, '3': 0.625, '15': 0.34523809523809523, '43': 0.2916666666666667, '40': 0.5608974358974359, '28': 0.625, '19': 0.45833333333333337, '6': 0.45833333333333337, '46': 0.3125, '42': 0.3125, '27': 0.4166666666666667}";"{'11': 0.08333333333333333, '2': 0.45833333333333337, '20': 0.41666666666666663, '3': 0.6151960784313726, '15': 0.34523809523809523, '43': 0.2916666666666667, '40': 0.5189393939393939, '28': 0.625, '19': 0.4916666666666667, '6': 0.4, '46': 0.3125, '42': 0.2638888888888889, '27': 0.4166666666666667}";"{'11': 0.3125, '2': 0.45833333333333337, '20': 0.4730392156862745, '3': 0.625, '15': 0.34523809523809523, '43': 0.2916666666666667, '40': 0.5608974358974359, '28': 0.625, '19': 0.45833333333333337, '6': 0.45833333333333337, '46': 0.3125, '42': 0.3125, '27': 0.4166666666666667}";"{'11': 0.20833333333333331, '2': 0.45833333333333337, '20': 0.4730392156862745, '3': 0.625, '15': 0.34523809523809523, '43': 0.4166666666666667, '40': 0.5608974358974359, '28': 0.625, '19': 0.45833333333333337, '6': 0.45833333333333337, '46': 0.3611111111111111, '42': 0.3611111111111111, '27': 0.4166666666666667}";0.0;0.0;0.0;0.0;1.0;1.0;1.0;1.0;1.0;1.0;1.0;1.0;1.0;1.0;1.0;1.0;0.0016;0.0341;0.0069;"['11', '2', '20', '3', '15', '43', '40', '28', '19', '6', '46', '42', '27']";"[('intraA', ('11', '6')), ('intraA', ('20', '42')), ('interD', ('40', '44')), ('interD', ('3', '59')), ('interD', ('10', '40')), ('interA', ('19', '44'))]";"[('interA', ('11', '39')), ('interA', ('11', '32')), ('interA', ('11', '7')), ('interA', ('11', '37')), ('interA', ('11', '26')), ('interA', ('11', '30'))]";"[('interA', ('11', '31')), ('interA', ('4', '43')), ('interA', ('11', '39')), ('interA', ('35', '46')), ('interA', ('26', '42')), ('interA', ('43', '5'))]";"[['25', '57', '52', '59', '49', '16', '51', '44', '31', '47', '50', '53', '29', '24', '48'], ['39', '32', '7', '37', '26', '30', '35', '12', '34', '13', '36', '33', '38'], ['11', '20', '2', '3', '15', '43', '40', '28', '19', '6', '46', '42', '27'], ['8', '22', '14', '18', '23', '17', '5', '4', '21', '60', '58', '1'], ['55', '54', '45', '61', '10', '56', '9', '41']]";"[['25', '57', '52', '59', '49', '16', '51', '44', '31', '47', '50', '53', '29', '24', '48'], ['39', '32', '7', '37', '26', '30', '35', '12', '34', '13', '36', '33', '38'], ['11', '20', '2', '3', '15', '43', '40', '28', '19', '6', '46', '42', '27'], ['8', '22', '14', '18', '23', '17', '5', '4', '21', '60', '58', '1'], ['55', '54', '45', '61', '10', '56', '9', '41']]";"[['25', '57', '52', '59', '49', '16', '51', '44', '31', '47', '50', '53', '29', '24', '48'], ['39', '32', '7', '37', '26', '30', '35', '12', '34', '13', '36', '33', '38'], ['11', '20', '2', '3', '15', '43', '40', '28', '19', '6', '46', '42', '27'], ['8', '22', '14', '18', '23', '17', '5', '4', '21', '60', '58', '1'], ['55', '54', '45', '61', '10', '56', '9', '41']]";"[3, 1, 1, 3, 3, 1, 2, 3, 4, 4, 1, 2, 2, 3, 1, 0, 3, 3, 1, 1, 3, 3, 3, 0, 0, 2, 1, 1, 0, 2, 0, 2, 2, 2, 2, 2, 2, 2, 2, 1, 4, 1, 1, 0, 4, 1, 0, 0, 0, 0, 0, 0, 0, 4, 4, 4, 0, 3, 0, 3, 4]";"[3, 2, 2, 3, 3, 2, 1, 3, 4, 4, 2, 1, 1, 3, 2, 0, 3, 3, 2, 2, 3, 3, 3, 0, 0, 1, 2, 2, 0, 1, 0, 1, 1, 1, 1, 1, 1, 1, 1, 2, 4, 2, 2, 0, 4, 2, 0, 0, 0, 0, 0, 0, 0, 4, 4, 4, 0, 3, 0, 3, 4]";"[3, 2, 2, 3, 3, 2, 1, 3, 4, 4, 2, 1, 1, 3, 2, 0, 3, 3, 2, 2, 3, 3, 3, 0, 0, 1, 2, 2, 0, 1, 0, 1, 1, 1, 1, 1, 1, 1, 1, 2, 4, 2, 2, 0, 4, 2, 0, 0, 0, 0, 0, 0, 0, 4, 4, 4, 0, 3, 0, 3, 4]";"[3, 2, 2, 3, 3, 2, 1, 3, 4, 4, 2, 1, 1, 3, 2, 0, 3, 3, 2, 2, 3, 3, 3, 0, 0, 1, 2, 2, 0, 1, 0, 1, 1, 1, 1, 1, 1, 1, 1, 2, 4, 2, 2, 0, 4, 2, 0, 0, 0, 0, 0, 0, 0, 4, 4, 4, 0, 3, 0, 3, 4]"
0;2;"aucs";"flat_ec";6;0.4162;0.4125;0.404;0.4057;"{'39': 0.30833333333333335, '32': 0.3214285714285714, '7': 0.17045454545454547, '37': 0.2916666666666667, '26': 0.3472222222222222, '30': 0.08012820512820512, '35': 0.293859649122807, '12': 0.125, '34': 0.26785714285714285, '13': 0.3205128205128205, '36': 0.14166666666666666, '33': 0.17045454545454547, '38': 0.4226190476190476}";"{'39': 0.30833333333333335, '32': 0.3214285714285714, '7': 0.17045454545454547, '37': 0.2916666666666667, '26': 0.3472222222222222, '30': 0.125, '35': 0.293859649122807, '12': 0.125, '34': 0.21666666666666667, '13': 0.29166666666666663, '36': 0.19047619047619047, '33': 0.17045454545454547, '38': 0.44166666666666665}";"{'39': 0.45833333333333337, '32': 0.3214285714285714, '7': 0.17045454545454547, '37': 0.2916666666666667, '26': 0.3472222222222222, '30': 0.08012820512820512, '35': 0.293859649122807, '12': 0.125, '34': 0.26785714285714285, '13': 0.3205128205128205, '36': 0.14166666666666666, '33': 0.17045454545454547, '38': 0.4226190476190476}";"{'39': 0.30833333333333335, '32': 0.3214285714285714, '7': 0.20833333333333331, '37': 0.2916666666666667, '26': 0.3472222222222222, '30': 0.14166666666666666, '35': 0.293859649122807, '12': 0.19047619047619047, '34': 0.26785714285714285, '13': 0.3205128205128205, '36': 0.14166666666666666, '33': 0.20833333333333331, '38': 0.4226190476190476}";0.0;0.0;0.0;0.0;1.0;1.0;1.0;1.0;1.0;1.0;1.0;1.0;1.0;1.0;1.0;1.0;0.0013;0.0304;0.0074;"['39', '32', '7', '37', '26', '30', '35', '12', '34', '13', '36', '33', '38']";"[('intraA', ('26', '7')), ('interA', ('11', '13')), ('intraA', ('13', '34')), ('intraD', ('36', '7')), ('interA', ('38', '60')), ('intraD', ('26', '30'))]";"[('interA', ('25', '39')), ('interA', ('39', '57')), ('interA', ('39', '52')), ('interA', ('39', '59')), ('interA', ('39', '49')), ('interA', ('16', '39'))]";"[('interA', ('30', '61')), ('interA', ('12', '9')), ('interA', ('5', '7')), ('interA', ('33', '6')), ('interA', ('22', '30')), ('interA', ('12', '4'))]";"[['25', '57', '52', '59', '49', '16', '51', '44', '31', '47', '50', '53', '29', '24', '48'], ['39', '32', '7', '37', '26', '30', '35', '12', '34', '13', '36', '33', '38'], ['11', '20', '2', '3', '15', '43', '40', '28', '19', '6', '46', '42', '27'], ['8', '22', '14', '18', '23', '17', '5', '4', '21', '60', '58', '1'], ['55', '54', '45', '61', '10', '56', '9', '41']]";"[['25', '57', '52', '59', '49', '16', '51', '44', '31', '47', '50', '53', '29', '24', '48'], ['11', '20', '2', '3', '15', '43', '40', '28', '19', '6', '46', '42', '27'], ['39', '32', '7', '37', '26', '30', '35', '12', '34', '13', '36', '33', '38'], ['8', '22', '14', '18', '23', '17', '5', '4', '21', '60', '58', '1'], ['55', '54', '45', '61', '10', '56', '9', '41']]";"[['25', '57', '52', '59', '49', '16', '51', '44', '31', '47', '50', '53', '29', '24', '48'], ['11', '20', '2', '3', '15', '43', '40', '28', '19', '6', '46', '42', '27'], ['39', '32', '7', '37', '26', '30', '35', '12', '34', '13', '36', '33', '38'], ['8', '22', '14', '18', '23', '17', '5', '4', '21', '60', '58', '1'], ['55', '54', '45', '61', '10', '56', '9', '41']]";"[3, 1, 1, 3, 3, 1, 2, 3, 4, 4, 1, 2, 2, 3, 1, 0, 3, 3, 1, 1, 3, 3, 3, 0, 0, 2, 1, 1, 0, 2, 0, 2, 2, 2, 2, 2, 2, 2, 2, 1, 4, 1, 1, 0, 4, 1, 0, 0, 0, 0, 0, 0, 0, 4, 4, 4, 0, 3, 0, 3, 4]";"[3, 2, 2, 3, 3, 2, 1, 3, 4, 4, 2, 1, 1, 3, 2, 0, 3, 3, 2, 2, 3, 3, 3, 0, 0, 1, 2, 2, 0, 1, 0, 1, 1, 1, 1, 1, 1, 1, 1, 2, 4, 2, 2, 0, 4, 2, 0, 0, 0, 0, 0, 0, 0, 4, 4, 4, 0, 3, 0, 3, 4]";"[3, 1, 1, 3, 3, 1, 2, 3, 4, 4, 1, 2, 2, 3, 1, 0, 3, 3, 1, 1, 3, 3, 3, 0, 0, 2, 1, 1, 0, 2, 0, 2, 2, 2, 2, 2, 2, 2, 2, 1, 4, 1, 1, 0, 4, 1, 0, 0, 0, 0, 0, 0, 0, 4, 4, 4, 0, 3, 0, 3, 4]";"[3, 1, 1, 3, 3, 1, 2, 3, 4, 4, 1, 2, 2, 3, 1, 0, 3, 3, 1, 1, 3, 3, 3, 0, 0, 2, 1, 1, 0, 2, 0, 2, 2, 2, 2, 2, 2, 2, 2, 1, 4, 1, 1, 0, 4, 1, 0, 0, 0, 0, 0, 0, 0, 4, 4, 4, 0, 3, 0, 3, 4]"
1;2;"aucs";"flat_ec";6;0.4162;0.4174;0.404;0.405;"{'39': 0.30833333333333335, '32': 0.3214285714285714, '7': 0.17045454545454547, '37': 0.2916666666666667, '26': 0.3472222222222222, '30': 0.08012820512820512, '35': 0.293859649122807, '12': 0.125, '34': 0.26785714285714285, '13': 0.3205128205128205, '36': 0.14166666666666666, '33': 0.17045454545454547, '38': 0.4226190476190476}";"{'39': 0.30833333333333335, '32': 0.3214285714285714, '7': 0.21666666666666667, '37': 0.2916666666666667, '26': 0.293859649122807, '30': 0.125, '35': 0.293859649122807, '12': 0.125, '34': 0.21666666666666667, '13': 0.23958333333333331, '36': 0.11309523809523808, '33': 0.125, '38': 0.3666666666666667}";"{'39': 0.45833333333333337, '32': 0.3214285714285714, '7': 0.17045454545454547, '37': 0.2916666666666667, '26': 0.3472222222222222, '30': 0.08012820512820512, '35': 0.293859649122807, '12': 0.125, '34': 0.26785714285714285, '13': 0.3205128205128205, '36': 0.14166666666666666, '33': 0.17045454545454547, '38': 0.4226190476190476}";"{'39': 0.30833333333333335, '32': 0.3214285714285714, '7': 0.20833333333333331, '37': 0.2916666666666667, '26': 0.3472222222222222, '30': 0.14166666666666666, '35': 0.293859649122807, '12': 0.19047619047619047, '34': 0.26785714285714285, '13': 0.3205128205128205, '36': 0.14166666666666666, '33': 0.20833333333333331, '38': 0.4226190476190476}";0.0;0.0;0.0;0.0;1.0;1.0;1.0;1.0;1.0;1.0;1.0;1.0;1.0;1.0;1.0;1.0;0.0012;0.0304;0.0071;"['39', '32', '7', '37', '26', '30', '35', '12', '34', '13', '36', '33', '38']";"[('intraA', ('13', '33')), ('intraD', ('30', '7')), ('interD', ('36', '54')), ('interA', ('13', '5')), ('intraA', ('13', '34')), ('intraA', ('26', '38'))]";"[('interA', ('25', '39')), ('interA', ('39', '57')), ('interA', ('39', '52')), ('interA', ('39', '59')), ('interA', ('39', '49')), ('interA', ('16', '39'))]";"[('interA', ('30', '43')), ('interA', ('12', '6')), ('interA', ('24', '7')), ('interA', ('33', '45')), ('interA', ('30', '52')), ('interA', ('12', '22'))]";"[['25', '57', '52', '59', '49', '16', '51', '44', '31', '47', '50', '53', '29', '24', '48'], ['11', '20', '2', '3', '15', '43', '40', '28', '19', '6', '46', '42', '27'], ['39', '32', '7', '37', '26', '30', '35', '12', '34', '13', '36', '33', '38'], ['8', '22', '14', '18', '23', '17', '5', '4', '21', '60', '58', '1'], ['55', '54', '45', '61', '10', '56', '9', '41']]";"[['25', '57', '52', '59', '49', '16', '51', '44', '31', '47', '50', '53', '29', '24', '48'], ['11', '20', '2', '3', '15', '43', '40', '28', '19', '6', '46', '42', '27'], ['39', '32', '7', '37', '26', '30', '35', '12', '34', '13', '36', '33', '38'], ['8', '22', '14', '18', '23', '17', '5', '4', '21', '60', '58', '1'], ['55', '54', '45', '61', '10', '56', '9', '41']]";"[['25', '57', '52', '59', '49', '16', '51', '44', '31', '47', '50', '53', '29', '24', '48'], ['39', '32', '7', '37', '26', '30', '35', '12', '34', '13', '36', '33', '38'], ['11', '20', '2', '3', '15', '43', '40', '28', '19', '6', '46', '42', '27'], ['8', '22', '14', '18', '23', '17', '5', '4', '21', '60', '58', '1'], ['55', '54', '45', '61', '10', '56', '9', '41']]";"[3, 1, 1, 3, 3, 1, 2, 3, 4, 4, 1, 2, 2, 3, 1, 0, 3, 3, 1, 1, 3, 3, 3, 0, 0, 2, 1, 1, 0, 2, 0, 2, 2, 2, 2, 2, 2, 2, 2, 1, 4, 1, 1, 0, 4, 1, 0, 0, 0, 0, 0, 0, 0, 4, 4, 4, 0, 3, 0, 3, 4]";"[3, 1, 1, 3, 3, 1, 2, 3, 4, 4, 1, 2, 2, 3, 1, 0, 3, 3, 1, 1, 3, 3, 3, 0, 0, 2, 1, 1, 0, 2, 0, 2, 2, 2, 2, 2, 2, 2, 2, 1, 4, 1, 1, 0, 4, 1, 0, 0, 0, 0, 0, 0, 0, 4, 4, 4, 0, 3, 0, 3, 4]";"[3, 1, 1, 3, 3, 1, 2, 3, 4, 4, 1, 2, 2, 3, 1, 0, 3, 3, 1, 1, 3, 3, 3, 0, 0, 2, 1, 1, 0, 2, 0, 2, 2, 2, 2, 2, 2, 2, 2, 1, 4, 1, 1, 0, 4, 1, 0, 0, 0, 0, 0, 0, 0, 4, 4, 4, 0, 3, 0, 3, 4]";"[3, 2, 2, 3, 3, 2, 1, 3, 4, 4, 2, 1, 1, 3, 2, 0, 3, 3, 2, 2, 3, 3, 3, 0, 0, 1, 2, 2, 0, 1, 0, 1, 1, 1, 1, 1, 1, 1, 1, 2, 4, 2, 2, 0, 4, 2, 0, 0, 0, 0, 0, 0, 0, 4, 4, 4, 0, 3, 0, 3, 4]"
2;2;"aucs";"flat_ec";6;0.4162;0.4194;0.404;0.4053;"{'39': 0.30833333333333335, '32': 0.3214285714285714, '7': 0.17045454545454547, '37': 0.2916666666666667, '26': 0.3472222222222222, '30': 0.08012820512820512, '35': 0.293859649122807, '12': 0.125, '34': 0.26785714285714285, '13': 0.3205128205128205, '36': 0.14166666666666666, '33': 0.17045454545454547, '38': 0.4226190476190476}";"{'39': 0.25757575757575757, '32': 0.293859649122807, '7': 0.17045454545454547, '37': 0.2916666666666667, '26': 0.3472222222222222, '30': 0.11309523809523808, '35': 0.293859649122807, '12': 0.16025641025641024, '34': 0.26785714285714285, '13': 0.3205128205128205, '36': 0.14166666666666666, '33': 0.08333333333333333, '38': 0.4226190476190476}";"{'39': 0.45833333333333337, '32': 0.3214285714285714, '7': 0.17045454545454547, '37': 0.2916666666666667, '26': 0.3472222222222222, '30': 0.08012820512820512, '35': 0.293859649122807, '12': 0.125, '34': 0.26785714285714285, '13': 0.3205128205128205, '36': 0.14166666666666666, '33': 0.17045454545454547, '38': 0.4226190476190476}";"{'39': 0.30833333333333335, '32': 0.3214285714285714, '7': 0.20833333333333331, '37': 0.2916666666666667, '26': 0.3472222222222222, '30': 0.14166666666666666, '35': 0.293859649122807, '12': 0.19047619047619047, '34': 0.26785714285714285, '13': 0.3205128205128205, '36': 0.14166666666666666, '33': 0.20833333333333331, '38': 0.4226190476190476}";0.0;0.0;0.0;0.0;1.0;1.0;1.0;1.0;1.0;1.0;1.0;1.0;1.0;1.0;1.0;1.0;0.0012;0.0304;0.0077;"['39', '32', '7', '37', '26', '30', '35', '12', '34', '13', '36', '33', '38']";"[('interA', ('17', '30')), ('interD', ('32', '47')), ('intraA', ('33', '39')), ('interA', ('12', '61')), ('interD', ('32', '52')), ('interD', ('14', '33'))]";"[('interA', ('25', '39')), ('interA', ('39', '57')), ('interA', ('39', '52')), ('interA', ('39', '59')), ('interA', ('39', '49')), ('interA', ('16', '39'))]";"[('interA', ('17', '30')), ('interA', ('12', '58')), ('interA', ('42', '7')), ('interA', ('21', '33')), ('interA', ('30', '60')), ('interA', ('12', '19'))]";"[['25', '57', '52', '59', '49', '16', '51', '44', '31', '47', '50', '53', '29', '24', '48'], ['11', '20', '2', '3', '15', '43', '40', '28', '19', '6', '46', '42', '27'], ['39', '32', '7', '37', '26', '30', '35', '12', '34', '13', '36', '33', '38'], ['8', '22', '14', '18', '23', '17', '5', '4', '21', '60', '58', '1'], ['55', '54', '45', '61', '10', '56', '9', '41']]";"[['25', '57', '52', '59', '49', '16', '51', '44', '31', '47', '50', '53', '29', '24', '48'], ['11', '20', '2', '3', '15', '43', '40', '28', '19', '6', '46', '42', '27'], ['39', '32', '7', '37', '26', '30', '35', '12', '34', '13', '36', '33', '38'], ['8', '22', '14', '18', '23', '17', '5', '4', '21', '60', '58', '1'], ['55', '54', '45', '61', '10', '56', '9', '41']]";"[['25', '57', '52', '59', '49', '16', '51', '44', '31', '47', '50', '53', '29', '24', '48'], ['11', '20', '2', '3', '15', '43', '40', '28', '19', '6', '46', '42', '27'], ['39', '32', '7', '37', '26', '30', '35', '12', '34', '13', '36', '33', '38'], ['8', '22', '14', '18', '23', '17', '5', '4', '21', '60', '58', '1'], ['55', '54', '45', '61', '10', '56', '9', '41']]";"[3, 1, 1, 3, 3, 1, 2, 3, 4, 4, 1, 2, 2, 3, 1, 0, 3, 3, 1, 1, 3, 3, 3, 0, 0, 2, 1, 1, 0, 2, 0, 2, 2, 2, 2, 2, 2, 2, 2, 1, 4, 1, 1, 0, 4, 1, 0, 0, 0, 0, 0, 0, 0, 4, 4, 4, 0, 3, 0, 3, 4]";"[3, 1, 1, 3, 3, 1, 2, 3, 4, 4, 1, 2, 2, 3, 1, 0, 3, 3, 1, 1, 3, 3, 3, 0, 0, 2, 1, 1, 0, 2, 0, 2, 2, 2, 2, 2, 2, 2, 2, 1, 4, 1, 1, 0, 4, 1, 0, 0, 0, 0, 0, 0, 0, 4, 4, 4, 0, 3, 0, 3, 4]";"[3, 1, 1, 3, 3, 1, 2, 3, 4, 4, 1, 2, 2, 3, 1, 0, 3, 3, 1, 1, 3, 3, 3, 0, 0, 2, 1, 1, 0, 2, 0, 2, 2, 2, 2, 2, 2, 2, 2, 1, 4, 1, 1, 0, 4, 1, 0, 0, 0, 0, 0, 0, 0, 4, 4, 4, 0, 3, 0, 3, 4]";"[3, 1, 1, 3, 3, 1, 2, 3, 4, 4, 1, 2, 2, 3, 1, 0, 3, 3, 1, 1, 3, 3, 3, 0, 0, 2, 1, 1, 0, 2, 0, 2, 2, 2, 2, 2, 2, 2, 2, 1, 4, 1, 1, 0, 4, 1, 0, 0, 0, 0, 0, 0, 0, 4, 4, 4, 0, 3, 0, 3, 4]"
3;2;"aucs";"flat_ec";6;0.4162;0.4119;0.404;0.4047;"{'39': 0.30833333333333335, '32': 0.3214285714285714, '7': 0.17045454545454547, '37': 0.2916666666666667, '26': 0.3472222222222222, '30': 0.08012820512820512, '35': 0.293859649122807, '12': 0.125, '34': 0.26785714285714285, '13': 0.3205128205128205, '36': 0.14166666666666666, '33': 0.17045454545454547, '38': 0.4226190476190476}";"{'39': 0.30833333333333335, '32': 0.3214285714285714, '7': 0.21666666666666667, '37': 0.2916666666666667, '26': 0.293859649122807, '30': 0.125, '35': 0.33088235294117646, '12': 0.17045454545454547, '34': 0.26785714285714285, '13': 0.375, '36': 0.16666666666666666, '33': 0.17045454545454547, '38': 0.4226190476190476}";"{'39': 0.45833333333333337, '32': 0.3214285714285714, '7': 0.17045454545454547, '37': 0.2916666666666667, '26': 0.3472222222222222, '30': 0.08012820512820512, '35': 0.293859649122807, '12': 0.125, '34': 0.26785714285714285, '13': 0.3205128205128205, '36': 0.14166666666666666, '33': 0.17045454545454547, '38': 0.4226190476190476}";"{'39': 0.30833333333333335, '32': 0.3214285714285714, '7': 0.20833333333333331, '37': 0.2916666666666667, '26': 0.3472222222222222, '30': 0.14166666666666666, '35': 0.293859649122807, '12': 0.19047619047619047, '34': 0.26785714285714285, '13': 0.3205128205128205, '36': 0.14166666666666666, '33': 0.20833333333333331, '38': 0.4226190476190476}";0.0;0.0357142857142857;0.0;0.0;0.958151101963811;1.0;1.0;0.9636579250469968;1.0;1.0;0.973324160467816;1.0;1.0;0.9743587977088658;1.0;1.0;0.0012;0.031;0.0071;"['39', '32', '7', '37', '26', '30', '35', '12', '34', '13', '36', '33', '38']";"[('intraD', ('13', '7')), ('intraD', ('30', '35')), ('intraD', ('12', '38')), ('interA', ('36', '4')), ('intraA', ('26', '38')), ('interD', ('31', '35'))]";"[('interA', ('25', '39')), ('interA', ('39', '57')), ('interA', ('39', '52')), ('interA', ('39', '59')), ('interA', ('39', '49')), ('interA', ('16', '39'))]";"[('interA', ('25', '30')), ('interA', ('12', '41')), ('interA', ('59', '7')), ('interA', ('31', '33')), ('interA', ('30', '48')), ('interA', ('12', '18'))]";"[['25', '57', '52', '59', '49', '16', '51', '44', '31', '47', '50', '53', '29', '24', '48'], ['39', '32', '14', '37', '7', '26', '30', '35', '12', '34', '13', '36', '33', '38'], ['11', '20', '2', '3', '15', '43', '40', '28', '19', '6', '46', '42', '27'], ['8', '22', '18', '23', '17', '5', '4', '21', '60', '58', '1'], ['55', '54', '45', '61', '10', '56', '9', '41']]";"[['25', '57', '52', '59', '49', '16', '51', '44', '31', '47', '50', '53', '29', '24', '48'], ['11', '20', '2', '3', '15', '43', '40', '28', '19', '6', '46', '42', '27'], ['39', '32', '7', '37', '26', '30', '35', '12', '34', '13', '36', '33', '38'], ['8', '22', '14', '18', '23', '17', '5', '4', '21', '60', '58', '1'], ['55', '54', '45', '61', '10', '56', '9', '41']]";"[['25', '57', '52', '59', '49', '16', '51', '44', '31', '47', '50', '53', '29', '24', '48'], ['11', '20', '2', '3', '15', '43', '40', '28', '19', '6', '46', '42', '27'], ['39', '32', '7', '37', '26', '30', '35', '12', '34', '13', '36', '33', '38'], ['8', '22', '14', '18', '23', '17', '5', '4', '21', '60', '58', '1'], ['55', '54', '45', '61', '10', '56', '9', '41']]";"[3, 1, 1, 3, 3, 1, 2, 3, 4, 4, 1, 2, 2, 3, 1, 0, 3, 3, 1, 1, 3, 3, 3, 0, 0, 2, 1, 1, 0, 2, 0, 2, 2, 2, 2, 2, 2, 2, 2, 1, 4, 1, 1, 0, 4, 1, 0, 0, 0, 0, 0, 0, 0, 4, 4, 4, 0, 3, 0, 3, 4]";"[3, 2, 2, 3, 3, 2, 1, 3, 4, 4, 2, 1, 1, 1, 2, 0, 3, 3, 2, 2, 3, 3, 3, 0, 0, 1, 2, 2, 0, 1, 0, 1, 1, 1, 1, 1, 1, 1, 1, 2, 4, 2, 2, 0, 4, 2, 0, 0, 0, 0, 0, 0, 0, 4, 4, 4, 0, 3, 0, 3, 4]";"[3, 1, 1, 3, 3, 1, 2, 3, 4, 4, 1, 2, 2, 3, 1, 0, 3, 3, 1, 1, 3, 3, 3, 0, 0, 2, 1, 1, 0, 2, 0, 2, 2, 2, 2, 2, 2, 2, 2, 1, 4, 1, 1, 0, 4, 1, 0, 0, 0, 0, 0, 0, 0, 4, 4, 4, 0, 3, 0, 3, 4]";"[3, 1, 1, 3, 3, 1, 2, 3, 4, 4, 1, 2, 2, 3, 1, 0, 3, 3, 1, 1, 3, 3, 3, 0, 0, 2, 1, 1, 0, 2, 0, 2, 2, 2, 2, 2, 2, 2, 2, 1, 4, 1, 1, 0, 4, 1, 0, 0, 0, 0, 0, 0, 0, 4, 4, 4, 0, 3, 0, 3, 4]"
4;2;"aucs";"flat_ec";6;0.4162;0.419;0.404;0.4055;"{'39': 0.30833333333333335, '32': 0.3214285714285714, '7': 0.17045454545454547, '37': 0.2916666666666667, '26': 0.3472222222222222, '30': 0.08012820512820512, '35': 0.293859649122807, '12': 0.125, '34': 0.26785714285714285, '13': 0.3205128205128205, '36': 0.14166666666666666, '33': 0.17045454545454547, '38': 0.4226190476190476}";"{'39': 0.25757575757575757, '32': 0.36184210526315785, '7': 0.20833333333333331, '37': 0.2916666666666667, '26': 0.293859649122807, '30': 0.08012820512820512, '35': 0.293859649122807, '12': 0.17045454545454547, '34': 0.26785714285714285, '13': 0.3205128205128205, '36': 0.14166666666666666, '33': 0.125, '38': 0.34523809523809523}";"{'39': 0.45833333333333337, '32': 0.3214285714285714, '7': 0.17045454545454547, '37': 0.2916666666666667, '26': 0.3472222222222222, '30': 0.08012820512820512, '35': 0.293859649122807, '12': 0.125, '34': 0.26785714285714285, '13': 0.3205128205128205, '36': 0.14166666666666666, '33': 0.17045454545454547, '38': 0.4226190476190476}";"{'39': 0.30833333333333335, '32': 0.3214285714285714, '7': 0.20833333333333331, '37': 0.2916666666666667, '26': 0.3472222222222222, '30': 0.14166666666666666, '35': 0.293859649122807, '12': 0.19047619047619047, '34': 0.26785714285714285, '13': 0.3205128205128205, '36': 0.14166666666666666, '33': 0.20833333333333331, '38': 0.4226190476190476}";0.0;0.0;0.0;0.0;1.0;1.0;1.0;1.0;1.0;1.0;1.0;1.0;1.0;1.0;1.0;1.0;0.0012;0.0302;0.0079;"['39', '32', '7', '37', '26', '30', '35', '12', '34', '13', '36', '33', '38']";"[('interA', ('25', '7')), ('interD', ('38', '59')), ('intraD', ('12', '32')), ('intraA', ('26', '38')), ('interD', ('32', '52')), ('intraA', ('33', '39'))]";"[('interA', ('25', '39')), ('interA', ('39', '57')), ('interA', ('39', '52')), ('interA', ('39', '59')), ('interA', ('39', '49')), ('interA', ('16', '39'))]";"[('interA', ('30', '5')), ('interA', ('12', '17')), ('interA', ('41', '7')), ('interA', ('33', '57')), ('interA', ('30', '43')), ('interA', ('12', '45'))]";"[['25', '57', '52', '59', '49', '16', '51', '44', '31', '47', '50', '53', '29', '24', '48'], ['39', '32', '7', '37', '26', '30', '35', '12', '34', '13', '36', '33', '38'], ['11', '20', '2', '3', '15', '43', '40', '28', '19', '6', '46', '42', '27'], ['8', '22', '14', '18', '23', '17', '5', '4', '21', '60', '58', '1'], ['55', '54', '45', '61', '10', '56', '9', '41']]";"[['25', '57', '52', '59', '49', '16', '51', '44', '31', '47', '50', '53', '29', '24', '48'], ['11', '20', '2', '3', '15', '43', '40', '28', '19', '6', '46', '42', '27'], ['39', '32', '7', '37', '26', '30', '35', '12', '34', '13', '36', '33', '38'], ['8', '22', '14', '18', '23', '17', '5', '4', '21', '60', '58', '1'], ['55', '54', '45', '61', '10', '56', '9', '41']]";"[['25', '57', '52', '59', '49', '16', '51', '44', '31', '47', '50', '53', '29', '24', '48'], ['11', '20', '2', '3', '15', '43', '40', '28', '19', '6', '46', '42', '27'], ['39', '32', '7', '37', '26', '30', '35', '12', '34', '13', '36', '33', '38'], ['8', '22', '14', '18', '23', '17', '5', '4', '21', '60', '58', '1'], ['55', '54', '45', '61', '10', '56', '9', '41']]";"[3, 1, 1, 3, 3, 1, 2, 3, 4, 4, 1, 2, 2, 3, 1, 0, 3, 3, 1, 1, 3, 3, 3, 0, 0, 2, 1, 1, 0, 2, 0, 2, 2, 2, 2, 2, 2, 2, 2, 1, 4, 1, 1, 0, 4, 1, 0, 0, 0, 0, 0, 0, 0, 4, 4, 4, 0, 3, 0, 3, 4]";"[3, 2, 2, 3, 3, 2, 1, 3, 4, 4, 2, 1, 1, 3, 2, 0, 3, 3, 2, 2, 3, 3, 3, 0, 0, 1, 2, 2, 0, 1, 0, 1, 1, 1, 1, 1, 1, 1, 1, 2, 4, 2, 2, 0, 4, 2, 0, 0, 0, 0, 0, 0, 0, 4, 4, 4, 0, 3, 0, 3, 4]";"[3, 1, 1, 3, 3, 1, 2, 3, 4, 4, 1, 2, 2, 3, 1, 0, 3, 3, 1, 1, 3, 3, 3, 0, 0, 2, 1, 1, 0, 2, 0, 2, 2, 2, 2, 2, 2, 2, 2, 1, 4, 1, 1, 0, 4, 1, 0, 0, 0, 0, 0, 0, 0, 4, 4, 4, 0, 3, 0, 3, 4]";"[3, 1, 1, 3, 3, 1, 2, 3, 4, 4, 1, 2, 2, 3, 1, 0, 3, 3, 1, 1, 3, 3, 3, 0, 0, 2, 1, 1, 0, 2, 0, 2, 2, 2, 2, 2, 2, 2, 2, 1, 4, 1, 1, 0, 4, 1, 0, 0, 0, 0, 0, 0, 0, 4, 4, 4, 0, 3, 0, 3, 4]"
5;2;"aucs";"flat_ec";6;0.4162;0.4125;0.404;0.4004;"{'39': 0.30833333333333335, '32': 0.3214285714285714, '7': 0.17045454545454547, '37': 0.2916666666666667, '26': 0.3472222222222222, '30': 0.08012820512820512, '35': 0.293859649122807, '12': 0.125, '34': 0.26785714285714285, '13': 0.3205128205128205, '36': 0.14166666666666666, '33': 0.17045454545454547, '38': 0.4226190476190476}";"{'39': 0.30833333333333335, '32': 0.3214285714285714, '7': 0.125, '37': 0.2916666666666667, '26': 0.3472222222222222, '30': 0.125, '35': 0.293859649122807, '12': 0.125, '34': 0.21666666666666667, '13': 0.26785714285714285, '36': 0.19047619047619047, '33': 0.17045454545454547, '38': 0.5166666666666666}";"{'39': 0.45833333333333337, '32': 0.3214285714285714, '7': 0.17045454545454547, '37': 0.2916666666666667, '26': 0.3472222222222222, '30': 0.08012820512820512, '35': 0.293859649122807, '12': 0.125, '34': 0.26785714285714285, '13': 0.3205128205128205, '36': 0.14166666666666666, '33': 0.17045454545454547, '38': 0.4226190476190476}";"{'39': 0.30833333333333335, '32': 0.3214285714285714, '7': 0.20833333333333331, '37': 0.2916666666666667, '26': 0.3472222222222222, '30': 0.14166666666666666, '35': 0.293859649122807, '12': 0.19047619047619047, '34': 0.26785714285714285, '13': 0.3205128205128205, '36': 0.14166666666666666, '33': 0.20833333333333331, '38': 0.4226190476190476}";0.0;0.0;0.0;0.1904761904761904;1.0;1.0;0.8364569101080147;1.0;1.0;0.9224905502540884;1.0;1.0;1.0;1.0;1.0;1.0;0.0012;0.0306;0.0072;"['39', '32', '7', '37', '26', '30', '35', '12', '34', '13', '36', '33', '38']";"[('intraA', ('13', '34')), ('intraD', ('30', '38')), ('interA', ('38', '61')), ('interA', ('38', '47')), ('intraD', ('26', '36')), ('intraA', ('26', '7'))]";"[('interA', ('25', '39')), ('interA', ('39', '57')), ('interA', ('39', '52')), ('interA', ('39', '59')), ('interA', ('39', '49')), ('interA', ('16', '39'))]";"[('interA', ('30', '51')), ('interA', ('12', '46')), ('interA', ('22', '7')), ('interA', ('33', '58')), ('interA', ('30', '9')), ('interA', ('12', '56'))]";"[['25', '57', '52', '59', '49', '16', '51', '44', '31', '47', '50', '53', '29', '24', '48'], ['39', '32', '7', '37', '26', '30', '35', '12', '34', '13', '36', '33', '38'], ['11', '20', '2', '3', '15', '43', '40', '28', '19', '6', '46', '42', '27'], ['8', '22', '14', '18', '23', '17', '5', '4', '21', '60', '58', '1'], ['55', '54', '45', '61', '10', '56', '9', '41']]";"[['25', '57', '52', '59', '49', '16', '51', '44', '31', '47', '50', '53', '29', '24', '48'], ['39', '32', '7', '37', '26', '30', '35', '12', '34', '13', '36', '33', '38'], ['11', '20', '2', '3', '15', '43', '40', '28', '19', '6', '46', '42', '27'], ['8', '22', '14', '18', '23', '17', '5', '4', '21', '60', '58', '1'], ['55', '54', '45', '61', '10', '56', '9', '41']]";"[['39', '55', '54', '26', '32', '45', '61', '30', '12', '13', '41', '9', '33', '38', '7', '37', '10', '34', '56', '36', '35'], ['25', '57', '52', '59', '49', '16', '51', '44', '31', '47', '50', '53', '29', '24', '48'], ['11', '20', '2', '3', '15', '43', '40', '28', '19', '6', '46', '42', '27'], ['8', '22', '14', '18', '23', '17', '5', '4', '21', '60', '58', '1']]";"[3, 1, 1, 3, 3, 1, 2, 3, 4, 4, 1, 2, 2, 3, 1, 0, 3, 3, 1, 1, 3, 3, 3, 0, 0, 2, 1, 1, 0, 2, 0, 2, 2, 2, 2, 2, 2, 2, 2, 1, 4, 1, 1, 0, 4, 1, 0, 0, 0, 0, 0, 0, 0, 4, 4, 4, 0, 3, 0, 3, 4]";"[3, 2, 2, 3, 3, 2, 1, 3, 4, 4, 2, 1, 1, 3, 2, 0, 3, 3, 2, 2, 3, 3, 3, 0, 0, 1, 2, 2, 0, 1, 0, 1, 1, 1, 1, 1, 1, 1, 1, 2, 4, 2, 2, 0, 4, 2, 0, 0, 0, 0, 0, 0, 0, 4, 4, 4, 0, 3, 0, 3, 4]";"[3, 2, 2, 3, 3, 2, 1, 3, 4, 4, 2, 1, 1, 3, 2, 0, 3, 3, 2, 2, 3, 3, 3, 0, 0, 1, 2, 2, 0, 1, 0, 1, 1, 1, 1, 1, 1, 1, 1, 2, 4, 2, 2, 0, 4, 2, 0, 0, 0, 0, 0, 0, 0, 4, 4, 4, 0, 3, 0, 3, 4]";"[3, 2, 2, 3, 3, 2, 0, 3, 0, 0, 2, 0, 0, 3, 2, 1, 3, 3, 2, 2, 3, 3, 3, 1, 1, 0, 2, 2, 1, 0, 1, 0, 0, 0, 0, 0, 0, 0, 0, 2, 0, 2, 2, 1, 0, 2, 1, 1, 1, 1, 1, 1, 1, 0, 0, 0, 1, 3, 1, 3, 0]"
6;2;"aucs";"flat_ec";6;0.4162;0.4098;0.404;0.4054;"{'39': 0.30833333333333335, '32': 0.3214285714285714, '7': 0.17045454545454547, '37': 0.2916666666666667, '26': 0.3472222222222222, '30': 0.08012820512820512, '35': 0.293859649122807, '12': 0.125, '34': 0.26785714285714285, '13': 0.3205128205128205, '36': 0.14166666666666666, '33': 0.17045454545454547, '38': 0.4226190476190476}";"{'39': 0.30833333333333335, '32': 0.30833333333333335, '7': 0.21666666666666667, '37': 0.3442028985507246, '26': 0.3472222222222222, '30': 0.08012820512820512, '35': 0.30833333333333335, '12': 0.125, '34': 0.29166666666666663, '13': 0.26785714285714285, '36': 0.19047619047619047, '33': 0.125, '38': 0.4807692307692308}";"{'39': 0.45833333333333337, '32': 0.3214285714285714, '7': 0.17045454545454547, '37': 0.2916666666666667, '26': 0.3472222222222222, '30': 0.08012820512820512, '35': 0.293859649122807, '12': 0.125, '34': 0.26785714285714285, '13': 0.3205128205128205, '36': 0.14166666666666666, '33': 0.17045454545454547, '38': 0.4226190476190476}";"{'39': 0.30833333333333335, '32': 0.3214285714285714, '7': 0.20833333333333331, '37': 0.2916666666666667, '26': 0.3472222222222222, '30': 0.14166666666666666, '35': 0.293859649122807, '12': 0.19047619047619047, '34': 0.26785714285714285, '13': 0.3205128205128205, '36': 0.14166666666666666, '33': 0.20833333333333331, '38': 0.4226190476190476}";0.0;0.0357142857142857;0.0;0.0;0.958151101963811;1.0;1.0;0.9636579250469968;1.0;1.0;0.973324160467816;1.0;1.0;0.9743587977088658;1.0;1.0;0.0013;0.0299;0.0077;"['39', '32', '7', '37', '26', '30', '35', '12', '34', '13', '36', '33', '38']";"[('interD', ('28', '32')), ('intraA', ('13', '33')), ('intraD', ('37', '38')), ('intraD', ('36', '7')), ('interA', ('34', '57')), ('interA', ('25', '35'))]";"[('interA', ('25', '39')), ('interA', ('39', '57')), ('interA', ('39', '52')), ('interA', ('39', '59')), ('interA', ('39', '49')), ('interA', ('16', '39'))]";"[('interA', ('30', '55')), ('interA', ('12', '59')), ('interA', ('54', '7')), ('interA', ('15', '33')), ('interA', ('30', '50')), ('interA', ('12', '9'))]";"[['25', '57', '52', '59', '49', '16', '51', '44', '31', '47', '50', '53', '29', '24', '48'], ['39', '32', '14', '37', '7', '26', '30', '35', '12', '34', '13', '36', '33', '38'], ['11', '20', '2', '3', '15', '43', '40', '28', '19', '6', '46', '42', '27'], ['8', '22', '18', '23', '17', '5', '4', '21', '60', '58', '1'], ['55', '54', '45', '61', '10', '56', '9', '41']]";"[['25', '57', '52', '59', '49', '16', '51', '44', '31', '47', '50', '53', '29', '24', '48'], ['11', '20', '2', '3', '15', '43', '40', '28', '19', '6', '46', '42', '27'], ['39', '32', '7', '37', '26', '30', '35', '12', '34', '13', '36', '33', '38'], ['8', '22', '14', '18', '23', '17', '5', '4', '21', '60', '58', '1'], ['55', '54', '45', '61', '10', '56', '9', '41']]";"[['25', '57', '52', '59', '49', '16', '51', '44', '31', '47', '50', '53', '29', '24', '48'], ['39', '32', '7', '37', '26', '30', '35', '12', '34', '13', '36', '33', '38'], ['11', '20', '2', '3', '15', '43', '40', '28', '19', '6', '46', '42', '27'], ['8', '22', '14', '18', '23', '17', '5', '4', '21', '60', '58', '1'], ['55', '54', '45', '61', '10', '56', '9', '41']]";"[3, 1, 1, 3, 3, 1, 2, 3, 4, 4, 1, 2, 2, 3, 1, 0, 3, 3, 1, 1, 3, 3, 3, 0, 0, 2, 1, 1, 0, 2, 0, 2, 2, 2, 2, 2, 2, 2, 2, 1, 4, 1, 1, 0, 4, 1, 0, 0, 0, 0, 0, 0, 0, 4, 4, 4, 0, 3, 0, 3, 4]";"[3, 2, 2, 3, 3, 2, 1, 3, 4, 4, 2, 1, 1, 1, 2, 0, 3, 3, 2, 2, 3, 3, 3, 0, 0, 1, 2, 2, 0, 1, 0, 1, 1, 1, 1, 1, 1, 1, 1, 2, 4, 2, 2, 0, 4, 2, 0, 0, 0, 0, 0, 0, 0, 4, 4, 4, 0, 3, 0, 3, 4]";"[3, 1, 1, 3, 3, 1, 2, 3, 4, 4, 1, 2, 2, 3, 1, 0, 3, 3, 1, 1, 3, 3, 3, 0, 0, 2, 1, 1, 0, 2, 0, 2, 2, 2, 2, 2, 2, 2, 2, 1, 4, 1, 1, 0, 4, 1, 0, 0, 0, 0, 0, 0, 0, 4, 4, 4, 0, 3, 0, 3, 4]";"[3, 2, 2, 3, 3, 2, 1, 3, 4, 4, 2, 1, 1, 3, 2, 0, 3, 3, 2, 2, 3, 3, 3, 0, 0, 1, 2, 2, 0, 1, 0, 1, 1, 1, 1, 1, 1, 1, 1, 2, 4, 2, 2, 0, 4, 2, 0, 0, 0, 0, 0, 0, 0, 4, 4, 4, 0, 3, 0, 3, 4]"
7;2;"aucs";"flat_ec";6;0.4162;0.4098;0.404;0.4046;"{'39': 0.30833333333333335, '32': 0.3214285714285714, '7': 0.17045454545454547, '37': 0.2916666666666667, '26': 0.3472222222222222, '30': 0.08012820512820512, '35': 0.293859649122807, '12': 0.125, '34': 0.26785714285714285, '13': 0.3205128205128205, '36': 0.14166666666666666, '33': 0.17045454545454547, '38': 0.4226190476190476}";"{'39': 0.30833333333333335, '32': 0.3214285714285714, '7': 0.25757575757575757, '37': 0.3016666666666667, '26': 0.36184210526315785, '30': 0.08012820512820512, '35': 0.293859649122807, '12': 0.125, '34': 0.26785714285714285, '13': 0.375, '36': 0.16666666666666666, '33': 0.17045454545454547, '38': 0.40064102564102566}";"{'39': 0.45833333333333337, '32': 0.3214285714285714, '7': 0.17045454545454547, '37': 0.2916666666666667, '26': 0.3472222222222222, '30': 0.08012820512820512, '35': 0.293859649122807, '12': 0.125, '34': 0.26785714285714285, '13': 0.3205128205128205, '36': 0.14166666666666666, '33': 0.17045454545454547, '38': 0.4226190476190476}";"{'39': 0.30833333333333335, '32': 0.3214285714285714, '7': 0.20833333333333331, '37': 0.2916666666666667, '26': 0.3472222222222222, '30': 0.14166666666666666, '35': 0.293859649122807, '12': 0.19047619047619047, '34': 0.26785714285714285, '13': 0.3205128205128205, '36': 0.14166666666666666, '33': 0.20833333333333331, '38': 0.4226190476190476}";0.0;0.0;0.0;0.0;1.0;1.0;1.0;1.0;1.0;1.0;1.0;1.0;1.0;1.0;1.0;1.0;0.0012;0.0308;0.0076;"['39', '32', '7', '37', '26', '30', '35', '12', '34', '13', '36', '33', '38']";"[('interD', ('29', '38')), ('interA', ('24', '26')), ('interA', ('37', '50')), ('intraD', ('13', '7')), ('interA', ('16', '36')), ('interA', ('10', '7'))]";"[('interA', ('25', '39')), ('interA', ('39', '57')), ('interA', ('39', '52')), ('interA', ('39', '59')), ('interA', ('39', '49')), ('interA', ('16', '39'))]";"[('interA', ('24', '30')), ('interA', ('12', '2')), ('interA', ('53', '7')), ('interA', ('33', '55')), ('interA', ('25', '30')), ('interA', ('12', '57'))]";"[['25', '57', '52', '59', '49', '16', '51', '44', '31', '47', '50', '53', '29', '24', '48'], ['39', '32', '7', '37', '26', '30', '35', '12', '34', '13', '36', '33', '38'], ['11', '20', '2', '3', '15', '43', '40', '28', '19', '6', '46', '42', '27'], ['8', '22', '14', '18', '23', '17', '5', '4', '21', '60', '58', '1'], ['55', '54', '45', '61', '10', '56', '9', '41']]";"[['25', '57', '52', '59', '49', '16', '51', '44', '31', '47', '50', '53', '29', '24', '48'], ['39', '32', '7', '37', '26', '30', '35', '12', '34', '13', '36', '33', '38'], ['11', '20', '2', '3', '15', '43', '40', '28', '19', '6', '46', '42', '27'], ['8', '22', '14', '18', '23', '17', '5', '4', '21', '60', '58', '1'], ['55', '54', '45', '61', '10', '56', '9', '41']]";"[['25', '57', '52', '59', '49', '16', '51', '44', '31', '47', '50', '53', '29', '24', '48'], ['11', '20', '2', '3', '15', '43', '40', '28', '19', '6', '46', '42', '27'], ['39', '32', '7', '37', '26', '30', '35', '12', '34', '13', '36', '33', '38'], ['8', '22', '14', '18', '23', '17', '5', '4', '21', '60', '58', '1'], ['55', '54', '45', '61', '10', '56', '9', '41']]";"[3, 1, 1, 3, 3, 1, 2, 3, 4, 4, 1, 2, 2, 3, 1, 0, 3, 3, 1, 1, 3, 3, 3, 0, 0, 2, 1, 1, 0, 2, 0, 2, 2, 2, 2, 2, 2, 2, 2, 1, 4, 1, 1, 0, 4, 1, 0, 0, 0, 0, 0, 0, 0, 4, 4, 4, 0, 3, 0, 3, 4]";"[3, 2, 2, 3, 3, 2, 1, 3, 4, 4, 2, 1, 1, 3, 2, 0, 3, 3, 2, 2, 3, 3, 3, 0, 0, 1, 2, 2, 0, 1, 0, 1, 1, 1, 1, 1, 1, 1, 1, 2, 4, 2, 2, 0, 4, 2, 0, 0, 0, 0, 0, 0, 0, 4, 4, 4, 0, 3, 0, 3, 4]";"[3, 2, 2, 3, 3, 2, 1, 3, 4, 4, 2, 1, 1, 3, 2, 0, 3, 3, 2, 2, 3, 3, 3, 0, 0, 1, 2, 2, 0, 1, 0, 1, 1, 1, 1, 1, 1, 1, 1, 2, 4, 2, 2, 0, 4, 2, 0, 0, 0, 0, 0, 0, 0, 4, 4, 4, 0, 3, 0, 3, 4]";"[3, 1, 1, 3, 3, 1, 2, 3, 4, 4, 1, 2, 2, 3, 1, 0, 3, 3, 1, 1, 3, 3, 3, 0, 0, 2, 1, 1, 0, 2, 0, 2, 2, 2, 2, 2, 2, 2, 2, 1, 4, 1, 1, 0, 4, 1, 0, 0, 0, 0, 0, 0, 0, 4, 4, 4, 0, 3, 0, 3, 4]"
8;2;"aucs";"flat_ec";6;0.4162;0.4183;0.404;0.4053;"{'39': 0.30833333333333335, '32': 0.3214285714285714, '7': 0.17045454545454547, '37': 0.2916666666666667, '26': 0.3472222222222222, '30': 0.08012820512820512, '35': 0.293859649122807, '12': 0.125, '34': 0.26785714285714285, '13': 0.3205128205128205, '36': 0.14166666666666666, '33': 0.17045454545454547, '38': 0.4226190476190476}";"{'39': 0.4, '32': 0.293859649122807, '7': 0.17045454545454547, '37': 0.3442028985507246, '26': 0.3472222222222222, '30': 0.08012820512820512, '35': 0.293859649122807, '12': 0.125, '34': 0.26785714285714285, '13': 0.3446969696969697, '36': 0.14166666666666666, '33': 0.21666666666666667, '38': 0.4226190476190476}";"{'39': 0.45833333333333337, '32': 0.3214285714285714, '7': 0.17045454545454547, '37': 0.2916666666666667, '26': 0.3472222222222222, '30': 0.08012820512820512, '35': 0.293859649122807, '12': 0.125, '34': 0.26785714285714285, '13': 0.3205128205128205, '36': 0.14166666666666666, '33': 0.17045454545454547, '38': 0.4226190476190476}";"{'39': 0.30833333333333335, '32': 0.3214285714285714, '7': 0.20833333333333331, '37': 0.2916666666666667, '26': 0.3472222222222222, '30': 0.14166666666666666, '35': 0.293859649122807, '12': 0.19047619047619047, '34': 0.26785714285714285, '13': 0.3205128205128205, '36': 0.14166666666666666, '33': 0.20833333333333331, '38': 0.4226190476190476}";0.0;0.0;0.0;0.0;1.0;1.0;1.0;1.0;1.0;1.0;1.0;1.0;1.0;1.0;1.0;1.0;0.0014;0.0303;0.0078;"['39', '32', '7', '37', '26', '30', '35', '12', '34', '13', '36', '33', '38']";"[('interD', ('15', '32')), ('interD', ('13', '41')), ('interD', ('14', '32')), ('intraD', ('33', '37')), ('intraD', ('13', '39')), ('interA', ('18', '39'))]";"[('interA', ('25', '39')), ('interA', ('39', '57')), ('interA', ('39', '52')), ('interA', ('39', '59')), ('interA', ('39', '49')), ('interA', ('16', '39'))]";"[('interA', ('30', '40')), ('interA', ('12', '19')), ('interA', ('42', '7')), ('interA', ('2', '33')), ('interA', ('30', '42')), ('interA', ('12', '9'))]";"[['25', '57', '52', '59', '49', '16', '51', '44', '31', '47', '50', '53', '29', '24', '48'], ['39', '32', '7', '37', '26', '30', '35', '12', '34', '13', '36', '33', '38'], ['11', '20', '2', '3', '15', '43', '40', '28', '19', '6', '46', '42', '27'], ['8', '22', '14', '18', '23', '17', '5', '4', '21', '60', '58', '1'], ['55', '54', '45', '61', '10', '56', '9', '41']]";"[['25', '57', '52', '59', '49', '16', '51', '44', '31', '47', '50', '53', '29', '24', '48'], ['39', '32', '7', '37', '26', '30', '35', '12', '34', '13', '36', '33', '38'], ['11', '20', '2', '3', '15', '43', '40', '28', '19', '6', '46', '42', '27'], ['8', '22', '14', '18', '23', '17', '5', '4', '21', '60', '58', '1'], ['55', '54', '45', '61', '10', '56', '9', '41']]";"[['25', '57', '52', '59', '49', '16', '51', '44', '31', '47', '50', '53', '29', '24', '48'], ['39', '32', '7', '37', '26', '30', '35', '12', '34', '13', '36', '33', '38'], ['11', '20', '2', '3', '15', '43', '40', '28', '19', '6', '46', '42', '27'], ['8', '22', '14', '18', '23', '17', '5', '4', '21', '60', '58', '1'], ['55', '54', '45', '61', '10', '56', '9', '41']]";"[3, 1, 1, 3, 3, 1, 2, 3, 4, 4, 1, 2, 2, 3, 1, 0, 3, 3, 1, 1, 3, 3, 3, 0, 0, 2, 1, 1, 0, 2, 0, 2, 2, 2, 2, 2, 2, 2, 2, 1, 4, 1, 1, 0, 4, 1, 0, 0, 0, 0, 0, 0, 0, 4, 4, 4, 0, 3, 0, 3, 4]";"[3, 2, 2, 3, 3, 2, 1, 3, 4, 4, 2, 1, 1, 3, 2, 0, 3, 3, 2, 2, 3, 3, 3, 0, 0, 1, 2, 2, 0, 1, 0, 1, 1, 1, 1, 1, 1, 1, 1, 2, 4, 2, 2, 0, 4, 2, 0, 0, 0, 0, 0, 0, 0, 4, 4, 4, 0, 3, 0, 3, 4]";"[3, 2, 2, 3, 3, 2, 1, 3, 4, 4, 2, 1, 1, 3, 2, 0, 3, 3, 2, 2, 3, 3, 3, 0, 0, 1, 2, 2, 0, 1, 0, 1, 1, 1, 1, 1, 1, 1, 1, 2, 4, 2, 2, 0, 4, 2, 0, 0, 0, 0, 0, 0, 0, 4, 4, 4, 0, 3, 0, 3, 4]";"[3, 2, 2, 3, 3, 2, 1, 3, 4, 4, 2, 1, 1, 3, 2, 0, 3, 3, 2, 2, 3, 3, 3, 0, 0, 1, 2, 2, 0, 1, 0, 1, 1, 1, 1, 1, 1, 1, 1, 2, 4, 2, 2, 0, 4, 2, 0, 0, 0, 0, 0, 0, 0, 4, 4, 4, 0, 3, 0, 3, 4]"
9;2;"aucs";"flat_ec";6;0.4162;0.411;0.404;0.4049;"{'39': 0.30833333333333335, '32': 0.3214285714285714, '7': 0.17045454545454547, '37': 0.2916666666666667, '26': 0.3472222222222222, '30': 0.08012820512820512, '35': 0.293859649122807, '12': 0.125, '34': 0.26785714285714285, '13': 0.3205128205128205, '36': 0.14166666666666666, '33': 0.17045454545454547, '38': 0.4226190476190476}";"{'39': 0.25757575757575757, '32': 0.2689393939393939, '7': 0.25757575757575757, '37': 0.3442028985507246, '26': 0.3472222222222222, '30': 0.08012820512820512, '35': 0.293859649122807, '12': 0.125, '34': 0.26785714285714285, '13': 0.3205128205128205, '36': 0.16666666666666666, '33': 0.16025641025641024, '38': 0.3666666666666667}";"{'39': 0.45833333333333337, '32': 0.3214285714285714, '7': 0.17045454545454547, '37': 0.2916666666666667, '26': 0.3472222222222222, '30': 0.08012820512820512, '35': 0.293859649122807, '12': 0.125, '34': 0.26785714285714285, '13': 0.3205128205128205, '36': 0.14166666666666666, '33': 0.17045454545454547, '38': 0.4226190476190476}";"{'39': 0.30833333333333335, '32': 0.3214285714285714, '7': 0.20833333333333331, '37': 0.2916666666666667, '26': 0.3472222222222222, '30': 0.14166666666666666, '35': 0.293859649122807, '12': 0.19047619047619047, '34': 0.26785714285714285, '13': 0.3205128205128205, '36': 0.14166666666666666, '33': 0.20833333333333331, '38': 0.4226190476190476}";0.0;0.0;0.0;0.0;1.0;1.0;1.0;1.0;1.0;1.0;1.0;1.0;1.0;1.0;1.0;1.0;0.0012;0.031;0.0079;"['39', '32', '7', '37', '26', '30', '35', '12', '34', '13', '36', '33', '38']";"[('intraA', ('33', '39')), ('intraD', ('37', '7')), ('interA', ('19', '36')), ('intraA', ('32', '38')), ('interA', ('47', '7')), ('interA', ('16', '33'))]";"[('interA', ('25', '39')), ('interA', ('39', '57')), ('interA', ('39', '52')), ('interA', ('39', '59')), ('interA', ('39', '49')), ('interA', ('16', '39'))]";"[('interA', ('30', '4')), ('interA', ('12', '8')), ('interA', ('49', '7')), ('interA', ('22', '33')), ('interA', ('30', '40')), ('interA', ('12', '50'))]";"[['25', '57', '52', '59', '49', '16', '51', '44', '31', '47', '50', '53', '29', '24', '48'], ['11', '20', '2', '3', '15', '43', '40', '28', '19', '6', '46', '42', '27'], ['39', '32', '7', '37', '26', '30', '35', '12', '34', '13', '36', '33', '38'], ['8', '22', '14', '18', '23', '17', '5', '4', '21', '60', '58', '1'], ['55', '54', '45', '61', '10', '56', '9', '41']]";"[['25', '57', '52', '59', '49', '16', '51', '44', '31', '47', '50', '53', '29', '24', '48'], ['11', '20', '2', '3', '15', '43', '40', '28', '19', '6', '46', '42', '27'], ['39', '32', '7', '37', '26', '30', '35', '12', '34', '13', '36', '33', '38'], ['8', '22', '14', '18', '23', '17', '5', '4', '21', '60', '58', '1'], ['55', '54', '45', '61', '10', '56', '9', '41']]";"[['25', '57', '52', '59', '49', '16', '51', '44', '31', '47', '50', '53', '29', '24', '48'], ['11', '20', '2', '3', '15', '43', '40', '28', '19', '6', '46', '42', '27'], ['39', '32', '7', '37', '26', '30', '35', '12', '34', '13', '36', '33', '38'], ['8', '22', '14', '18', '23', '17', '5', '4', '21', '60', '58', '1'], ['55', '54', '45', '61', '10', '56', '9', '41']]";"[3, 1, 1, 3, 3, 1, 2, 3, 4, 4, 1, 2, 2, 3, 1, 0, 3, 3, 1, 1, 3, 3, 3, 0, 0, 2, 1, 1, 0, 2, 0, 2, 2, 2, 2, 2, 2, 2, 2, 1, 4, 1, 1, 0, 4, 1, 0, 0, 0, 0, 0, 0, 0, 4, 4, 4, 0, 3, 0, 3, 4]";"[3, 1, 1, 3, 3, 1, 2, 3, 4, 4, 1, 2, 2, 3, 1, 0, 3, 3, 1, 1, 3, 3, 3, 0, 0, 2, 1, 1, 0, 2, 0, 2, 2, 2, 2, 2, 2, 2, 2, 1, 4, 1, 1, 0, 4, 1, 0, 0, 0, 0, 0, 0, 0, 4, 4, 4, 0, 3, 0, 3, 4]";"[3, 1, 1, 3, 3, 1, 2, 3, 4, 4, 1, 2, 2, 3, 1, 0, 3, 3, 1, 1, 3, 3, 3, 0, 0, 2, 1, 1, 0, 2, 0, 2, 2, 2, 2, 2, 2, 2, 2, 1, 4, 1, 1, 0, 4, 1, 0, 0, 0, 0, 0, 0, 0, 4, 4, 4, 0, 3, 0, 3, 4]";"[3, 1, 1, 3, 3, 1, 2, 3, 4, 4, 1, 2, 2, 3, 1, 0, 3, 3, 1, 1, 3, 3, 3, 0, 0, 2, 1, 1, 0, 2, 0, 2, 2, 2, 2, 2, 2, 2, 2, 1, 4, 1, 1, 0, 4, 1, 0, 0, 0, 0, 0, 0, 0, 4, 4, 4, 0, 3, 0, 3, 4]"
10;2;"aucs";"flat_ec";6;0.4162;0.4169;0.404;0.4054;"{'39': 0.30833333333333335, '32': 0.3214285714285714, '7': 0.17045454545454547, '37': 0.2916666666666667, '26': 0.3472222222222222, '30': 0.08012820512820512, '35': 0.293859649122807, '12': 0.125, '34': 0.26785714285714285, '13': 0.3205128205128205, '36': 0.14166666666666666, '33': 0.17045454545454547, '38': 0.4226190476190476}";"{'39': 0.30833333333333335, '32': 0.36184210526315785, '7': 0.21666666666666667, '37': 0.2916666666666667, '26': 0.45833333333333337, '30': 0.125, '35': 0.3472222222222222, '12': 0.17045454545454547, '34': 0.26785714285714285, '13': 0.3205128205128205, '36': 0.11309523809523808, '33': 0.21666666666666667, '38': 0.4226190476190476}";"{'39': 0.45833333333333337, '32': 0.3214285714285714, '7': 0.17045454545454547, '37': 0.2916666666666667, '26': 0.3472222222222222, '30': 0.08012820512820512, '35': 0.293859649122807, '12': 0.125, '34': 0.26785714285714285, '13': 0.3205128205128205, '36': 0.14166666666666666, '33': 0.17045454545454547, '38': 0.4226190476190476}";"{'39': 0.30833333333333335, '32': 0.3214285714285714, '7': 0.20833333333333331, '37': 0.2916666666666667, '26': 0.3472222222222222, '30': 0.14166666666666666, '35': 0.293859649122807, '12': 0.19047619047619047, '34': 0.26785714285714285, '13': 0.3205128205128205, '36': 0.14166666666666666, '33': 0.20833333333333331, '38': 0.4226190476190476}";0.0;0.0;0.0;0.0;1.0;1.0;1.0;1.0;1.0;1.0;1.0;1.0;1.0;1.0;1.0;1.0;0.0012;0.0317;0.0073;"['39', '32', '7', '37', '26', '30', '35', '12', '34', '13', '36', '33', '38']";"[('intraD', ('26', '30')), ('intraD', ('12', '26')), ('interD', ('14', '36')), ('interD', ('14', '32')), ('intraD', ('32', '7')), ('intraD', ('33', '35'))]";"[('interA', ('25', '39')), ('interA', ('39', '57')), ('interA', ('39', '52')), ('interA', ('39', '59')), ('interA', ('39', '49')), ('interA', ('16', '39'))]";"[('interA', ('2', '30')), ('interA', ('12', '47')), ('interA', ('7', '9')), ('interA', ('3', '33')), ('interA', ('30', '8')), ('interA', ('12', '61'))]";"[['25', '57', '52', '59', '49', '16', '51', '44', '31', '47', '50', '53', '29', '24', '48'], ['39', '32', '7', '37', '26', '30', '35', '12', '34', '13', '36', '33', '38'], ['11', '20', '2', '3', '15', '43', '40', '28', '19', '6', '46', '42', '27'], ['8', '22', '14', '18', '23', '17', '5', '4', '21', '60', '58', '1'], ['55', '54', '45', '61', '10', '56', '9', '41']]";"[['25', '57', '52', '59', '49', '16', '51', '44', '31', '47', '50', '53', '29', '24', '48'], ['11', '20', '2', '3', '15', '43', '40', '28', '19', '6', '46', '42', '27'], ['39', '32', '7', '37', '26', '30', '35', '12', '34', '13', '36', '33', '38'], ['8', '22', '14', '18', '23', '17', '5', '4', '21', '60', '58', '1'], ['55', '54', '45', '61', '10', '56', '9', '41']]";"[['25', '57', '52', '59', '49', '16', '51', '44', '31', '47', '50', '53', '29', '24', '48'], ['39', '32', '7', '37', '26', '30', '35', '12', '34', '13', '36', '33', '38'], ['11', '20', '2', '3', '15', '43', '40', '28', '19', '6', '46', '42', '27'], ['8', '22', '14', '18', '23', '17', '5', '4', '21', '60', '58', '1'], ['55', '54', '45', '61', '10', '56', '9', '41']]";"[3, 1, 1, 3, 3, 1, 2, 3, 4, 4, 1, 2, 2, 3, 1, 0, 3, 3, 1, 1, 3, 3, 3, 0, 0, 2, 1, 1, 0, 2, 0, 2, 2, 2, 2, 2, 2, 2, 2, 1, 4, 1, 1, 0, 4, 1, 0, 0, 0, 0, 0, 0, 0, 4, 4, 4, 0, 3, 0, 3, 4]";"[3, 2, 2, 3, 3, 2, 1, 3, 4, 4, 2, 1, 1, 3, 2, 0, 3, 3, 2, 2, 3, 3, 3, 0, 0, 1, 2, 2, 0, 1, 0, 1, 1, 1, 1, 1, 1, 1, 1, 2, 4, 2, 2, 0, 4, 2, 0, 0, 0, 0, 0, 0, 0, 4, 4, 4, 0, 3, 0, 3, 4]";"[3, 1, 1, 3, 3, 1, 2, 3, 4, 4, 1, 2, 2, 3, 1, 0, 3, 3, 1, 1, 3, 3, 3, 0, 0, 2, 1, 1, 0, 2, 0, 2, 2, 2, 2, 2, 2, 2, 2, 1, 4, 1, 1, 0, 4, 1, 0, 0, 0, 0, 0, 0, 0, 4, 4, 4, 0, 3, 0, 3, 4]";"[3, 2, 2, 3, 3, 2, 1, 3, 4, 4, 2, 1, 1, 3, 2, 0, 3, 3, 2, 2, 3, 3, 3, 0, 0, 1, 2, 2, 0, 1, 0, 1, 1, 1, 1, 1, 1, 1, 1, 2, 4, 2, 2, 0, 4, 2, 0, 0, 0, 0, 0, 0, 0, 4, 4, 4, 0, 3, 0, 3, 4]"
11;2;"aucs";"flat_ec";6;0.4162;0.4112;0.404;0.4053;"{'39': 0.30833333333333335, '32': 0.3214285714285714, '7': 0.17045454545454547, '37': 0.2916666666666667, '26': 0.3472222222222222, '30': 0.08012820512820512, '35': 0.293859649122807, '12': 0.125, '34': 0.26785714285714285, '13': 0.3205128205128205, '36': 0.14166666666666666, '33': 0.17045454545454547, '38': 0.4226190476190476}";"{'39': 0.29166666666666663, '32': 0.375, '7': 0.17045454545454547, '37': 0.35416666666666663, '26': 0.3472222222222222, '30': 0.08012820512820512, '35': 0.24166666666666667, '12': 0.125, '34': 0.21666666666666667, '13': 0.29166666666666663, '36': 0.14166666666666666, '33': 0.17045454545454547, '38': 0.4226190476190476}";"{'39': 0.45833333333333337, '32': 0.3214285714285714, '7': 0.17045454545454547, '37': 0.2916666666666667, '26': 0.3472222222222222, '30': 0.08012820512820512, '35': 0.293859649122807, '12': 0.125, '34': 0.26785714285714285, '13': 0.3205128205128205, '36': 0.14166666666666666, '33': 0.17045454545454547, '38': 0.4226190476190476}";"{'39': 0.30833333333333335, '32': 0.3214285714285714, '7': 0.20833333333333331, '37': 0.2916666666666667, '26': 0.3472222222222222, '30': 0.14166666666666666, '35': 0.293859649122807, '12': 0.19047619047619047, '34': 0.26785714285714285, '13': 0.3205128205128205, '36': 0.14166666666666666, '33': 0.20833333333333331, '38': 0.4226190476190476}";0.0;0.0;0.0;0.0;1.0;1.0;1.0;1.0;1.0;1.0;1.0;1.0;1.0;1.0;1.0;1.0;0.0012;0.0299;0.0072;"['39', '32', '7', '37', '26', '30', '35', '12', '34', '13', '36', '33', '38']";"[('intraA', ('13', '34')), ('interA', ('39', '44')), ('interA', ('23', '37')), ('intraA', ('35', '39')), ('interA', ('13', '19')), ('intraD', ('32', '37'))]";"[('interA', ('25', '39')), ('interA', ('39', '57')), ('interA', ('39', '52')), ('interA', ('39', '59')), ('interA', ('39', '49')), ('interA', ('16', '39'))]";"[('interA', ('30', '59')), ('interA', ('12', '46')), ('interA', ('61', '7')), ('interA', ('1', '33')), ('interA', ('30', '48')), ('interA', ('12', '41'))]";"[['25', '57', '52', '59', '49', '16', '51', '44', '31', '47', '50', '53', '29', '24', '48'], ['39', '32', '7', '37', '26', '30', '35', '12', '34', '13', '36', '33', '38'], ['11', '20', '2', '3', '15', '43', '40', '28', '19', '6', '46', '42', '27'], ['8', '22', '14', '18', '23', '17', '5', '4', '21', '60', '58', '1'], ['55', '54', '45', '61', '10', '56', '9', '41']]";"[['25', '57', '52', '59', '49', '16', '51', '44', '31', '47', '50', '53', '29', '24', '48'], ['11', '20', '2', '3', '15', '43', '40', '28', '19', '6', '46', '42', '27'], ['39', '32', '7', '37', '26', '30', '35', '12', '34', '13', '36', '33', '38'], ['8', '22', '14', '18', '23', '17', '5', '4', '21', '60', '58', '1'], ['55', '54', '45', '61', '10', '56', '9', '41']]";"[['25', '57', '52', '59', '49', '16', '51', '44', '31', '47', '50', '53', '29', '24', '48'], ['39', '32', '7', '37', '26', '30', '35', '12', '34', '13', '36', '33', '38'], ['11', '20', '2', '3', '15', '43', '40', '28', '19', '6', '46', '42', '27'], ['8', '22', '14', '18', '23', '17', '5', '4', '21', '60', '58', '1'], ['55', '54', '45', '61', '10', '56', '9', '41']]";"[3, 1, 1, 3, 3, 1, 2, 3, 4, 4, 1, 2, 2, 3, 1, 0, 3, 3, 1, 1, 3, 3, 3, 0, 0, 2, 1, 1, 0, 2, 0, 2, 2, 2, 2, 2, 2, 2, 2, 1, 4, 1, 1, 0, 4, 1, 0, 0, 0, 0, 0, 0, 0, 4, 4, 4, 0, 3, 0, 3, 4]";"[3, 2, 2, 3, 3, 2, 1, 3, 4, 4, 2, 1, 1, 3, 2, 0, 3, 3, 2, 2, 3, 3, 3, 0, 0, 1, 2, 2, 0, 1, 0, 1, 1, 1, 1, 1, 1, 1, 1, 2, 4, 2, 2, 0, 4, 2, 0, 0, 0, 0, 0, 0, 0, 4, 4, 4, 0, 3, 0, 3, 4]";"[3, 1, 1, 3, 3, 1, 2, 3, 4, 4, 1, 2, 2, 3, 1, 0, 3, 3, 1, 1, 3, 3, 3, 0, 0, 2, 1, 1, 0, 2, 0, 2, 2, 2, 2, 2, 2, 2, 2, 1, 4, 1, 1, 0, 4, 1, 0, 0, 0, 0, 0, 0, 0, 4, 4, 4, 0, 3, 0, 3, 4]";"[3, 2, 2, 3, 3, 2, 1, 3, 4, 4, 2, 1, 1, 3, 2, 0, 3, 3, 2, 2, 3, 3, 3, 0, 0, 1, 2, 2, 0, 1, 0, 1, 1, 1, 1, 1, 1, 1, 1, 2, 4, 2, 2, 0, 4, 2, 0, 0, 0, 0, 0, 0, 0, 4, 4, 4, 0, 3, 0, 3, 4]"
12;2;"aucs";"flat_ec";6;0.4162;0.4148;0.404;0.4046;"{'39': 0.30833333333333335, '32': 0.3214285714285714, '7': 0.17045454545454547, '37': 0.2916666666666667, '26': 0.3472222222222222, '30': 0.08012820512820512, '35': 0.293859649122807, '12': 0.125, '34': 0.26785714285714285, '13': 0.3205128205128205, '36': 0.14166666666666666, '33': 0.17045454545454547, '38': 0.4226190476190476}";"{'39': 0.30833333333333335, '32': 0.25595238095238093, '7': 0.17045454545454547, '37': 0.2916666666666667, '26': 0.33088235294117646, '30': 0.11309523809523808, '35': 0.30833333333333335, '12': 0.125, '34': 0.26785714285714285, '13': 0.3205128205128205, '36': 0.14166666666666666, '33': 0.17045454545454547, '38': 0.38541666666666663}";"{'39': 0.45833333333333337, '32': 0.3214285714285714, '7': 0.17045454545454547, '37': 0.2916666666666667, '26': 0.3472222222222222, '30': 0.08012820512820512, '35': 0.293859649122807, '12': 0.125, '34': 0.26785714285714285, '13': 0.3205128205128205, '36': 0.14166666666666666, '33': 0.17045454545454547, '38': 0.4226190476190476}";"{'39': 0.30833333333333335, '32': 0.3214285714285714, '7': 0.20833333333333331, '37': 0.2916666666666667, '26': 0.3472222222222222, '30': 0.14166666666666666, '35': 0.293859649122807, '12': 0.19047619047619047, '34': 0.26785714285714285, '13': 0.3205128205128205, '36': 0.14166666666666666, '33': 0.20833333333333331, '38': 0.4226190476190476}";0.0;0.0;0.0;0.0;1.0;1.0;1.0;1.0;1.0;1.0;1.0;1.0;1.0;1.0;1.0;1.0;0.0012;0.0317;0.0084;"['39', '32', '7', '37', '26', '30', '35', '12', '34', '13', '36', '33', '38']";"[('interA', ('35', '59')), ('interD', ('26', '31')), ('intraA', ('32', '38')), ('interD', ('14', '32')), ('interA', ('24', '38')), ('interA', ('15', '30'))]";"[('interA', ('25', '39')), ('interA', ('39', '57')), ('interA', ('39', '52')), ('interA', ('39', '59')), ('interA', ('39', '49')), ('interA', ('16', '39'))]";"[('interA', ('30', '48')), ('interA', ('12', '51')), ('interA', ('25', '7')), ('interA', ('33', '9')), ('interA', ('30', '6')), ('interA', ('12', '44'))]";"[['25', '57', '52', '59', '49', '16', '51', '44', '31', '47', '50', '53', '29', '24', '48'], ['11', '20', '2', '3', '15', '43', '40', '28', '19', '6', '46', '42', '27'], ['39', '32', '7', '37', '26', '30', '35', '12', '34', '13', '36', '33', '38'], ['8', '22', '14', '18', '23', '17', '5', '4', '21', '60', '58', '1'], ['55', '54', '45', '61', '10', '56', '9', '41']]";"[['25', '57', '52', '59', '49', '16', '51', '44', '31', '47', '50', '53', '29', '24', '48'], ['11', '20', '2', '3', '15', '43', '40', '28', '19', '6', '46', '42', '27'], ['39', '32', '7', '37', '26', '30', '35', '12', '34', '13', '36', '33', '38'], ['8', '22', '14', '18', '23', '17', '5', '4', '21', '60', '58', '1'], ['55', '54', '45', '61', '10', '56', '9', '41']]";"[['25', '57', '52', '59', '49', '16', '51', '44', '31', '47', '50', '53', '29', '24', '48'], ['39', '32', '7', '37', '26', '30', '35', '12', '34', '13', '36', '33', '38'], ['11', '20', '2', '3', '15', '43', '40', '28', '19', '6', '46', '42', '27'], ['8', '22', '14', '18', '23', '17', '5', '4', '21', '60', '58', '1'], ['55', '54', '45', '61', '10', '56', '9', '41']]";"[3, 1, 1, 3, 3, 1, 2, 3, 4, 4, 1, 2, 2, 3, 1, 0, 3, 3, 1, 1, 3, 3, 3, 0, 0, 2, 1, 1, 0, 2, 0, 2, 2, 2, 2, 2, 2, 2, 2, 1, 4, 1, 1, 0, 4, 1, 0, 0, 0, 0, 0, 0, 0, 4, 4, 4, 0, 3, 0, 3, 4]";"[3, 1, 1, 3, 3, 1, 2, 3, 4, 4, 1, 2, 2, 3, 1, 0, 3, 3, 1, 1, 3, 3, 3, 0, 0, 2, 1, 1, 0, 2, 0, 2, 2, 2, 2, 2, 2, 2, 2, 1, 4, 1, 1, 0, 4, 1, 0, 0, 0, 0, 0, 0, 0, 4, 4, 4, 0, 3, 0, 3, 4]";"[3, 1, 1, 3, 3, 1, 2, 3, 4, 4, 1, 2, 2, 3, 1, 0, 3, 3, 1, 1, 3, 3, 3, 0, 0, 2, 1, 1, 0, 2, 0, 2, 2, 2, 2, 2, 2, 2, 2, 1, 4, 1, 1, 0, 4, 1, 0, 0, 0, 0, 0, 0, 0, 4, 4, 4, 0, 3, 0, 3, 4]";"[3, 2, 2, 3, 3, 2, 1, 3, 4, 4, 2, 1, 1, 3, 2, 0, 3, 3, 2, 2, 3, 3, 3, 0, 0, 1, 2, 2, 0, 1, 0, 1, 1, 1, 1, 1, 1, 1, 1, 2, 4, 2, 2, 0, 4, 2, 0, 0, 0, 0, 0, 0, 0, 4, 4, 4, 0, 3, 0, 3, 4]"
13;2;"aucs";"flat_ec";6;0.4162;0.4185;0.404;0.4053;"{'39': 0.30833333333333335, '32': 0.3214285714285714, '7': 0.17045454545454547, '37': 0.2916666666666667, '26': 0.3472222222222222, '30': 0.08012820512820512, '35': 0.293859649122807, '12': 0.125, '34': 0.26785714285714285, '13': 0.3205128205128205, '36': 0.14166666666666666, '33': 0.17045454545454547, '38': 0.4226190476190476}";"{'39': 0.20833333333333331, '32': 0.3214285714285714, '7': 0.125, '37': 0.2916666666666667, '26': 0.3472222222222222, '30': 0.08012820512820512, '35': 0.293859649122807, '12': 0.125, '34': 0.26785714285714285, '13': 0.3205128205128205, '36': 0.11309523809523808, '33': 0.17045454545454547, '38': 0.4807692307692308}";"{'39': 0.45833333333333337, '32': 0.3214285714285714, '7': 0.17045454545454547, '37': 0.2916666666666667, '26': 0.3472222222222222, '30': 0.08012820512820512, '35': 0.293859649122807, '12': 0.125, '34': 0.26785714285714285, '13': 0.3205128205128205, '36': 0.14166666666666666, '33': 0.17045454545454547, '38': 0.4226190476190476}";"{'39': 0.30833333333333335, '32': 0.3214285714285714, '7': 0.20833333333333331, '37': 0.2916666666666667, '26': 0.3472222222222222, '30': 0.14166666666666666, '35': 0.293859649122807, '12': 0.19047619047619047, '34': 0.26785714285714285, '13': 0.3205128205128205, '36': 0.14166666666666666, '33': 0.20833333333333331, '38': 0.4226190476190476}";0.0;0.0;0.0;0.0;1.0;1.0;1.0;1.0;1.0;1.0;1.0;1.0;1.0;1.0;1.0;1.0;0.0012;0.0303;0.0078;"['39', '32', '7', '37', '26', '30', '35', '12', '34', '13', '36', '33', '38']";"[('interD', ('14', '36')), ('intraA', ('33', '39')), ('interD', ('36', '45')), ('intraD', ('33', '38')), ('interA', ('36', '42')), ('intraA', ('39', '7'))]";"[('interA', ('25', '39')), ('interA', ('39', '57')), ('interA', ('39', '52')), ('interA', ('39', '59')), ('interA', ('39', '49')), ('interA', ('16', '39'))]";"[('interA', ('30', '58')), ('interA', ('12', '54')), ('interA', ('20', '7')), ('interA', ('15', '33')), ('interA', ('30', '47')), ('interA', ('12', '8'))]";"[['25', '57', '52', '59', '49', '16', '51', '44', '31', '47', '50', '53', '29', '24', '48'], ['11', '20', '2', '3', '15', '43', '40', '28', '19', '6', '46', '42', '27'], ['39', '32', '7', '37', '26', '30', '35', '12', '34', '13', '36', '33', '38'], ['8', '22', '14', '18', '23', '17', '5', '4', '21', '60', '58', '1'], ['55', '54', '45', '61', '10', '56', '9', '41']]";"[['25', '57', '52', '59', '49', '16', '51', '44', '31', '47', '50', '53', '29', '24', '48'], ['39', '32', '7', '37', '26', '30', '35', '12', '34', '13', '36', '33', '38'], ['11', '20', '2', '3', '15', '43', '40', '28', '19', '6', '46', '42', '27'], ['8', '22', '14', '18', '23', '17', '5', '4', '21', '60', '58', '1'], ['55', '54', '45', '61', '10', '56', '9', '41']]";"[['25', '57', '52', '59', '49', '16', '51', '44', '31', '47', '50', '53', '29', '24', '48'], ['11', '20', '2', '3', '15', '43', '40', '28', '19', '6', '46', '42', '27'], ['39', '32', '7', '37', '26', '30', '35', '12', '34', '13', '36', '33', '38'], ['8', '22', '14', '18', '23', '17', '5', '4', '21', '60', '58', '1'], ['55', '54', '45', '61', '10', '56', '9', '41']]";"[3, 1, 1, 3, 3, 1, 2, 3, 4, 4, 1, 2, 2, 3, 1, 0, 3, 3, 1, 1, 3, 3, 3, 0, 0, 2, 1, 1, 0, 2, 0, 2, 2, 2, 2, 2, 2, 2, 2, 1, 4, 1, 1, 0, 4, 1, 0, 0, 0, 0, 0, 0, 0, 4, 4, 4, 0, 3, 0, 3, 4]";"[3, 1, 1, 3, 3, 1, 2, 3, 4, 4, 1, 2, 2, 3, 1, 0, 3, 3, 1, 1, 3, 3, 3, 0, 0, 2, 1, 1, 0, 2, 0, 2, 2, 2, 2, 2, 2, 2, 2, 1, 4, 1, 1, 0, 4, 1, 0, 0, 0, 0, 0, 0, 0, 4, 4, 4, 0, 3, 0, 3, 4]";"[3, 2, 2, 3, 3, 2, 1, 3, 4, 4, 2, 1, 1, 3, 2, 0, 3, 3, 2, 2, 3, 3, 3, 0, 0, 1, 2, 2, 0, 1, 0, 1, 1, 1, 1, 1, 1, 1, 1, 2, 4, 2, 2, 0, 4, 2, 0, 0, 0, 0, 0, 0, 0, 4, 4, 4, 0, 3, 0, 3, 4]";"[3, 1, 1, 3, 3, 1, 2, 3, 4, 4, 1, 2, 2, 3, 1, 0, 3, 3, 1, 1, 3, 3, 3, 0, 0, 2, 1, 1, 0, 2, 0, 2, 2, 2, 2, 2, 2, 2, 2, 1, 4, 1, 1, 0, 4, 1, 0, 0, 0, 0, 0, 0, 0, 4, 4, 4, 0, 3, 0, 3, 4]"
14;2;"aucs";"flat_ec";6;0.4162;0.4077;0.404;0.4055;"{'39': 0.30833333333333335, '32': 0.3214285714285714, '7': 0.17045454545454547, '37': 0.2916666666666667, '26': 0.3472222222222222, '30': 0.08012820512820512, '35': 0.293859649122807, '12': 0.125, '34': 0.26785714285714285, '13': 0.3205128205128205, '36': 0.14166666666666666, '33': 0.17045454545454547, '38': 0.4226190476190476}";"{'39': 0.25757575757575757, '32': 0.3214285714285714, '7': 0.17045454545454547, '37': 0.3977272727272727, '26': 0.4019607843137255, '30': 0.125, '35': 0.293859649122807, '12': 0.125, '34': 0.29166666666666663, '13': 0.3205128205128205, '36': 0.2403846153846154, '33': 0.16025641025641024, '38': 0.4226190476190476}";"{'39': 0.45833333333333337, '32': 0.3214285714285714, '7': 0.17045454545454547, '37': 0.2916666666666667, '26': 0.3472222222222222, '30': 0.08012820512820512, '35': 0.293859649122807, '12': 0.125, '34': 0.26785714285714285, '13': 0.3205128205128205, '36': 0.14166666666666666, '33': 0.17045454545454547, '38': 0.4226190476190476}";"{'39': 0.30833333333333335, '32': 0.3214285714285714, '7': 0.20833333333333331, '37': 0.2916666666666667, '26': 0.3472222222222222, '30': 0.14166666666666666, '35': 0.293859649122807, '12': 0.19047619047619047, '34': 0.26785714285714285, '13': 0.3205128205128205, '36': 0.14166666666666666, '33': 0.20833333333333331, '38': 0.4226190476190476}";0.0;0.0357142857142857;0.0;0.0;0.958151101963811;1.0;1.0;0.9636579250469968;1.0;1.0;0.973324160467816;1.0;1.0;0.9743587977088658;1.0;1.0;0.0013;0.0302;0.0077;"['39', '32', '7', '37', '26', '30', '35', '12', '34', '13', '36', '33', '38']";"[('interA', ('3', '33')), ('intraD', ('30', '37')), ('intraD', ('26', '36')), ('intraA', ('33', '39')), ('interA', ('34', '6')), ('intraD', ('36', '37'))]";"[('interA', ('25', '39')), ('interA', ('39', '57')), ('interA', ('39', '52')), ('interA', ('39', '59')), ('interA', ('39', '49')), ('interA', ('16', '39'))]";"[('interA', ('30', '55')), ('interA', ('12', '55')), ('interA', ('7', '8')), ('interA', ('33', '5')), ('interA', ('30', '44')), ('interA', ('12', '20'))]";"[['25', '57', '52', '59', '49', '16', '51', '44', '31', '47', '50', '53', '29', '24', '48'], ['39', '32', '14', '37', '7', '26', '30', '35', '12', '34', '13', '36', '33', '38'], ['11', '20', '2', '3', '15', '43', '40', '28', '19', '6', '46', '42', '27'], ['8', '22', '18', '23', '17', '5', '4', '21', '60', '58', '1'], ['55', '54', '45', '61', '10', '56', '9', '41']]";"[['25', '57', '52', '59', '49', '16', '51', '44', '31', '47', '50', '53', '29', '24', '48'], ['39', '32', '7', '37', '26', '30', '35', '12', '34', '13', '36', '33', '38'], ['11', '20', '2', '3', '15', '43', '40', '28', '19', '6', '46', '42', '27'], ['8', '22', '14', '18', '23', '17', '5', '4', '21', '60', '58', '1'], ['55', '54', '45', '61', '10', '56', '9', '41']]";"[['25', '57', '52', '59', '49', '16', '51', '44', '31', '47', '50', '53', '29', '24', '48'], ['39', '32', '7', '37', '26', '30', '35', '12', '34', '13', '36', '33', '38'], ['11', '20', '2', '3', '15', '43', '40', '28', '19', '6', '46', '42', '27'], ['8', '22', '14', '18', '23', '17', '5', '4', '21', '60', '58', '1'], ['55', '54', '45', '61', '10', '56', '9', '41']]";"[3, 1, 1, 3, 3, 1, 2, 3, 4, 4, 1, 2, 2, 3, 1, 0, 3, 3, 1, 1, 3, 3, 3, 0, 0, 2, 1, 1, 0, 2, 0, 2, 2, 2, 2, 2, 2, 2, 2, 1, 4, 1, 1, 0, 4, 1, 0, 0, 0, 0, 0, 0, 0, 4, 4, 4, 0, 3, 0, 3, 4]";"[3, 2, 2, 3, 3, 2, 1, 3, 4, 4, 2, 1, 1, 1, 2, 0, 3, 3, 2, 2, 3, 3, 3, 0, 0, 1, 2, 2, 0, 1, 0, 1, 1, 1, 1, 1, 1, 1, 1, 2, 4, 2, 2, 0, 4, 2, 0, 0, 0, 0, 0, 0, 0, 4, 4, 4, 0, 3, 0, 3, 4]";"[3, 2, 2, 3, 3, 2, 1, 3, 4, 4, 2, 1, 1, 3, 2, 0, 3, 3, 2, 2, 3, 3, 3, 0, 0, 1, 2, 2, 0, 1, 0, 1, 1, 1, 1, 1, 1, 1, 1, 2, 4, 2, 2, 0, 4, 2, 0, 0, 0, 0, 0, 0, 0, 4, 4, 4, 0, 3, 0, 3, 4]";"[3, 2, 2, 3, 3, 2, 1, 3, 4, 4, 2, 1, 1, 3, 2, 0, 3, 3, 2, 2, 3, 3, 3, 0, 0, 1, 2, 2, 0, 1, 0, 1, 1, 1, 1, 1, 1, 1, 1, 2, 4, 2, 2, 0, 4, 2, 0, 0, 0, 0, 0, 0, 0, 4, 4, 4, 0, 3, 0, 3, 4]"
15;2;"aucs";"flat_ec";6;0.4162;0.4167;0.404;0.4047;"{'39': 0.30833333333333335, '32': 0.3214285714285714, '7': 0.17045454545454547, '37': 0.2916666666666667, '26': 0.3472222222222222, '30': 0.08012820512820512, '35': 0.293859649122807, '12': 0.125, '34': 0.26785714285714285, '13': 0.3205128205128205, '36': 0.14166666666666666, '33': 0.17045454545454547, '38': 0.4226190476190476}";"{'39': 0.30833333333333335, '32': 0.30833333333333335, '7': 0.20833333333333331, '37': 0.2916666666666667, '26': 0.3472222222222222, '30': 0.041666666666666664, '35': 0.293859649122807, '12': 0.125, '34': 0.3205128205128205, '13': 0.3205128205128205, '36': 0.14166666666666666, '33': 0.125, '38': 0.40064102564102566}";"{'39': 0.45833333333333337, '32': 0.3214285714285714, '7': 0.17045454545454547, '37': 0.2916666666666667, '26': 0.3472222222222222, '30': 0.08012820512820512, '35': 0.293859649122807, '12': 0.125, '34': 0.26785714285714285, '13': 0.3205128205128205, '36': 0.14166666666666666, '33': 0.17045454545454547, '38': 0.4226190476190476}";"{'39': 0.30833333333333335, '32': 0.3214285714285714, '7': 0.20833333333333331, '37': 0.2916666666666667, '26': 0.3472222222222222, '30': 0.14166666666666666, '35': 0.293859649122807, '12': 0.19047619047619047, '34': 0.26785714285714285, '13': 0.3205128205128205, '36': 0.14166666666666666, '33': 0.20833333333333331, '38': 0.4226190476190476}";0.0;0.0357142857142857;0.0;0.0;0.958151101963811;1.0;1.0;0.9636579250469968;1.0;1.0;0.973324160467816;1.0;1.0;0.9743587977088658;1.0;1.0;0.0012;0.0313;0.0071;"['39', '32', '7', '37', '26', '30', '35', '12', '34', '13', '36', '33', '38']";"[('interA', ('16', '7')), ('intraD', ('34', '39')), ('interD', ('28', '32')), ('intraA', ('33', '39')), ('interD', ('31', '38')), ('interD', ('30', '31'))]";"[('interA', ('25', '39')), ('interA', ('39', '57')), ('interA', ('39', '52')), ('interA', ('39', '59')), ('interA', ('39', '49')), ('interA', ('16', '39'))]";"[('interA', ('29', '30')), ('interA', ('12', '21')), ('interA', ('22', '7')), ('interA', ('33', '5')), ('interA', ('30', '59')), ('interA', ('12', '52'))]";"[['25', '57', '52', '59', '49', '16', '51', '44', '31', '47', '50', '53', '29', '24', '48'], ['39', '32', '14', '37', '7', '26', '30', '35', '12', '34', '13', '36', '33', '38'], ['11', '20', '2', '3', '15', '43', '40', '28', '19', '6', '46', '42', '27'], ['8', '22', '18', '23', '17', '5', '4', '21', '60', '58', '1'], ['55', '54', '45', '61', '10', '56', '9', '41']]";"[['25', '57', '52', '59', '49', '16', '51', '44', '31', '47', '50', '53', '29', '24', '48'], ['11', '20', '2', '3', '15', '43', '40', '28', '19', '6', '46', '42', '27'], ['39', '32', '7', '37', '26', '30', '35', '12', '34', '13', '36', '33', '38'], ['8', '22', '14', '18', '23', '17', '5', '4', '21', '60', '58', '1'], ['55', '54', '45', '61', '10', '56', '9', '41']]";"[['25', '57', '52', '59', '49', '16', '51', '44', '31', '47', '50', '53', '29', '24', '48'], ['11', '20', '2', '3', '15', '43', '40', '28', '19', '6', '46', '42', '27'], ['39', '32', '7', '37', '26', '30', '35', '12', '34', '13', '36', '33', '38'], ['8', '22', '14', '18', '23', '17', '5', '4', '21', '60', '58', '1'], ['55', '54', '45', '61', '10', '56', '9', '41']]";"[3, 1, 1, 3, 3, 1, 2, 3, 4, 4, 1, 2, 2, 3, 1, 0, 3, 3, 1, 1, 3, 3, 3, 0, 0, 2, 1, 1, 0, 2, 0, 2, 2, 2, 2, 2, 2, 2, 2, 1, 4, 1, 1, 0, 4, 1, 0, 0, 0, 0, 0, 0, 0, 4, 4, 4, 0, 3, 0, 3, 4]";"[3, 2, 2, 3, 3, 2, 1, 3, 4, 4, 2, 1, 1, 1, 2, 0, 3, 3, 2, 2, 3, 3, 3, 0, 0, 1, 2, 2, 0, 1, 0, 1, 1, 1, 1, 1, 1, 1, 1, 2, 4, 2, 2, 0, 4, 2, 0, 0, 0, 0, 0, 0, 0, 4, 4, 4, 0, 3, 0, 3, 4]";"[3, 1, 1, 3, 3, 1, 2, 3, 4, 4, 1, 2, 2, 3, 1, 0, 3, 3, 1, 1, 3, 3, 3, 0, 0, 2, 1, 1, 0, 2, 0, 2, 2, 2, 2, 2, 2, 2, 2, 1, 4, 1, 1, 0, 4, 1, 0, 0, 0, 0, 0, 0, 0, 4, 4, 4, 0, 3, 0, 3, 4]";"[3, 1, 1, 3, 3, 1, 2, 3, 4, 4, 1, 2, 2, 3, 1, 0, 3, 3, 1, 1, 3, 3, 3, 0, 0, 2, 1, 1, 0, 2, 0, 2, 2, 2, 2, 2, 2, 2, 2, 1, 4, 1, 1, 0, 4, 1, 0, 0, 0, 0, 0, 0, 0, 4, 4, 4, 0, 3, 0, 3, 4]"
16;2;"aucs";"flat_ec";6;0.4162;0.4118;0.404;0.405;"{'39': 0.30833333333333335, '32': 0.3214285714285714, '7': 0.17045454545454547, '37': 0.2916666666666667, '26': 0.3472222222222222, '30': 0.08012820512820512, '35': 0.293859649122807, '12': 0.125, '34': 0.26785714285714285, '13': 0.3205128205128205, '36': 0.14166666666666666, '33': 0.17045454545454547, '38': 0.4226190476190476}";"{'39': 0.20833333333333331, '32': 0.3214285714285714, '7': 0.125, '37': 0.2916666666666667, '26': 0.36184210526315785, '30': 0.08012820512820512, '35': 0.293859649122807, '12': 0.125, '34': 0.3205128205128205, '13': 0.3205128205128205, '36': 0.14166666666666666, '33': 0.25757575757575757, '38': 0.38541666666666663}";"{'39': 0.45833333333333337, '32': 0.3214285714285714, '7': 0.17045454545454547, '37': 0.2916666666666667, '26': 0.3472222222222222, '30': 0.08012820512820512, '35': 0.293859649122807, '12': 0.125, '34': 0.26785714285714285, '13': 0.3205128205128205, '36': 0.14166666666666666, '33': 0.17045454545454547, '38': 0.4226190476190476}";"{'39': 0.30833333333333335, '32': 0.3214285714285714, '7': 0.20833333333333331, '37': 0.2916666666666667, '26': 0.3472222222222222, '30': 0.14166666666666666, '35': 0.293859649122807, '12': 0.19047619047619047, '34': 0.26785714285714285, '13': 0.3205128205128205, '36': 0.14166666666666666, '33': 0.20833333333333331, '38': 0.4226190476190476}";0.0;0.0;0.0;0.0;1.0;1.0;1.0;1.0;1.0;1.0;1.0;1.0;1.0;1.0;1.0;1.0;0.0014;0.0304;0.0072;"['39', '32', '7', '37', '26', '30', '35', '12', '34', '13', '36', '33', '38']";"[('interA', ('33', '41')), ('intraA', ('38', '39')), ('intraA', ('39', '7')), ('interA', ('20', '38')), ('intraD', ('33', '34')), ('interA', ('26', '61'))]";"[('interA', ('25', '39')), ('interA', ('39', '57')), ('interA', ('39', '52')), ('interA', ('39', '59')), ('interA', ('39', '49')), ('interA', ('16', '39'))]";"[('interA', ('30', '61')), ('interA', ('11', '12')), ('interA', ('19', '7')), ('interA', ('25', '33')), ('interA', ('30', '60')), ('interA', ('12', '53'))]";"[['25', '57', '52', '59', '49', '16', '51', '44', '31', '47', '50', '53', '29', '24', '48'], ['11', '20', '2', '3', '15', '43', '40', '28', '19', '6', '46', '42', '27'], ['39', '32', '7', '37', '26', '30', '35', '12', '34', '13', '36', '33', '38'], ['8', '22', '14', '18', '23', '17', '5', '4', '21', '60', '58', '1'], ['55', '54', '45', '61', '10', '56', '9', '41']]";"[['25', '57', '52', '59', '49', '16', '51', '44', '31', '47', '50', '53', '29', '24', '48'], ['39', '32', '7', '37', '26', '30', '35', '12', '34', '13', '36', '33', '38'], ['11', '20', '2', '3', '15', '43', '40', '28', '19', '6', '46', '42', '27'], ['8', '22', '14', '18', '23', '17', '5', '4', '21', '60', '58', '1'], ['55', '54', '45', '61', '10', '56', '9', '41']]";"[['25', '57', '52', '59', '49', '16', '51', '44', '31', '47', '50', '53', '29', '24', '48'], ['11', '20', '2', '3', '15', '43', '40', '28', '19', '6', '46', '42', '27'], ['39', '32', '7', '37', '26', '30', '35', '12', '34', '13', '36', '33', '38'], ['8', '22', '14', '18', '23', '17', '5', '4', '21', '60', '58', '1'], ['55', '54', '45', '61', '10', '56', '9', '41']]";"[3, 1, 1, 3, 3, 1, 2, 3, 4, 4, 1, 2, 2, 3, 1, 0, 3, 3, 1, 1, 3, 3, 3, 0, 0, 2, 1, 1, 0, 2, 0, 2, 2, 2, 2, 2, 2, 2, 2, 1, 4, 1, 1, 0, 4, 1, 0, 0, 0, 0, 0, 0, 0, 4, 4, 4, 0, 3, 0, 3, 4]";"[3, 1, 1, 3, 3, 1, 2, 3, 4, 4, 1, 2, 2, 3, 1, 0, 3, 3, 1, 1, 3, 3, 3, 0, 0, 2, 1, 1, 0, 2, 0, 2, 2, 2, 2, 2, 2, 2, 2, 1, 4, 1, 1, 0, 4, 1, 0, 0, 0, 0, 0, 0, 0, 4, 4, 4, 0, 3, 0, 3, 4]";"[3, 2, 2, 3, 3, 2, 1, 3, 4, 4, 2, 1, 1, 3, 2, 0, 3, 3, 2, 2, 3, 3, 3, 0, 0, 1, 2, 2, 0, 1, 0, 1, 1, 1, 1, 1, 1, 1, 1, 2, 4, 2, 2, 0, 4, 2, 0, 0, 0, 0, 0, 0, 0, 4, 4, 4, 0, 3, 0, 3, 4]";"[3, 1, 1, 3, 3, 1, 2, 3, 4, 4, 1, 2, 2, 3, 1, 0, 3, 3, 1, 1, 3, 3, 3, 0, 0, 2, 1, 1, 0, 2, 0, 2, 2, 2, 2, 2, 2, 2, 2, 1, 4, 1, 1, 0, 4, 1, 0, 0, 0, 0, 0, 0, 0, 4, 4, 4, 0, 3, 0, 3, 4]"
17;2;"aucs";"flat_ec";6;0.4162;0.4026;0.404;0.4048;"{'39': 0.30833333333333335, '32': 0.3214285714285714, '7': 0.17045454545454547, '37': 0.2916666666666667, '26': 0.3472222222222222, '30': 0.08012820512820512, '35': 0.293859649122807, '12': 0.125, '34': 0.26785714285714285, '13': 0.3205128205128205, '36': 0.14166666666666666, '33': 0.17045454545454547, '38': 0.4226190476190476}";"{'39': 0.3446969696969697, '32': 0.3214285714285714, '7': 0.21666666666666667, '37': 0.2916666666666667, '26': 0.3472222222222222, '30': 0.11309523809523808, '35': 0.293859649122807, '12': 0.125, '34': 0.29166666666666663, '13': 0.3205128205128205, '36': 0.19047619047619047, '33': 0.20833333333333331, '38': 0.44166666666666665}";"{'39': 0.45833333333333337, '32': 0.3214285714285714, '7': 0.17045454545454547, '37': 0.2916666666666667, '26': 0.3472222222222222, '30': 0.08012820512820512, '35': 0.293859649122807, '12': 0.125, '34': 0.26785714285714285, '13': 0.3205128205128205, '36': 0.14166666666666666, '33': 0.17045454545454547, '38': 0.4226190476190476}";"{'39': 0.30833333333333335, '32': 0.3214285714285714, '7': 0.20833333333333331, '37': 0.2916666666666667, '26': 0.3472222222222222, '30': 0.14166666666666666, '35': 0.293859649122807, '12': 0.19047619047619047, '34': 0.26785714285714285, '13': 0.3205128205128205, '36': 0.14166666666666666, '33': 0.20833333333333331, '38': 0.4226190476190476}";0.0;0.0357142857142857;0.0;0.0;0.958151101963811;1.0;1.0;0.9636579250469968;1.0;1.0;0.973324160467816;1.0;1.0;0.9743587977088658;1.0;1.0;0.0012;0.0314;0.0083;"['39', '32', '7', '37', '26', '30', '35', '12', '34', '13', '36', '33', '38']";"[('interA', ('25', '38')), ('interA', ('18', '30')), ('interA', ('39', '8')), ('interA', ('11', '33')), ('intraD', ('36', '7')), ('interA', ('20', '34'))]";"[('interA', ('25', '39')), ('interA', ('39', '57')), ('interA', ('39', '52')), ('interA', ('39', '59')), ('interA', ('39', '49')), ('interA', ('16', '39'))]";"[('interA', ('30', '60')), ('interA', ('12', '3')), ('interA', ('50', '7')), ('interA', ('33', '57')), ('interA', ('30', '56')), ('interA', ('12', '53'))]";"[['25', '57', '52', '59', '49', '16', '51', '44', '31', '47', '50', '53', '29', '24', '48'], ['39', '32', '14', '37', '7', '26', '30', '35', '12', '34', '13', '36', '33', '38'], ['11', '20', '2', '3', '15', '43', '40', '28', '19', '6', '46', '42', '27'], ['8', '22', '18', '23', '17', '5', '4', '21', '60', '58', '1'], ['55', '54', '45', '61', '10', '56', '9', '41']]";"[['25', '57', '52', '59', '49', '16', '51', '44', '31', '47', '50', '53', '29', '24', '48'], ['39', '32', '7', '37', '26', '30', '35', '12', '34', '13', '36', '33', '38'], ['11', '20', '2', '3', '15', '43', '40', '28', '19', '6', '46', '42', '27'], ['8', '22', '14', '18', '23', '17', '5', '4', '21', '60', '58', '1'], ['55', '54', '45', '61', '10', '56', '9', '41']]";"[['25', '57', '52', '59', '49', '16', '51', '44', '31', '47', '50', '53', '29', '24', '48'], ['11', '20', '2', '3', '15', '43', '40', '28', '19', '6', '46', '42', '27'], ['39', '32', '7', '37', '26', '30', '35', '12', '34', '13', '36', '33', '38'], ['8', '22', '14', '18', '23', '17', '5', '4', '21', '60', '58', '1'], ['55', '54', '45', '61', '10', '56', '9', '41']]";"[3, 1, 1, 3, 3, 1, 2, 3, 4, 4, 1, 2, 2, 3, 1, 0, 3, 3, 1, 1, 3, 3, 3, 0, 0, 2, 1, 1, 0, 2, 0, 2, 2, 2, 2, 2, 2, 2, 2, 1, 4, 1, 1, 0, 4, 1, 0, 0, 0, 0, 0, 0, 0, 4, 4, 4, 0, 3, 0, 3, 4]";"[3, 2, 2, 3, 3, 2, 1, 3, 4, 4, 2, 1, 1, 1, 2, 0, 3, 3, 2, 2, 3, 3, 3, 0, 0, 1, 2, 2, 0, 1, 0, 1, 1, 1, 1, 1, 1, 1, 1, 2, 4, 2, 2, 0, 4, 2, 0, 0, 0, 0, 0, 0, 0, 4, 4, 4, 0, 3, 0, 3, 4]";"[3, 2, 2, 3, 3, 2, 1, 3, 4, 4, 2, 1, 1, 3, 2, 0, 3, 3, 2, 2, 3, 3, 3, 0, 0, 1, 2, 2, 0, 1, 0, 1, 1, 1, 1, 1, 1, 1, 1, 2, 4, 2, 2, 0, 4, 2, 0, 0, 0, 0, 0, 0, 0, 4, 4, 4, 0, 3, 0, 3, 4]";"[3, 1, 1, 3, 3, 1, 2, 3, 4, 4, 1, 2, 2, 3, 1, 0, 3, 3, 1, 1, 3, 3, 3, 0, 0, 2, 1, 1, 0, 2, 0, 2, 2, 2, 2, 2, 2, 2, 2, 1, 4, 1, 1, 0, 4, 1, 0, 0, 0, 0, 0, 0, 0, 4, 4, 4, 0, 3, 0, 3, 4]"
18;2;"aucs";"flat_ec";6;0.4162;0.4201;0.404;0.4048;"{'39': 0.30833333333333335, '32': 0.3214285714285714, '7': 0.17045454545454547, '37': 0.2916666666666667, '26': 0.3472222222222222, '30': 0.08012820512820512, '35': 0.293859649122807, '12': 0.125, '34': 0.26785714285714285, '13': 0.3205128205128205, '36': 0.14166666666666666, '33': 0.17045454545454547, '38': 0.4226190476190476}";"{'39': 0.30833333333333335, '32': 0.2689393939393939, '7': 0.17045454545454547, '37': 0.2807971014492754, '26': 0.3472222222222222, '30': 0.125, '35': 0.2777777777777778, '12': 0.17045454545454547, '34': 0.21666666666666667, '13': 0.3205128205128205, '36': 0.14166666666666666, '33': 0.17045454545454547, '38': 0.4226190476190476}";"{'39': 0.45833333333333337, '32': 0.3214285714285714, '7': 0.17045454545454547, '37': 0.2916666666666667, '26': 0.3472222222222222, '30': 0.08012820512820512, '35': 0.293859649122807, '12': 0.125, '34': 0.26785714285714285, '13': 0.3205128205128205, '36': 0.14166666666666666, '33': 0.17045454545454547, '38': 0.4226190476190476}";"{'39': 0.30833333333333335, '32': 0.3214285714285714, '7': 0.20833333333333331, '37': 0.2916666666666667, '26': 0.3472222222222222, '30': 0.14166666666666666, '35': 0.293859649122807, '12': 0.19047619047619047, '34': 0.26785714285714285, '13': 0.3205128205128205, '36': 0.14166666666666666, '33': 0.20833333333333331, '38': 0.4226190476190476}";0.0;0.0;0.0;0.0;1.0;1.0;1.0;1.0;1.0;1.0;1.0;1.0;1.0;1.0;1.0;1.0;0.0012;0.0293;0.0074;"['39', '32', '7', '37', '26', '30', '35', '12', '34', '13', '36', '33', '38']";"[('intraD', ('13', '30')), ('intraD', ('12', '38')), ('intraA', ('13', '34')), ('interD', ('29', '35')), ('interD', ('14', '37')), ('intraA', ('32', '38'))]";"[('interA', ('25', '39')), ('interA', ('39', '57')), ('interA', ('39', '52')), ('interA', ('39', '59')), ('interA', ('39', '49')), ('interA', ('16', '39'))]";"[('interA', ('29', '30')), ('interA', ('12', '59')), ('interA', ('17', '7')), ('interA', ('33', '53')), ('interA', ('30', '40')), ('interA', ('12', '54'))]";"[['25', '57', '52', '59', '49', '16', '51', '44', '31', '47', '50', '53', '29', '24', '48'], ['11', '20', '2', '3', '15', '43', '40', '28', '19', '6', '46', '42', '27'], ['39', '32', '7', '37', '26', '30', '35', '12', '34', '13', '36', '33', '38'], ['8', '22', '14', '18', '23', '17', '5', '4', '21', '60', '58', '1'], ['55', '54', '45', '61', '10', '56', '9', '41']]";"[['25', '57', '52', '59', '49', '16', '51', '44', '31', '47', '50', '53', '29', '24', '48'], ['11', '20', '2', '3', '15', '43', '40', '28', '19', '6', '46', '42', '27'], ['39', '32', '7', '37', '26', '30', '35', '12', '34', '13', '36', '33', '38'], ['8', '22', '14', '18', '23', '17', '5', '4', '21', '60', '58', '1'], ['55', '54', '45', '61', '10', '56', '9', '41']]";"[['25', '57', '52', '59', '49', '16', '51', '44', '31', '47', '50', '53', '29', '24', '48'], ['11', '20', '2', '3', '15', '43', '40', '28', '19', '6', '46', '42', '27'], ['39', '32', '7', '37', '26', '30', '35', '12', '34', '13', '36', '33', '38'], ['8', '22', '14', '18', '23', '17', '5', '4', '21', '60', '58', '1'], ['55', '54', '45', '61', '10', '56', '9', '41']]";"[3, 1, 1, 3, 3, 1, 2, 3, 4, 4, 1, 2, 2, 3, 1, 0, 3, 3, 1, 1, 3, 3, 3, 0, 0, 2, 1, 1, 0, 2, 0, 2, 2, 2, 2, 2, 2, 2, 2, 1, 4, 1, 1, 0, 4, 1, 0, 0, 0, 0, 0, 0, 0, 4, 4, 4, 0, 3, 0, 3, 4]";"[3, 1, 1, 3, 3, 1, 2, 3, 4, 4, 1, 2, 2, 3, 1, 0, 3, 3, 1, 1, 3, 3, 3, 0, 0, 2, 1, 1, 0, 2, 0, 2, 2, 2, 2, 2, 2, 2, 2, 1, 4, 1, 1, 0, 4, 1, 0, 0, 0, 0, 0, 0, 0, 4, 4, 4, 0, 3, 0, 3, 4]";"[3, 1, 1, 3, 3, 1, 2, 3, 4, 4, 1, 2, 2, 3, 1, 0, 3, 3, 1, 1, 3, 3, 3, 0, 0, 2, 1, 1, 0, 2, 0, 2, 2, 2, 2, 2, 2, 2, 2, 1, 4, 1, 1, 0, 4, 1, 0, 0, 0, 0, 0, 0, 0, 4, 4, 4, 0, 3, 0, 3, 4]";"[3, 1, 1, 3, 3, 1, 2, 3, 4, 4, 1, 2, 2, 3, 1, 0, 3, 3, 1, 1, 3, 3, 3, 0, 0, 2, 1, 1, 0, 2, 0, 2, 2, 2, 2, 2, 2, 2, 2, 1, 4, 1, 1, 0, 4, 1, 0, 0, 0, 0, 0, 0, 0, 4, 4, 4, 0, 3, 0, 3, 4]"
19;2;"aucs";"flat_ec";6;0.4162;0.4188;0.404;0.4046;"{'39': 0.30833333333333335, '32': 0.3214285714285714, '7': 0.17045454545454547, '37': 0.2916666666666667, '26': 0.3472222222222222, '30': 0.08012820512820512, '35': 0.293859649122807, '12': 0.125, '34': 0.26785714285714285, '13': 0.3205128205128205, '36': 0.14166666666666666, '33': 0.17045454545454547, '38': 0.4226190476190476}";"{'39': 0.3611111111111111, '32': 0.3214285714285714, '7': 0.125, '37': 0.2916666666666667, '26': 0.293859649122807, '30': 0.08012820512820512, '35': 0.293859649122807, '12': 0.17045454545454547, '34': 0.21666666666666667, '13': 0.26785714285714285, '36': 0.14166666666666666, '33': 0.17045454545454547, '38': 0.40064102564102566}";"{'39': 0.45833333333333337, '32': 0.3214285714285714, '7': 0.17045454545454547, '37': 0.2916666666666667, '26': 0.3472222222222222, '30': 0.08012820512820512, '35': 0.293859649122807, '12': 0.125, '34': 0.26785714285714285, '13': 0.3205128205128205, '36': 0.14166666666666666, '33': 0.17045454545454547, '38': 0.4226190476190476}";"{'39': 0.30833333333333335, '32': 0.3214285714285714, '7': 0.20833333333333331, '37': 0.2916666666666667, '26': 0.3472222222222222, '30': 0.14166666666666666, '35': 0.293859649122807, '12': 0.19047619047619047, '34': 0.26785714285714285, '13': 0.3205128205128205, '36': 0.14166666666666666, '33': 0.20833333333333331, '38': 0.4226190476190476}";0.0;0.0;0.0;0.0;1.0;1.0;1.0;1.0;1.0;1.0;1.0;1.0;1.0;1.0;1.0;1.0;0.0011;0.0322;0.0078;"['39', '32', '7', '37', '26', '30', '35', '12', '34', '13', '36', '33', '38']";"[('interA', ('26', '3')), ('intraD', ('12', '39')), ('interD', ('26', '45')), ('interD', ('38', '59')), ('intraA', ('13', '34')), ('intraA', ('26', '7'))]";"[('interA', ('25', '39')), ('interA', ('39', '57')), ('interA', ('39', '52')), ('interA', ('39', '59')), ('interA', ('39', '49')), ('interA', ('16', '39'))]";"[('interA', ('30', '50')), ('interA', ('12', '45')), ('interA', ('47', '7')), ('interA', ('11', '33')), ('interA', ('30', '47')), ('interA', ('12', '31'))]";"[['25', '57', '52', '59', '49', '16', '51', '44', '31', '47', '50', '53', '29', '24', '48'], ['39', '32', '7', '37', '26', '30', '35', '12', '34', '13', '36', '33', '38'], ['11', '20', '2', '3', '15', '43', '40', '28', '19', '6', '46', '42', '27'], ['8', '22', '14', '18', '23', '17', '5', '4', '21', '60', '58', '1'], ['55', '54', '45', '61', '10', '56', '9', '41']]";"[['25', '57', '52', '59', '49', '16', '51', '44', '31', '47', '50', '53', '29', '24', '48'], ['11', '20', '2', '3', '15', '43', '40', '28', '19', '6', '46', '42', '27'], ['39', '32', '7', '37', '26', '30', '35', '12', '34', '13', '36', '33', '38'], ['8', '22', '14', '18', '23', '17', '5', '4', '21', '60', '58', '1'], ['55', '54', '45', '61', '10', '56', '9', '41']]";"[['25', '57', '52', '59', '49', '16', '51', '44', '31', '47', '50', '53', '29', '24', '48'], ['39', '32', '7', '37', '26', '30', '35', '12', '34', '13', '36', '33', '38'], ['11', '20', '2', '3', '15', '43', '40', '28', '19', '6', '46', '42', '27'], ['8', '22', '14', '18', '23', '17', '5', '4', '21', '60', '58', '1'], ['55', '54', '45', '61', '10', '56', '9', '41']]";"[3, 1, 1, 3, 3, 1, 2, 3, 4, 4, 1, 2, 2, 3, 1, 0, 3, 3, 1, 1, 3, 3, 3, 0, 0, 2, 1, 1, 0, 2, 0, 2, 2, 2, 2, 2, 2, 2, 2, 1, 4, 1, 1, 0, 4, 1, 0, 0, 0, 0, 0, 0, 0, 4, 4, 4, 0, 3, 0, 3, 4]";"[3, 2, 2, 3, 3, 2, 1, 3, 4, 4, 2, 1, 1, 3, 2, 0, 3, 3, 2, 2, 3, 3, 3, 0, 0, 1, 2, 2, 0, 1, 0, 1, 1, 1, 1, 1, 1, 1, 1, 2, 4, 2, 2, 0, 4, 2, 0, 0, 0, 0, 0, 0, 0, 4, 4, 4, 0, 3, 0, 3, 4]";"[3, 1, 1, 3, 3, 1, 2, 3, 4, 4, 1, 2, 2, 3, 1, 0, 3, 3, 1, 1, 3, 3, 3, 0, 0, 2, 1, 1, 0, 2, 0, 2, 2, 2, 2, 2, 2, 2, 2, 1, 4, 1, 1, 0, 4, 1, 0, 0, 0, 0, 0, 0, 0, 4, 4, 4, 0, 3, 0, 3, 4]";"[3, 2, 2, 3, 3, 2, 1, 3, 4, 4, 2, 1, 1, 3, 2, 0, 3, 3, 2, 2, 3, 3, 3, 0, 0, 1, 2, 2, 0, 1, 0, 1, 1, 1, 1, 1, 1, 1, 1, 2, 4, 2, 2, 0, 4, 2, 0, 0, 0, 0, 0, 0, 0, 4, 4, 4, 0, 3, 0, 3, 4]"
0;3;"aucs";"flat_ec";6;0.4162;0.4214;0.4023;0.404;"{'8': 0.3484848484848485, '22': 0.37727272727272726, '14': 0.5438871473354232, '18': 0.3716577540106952, '23': 0.2727272727272727, '5': 0.4772727272727273, '17': 0.22727272727272727, '4': 0.5681818181818181, '21': 0.3181818181818182, '60': 0.75, '58': 0.7878787878787878, '1': 0.75}";"{'8': 0.3484848484848485, '22': 0.3181818181818182, '14': 0.538961038961039, '18': 0.3716577540106952, '23': 0.3441558441558441, '5': 0.39610389610389607, '17': 0.22727272727272727, '4': 0.4356060606060606, '21': 0.3181818181818182, '60': 0.5340909090909092, '58': 0.7878787878787878, '1': 0.75}";"{'8': 0.4595959595959596, '22': 0.37727272727272726, '14': 0.5438871473354232, '18': 0.3716577540106952, '23': 0.2727272727272727, '5': 0.4772727272727273, '17': 0.22727272727272727, '4': 0.5681818181818181, '21': 0.3181818181818182, '60': 0.75, '58': 0.7878787878787878, '1': 0.75}";"{'8': 0.3484848484848485, '22': 0.37727272727272726, '14': 0.5438871473354232, '18': 0.3716577540106952, '23': 0.3977272727272727, '5': 0.4772727272727273, '17': 0.33838383838383834, '4': 0.5681818181818181, '21': 0.461038961038961, '60': 0.75, '58': 0.7878787878787878, '1': 0.75}";0.0;0.0;0.4426406926406926;0.4426406926406926;1.0;0.874453305891433;0.874453305891433;1.0;0.897154322433119;0.897154322433119;1.0;1.0;1.0;1.0;1.0;1.0;0.0013;0.0343;0.0049;"['8', '22', '14', '18', '23', '5', '17', '4', '21', '60', '58', '1']";"[('intraA', ('4', '5')), ('intraA', ('22', '60')), ('interD', ('24', '5')), ('interD', ('14', '45')), ('interA', ('23', '34')), ('intraA', ('4', '60'))]";"[('interA', ('39', '8')), ('interA', ('32', '8')), ('interA', ('7', '8')), ('interA', ('37', '8')), ('interA', ('26', '8')), ('interA', ('30', '8'))]";"[('interA', ('23', '48')), ('interA', ('17', '47')), ('interA', ('21', '43')), ('interA', ('17', '19')), ('interA', ('11', '23')), ('interA', ('21', '42'))]";"[['25', '57', '52', '59', '49', '16', '51', '44', '31', '47', '50', '53', '29', '24', '48'], ['11', '20', '2', '3', '15', '43', '40', '28', '19', '6', '46', '42', '27'], ['39', '32', '7', '37', '26', '30', '35', '12', '34', '13', '36', '33', '38'], ['8', '22', '14', '18', '23', '17', '5', '4', '21', '60', '58', '1'], ['55', '54', '45', '61', '10', '56', '9', '41']]";"[['25', '57', '52', '59', '49', '16', '51', '44', '31', '47', '50', '53', '29', '24', '48'], ['39', '32', '14', '37', '7', '26', '30', '35', '12', '34', '13', '36', '33', '38'], ['11', '20', '2', '3', '15', '43', '40', '28', '19', '6', '46', '42', '27'], ['55', '54', '45', '10', '61', '4', '56', '41', '9', '58', '1'], ['8', '22', '18', '23', '17', '5', '21', '60']]";"[['25', '57', '52', '59', '49', '16', '51', '44', '31', '47', '50', '53', '29', '24', '48'], ['39', '32', '14', '37', '7', '26', '30', '35', '12', '34', '13', '36', '33', '38'], ['11', '20', '2', '3', '15', '43', '40', '28', '19', '6', '46', '42', '27'], ['55', '54', '45', '10', '61', '4', '56', '41', '9', '58', '1'], ['8', '22', '18', '23', '17', '5', '21', '60']]";"[3, 1, 1, 3, 3, 1, 2, 3, 4, 4, 1, 2, 2, 3, 1, 0, 3, 3, 1, 1, 3, 3, 3, 0, 0, 2, 1, 1, 0, 2, 0, 2, 2, 2, 2, 2, 2, 2, 2, 1, 4, 1, 1, 0, 4, 1, 0, 0, 0, 0, 0, 0, 0, 4, 4, 4, 0, 3, 0, 3, 4]";"[3, 1, 1, 3, 3, 1, 2, 3, 4, 4, 1, 2, 2, 3, 1, 0, 3, 3, 1, 1, 3, 3, 3, 0, 0, 2, 1, 1, 0, 2, 0, 2, 2, 2, 2, 2, 2, 2, 2, 1, 4, 1, 1, 0, 4, 1, 0, 0, 0, 0, 0, 0, 0, 4, 4, 4, 0, 3, 0, 3, 4]";"[3, 2, 2, 3, 4, 2, 1, 4, 3, 3, 2, 1, 1, 1, 2, 0, 4, 4, 2, 2, 4, 4, 4, 0, 0, 1, 2, 2, 0, 1, 0, 1, 1, 1, 1, 1, 1, 1, 1, 2, 3, 2, 2, 0, 3, 2, 0, 0, 0, 0, 0, 0, 0, 3, 3, 3, 0, 3, 0, 4, 3]";"[3, 2, 2, 3, 4, 2, 1, 4, 3, 3, 2, 1, 1, 1, 2, 0, 4, 4, 2, 2, 4, 4, 4, 0, 0, 1, 2, 2, 0, 1, 0, 1, 1, 1, 1, 1, 1, 1, 1, 2, 3, 2, 2, 0, 3, 2, 0, 0, 0, 0, 0, 0, 0, 3, 3, 3, 0, 3, 0, 4, 3]"
1;3;"aucs";"flat_ec";6;0.4162;0.4164;0.4023;0.4033;"{'8': 0.3484848484848485, '22': 0.37727272727272726, '14': 0.5438871473354232, '18': 0.3716577540106952, '23': 0.2727272727272727, '5': 0.4772727272727273, '17': 0.22727272727272727, '4': 0.5681818181818181, '21': 0.3181818181818182, '60': 0.75, '58': 0.7878787878787878, '1': 0.75}";"{'8': 0.3484848484848485, '22': 0.43939393939393934, '14': 0.5438871473354232, '18': 0.31313131313131315, '23': 0.4015151515151515, '5': 0.4772727272727273, '17': 0.18181818181818182, '4': 0.5, '21': 0.2727272727272727, '60': 0.8333333333333333, '58': 0.6948051948051948, '1': 0.6212121212121212}";"{'8': 0.4595959595959596, '22': 0.37727272727272726, '14': 0.5438871473354232, '18': 0.3716577540106952, '23': 0.2727272727272727, '5': 0.4772727272727273, '17': 0.22727272727272727, '4': 0.5681818181818181, '21': 0.3181818181818182, '60': 0.75, '58': 0.7878787878787878, '1': 0.75}";"{'8': 0.3484848484848485, '22': 0.37727272727272726, '14': 0.5438871473354232, '18': 0.3716577540106952, '23': 0.3977272727272727, '5': 0.4772727272727273, '17': 0.33838383838383834, '4': 0.5681818181818181, '21': 0.461038961038961, '60': 0.75, '58': 0.7878787878787878, '1': 0.75}";0.0;0.2638888888888889;0.4426406926406926;0.4426406926406926;0.9666918928239564;0.874453305891433;0.874453305891433;0.9661272707646776;0.897154322433119;0.897154322433119;1.0;1.0;1.0;1.0;1.0;1.0;0.0012;0.0325;0.0055;"['8', '22', '14', '18', '23', '5', '17', '4', '21', '60', '58', '1']";"[('interA', ('2', '23')), ('intraA', ('17', '58')), ('intraA', ('21', '4')), ('intraA', ('1', '18')), ('intraD', ('22', '23')), ('interA', ('41', '60'))]";"[('interA', ('39', '8')), ('interA', ('32', '8')), ('interA', ('7', '8')), ('interA', ('37', '8')), ('interA', ('26', '8')), ('interA', ('30', '8'))]";"[('interA', ('23', '26')), ('interA', ('17', '57')), ('interA', ('11', '21')), ('interA', ('17', '26')), ('interA', ('23', '55')), ('interA', ('21', '32'))]";"[['25', '57', '52', '59', '49', '16', '51', '44', '31', '47', '50', '53', '29', '24', '48'], ['39', '32', '7', '37', '26', '30', '35', '12', '34', '13', '36', '33', '38'], ['11', '20', '2', '3', '15', '43', '40', '28', '19', '6', '46', '42', '27'], ['8', '22', '14', '18', '23', '17', '5', '4', '21', '58', '1'], ['55', '54', '45', '61', '10', '60', '56', '9', '41']]";"[['25', '57', '52', '59', '49', '16', '51', '44', '31', '47', '50', '53', '29', '24', '48'], ['39', '32', '14', '37', '7', '26', '30', '35', '12', '34', '13', '36', '33', '38'], ['11', '20', '2', '3', '15', '43', '40', '28', '19', '6', '46', '42', '27'], ['55', '54', '45', '10', '61', '4', '56', '41', '9', '58', '1'], ['8', '22', '18', '23', '17', '5', '21', '60']]";"[['25', '57', '52', '59', '49', '16', '51', '44', '31', '47', '50', '53', '29', '24', '48'], ['39', '32', '14', '37', '7', '26', '30', '35', '12', '34', '13', '36', '33', '38'], ['11', '20', '2', '3', '15', '43', '40', '28', '19', '6', '46', '42', '27'], ['55', '54', '45', '10', '61', '4', '56', '41', '9', '58', '1'], ['8', '22', '18', '23', '17', '5', '21', '60']]";"[3, 1, 1, 3, 3, 1, 2, 3, 4, 4, 1, 2, 2, 3, 1, 0, 3, 3, 1, 1, 3, 3, 3, 0, 0, 2, 1, 1, 0, 2, 0, 2, 2, 2, 2, 2, 2, 2, 2, 1, 4, 1, 1, 0, 4, 1, 0, 0, 0, 0, 0, 0, 0, 4, 4, 4, 0, 3, 0, 3, 4]";"[3, 2, 2, 3, 3, 2, 1, 3, 4, 4, 2, 1, 1, 3, 2, 0, 3, 3, 2, 2, 3, 3, 3, 0, 0, 1, 2, 2, 0, 1, 0, 1, 1, 1, 1, 1, 1, 1, 1, 2, 4, 2, 2, 0, 4, 2, 0, 0, 0, 0, 0, 0, 0, 4, 4, 4, 0, 3, 0, 4, 4]";"[3, 2, 2, 3, 4, 2, 1, 4, 3, 3, 2, 1, 1, 1, 2, 0, 4, 4, 2, 2, 4, 4, 4, 0, 0, 1, 2, 2, 0, 1, 0, 1, 1, 1, 1, 1, 1, 1, 1, 2, 3, 2, 2, 0, 3, 2, 0, 0, 0, 0, 0, 0, 0, 3, 3, 3, 0, 3, 0, 4, 3]";"[3, 2, 2, 3, 4, 2, 1, 4, 3, 3, 2, 1, 1, 1, 2, 0, 4, 4, 2, 2, 4, 4, 4, 0, 0, 1, 2, 2, 0, 1, 0, 1, 1, 1, 1, 1, 1, 1, 1, 2, 3, 2, 2, 0, 3, 2, 0, 0, 0, 0, 0, 0, 0, 3, 3, 3, 0, 3, 0, 4, 3]"
2;3;"aucs";"flat_ec";6;0.4162;0.413;0.4023;0.4028;"{'8': 0.3484848484848485, '22': 0.37727272727272726, '14': 0.5438871473354232, '18': 0.3716577540106952, '23': 0.2727272727272727, '5': 0.4772727272727273, '17': 0.22727272727272727, '4': 0.5681818181818181, '21': 0.3181818181818182, '60': 0.75, '58': 0.7878787878787878, '1': 0.75}";"{'8': 0.3484848484848485, '22': 0.37727272727272726, '14': 0.6022727272727273, '18': 0.3716577540106952, '23': 0.4015151515151515, '5': 0.5419580419580419, '17': 0.18181818181818182, '4': 0.5681818181818181, '21': 0.36363636363636365, '60': 0.6212121212121212, '58': 0.7878787878787878, '1': 0.75}";"{'8': 0.4595959595959596, '22': 0.37727272727272726, '14': 0.5438871473354232, '18': 0.3716577540106952, '23': 0.2727272727272727, '5': 0.4772727272727273, '17': 0.22727272727272727, '4': 0.5681818181818181, '21': 0.3181818181818182, '60': 0.75, '58': 0.7878787878787878, '1': 0.75}";"{'8': 0.3484848484848485, '22': 0.37727272727272726, '14': 0.5438871473354232, '18': 0.3716577540106952, '23': 0.3977272727272727, '5': 0.4772727272727273, '17': 0.33838383838383834, '4': 0.5681818181818181, '21': 0.461038961038961, '60': 0.75, '58': 0.7878787878787878, '1': 0.75}";0.0;0.2738095238095238;0.4426406926406926;0.4426406926406926;0.958151101963811;0.874453305891433;0.874453305891433;0.9636579250469968;0.897154322433119;0.897154322433119;1.0;1.0;1.0;1.0;1.0;1.0;0.0012;0.0331;0.0049;"['8', '22', '14', '18', '23', '5', '17', '4', '21', '60', '58', '1']";"[('intraA', ('17', '60')), ('intraD', ('18', '21')), ('interA', ('23', '46')), ('intraD', ('23', '5')), ('intraD', ('14', '58')), ('intraA', ('18', '58'))]";"[('interA', ('39', '8')), ('interA', ('32', '8')), ('interA', ('7', '8')), ('interA', ('37', '8')), ('interA', ('26', '8')), ('interA', ('30', '8'))]";"[('interA', ('23', '32')), ('interA', ('17', '26')), ('interA', ('21', '33')), ('interA', ('17', '53')), ('interA', ('23', '27')), ('interA', ('21', '30'))]";"[['25', '57', '52', '59', '49', '16', '51', '44', '31', '47', '50', '53', '29', '24', '48'], ['39', '32', '14', '37', '7', '26', '30', '35', '12', '34', '13', '36', '33', '38'], ['11', '20', '2', '3', '15', '43', '40', '28', '19', '6', '46', '42', '27'], ['8', '22', '18', '23', '17', '5', '4', '21', '60', '58', '1'], ['55', '54', '45', '61', '10', '56', '9', '41']]";"[['25', '57', '52', '59', '49', '16', '51', '44', '31', '47', '50', '53', '29', '24', '48'], ['39', '32', '14', '37', '7', '26', '30', '35', '12', '34', '13', '36', '33', '38'], ['11', '20', '2', '3', '15', '43', '40', '28', '19', '6', '46', '42', '27'], ['55', '54', '45', '10', '61', '4', '56', '41', '9', '58', '1'], ['8', '22', '18', '23', '17', '5', '21', '60']]";"[['25', '57', '52', '59', '49', '16', '51', '44', '31', '47', '50', '53', '29', '24', '48'], ['39', '32', '14', '37', '7', '26', '30', '35', '12', '34', '13', '36', '33', '38'], ['11', '20', '2', '3', '15', '43', '40', '28', '19', '6', '46', '42', '27'], ['55', '54', '45', '10', '61', '4', '56', '41', '9', '58', '1'], ['8', '22', '18', '23', '17', '5', '21', '60']]";"[3, 1, 1, 3, 3, 1, 2, 3, 4, 4, 1, 2, 2, 3, 1, 0, 3, 3, 1, 1, 3, 3, 3, 0, 0, 2, 1, 1, 0, 2, 0, 2, 2, 2, 2, 2, 2, 2, 2, 1, 4, 1, 1, 0, 4, 1, 0, 0, 0, 0, 0, 0, 0, 4, 4, 4, 0, 3, 0, 3, 4]";"[3, 2, 2, 3, 3, 2, 1, 3, 4, 4, 2, 1, 1, 1, 2, 0, 3, 3, 2, 2, 3, 3, 3, 0, 0, 1, 2, 2, 0, 1, 0, 1, 1, 1, 1, 1, 1, 1, 1, 2, 4, 2, 2, 0, 4, 2, 0, 0, 0, 0, 0, 0, 0, 4, 4, 4, 0, 3, 0, 3, 4]";"[3, 2, 2, 3, 4, 2, 1, 4, 3, 3, 2, 1, 1, 1, 2, 0, 4, 4, 2, 2, 4, 4, 4, 0, 0, 1, 2, 2, 0, 1, 0, 1, 1, 1, 1, 1, 1, 1, 1, 2, 3, 2, 2, 0, 3, 2, 0, 0, 0, 0, 0, 0, 0, 3, 3, 3, 0, 3, 0, 4, 3]";"[3, 2, 2, 3, 4, 2, 1, 4, 3, 3, 2, 1, 1, 1, 2, 0, 4, 4, 2, 2, 4, 4, 4, 0, 0, 1, 2, 2, 0, 1, 0, 1, 1, 1, 1, 1, 1, 1, 1, 2, 3, 2, 2, 0, 3, 2, 0, 0, 0, 0, 0, 0, 0, 3, 3, 3, 0, 3, 0, 4, 3]"
3;3;"aucs";"flat_ec";6;0.4162;0.4115;0.4023;0.4037;"{'8': 0.3484848484848485, '22': 0.37727272727272726, '14': 0.5438871473354232, '18': 0.3716577540106952, '23': 0.2727272727272727, '5': 0.4772727272727273, '17': 0.22727272727272727, '4': 0.5681818181818181, '21': 0.3181818181818182, '60': 0.75, '58': 0.7878787878787878, '1': 0.75}";"{'8': 0.40909090909090906, '22': 0.37727272727272726, '14': 0.5484848484848485, '18': 0.38636363636363635, '23': 0.2727272727272727, '5': 0.4772727272727273, '17': 0.18181818181818182, '4': 0.5404040404040404, '21': 0.36363636363636365, '60': 0.8333333333333333, '58': 0.6948051948051948, '1': 0.75}";"{'8': 0.4595959595959596, '22': 0.37727272727272726, '14': 0.5438871473354232, '18': 0.3716577540106952, '23': 0.2727272727272727, '5': 0.4772727272727273, '17': 0.22727272727272727, '4': 0.5681818181818181, '21': 0.3181818181818182, '60': 0.75, '58': 0.7878787878787878, '1': 0.75}";"{'8': 0.3484848484848485, '22': 0.37727272727272726, '14': 0.5438871473354232, '18': 0.3716577540106952, '23': 0.3977272727272727, '5': 0.4772727272727273, '17': 0.33838383838383834, '4': 0.5681818181818181, '21': 0.461038961038961, '60': 0.75, '58': 0.7878787878787878, '1': 0.75}";0.0;0.2738095238095238;0.4426406926406926;0.4426406926406926;0.958151101963811;0.874453305891433;0.874453305891433;0.9636579250469968;0.897154322433119;0.897154322433119;1.0;1.0;1.0;1.0;1.0;1.0;0.0012;0.0332;0.0057;"['8', '22', '14', '18', '23', '5', '17', '4', '21', '60', '58', '1']";"[('interD', ('4', '47')), ('interA', ('37', '60')), ('intraD', ('21', '8')), ('interA', ('18', '46')), ('interA', ('13', '14')), ('intraA', ('17', '58'))]";"[('interA', ('39', '8')), ('interA', ('32', '8')), ('interA', ('7', '8')), ('interA', ('37', '8')), ('interA', ('26', '8')), ('interA', ('30', '8'))]";"[('interA', ('23', '49')), ('interA', ('17', '29')), ('interA', ('19', '21')), ('interA', ('17', '43')), ('interA', ('2', '23')), ('interA', ('13', '21'))]";"[['25', '57', '52', '59', '49', '16', '51', '44', '31', '47', '50', '53', '29', '24', '48'], ['39', '32', '14', '37', '7', '26', '30', '35', '12', '34', '13', '36', '33', '38'], ['11', '20', '2', '3', '15', '43', '40', '28', '19', '6', '46', '42', '27'], ['8', '22', '18', '23', '17', '5', '4', '21', '60', '58', '1'], ['55', '54', '45', '61', '10', '56', '9', '41']]";"[['25', '57', '52', '59', '49', '16', '51', '44', '31', '47', '50', '53', '29', '24', '48'], ['39', '32', '14', '37', '7', '26', '30', '35', '12', '34', '13', '36', '33', '38'], ['11', '20', '2', '3', '15', '43', '40', '28', '19', '6', '46', '42', '27'], ['55', '54', '45', '10', '61', '4', '56', '41', '9', '58', '1'], ['8', '22', '18', '23', '17', '5', '21', '60']]";"[['25', '57', '52', '59', '49', '16', '51', '44', '31', '47', '50', '53', '29', '24', '48'], ['39', '32', '14', '37', '7', '26', '30', '35', '12', '34', '13', '36', '33', '38'], ['11', '20', '2', '3', '15', '43', '40', '28', '19', '6', '46', '42', '27'], ['55', '54', '45', '10', '61', '4', '56', '41', '9', '58', '1'], ['8', '22', '18', '23', '17', '5', '21', '60']]";"[3, 1, 1, 3, 3, 1, 2, 3, 4, 4, 1, 2, 2, 3, 1, 0, 3, 3, 1, 1, 3, 3, 3, 0, 0, 2, 1, 1, 0, 2, 0, 2, 2, 2, 2, 2, 2, 2, 2, 1, 4, 1, 1, 0, 4, 1, 0, 0, 0, 0, 0, 0, 0, 4, 4, 4, 0, 3, 0, 3, 4]";"[3, 2, 2, 3, 3, 2, 1, 3, 4, 4, 2, 1, 1, 1, 2, 0, 3, 3, 2, 2, 3, 3, 3, 0, 0, 1, 2, 2, 0, 1, 0, 1, 1, 1, 1, 1, 1, 1, 1, 2, 4, 2, 2, 0, 4, 2, 0, 0, 0, 0, 0, 0, 0, 4, 4, 4, 0, 3, 0, 3, 4]";"[3, 2, 2, 3, 4, 2, 1, 4, 3, 3, 2, 1, 1, 1, 2, 0, 4, 4, 2, 2, 4, 4, 4, 0, 0, 1, 2, 2, 0, 1, 0, 1, 1, 1, 1, 1, 1, 1, 1, 2, 3, 2, 2, 0, 3, 2, 0, 0, 0, 0, 0, 0, 0, 3, 3, 3, 0, 3, 0, 4, 3]";"[3, 2, 2, 3, 4, 2, 1, 4, 3, 3, 2, 1, 1, 1, 2, 0, 4, 4, 2, 2, 4, 4, 4, 0, 0, 1, 2, 2, 0, 1, 0, 1, 1, 1, 1, 1, 1, 1, 1, 2, 3, 2, 2, 0, 3, 2, 0, 0, 0, 0, 0, 0, 0, 3, 3, 3, 0, 3, 0, 4, 3]"
4;3;"aucs";"flat_ec";6;0.4162;0.4154;0.4023;0.4042;"{'8': 0.3484848484848485, '22': 0.37727272727272726, '14': 0.5438871473354232, '18': 0.3716577540106952, '23': 0.2727272727272727, '5': 0.4772727272727273, '17': 0.22727272727272727, '4': 0.5681818181818181, '21': 0.3181818181818182, '60': 0.75, '58': 0.7878787878787878, '1': 0.75}";"{'8': 0.4727272727272727, '22': 0.3977272727272727, '14': 0.538961038961039, '18': 0.3716577540106952, '23': 0.2727272727272727, '5': 0.4772727272727273, '17': 0.2897727272727273, '4': 0.5681818181818181, '21': 0.36363636363636365, '60': 0.75, '58': 0.8116883116883117, '1': 0.75}";"{'8': 0.4595959595959596, '22': 0.37727272727272726, '14': 0.5438871473354232, '18': 0.3716577540106952, '23': 0.2727272727272727, '5': 0.4772727272727273, '17': 0.22727272727272727, '4': 0.5681818181818181, '21': 0.3181818181818182, '60': 0.75, '58': 0.7878787878787878, '1': 0.75}";"{'8': 0.3484848484848485, '22': 0.37727272727272726, '14': 0.5438871473354232, '18': 0.3716577540106952, '23': 0.3977272727272727, '5': 0.4772727272727273, '17': 0.33838383838383834, '4': 0.5681818181818181, '21': 0.461038961038961, '60': 0.75, '58': 0.7878787878787878, '1': 0.75}";0.0;0.2638888888888889;0.4426406926406926;0.4426406926406926;0.9666918928239564;0.874453305891433;0.874453305891433;0.9661272707646776;0.897154322433119;0.897154322433119;1.0;1.0;1.0;1.0;1.0;1.0;0.0013;0.0324;0.0051;"['8', '22', '14', '18', '23', '5', '17', '4', '21', '60', '58', '1']";"[('intraD', ('21', '8')), ('intraD', ('22', '8')), ('interA', ('56', '58')), ('interD', ('14', '35')), ('interD', ('22', '34')), ('interA', ('10', '17'))]";"[('interA', ('39', '8')), ('interA', ('32', '8')), ('interA', ('7', '8')), ('interA', ('37', '8')), ('interA', ('26', '8')), ('interA', ('30', '8'))]";"[('interA', ('11', '23')), ('interA', ('17', '3')), ('interA', ('10', '21')), ('interA', ('17', '49')), ('interA', ('23', '40')), ('interA', ('21', '59'))]";"[['25', '57', '52', '59', '49', '16', '51', '44', '31', '47', '50', '53', '29', '24', '48'], ['39', '32', '7', '37', '26', '30', '35', '12', '34', '13', '36', '33', '38'], ['11', '20', '2', '3', '15', '43', '40', '28', '19', '6', '46', '42', '27'], ['8', '22', '14', '18', '23', '17', '5', '4', '21', '60', '1'], ['55', '54', '45', '61', '10', '56', '9', '58', '41']]";"[['25', '57', '52', '59', '49', '16', '51', '44', '31', '47', '50', '53', '29', '24', '48'], ['39', '32', '14', '37', '7', '26', '30', '35', '12', '34', '13', '36', '33', '38'], ['11', '20', '2', '3', '15', '43', '40', '28', '19', '6', '46', '42', '27'], ['55', '54', '45', '10', '61', '4', '56', '41', '9', '58', '1'], ['8', '22', '18', '23', '17', '5', '21', '60']]";"[['25', '57', '52', '59', '49', '16', '51', '44', '31', '47', '50', '53', '29', '24', '48'], ['39', '32', '14', '37', '7', '26', '30', '35', '12', '34', '13', '36', '33', '38'], ['11', '20', '2', '3', '15', '43', '40', '28', '19', '6', '46', '42', '27'], ['55', '54', '45', '10', '61', '4', '56', '41', '9', '58', '1'], ['8', '22', '18', '23', '17', '5', '21', '60']]";"[3, 1, 1, 3, 3, 1, 2, 3, 4, 4, 1, 2, 2, 3, 1, 0, 3, 3, 1, 1, 3, 3, 3, 0, 0, 2, 1, 1, 0, 2, 0, 2, 2, 2, 2, 2, 2, 2, 2, 1, 4, 1, 1, 0, 4, 1, 0, 0, 0, 0, 0, 0, 0, 4, 4, 4, 0, 3, 0, 3, 4]";"[3, 2, 2, 3, 3, 2, 1, 3, 4, 4, 2, 1, 1, 3, 2, 0, 3, 3, 2, 2, 3, 3, 3, 0, 0, 1, 2, 2, 0, 1, 0, 1, 1, 1, 1, 1, 1, 1, 1, 2, 4, 2, 2, 0, 4, 2, 0, 0, 0, 0, 0, 0, 0, 4, 4, 4, 0, 4, 0, 3, 4]";"[3, 2, 2, 3, 4, 2, 1, 4, 3, 3, 2, 1, 1, 1, 2, 0, 4, 4, 2, 2, 4, 4, 4, 0, 0, 1, 2, 2, 0, 1, 0, 1, 1, 1, 1, 1, 1, 1, 1, 2, 3, 2, 2, 0, 3, 2, 0, 0, 0, 0, 0, 0, 0, 3, 3, 3, 0, 3, 0, 4, 3]";"[3, 2, 2, 3, 4, 2, 1, 4, 3, 3, 2, 1, 1, 1, 2, 0, 4, 4, 2, 2, 4, 4, 4, 0, 0, 1, 2, 2, 0, 1, 0, 1, 1, 1, 1, 1, 1, 1, 1, 2, 3, 2, 2, 0, 3, 2, 0, 0, 0, 0, 0, 0, 0, 3, 3, 3, 0, 3, 0, 4, 3]"
5;3;"aucs";"flat_ec";6;0.4162;0.416;0.4023;0.4037;"{'8': 0.3484848484848485, '22': 0.37727272727272726, '14': 0.5438871473354232, '18': 0.3716577540106952, '23': 0.2727272727272727, '5': 0.4772727272727273, '17': 0.22727272727272727, '4': 0.5681818181818181, '21': 0.3181818181818182, '60': 0.75, '58': 0.7878787878787878, '1': 0.75}";"{'8': 0.3484848484848485, '22': 0.4727272727272727, '14': 0.5438871473354232, '18': 0.3716577540106952, '23': 0.2727272727272727, '5': 0.458041958041958, '17': 0.22727272727272727, '4': 0.5681818181818181, '21': 0.2727272727272727, '60': 0.75, '58': 0.6136363636363636, '1': 0.5340909090909092}";"{'8': 0.4595959595959596, '22': 0.37727272727272726, '14': 0.5438871473354232, '18': 0.3716577540106952, '23': 0.2727272727272727, '5': 0.4772727272727273, '17': 0.22727272727272727, '4': 0.5681818181818181, '21': 0.3181818181818182, '60': 0.75, '58': 0.7878787878787878, '1': 0.75}";"{'8': 0.3484848484848485, '22': 0.37727272727272726, '14': 0.5438871473354232, '18': 0.3716577540106952, '23': 0.3977272727272727, '5': 0.4772727272727273, '17': 0.33838383838383834, '4': 0.5681818181818181, '21': 0.461038961038961, '60': 0.75, '58': 0.7878787878787878, '1': 0.75}";0.0;0.2738095238095238;0.4426406926406926;0.4426406926406926;0.958151101963811;0.874453305891433;0.874453305891433;0.9636579250469968;0.897154322433119;0.897154322433119;1.0;1.0;1.0;1.0;1.0;1.0;0.0013;0.0335;0.0051;"['8', '22', '14', '18', '23', '5', '17', '4', '21', '60', '58', '1']";"[('intraD', ('18', '22')), ('intraA', ('1', '21')), ('intraA', ('1', '58')), ('interD', ('15', '5')), ('interA', ('22', '41')), ('intraA', ('18', '58'))]";"[('interA', ('39', '8')), ('interA', ('32', '8')), ('interA', ('7', '8')), ('interA', ('37', '8')), ('interA', ('26', '8')), ('interA', ('30', '8'))]";"[('interA', ('23', '28')), ('interA', ('17', '48')), ('interA', ('21', '30')), ('interA', ('17', '20')), ('interA', ('23', '52')), ('interA', ('21', '42'))]";"[['25', '57', '52', '59', '49', '16', '51', '44', '31', '47', '50', '53', '29', '24', '48'], ['39', '32', '14', '37', '7', '26', '30', '35', '12', '34', '13', '36', '33', '38'], ['11', '20', '2', '3', '15', '43', '40', '28', '19', '6', '46', '42', '27'], ['8', '22', '18', '23', '17', '5', '4', '21', '60', '58', '1'], ['55', '54', '45', '61', '10', '56', '9', '41']]";"[['25', '57', '52', '59', '49', '16', '51', '44', '31', '47', '50', '53', '29', '24', '48'], ['39', '32', '14', '37', '7', '26', '30', '35', '12', '34', '13', '36', '33', '38'], ['11', '20', '2', '3', '15', '43', '40', '28', '19', '6', '46', '42', '27'], ['55', '54', '45', '10', '61', '4', '56', '41', '9', '58', '1'], ['8', '22', '18', '23', '17', '5', '21', '60']]";"[['25', '57', '52', '59', '49', '16', '51', '44', '31', '47', '50', '53', '29', '24', '48'], ['39', '32', '14', '37', '7', '26', '30', '35', '12', '34', '13', '36', '33', '38'], ['11', '20', '2', '3', '15', '43', '40', '28', '19', '6', '46', '42', '27'], ['55', '54', '45', '10', '61', '4', '56', '41', '9', '58', '1'], ['8', '22', '18', '23', '17', '5', '21', '60']]";"[3, 1, 1, 3, 3, 1, 2, 3, 4, 4, 1, 2, 2, 3, 1, 0, 3, 3, 1, 1, 3, 3, 3, 0, 0, 2, 1, 1, 0, 2, 0, 2, 2, 2, 2, 2, 2, 2, 2, 1, 4, 1, 1, 0, 4, 1, 0, 0, 0, 0, 0, 0, 0, 4, 4, 4, 0, 3, 0, 3, 4]";"[3, 2, 2, 3, 3, 2, 1, 3, 4, 4, 2, 1, 1, 1, 2, 0, 3, 3, 2, 2, 3, 3, 3, 0, 0, 1, 2, 2, 0, 1, 0, 1, 1, 1, 1, 1, 1, 1, 1, 2, 4, 2, 2, 0, 4, 2, 0, 0, 0, 0, 0, 0, 0, 4, 4, 4, 0, 3, 0, 3, 4]";"[3, 2, 2, 3, 4, 2, 1, 4, 3, 3, 2, 1, 1, 1, 2, 0, 4, 4, 2, 2, 4, 4, 4, 0, 0, 1, 2, 2, 0, 1, 0, 1, 1, 1, 1, 1, 1, 1, 1, 2, 3, 2, 2, 0, 3, 2, 0, 0, 0, 0, 0, 0, 0, 3, 3, 3, 0, 3, 0, 4, 3]";"[3, 2, 2, 3, 4, 2, 1, 4, 3, 3, 2, 1, 1, 1, 2, 0, 4, 4, 2, 2, 4, 4, 4, 0, 0, 1, 2, 2, 0, 1, 0, 1, 1, 1, 1, 1, 1, 1, 1, 2, 3, 2, 2, 0, 3, 2, 0, 0, 0, 0, 0, 0, 0, 3, 3, 3, 0, 3, 0, 4, 3]"
6;3;"aucs";"flat_ec";6;0.4162;0.4166;0.4023;0.4038;"{'8': 0.3484848484848485, '22': 0.37727272727272726, '14': 0.5438871473354232, '18': 0.3716577540106952, '23': 0.2727272727272727, '5': 0.4772727272727273, '17': 0.22727272727272727, '4': 0.5681818181818181, '21': 0.3181818181818182, '60': 0.75, '58': 0.7878787878787878, '1': 0.75}";"{'8': 0.2727272727272727, '22': 0.3939393939393939, '14': 0.49843260188087773, '18': 0.4484848484848485, '23': 0.2727272727272727, '5': 0.4318181818181818, '17': 0.22727272727272727, '4': 0.5227272727272727, '21': 0.356060606060606, '60': 0.5454545454545454, '58': 0.6493506493506493, '1': 0.5757575757575758}";"{'8': 0.4595959595959596, '22': 0.37727272727272726, '14': 0.5438871473354232, '18': 0.3716577540106952, '23': 0.2727272727272727, '5': 0.4772727272727273, '17': 0.22727272727272727, '4': 0.5681818181818181, '21': 0.3181818181818182, '60': 0.75, '58': 0.7878787878787878, '1': 0.75}";"{'8': 0.3484848484848485, '22': 0.37727272727272726, '14': 0.5438871473354232, '18': 0.3716577540106952, '23': 0.3977272727272727, '5': 0.4772727272727273, '17': 0.33838383838383834, '4': 0.5681818181818181, '21': 0.461038961038961, '60': 0.75, '58': 0.7878787878787878, '1': 0.75}";0.0;0.2489177489177489;0.4426406926406926;0.4426406926406926;0.958151101963811;0.874453305891433;0.874453305891433;0.9636579250469968;0.897154322433119;0.897154322433119;1.0;1.0;1.0;1.0;1.0;1.0;0.0013;0.0333;0.0049;"['8', '22', '14', '18', '23', '5', '17', '4', '21', '60', '58', '1']";"[('interD', ('3', '8')), ('intraD', ('18', '22')), ('intraD', ('17', '23')), ('intraA', ('1', '58')), ('intraD', ('18', '60')), ('interA', ('21', '54'))]";"[('interA', ('39', '8')), ('interA', ('32', '8')), ('interA', ('7', '8')), ('interA', ('37', '8')), ('interA', ('26', '8')), ('interA', ('30', '8'))]";"[('interA', ('23', '36')), ('interA', ('16', '17')), ('interA', ('19', '21')), ('interA', ('17', '41')), ('interA', ('2', '23')), ('interA', ('16', '21'))]";"[['25', '57', '52', '59', '49', '16', '51', '44', '31', '47', '50', '53', '29', '24', '48'], ['11', '20', '2', '3', '15', '43', '40', '28', '19', '6', '60', '46', '42', '27'], ['39', '32', '7', '37', '26', '30', '35', '12', '34', '13', '36', '33', '38'], ['8', '22', '14', '18', '23', '17', '5', '4', '21', '58', '1'], ['55', '54', '45', '61', '10', '56', '9', '41']]";"[['25', '57', '52', '59', '49', '16', '51', '44', '31', '47', '50', '53', '29', '24', '48'], ['39', '32', '14', '37', '7', '26', '30', '35', '12', '34', '13', '36', '33', '38'], ['11', '20', '2', '3', '15', '43', '40', '28', '19', '6', '46', '42', '27'], ['55', '54', '45', '10', '61', '4', '56', '41', '9', '58', '1'], ['8', '22', '18', '23', '17', '5', '21', '60']]";"[['25', '57', '52', '59', '49', '16', '51', '44', '31', '47', '50', '53', '29', '24', '48'], ['39', '32', '14', '37', '7', '26', '30', '35', '12', '34', '13', '36', '33', '38'], ['11', '20', '2', '3', '15', '43', '40', '28', '19', '6', '46', '42', '27'], ['55', '54', '45', '10', '61', '4', '56', '41', '9', '58', '1'], ['8', '22', '18', '23', '17', '5', '21', '60']]";"[3, 1, 1, 3, 3, 1, 2, 3, 4, 4, 1, 2, 2, 3, 1, 0, 3, 3, 1, 1, 3, 3, 3, 0, 0, 2, 1, 1, 0, 2, 0, 2, 2, 2, 2, 2, 2, 2, 2, 1, 4, 1, 1, 0, 4, 1, 0, 0, 0, 0, 0, 0, 0, 4, 4, 4, 0, 3, 0, 3, 4]";"[3, 1, 1, 3, 3, 1, 2, 3, 4, 4, 1, 2, 2, 3, 1, 0, 3, 3, 1, 1, 3, 3, 3, 0, 0, 2, 1, 1, 0, 2, 0, 2, 2, 2, 2, 2, 2, 2, 2, 1, 4, 1, 1, 0, 4, 1, 0, 0, 0, 0, 0, 0, 0, 4, 4, 4, 0, 3, 0, 1, 4]";"[3, 2, 2, 3, 4, 2, 1, 4, 3, 3, 2, 1, 1, 1, 2, 0, 4, 4, 2, 2, 4, 4, 4, 0, 0, 1, 2, 2, 0, 1, 0, 1, 1, 1, 1, 1, 1, 1, 1, 2, 3, 2, 2, 0, 3, 2, 0, 0, 0, 0, 0, 0, 0, 3, 3, 3, 0, 3, 0, 4, 3]";"[3, 2, 2, 3, 4, 2, 1, 4, 3, 3, 2, 1, 1, 1, 2, 0, 4, 4, 2, 2, 4, 4, 4, 0, 0, 1, 2, 2, 0, 1, 0, 1, 1, 1, 1, 1, 1, 1, 1, 2, 3, 2, 2, 0, 3, 2, 0, 0, 0, 0, 0, 0, 0, 3, 3, 3, 0, 3, 0, 4, 3]"
7;3;"aucs";"flat_ec";6;0.4162;0.4162;0.4023;0.403;"{'8': 0.3484848484848485, '22': 0.37727272727272726, '14': 0.5438871473354232, '18': 0.3716577540106952, '23': 0.2727272727272727, '5': 0.4772727272727273, '17': 0.22727272727272727, '4': 0.5681818181818181, '21': 0.3181818181818182, '60': 0.75, '58': 0.7878787878787878, '1': 0.75}";"{'8': 0.3484848484848485, '22': 0.40909090909090906, '14': 0.5976430976430976, '18': 0.4318181818181818, '23': 0.3181818181818182, '5': 0.4772727272727273, '17': 0.22727272727272727, '4': 0.5681818181818181, '21': 0.3181818181818182, '60': 0.6212121212121212, '58': 0.6948051948051948, '1': 0.6212121212121212}";"{'8': 0.4595959595959596, '22': 0.37727272727272726, '14': 0.5438871473354232, '18': 0.3716577540106952, '23': 0.2727272727272727, '5': 0.4772727272727273, '17': 0.22727272727272727, '4': 0.5681818181818181, '21': 0.3181818181818182, '60': 0.75, '58': 0.7878787878787878, '1': 0.75}";"{'8': 0.3484848484848485, '22': 0.37727272727272726, '14': 0.5438871473354232, '18': 0.3716577540106952, '23': 0.3977272727272727, '5': 0.4772727272727273, '17': 0.33838383838383834, '4': 0.5681818181818181, '21': 0.461038961038961, '60': 0.75, '58': 0.7878787878787878, '1': 0.75}";0.0;0.0;0.4426406926406926;0.4426406926406926;1.0;0.874453305891433;0.874453305891433;1.0;0.897154322433119;0.897154322433119;1.0;1.0;1.0;1.0;1.0;1.0;0.0012;0.0335;0.0834;"['8', '22', '14', '18', '23', '5', '17', '4', '21', '60', '58', '1']";"[('intraD', ('18', '23')), ('interD', ('14', '52')), ('intraA', ('1', '60')), ('interA', ('12', '22')), ('intraA', ('58', '8')), ('intraD', ('14', '8'))]";"[('interA', ('39', '8')), ('interA', ('32', '8')), ('interA', ('7', '8')), ('interA', ('37', '8')), ('interA', ('26', '8')), ('interA', ('30', '8'))]";"[('interA', ('23', '36')), ('interA', ('17', '46')), ('interA', ('12', '21')), ('interA', ('17', '3')), ('interA', ('23', '34')), ('interA', ('21', '32'))]";"[['25', '57', '52', '59', '49', '16', '51', '44', '31', '47', '50', '53', '29', '24', '48'], ['39', '32', '7', '37', '26', '30', '35', '12', '34', '13', '36', '33', '38'], ['11', '20', '2', '3', '15', '43', '40', '28', '19', '6', '46', '42', '27'], ['8', '22', '14', '18', '23', '17', '5', '4', '21', '60', '58', '1'], ['55', '54', '45', '61', '10', '56', '9', '41']]";"[['25', '57', '52', '59', '49', '16', '51', '44', '31', '47', '50', '53', '29', '24', '48'], ['39', '32', '14', '37', '7', '26', '30', '35', '12', '34', '13', '36', '33', '38'], ['11', '20', '2', '3', '15', '43', '40', '28', '19', '6', '46', '42', '27'], ['55', '54', '45', '10', '61', '4', '56', '41', '9', '58', '1'], ['8', '22', '18', '23', '17', '5', '21', '60']]";"[['25', '57', '52', '59', '49', '16', '51', '44', '31', '47', '50', '53', '29', '24', '48'], ['39', '32', '14', '37', '7', '26', '30', '35', '12', '34', '13', '36', '33', '38'], ['11', '20', '2', '3', '15', '43', '40', '28', '19', '6', '46', '42', '27'], ['55', '54', '45', '10', '61', '4', '56', '41', '9', '58', '1'], ['8', '22', '18', '23', '17', '5', '21', '60']]";"[3, 1, 1, 3, 3, 1, 2, 3, 4, 4, 1, 2, 2, 3, 1, 0, 3, 3, 1, 1, 3, 3, 3, 0, 0, 2, 1, 1, 0, 2, 0, 2, 2, 2, 2, 2, 2, 2, 2, 1, 4, 1, 1, 0, 4, 1, 0, 0, 0, 0, 0, 0, 0, 4, 4, 4, 0, 3, 0, 3, 4]";"[3, 2, 2, 3, 3, 2, 1, 3, 4, 4, 2, 1, 1, 3, 2, 0, 3, 3, 2, 2, 3, 3, 3, 0, 0, 1, 2, 2, 0, 1, 0, 1, 1, 1, 1, 1, 1, 1, 1, 2, 4, 2, 2, 0, 4, 2, 0, 0, 0, 0, 0, 0, 0, 4, 4, 4, 0, 3, 0, 3, 4]";"[3, 2, 2, 3, 4, 2, 1, 4, 3, 3, 2, 1, 1, 1, 2, 0, 4, 4, 2, 2, 4, 4, 4, 0, 0, 1, 2, 2, 0, 1, 0, 1, 1, 1, 1, 1, 1, 1, 1, 2, 3, 2, 2, 0, 3, 2, 0, 0, 0, 0, 0, 0, 0, 3, 3, 3, 0, 3, 0, 4, 3]";"[3, 2, 2, 3, 4, 2, 1, 4, 3, 3, 2, 1, 1, 1, 2, 0, 4, 4, 2, 2, 4, 4, 4, 0, 0, 1, 2, 2, 0, 1, 0, 1, 1, 1, 1, 1, 1, 1, 1, 2, 3, 2, 2, 0, 3, 2, 0, 0, 0, 0, 0, 0, 0, 3, 3, 3, 0, 3, 0, 4, 3]"
8;3;"aucs";"flat_ec";6;0.4162;0.414;0.4023;0.4033;"{'8': 0.3484848484848485, '22': 0.37727272727272726, '14': 0.5438871473354232, '18': 0.3716577540106952, '23': 0.2727272727272727, '5': 0.4772727272727273, '17': 0.22727272727272727, '4': 0.5681818181818181, '21': 0.3181818181818182, '60': 0.75, '58': 0.7878787878787878, '1': 0.75}";"{'8': 0.37727272727272726, '22': 0.37727272727272726, '14': 0.6022727272727273, '18': 0.4318181818181818, '23': 0.2727272727272727, '5': 0.5419580419580419, '17': 0.2727272727272727, '4': 0.6414141414141414, '21': 0.36363636363636365, '60': 0.6212121212121212, '58': 0.7878787878787878, '1': 0.75}";"{'8': 0.4595959595959596, '22': 0.37727272727272726, '14': 0.5438871473354232, '18': 0.3716577540106952, '23': 0.2727272727272727, '5': 0.4772727272727273, '17': 0.22727272727272727, '4': 0.5681818181818181, '21': 0.3181818181818182, '60': 0.75, '58': 0.7878787878787878, '1': 0.75}";"{'8': 0.3484848484848485, '22': 0.37727272727272726, '14': 0.5438871473354232, '18': 0.3716577540106952, '23': 0.3977272727272727, '5': 0.4772727272727273, '17': 0.33838383838383834, '4': 0.5681818181818181, '21': 0.461038961038961, '60': 0.75, '58': 0.7878787878787878, '1': 0.75}";0.0;0.0;0.4426406926406926;0.4426406926406926;1.0;0.874453305891433;0.874453305891433;1.0;0.897154322433119;0.897154322433119;1.0;1.0;1.0;1.0;1.0;1.0;0.0012;0.0329;0.0059;"['8', '22', '14', '18', '23', '5', '17', '4', '21', '60', '58', '1']";"[('intraD', ('18', '8')), ('intraD', ('14', '4')), ('interD', ('25', '8')), ('intraD', ('17', '5')), ('intraD', ('17', '21')), ('intraA', ('17', '60'))]";"[('interA', ('39', '8')), ('interA', ('32', '8')), ('interA', ('7', '8')), ('interA', ('37', '8')), ('interA', ('26', '8')), ('interA', ('30', '8'))]";"[('interA', ('23', '7')), ('interA', ('11', '17')), ('interA', ('21', '52')), ('interA', ('17', '53')), ('interA', ('23', '46')), ('interA', ('12', '21'))]";"[['25', '57', '52', '59', '49', '16', '51', '44', '31', '47', '50', '53', '29', '24', '48'], ['11', '20', '2', '3', '15', '43', '40', '28', '19', '6', '46', '42', '27'], ['39', '32', '7', '37', '26', '30', '35', '12', '34', '13', '36', '33', '38'], ['8', '22', '14', '18', '23', '17', '5', '4', '21', '60', '58', '1'], ['55', '54', '45', '61', '10', '56', '9', '41']]";"[['25', '57', '52', '59', '49', '16', '51', '44', '31', '47', '50', '53', '29', '24', '48'], ['39', '32', '14', '37', '7', '26', '30', '35', '12', '34', '13', '36', '33', '38'], ['11', '20', '2', '3', '15', '43', '40', '28', '19', '6', '46', '42', '27'], ['55', '54', '45', '10', '61', '4', '56', '41', '9', '58', '1'], ['8', '22', '18', '23', '17', '5', '21', '60']]";"[['25', '57', '52', '59', '49', '16', '51', '44', '31', '47', '50', '53', '29', '24', '48'], ['39', '32', '14', '37', '7', '26', '30', '35', '12', '34', '13', '36', '33', '38'], ['11', '20', '2', '3', '15', '43', '40', '28', '19', '6', '46', '42', '27'], ['55', '54', '45', '10', '61', '4', '56', '41', '9', '58', '1'], ['8', '22', '18', '23', '17', '5', '21', '60']]";"[3, 1, 1, 3, 3, 1, 2, 3, 4, 4, 1, 2, 2, 3, 1, 0, 3, 3, 1, 1, 3, 3, 3, 0, 0, 2, 1, 1, 0, 2, 0, 2, 2, 2, 2, 2, 2, 2, 2, 1, 4, 1, 1, 0, 4, 1, 0, 0, 0, 0, 0, 0, 0, 4, 4, 4, 0, 3, 0, 3, 4]";"[3, 1, 1, 3, 3, 1, 2, 3, 4, 4, 1, 2, 2, 3, 1, 0, 3, 3, 1, 1, 3, 3, 3, 0, 0, 2, 1, 1, 0, 2, 0, 2, 2, 2, 2, 2, 2, 2, 2, 1, 4, 1, 1, 0, 4, 1, 0, 0, 0, 0, 0, 0, 0, 4, 4, 4, 0, 3, 0, 3, 4]";"[3, 2, 2, 3, 4, 2, 1, 4, 3, 3, 2, 1, 1, 1, 2, 0, 4, 4, 2, 2, 4, 4, 4, 0, 0, 1, 2, 2, 0, 1, 0, 1, 1, 1, 1, 1, 1, 1, 1, 2, 3, 2, 2, 0, 3, 2, 0, 0, 0, 0, 0, 0, 0, 3, 3, 3, 0, 3, 0, 4, 3]";"[3, 2, 2, 3, 4, 2, 1, 4, 3, 3, 2, 1, 1, 1, 2, 0, 4, 4, 2, 2, 4, 4, 4, 0, 0, 1, 2, 2, 0, 1, 0, 1, 1, 1, 1, 1, 1, 1, 1, 2, 3, 2, 2, 0, 3, 2, 0, 0, 0, 0, 0, 0, 0, 3, 3, 3, 0, 3, 0, 4, 3]"
9;3;"aucs";"flat_ec";6;0.4162;0.4222;0.4023;0.4035;"{'8': 0.3484848484848485, '22': 0.37727272727272726, '14': 0.5438871473354232, '18': 0.3716577540106952, '23': 0.2727272727272727, '5': 0.4772727272727273, '17': 0.22727272727272727, '4': 0.5681818181818181, '21': 0.3181818181818182, '60': 0.75, '58': 0.7878787878787878, '1': 0.75}";"{'8': 0.3181818181818182, '22': 0.37727272727272726, '14': 0.6022727272727273, '18': 0.3716577540106952, '23': 0.22727272727272727, '5': 0.39610389610389607, '17': 0.22727272727272727, '4': 0.5681818181818181, '21': 0.3181818181818182, '60': 0.5340909090909092, '58': 0.7878787878787878, '1': 0.6212121212121212}";"{'8': 0.4595959595959596, '22': 0.37727272727272726, '14': 0.5438871473354232, '18': 0.3716577540106952, '23': 0.2727272727272727, '5': 0.4772727272727273, '17': 0.22727272727272727, '4': 0.5681818181818181, '21': 0.3181818181818182, '60': 0.75, '58': 0.7878787878787878, '1': 0.75}";"{'8': 0.3484848484848485, '22': 0.37727272727272726, '14': 0.5438871473354232, '18': 0.3716577540106952, '23': 0.3977272727272727, '5': 0.4772727272727273, '17': 0.33838383838383834, '4': 0.5681818181818181, '21': 0.461038961038961, '60': 0.75, '58': 0.7878787878787878, '1': 0.75}";0.0;0.2738095238095238;0.4426406926406926;0.4426406926406926;0.958151101963811;0.874453305891433;0.874453305891433;0.9636579250469968;0.897154322433119;0.897154322433119;1.0;1.0;1.0;1.0;1.0;1.0;0.0012;0.0326;0.0052;"['8', '22', '14', '18', '23', '5', '17', '4', '21', '60', '58', '1']";"[('intraA', ('60', '8')), ('interD', ('15', '5')), ('intraA', ('1', '23')), ('interD', ('25', '8')), ('intraA', ('5', '60')), ('intraD', ('14', '8'))]";"[('interA', ('39', '8')), ('interA', ('32', '8')), ('interA', ('7', '8')), ('interA', ('37', '8')), ('interA', ('26', '8')), ('interA', ('30', '8'))]";"[('interA', ('23', '50')), ('interA', ('17', '53')), ('interA', ('21', '46')), ('interA', ('17', '47')), ('interA', ('16', '23')), ('interA', ('16', '21'))]";"[['25', '57', '52', '59', '49', '16', '51', '44', '31', '47', '50', '53', '29', '24', '48'], ['39', '32', '14', '37', '7', '26', '30', '35', '12', '34', '13', '36', '33', '38'], ['11', '20', '2', '3', '15', '43', '40', '28', '19', '6', '46', '42', '27'], ['8', '22', '18', '23', '17', '5', '4', '21', '60', '58', '1'], ['55', '54', '45', '61', '10', '56', '9', '41']]";"[['25', '57', '52', '59', '49', '16', '51', '44', '31', '47', '50', '53', '29', '24', '48'], ['39', '32', '14', '37', '7', '26', '30', '35', '12', '34', '13', '36', '33', '38'], ['11', '20', '2', '3', '15', '43', '40', '28', '19', '6', '46', '42', '27'], ['55', '54', '45', '10', '61', '4', '56', '41', '9', '58', '1'], ['8', '22', '18', '23', '17', '5', '21', '60']]";"[['25', '57', '52', '59', '49', '16', '51', '44', '31', '47', '50', '53', '29', '24', '48'], ['39', '32', '14', '37', '7', '26', '30', '35', '12', '34', '13', '36', '33', '38'], ['11', '20', '2', '3', '15', '43', '40', '28', '19', '6', '46', '42', '27'], ['55', '54', '45', '10', '61', '4', '56', '41', '9', '58', '1'], ['8', '22', '18', '23', '17', '5', '21', '60']]";"[3, 1, 1, 3, 3, 1, 2, 3, 4, 4, 1, 2, 2, 3, 1, 0, 3, 3, 1, 1, 3, 3, 3, 0, 0, 2, 1, 1, 0, 2, 0, 2, 2, 2, 2, 2, 2, 2, 2, 1, 4, 1, 1, 0, 4, 1, 0, 0, 0, 0, 0, 0, 0, 4, 4, 4, 0, 3, 0, 3, 4]";"[3, 2, 2, 3, 3, 2, 1, 3, 4, 4, 2, 1, 1, 1, 2, 0, 3, 3, 2, 2, 3, 3, 3, 0, 0, 1, 2, 2, 0, 1, 0, 1, 1, 1, 1, 1, 1, 1, 1, 2, 4, 2, 2, 0, 4, 2, 0, 0, 0, 0, 0, 0, 0, 4, 4, 4, 0, 3, 0, 3, 4]";"[3, 2, 2, 3, 4, 2, 1, 4, 3, 3, 2, 1, 1, 1, 2, 0, 4, 4, 2, 2, 4, 4, 4, 0, 0, 1, 2, 2, 0, 1, 0, 1, 1, 1, 1, 1, 1, 1, 1, 2, 3, 2, 2, 0, 3, 2, 0, 0, 0, 0, 0, 0, 0, 3, 3, 3, 0, 3, 0, 4, 3]";"[3, 2, 2, 3, 4, 2, 1, 4, 3, 3, 2, 1, 1, 1, 2, 0, 4, 4, 2, 2, 4, 4, 4, 0, 0, 1, 2, 2, 0, 1, 0, 1, 1, 1, 1, 1, 1, 1, 1, 2, 3, 2, 2, 0, 3, 2, 0, 0, 0, 0, 0, 0, 0, 3, 3, 3, 0, 3, 0, 4, 3]"
10;3;"aucs";"flat_ec";6;0.4162;0.4196;0.4023;0.4042;"{'8': 0.3484848484848485, '22': 0.37727272727272726, '14': 0.5438871473354232, '18': 0.3716577540106952, '23': 0.2727272727272727, '5': 0.4772727272727273, '17': 0.22727272727272727, '4': 0.5681818181818181, '21': 0.3181818181818182, '60': 0.75, '58': 0.7878787878787878, '1': 0.75}";"{'8': 0.3484848484848485, '22': 0.3484848484848485, '14': 0.538961038961039, '18': 0.33636363636363636, '23': 0.2727272727272727, '5': 0.4772727272727273, '17': 0.22727272727272727, '4': 0.5681818181818181, '21': 0.3181818181818182, '60': 0.75, '58': 0.7878787878787878, '1': 0.7045454545454546}";"{'8': 0.4595959595959596, '22': 0.37727272727272726, '14': 0.5438871473354232, '18': 0.3716577540106952, '23': 0.2727272727272727, '5': 0.4772727272727273, '17': 0.22727272727272727, '4': 0.5681818181818181, '21': 0.3181818181818182, '60': 0.75, '58': 0.7878787878787878, '1': 0.75}";"{'8': 0.3484848484848485, '22': 0.37727272727272726, '14': 0.5438871473354232, '18': 0.3716577540106952, '23': 0.3977272727272727, '5': 0.4772727272727273, '17': 0.33838383838383834, '4': 0.5681818181818181, '21': 0.461038961038961, '60': 0.75, '58': 0.7878787878787878, '1': 0.75}";0.0;0.0;0.4426406926406926;0.4426406926406926;1.0;0.874453305891433;0.874453305891433;1.0;0.897154322433119;0.897154322433119;1.0;1.0;1.0;1.0;1.0;1.0;0.0013;0.0322;0.0049;"['8', '22', '14', '18', '23', '5', '17', '4', '21', '60', '58', '1']";"[('interD', ('18', '37')), ('interD', ('18', '32')), ('interD', ('14', '2')), ('interA', ('1', '9')), ('interA', ('22', '38')), ('intraA', ('1', '22'))]";"[('interA', ('39', '8')), ('interA', ('32', '8')), ('interA', ('7', '8')), ('interA', ('37', '8')), ('interA', ('26', '8')), ('interA', ('30', '8'))]";"[('interA', ('23', '53')), ('interA', ('17', '61')), ('interA', ('21', '59')), ('interA', ('17', '3')), ('interA', ('23', '9')), ('interA', ('21', '24'))]";"[['25', '57', '52', '59', '49', '16', '51', '44', '31', '47', '50', '53', '29', '24', '48'], ['39', '32', '7', '37', '26', '30', '35', '12', '34', '13', '36', '33', '38'], ['11', '20', '2', '3', '15', '43', '40', '28', '19', '6', '46', '42', '27'], ['8', '22', '14', '18', '23', '17', '5', '4', '21', '60', '58', '1'], ['55', '54', '45', '61', '10', '56', '9', '41']]";"[['25', '57', '52', '59', '49', '16', '51', '44', '31', '47', '50', '53', '29', '24', '48'], ['39', '32', '14', '37', '7', '26', '30', '35', '12', '34', '13', '36', '33', '38'], ['11', '20', '2', '3', '15', '43', '40', '28', '19', '6', '46', '42', '27'], ['55', '54', '45', '10', '61', '4', '56', '41', '9', '58', '1'], ['8', '22', '18', '23', '17', '5', '21', '60']]";"[['25', '57', '52', '59', '49', '16', '51', '44', '31', '47', '50', '53', '29', '24', '48'], ['39', '32', '14', '37', '7', '26', '30', '35', '12', '34', '13', '36', '33', '38'], ['11', '20', '2', '3', '15', '43', '40', '28', '19', '6', '46', '42', '27'], ['55', '54', '45', '10', '61', '4', '56', '41', '9', '58', '1'], ['8', '22', '18', '23', '17', '5', '21', '60']]";"[3, 1, 1, 3, 3, 1, 2, 3, 4, 4, 1, 2, 2, 3, 1, 0, 3, 3, 1, 1, 3, 3, 3, 0, 0, 2, 1, 1, 0, 2, 0, 2, 2, 2, 2, 2, 2, 2, 2, 1, 4, 1, 1, 0, 4, 1, 0, 0, 0, 0, 0, 0, 0, 4, 4, 4, 0, 3, 0, 3, 4]";"[3, 2, 2, 3, 3, 2, 1, 3, 4, 4, 2, 1, 1, 3, 2, 0, 3, 3, 2, 2, 3, 3, 3, 0, 0, 1, 2, 2, 0, 1, 0, 1, 1, 1, 1, 1, 1, 1, 1, 2, 4, 2, 2, 0, 4, 2, 0, 0, 0, 0, 0, 0, 0, 4, 4, 4, 0, 3, 0, 3, 4]";"[3, 2, 2, 3, 4, 2, 1, 4, 3, 3, 2, 1, 1, 1, 2, 0, 4, 4, 2, 2, 4, 4, 4, 0, 0, 1, 2, 2, 0, 1, 0, 1, 1, 1, 1, 1, 1, 1, 1, 2, 3, 2, 2, 0, 3, 2, 0, 0, 0, 0, 0, 0, 0, 3, 3, 3, 0, 3, 0, 4, 3]";"[3, 2, 2, 3, 4, 2, 1, 4, 3, 3, 2, 1, 1, 1, 2, 0, 4, 4, 2, 2, 4, 4, 4, 0, 0, 1, 2, 2, 0, 1, 0, 1, 1, 1, 1, 1, 1, 1, 1, 2, 3, 2, 2, 0, 3, 2, 0, 0, 0, 0, 0, 0, 0, 3, 3, 3, 0, 3, 0, 4, 3]"
11;3;"aucs";"flat_ec";6;0.4162;0.4205;0.4023;0.4035;"{'8': 0.3484848484848485, '22': 0.37727272727272726, '14': 0.5438871473354232, '18': 0.3716577540106952, '23': 0.2727272727272727, '5': 0.4772727272727273, '17': 0.22727272727272727, '4': 0.5681818181818181, '21': 0.3181818181818182, '60': 0.75, '58': 0.7878787878787878, '1': 0.75}";"{'8': 0.33838383838383834, '22': 0.5056818181818181, '14': 0.538961038961039, '18': 0.4318181818181818, '23': 0.2727272727272727, '5': 0.4772727272727273, '17': 0.18181818181818182, '4': 0.5681818181818181, '21': 0.3181818181818182, '60': 0.75, '58': 0.7878787878787878, '1': 0.6212121212121212}";"{'8': 0.4595959595959596, '22': 0.37727272727272726, '14': 0.5438871473354232, '18': 0.3716577540106952, '23': 0.2727272727272727, '5': 0.4772727272727273, '17': 0.22727272727272727, '4': 0.5681818181818181, '21': 0.3181818181818182, '60': 0.75, '58': 0.7878787878787878, '1': 0.75}";"{'8': 0.3484848484848485, '22': 0.37727272727272726, '14': 0.5438871473354232, '18': 0.3716577540106952, '23': 0.3977272727272727, '5': 0.4772727272727273, '17': 0.33838383838383834, '4': 0.5681818181818181, '21': 0.461038961038961, '60': 0.75, '58': 0.7878787878787878, '1': 0.75}";0.0;0.0384615384615384;0.4426406926406926;0.4426406926406926;0.9580615898782524;0.874453305891433;0.874453305891433;0.9636548291232548;0.897154322433119;0.897154322433119;0.9720836383058692;1.0;1.0;0.974273070421856;1.0;1.0;0.0012;0.0327;0.0051;"['8', '22', '14', '18', '23', '5', '17', '4', '21', '60', '58', '1']";"[('interD', ('38', '8')), ('intraD', ('22', '8')), ('interD', ('14', '34')), ('interD', ('52', '8')), ('intraA', ('1', '17')), ('intraD', ('18', '22'))]";"[('interA', ('39', '8')), ('interA', ('32', '8')), ('interA', ('7', '8')), ('interA', ('37', '8')), ('interA', ('26', '8')), ('interA', ('30', '8'))]";"[('interA', ('16', '23')), ('interA', ('13', '17')), ('interA', ('21', '42')), ('interA', ('17', '44')), ('interA', ('23', '29')), ('interA', ('11', '21'))]";"[['25', '57', '52', '59', '49', '16', '51', '44', '31', '47', '50', '53', '29', '24', '48'], ['8', '3', '22', '14', '18', '23', '17', '5', '4', '21', '60', '58', '1'], ['39', '32', '7', '37', '26', '30', '35', '12', '34', '13', '36', '33', '38'], ['11', '20', '2', '15', '43', '40', '28', '19', '6', '46', '42', '27'], ['55', '54', '45', '61', '10', '56', '9', '41']]";"[['25', '57', '52', '59', '49', '16', '51', '44', '31', '47', '50', '53', '29', '24', '48'], ['39', '32', '14', '37', '7', '26', '30', '35', '12', '34', '13', '36', '33', '38'], ['11', '20', '2', '3', '15', '43', '40', '28', '19', '6', '46', '42', '27'], ['55', '54', '45', '10', '61', '4', '56', '41', '9', '58', '1'], ['8', '22', '18', '23', '17', '5', '21', '60']]";"[['25', '57', '52', '59', '49', '16', '51', '44', '31', '47', '50', '53', '29', '24', '48'], ['39', '32', '14', '37', '7', '26', '30', '35', '12', '34', '13', '36', '33', '38'], ['11', '20', '2', '3', '15', '43', '40', '28', '19', '6', '46', '42', '27'], ['55', '54', '45', '10', '61', '4', '56', '41', '9', '58', '1'], ['8', '22', '18', '23', '17', '5', '21', '60']]";"[3, 1, 1, 3, 3, 1, 2, 3, 4, 4, 1, 2, 2, 3, 1, 0, 3, 3, 1, 1, 3, 3, 3, 0, 0, 2, 1, 1, 0, 2, 0, 2, 2, 2, 2, 2, 2, 2, 2, 1, 4, 1, 1, 0, 4, 1, 0, 0, 0, 0, 0, 0, 0, 4, 4, 4, 0, 3, 0, 3, 4]";"[1, 3, 1, 1, 1, 3, 2, 1, 4, 4, 3, 2, 2, 1, 3, 0, 1, 1, 3, 3, 1, 1, 1, 0, 0, 2, 3, 3, 0, 2, 0, 2, 2, 2, 2, 2, 2, 2, 2, 3, 4, 3, 3, 0, 4, 3, 0, 0, 0, 0, 0, 0, 0, 4, 4, 4, 0, 1, 0, 1, 4]";"[3, 2, 2, 3, 4, 2, 1, 4, 3, 3, 2, 1, 1, 1, 2, 0, 4, 4, 2, 2, 4, 4, 4, 0, 0, 1, 2, 2, 0, 1, 0, 1, 1, 1, 1, 1, 1, 1, 1, 2, 3, 2, 2, 0, 3, 2, 0, 0, 0, 0, 0, 0, 0, 3, 3, 3, 0, 3, 0, 4, 3]";"[3, 2, 2, 3, 4, 2, 1, 4, 3, 3, 2, 1, 1, 1, 2, 0, 4, 4, 2, 2, 4, 4, 4, 0, 0, 1, 2, 2, 0, 1, 0, 1, 1, 1, 1, 1, 1, 1, 1, 2, 3, 2, 2, 0, 3, 2, 0, 0, 0, 0, 0, 0, 0, 3, 3, 3, 0, 3, 0, 4, 3]"
12;3;"aucs";"flat_ec";6;0.4162;0.4152;0.4023;0.4035;"{'8': 0.3484848484848485, '22': 0.37727272727272726, '14': 0.5438871473354232, '18': 0.3716577540106952, '23': 0.2727272727272727, '5': 0.4772727272727273, '17': 0.22727272727272727, '4': 0.5681818181818181, '21': 0.3181818181818182, '60': 0.75, '58': 0.7878787878787878, '1': 0.75}";"{'8': 0.3484848484848485, '22': 0.37727272727272726, '14': 0.5438871473354232, '18': 0.38636363636363635, '23': 0.3441558441558441, '5': 0.4772727272727273, '17': 0.18181818181818182, '4': 0.4356060606060606, '21': 0.2727272727272727, '60': 0.75, '58': 0.7878787878787878, '1': 0.75}";"{'8': 0.4595959595959596, '22': 0.37727272727272726, '14': 0.5438871473354232, '18': 0.3716577540106952, '23': 0.2727272727272727, '5': 0.4772727272727273, '17': 0.22727272727272727, '4': 0.5681818181818181, '21': 0.3181818181818182, '60': 0.75, '58': 0.7878787878787878, '1': 0.75}";"{'8': 0.3484848484848485, '22': 0.37727272727272726, '14': 0.5438871473354232, '18': 0.3716577540106952, '23': 0.3977272727272727, '5': 0.4772727272727273, '17': 0.33838383838383834, '4': 0.5681818181818181, '21': 0.461038961038961, '60': 0.75, '58': 0.7878787878787878, '1': 0.75}";0.0;0.0;0.4426406926406926;0.4426406926406926;1.0;0.874453305891433;0.874453305891433;1.0;0.897154322433119;0.897154322433119;1.0;1.0;1.0;1.0;1.0;1.0;0.0013;0.0326;0.0059;"['8', '22', '14', '18', '23', '5', '17', '4', '21', '60', '58', '1']";"[('interA', ('18', '39')), ('interD', ('14', '35')), ('interA', ('13', '14')), ('intraA', ('17', '4')), ('interA', ('23', '33')), ('intraA', ('21', '4'))]";"[('interA', ('39', '8')), ('interA', ('32', '8')), ('interA', ('7', '8')), ('interA', ('37', '8')), ('interA', ('26', '8')), ('interA', ('30', '8'))]";"[('interA', ('23', '31')), ('interA', ('17', '49')), ('interA', ('21', '24')), ('interA', ('17', '40')), ('interA', ('23', '48')), ('interA', ('21', '29'))]";"[['25', '57', '52', '59', '49', '16', '51', '44', '31', '47', '50', '53', '29', '24', '48'], ['39', '32', '7', '37', '26', '30', '35', '12', '34', '13', '36', '33', '38'], ['11', '20', '2', '3', '15', '43', '40', '28', '19', '6', '46', '42', '27'], ['8', '22', '14', '18', '23', '17', '5', '4', '21', '60', '58', '1'], ['55', '54', '45', '61', '10', '56', '9', '41']]";"[['25', '57', '52', '59', '49', '16', '51', '44', '31', '47', '50', '53', '29', '24', '48'], ['39', '32', '14', '37', '7', '26', '30', '35', '12', '34', '13', '36', '33', '38'], ['11', '20', '2', '3', '15', '43', '40', '28', '19', '6', '46', '42', '27'], ['55', '54', '45', '10', '61', '4', '56', '41', '9', '58', '1'], ['8', '22', '18', '23', '17', '5', '21', '60']]";"[['25', '57', '52', '59', '49', '16', '51', '44', '31', '47', '50', '53', '29', '24', '48'], ['39', '32', '14', '37', '7', '26', '30', '35', '12', '34', '13', '36', '33', '38'], ['11', '20', '2', '3', '15', '43', '40', '28', '19', '6', '46', '42', '27'], ['55', '54', '45', '10', '61', '4', '56', '41', '9', '58', '1'], ['8', '22', '18', '23', '17', '5', '21', '60']]";"[3, 1, 1, 3, 3, 1, 2, 3, 4, 4, 1, 2, 2, 3, 1, 0, 3, 3, 1, 1, 3, 3, 3, 0, 0, 2, 1, 1, 0, 2, 0, 2, 2, 2, 2, 2, 2, 2, 2, 1, 4, 1, 1, 0, 4, 1, 0, 0, 0, 0, 0, 0, 0, 4, 4, 4, 0, 3, 0, 3, 4]";"[3, 2, 2, 3, 3, 2, 1, 3, 4, 4, 2, 1, 1, 3, 2, 0, 3, 3, 2, 2, 3, 3, 3, 0, 0, 1, 2, 2, 0, 1, 0, 1, 1, 1, 1, 1, 1, 1, 1, 2, 4, 2, 2, 0, 4, 2, 0, 0, 0, 0, 0, 0, 0, 4, 4, 4, 0, 3, 0, 3, 4]";"[3, 2, 2, 3, 4, 2, 1, 4, 3, 3, 2, 1, 1, 1, 2, 0, 4, 4, 2, 2, 4, 4, 4, 0, 0, 1, 2, 2, 0, 1, 0, 1, 1, 1, 1, 1, 1, 1, 1, 2, 3, 2, 2, 0, 3, 2, 0, 0, 0, 0, 0, 0, 0, 3, 3, 3, 0, 3, 0, 4, 3]";"[3, 2, 2, 3, 4, 2, 1, 4, 3, 3, 2, 1, 1, 1, 2, 0, 4, 4, 2, 2, 4, 4, 4, 0, 0, 1, 2, 2, 0, 1, 0, 1, 1, 1, 1, 1, 1, 1, 1, 2, 3, 2, 2, 0, 3, 2, 0, 0, 0, 0, 0, 0, 0, 3, 3, 3, 0, 3, 0, 4, 3]"
13;3;"aucs";"flat_ec";6;0.4162;0.4166;0.4023;0.4033;"{'8': 0.3484848484848485, '22': 0.37727272727272726, '14': 0.5438871473354232, '18': 0.3716577540106952, '23': 0.2727272727272727, '5': 0.4772727272727273, '17': 0.22727272727272727, '4': 0.5681818181818181, '21': 0.3181818181818182, '60': 0.75, '58': 0.7878787878787878, '1': 0.75}";"{'8': 0.303030303030303, '22': 0.3939393939393939, '14': 0.49843260188087773, '18': 0.3696969696969697, '23': 0.22727272727272727, '5': 0.49650349650349646, '17': 0.18181818181818182, '4': 0.5227272727272727, '21': 0.36363636363636365, '60': 0.5454545454545454, '58': 0.7424242424242424, '1': 0.7045454545454546}";"{'8': 0.4595959595959596, '22': 0.37727272727272726, '14': 0.5438871473354232, '18': 0.3716577540106952, '23': 0.2727272727272727, '5': 0.4772727272727273, '17': 0.22727272727272727, '4': 0.5681818181818181, '21': 0.3181818181818182, '60': 0.75, '58': 0.7878787878787878, '1': 0.75}";"{'8': 0.3484848484848485, '22': 0.37727272727272726, '14': 0.5438871473354232, '18': 0.3716577540106952, '23': 0.3977272727272727, '5': 0.4772727272727273, '17': 0.33838383838383834, '4': 0.5681818181818181, '21': 0.461038961038961, '60': 0.75, '58': 0.7878787878787878, '1': 0.75}";0.0;0.2489177489177489;0.4426406926406926;0.4426406926406926;0.958151101963811;0.874453305891433;0.874453305891433;0.9636579250469968;0.897154322433119;0.897154322433119;1.0;1.0;1.0;1.0;1.0;1.0;0.0012;0.0335;0.0052;"['8', '22', '14', '18', '23', '5', '17', '4', '21', '60', '58', '1']";"[('intraD', ('18', '60')), ('interA', ('14', '49')), ('interD', ('14', '35')), ('interD', ('18', '20')), ('intraD', ('21', '5')), ('intraD', ('21', '22'))]";"[('interA', ('39', '8')), ('interA', ('32', '8')), ('interA', ('7', '8')), ('interA', ('37', '8')), ('interA', ('26', '8')), ('interA', ('30', '8'))]";"[('interA', ('23', '49')), ('interA', ('11', '17')), ('interA', ('21', '30')), ('interA', ('17', '34')), ('interA', ('23', '36')), ('interA', ('21', '45'))]";"[['25', '57', '52', '59', '49', '16', '51', '44', '31', '47', '50', '53', '29', '24', '48'], ['11', '20', '2', '3', '15', '43', '40', '28', '19', '6', '60', '46', '42', '27'], ['39', '32', '7', '37', '26', '30', '35', '12', '34', '13', '36', '33', '38'], ['8', '22', '14', '18', '23', '17', '5', '4', '21', '58', '1'], ['55', '54', '45', '61', '10', '56', '9', '41']]";"[['25', '57', '52', '59', '49', '16', '51', '44', '31', '47', '50', '53', '29', '24', '48'], ['39', '32', '14', '37', '7', '26', '30', '35', '12', '34', '13', '36', '33', '38'], ['11', '20', '2', '3', '15', '43', '40', '28', '19', '6', '46', '42', '27'], ['55', '54', '45', '10', '61', '4', '56', '41', '9', '58', '1'], ['8', '22', '18', '23', '17', '5', '21', '60']]";"[['25', '57', '52', '59', '49', '16', '51', '44', '31', '47', '50', '53', '29', '24', '48'], ['39', '32', '14', '37', '7', '26', '30', '35', '12', '34', '13', '36', '33', '38'], ['11', '20', '2', '3', '15', '43', '40', '28', '19', '6', '46', '42', '27'], ['55', '54', '45', '10', '61', '4', '56', '41', '9', '58', '1'], ['8', '22', '18', '23', '17', '5', '21', '60']]";"[3, 1, 1, 3, 3, 1, 2, 3, 4, 4, 1, 2, 2, 3, 1, 0, 3, 3, 1, 1, 3, 3, 3, 0, 0, 2, 1, 1, 0, 2, 0, 2, 2, 2, 2, 2, 2, 2, 2, 1, 4, 1, 1, 0, 4, 1, 0, 0, 0, 0, 0, 0, 0, 4, 4, 4, 0, 3, 0, 3, 4]";"[3, 1, 1, 3, 3, 1, 2, 3, 4, 4, 1, 2, 2, 3, 1, 0, 3, 3, 1, 1, 3, 3, 3, 0, 0, 2, 1, 1, 0, 2, 0, 2, 2, 2, 2, 2, 2, 2, 2, 1, 4, 1, 1, 0, 4, 1, 0, 0, 0, 0, 0, 0, 0, 4, 4, 4, 0, 3, 0, 1, 4]";"[3, 2, 2, 3, 4, 2, 1, 4, 3, 3, 2, 1, 1, 1, 2, 0, 4, 4, 2, 2, 4, 4, 4, 0, 0, 1, 2, 2, 0, 1, 0, 1, 1, 1, 1, 1, 1, 1, 1, 2, 3, 2, 2, 0, 3, 2, 0, 0, 0, 0, 0, 0, 0, 3, 3, 3, 0, 3, 0, 4, 3]";"[3, 2, 2, 3, 4, 2, 1, 4, 3, 3, 2, 1, 1, 1, 2, 0, 4, 4, 2, 2, 4, 4, 4, 0, 0, 1, 2, 2, 0, 1, 0, 1, 1, 1, 1, 1, 1, 1, 1, 2, 3, 2, 2, 0, 3, 2, 0, 0, 0, 0, 0, 0, 0, 3, 3, 3, 0, 3, 0, 4, 3]"
14;3;"aucs";"flat_ec";6;0.4162;0.4166;0.4023;0.4042;"{'8': 0.3484848484848485, '22': 0.37727272727272726, '14': 0.5438871473354232, '18': 0.3716577540106952, '23': 0.2727272727272727, '5': 0.4772727272727273, '17': 0.22727272727272727, '4': 0.5681818181818181, '21': 0.3181818181818182, '60': 0.75, '58': 0.7878787878787878, '1': 0.75}";"{'8': 0.40909090909090906, '22': 0.43939393939393934, '14': 0.538961038961039, '18': 0.3716577540106952, '23': 0.2727272727272727, '5': 0.4939393939393939, '17': 0.2727272727272727, '4': 0.4727272727272727, '21': 0.3181818181818182, '60': 0.75, '58': 0.7878787878787878, '1': 0.75}";"{'8': 0.4595959595959596, '22': 0.37727272727272726, '14': 0.5438871473354232, '18': 0.3716577540106952, '23': 0.2727272727272727, '5': 0.4772727272727273, '17': 0.22727272727272727, '4': 0.5681818181818181, '21': 0.3181818181818182, '60': 0.75, '58': 0.7878787878787878, '1': 0.75}";"{'8': 0.3484848484848485, '22': 0.37727272727272726, '14': 0.5438871473354232, '18': 0.3716577540106952, '23': 0.3977272727272727, '5': 0.4772727272727273, '17': 0.33838383838383834, '4': 0.5681818181818181, '21': 0.461038961038961, '60': 0.75, '58': 0.7878787878787878, '1': 0.75}";0.0;0.2932692307692308;0.4426406926406926;0.4426406926406926;0.9196180472666508;0.874453305891433;0.874453305891433;0.9281697666967568;0.897154322433119;0.897154322433119;0.9720836383058692;1.0;1.0;0.974273070421856;1.0;1.0;0.0012;0.0323;0.0051;"['8', '22', '14', '18', '23', '5', '17', '4', '21', '60', '58', '1']";"[('intraA', ('21', '4')), ('interA', ('46', '5')), ('intraD', ('21', '22')), ('interD', ('14', '47')), ('intraD', ('17', '8')), ('interD', ('4', '45'))]";"[('interA', ('39', '8')), ('interA', ('32', '8')), ('interA', ('7', '8')), ('interA', ('37', '8')), ('interA', ('26', '8')), ('interA', ('30', '8'))]";"[('interA', ('23', '46')), ('interA', ('17', '61')), ('interA', ('19', '21')), ('interA', ('13', '17')), ('interA', ('16', '23')), ('interA', ('21', '41'))]";"[['25', '57', '52', '59', '49', '16', '51', '44', '31', '47', '50', '53', '29', '24', '48'], ['11', '2', '20', '15', '43', '40', '28', '19', '6', '46', '42', '27', '1'], ['39', '32', '7', '37', '26', '30', '35', '12', '34', '13', '36', '33', '38'], ['8', '3', '14', '22', '18', '23', '17', '5', '4', '21', '60', '58'], ['55', '54', '45', '61', '10', '56', '9', '41']]";"[['25', '57', '52', '59', '49', '16', '51', '44', '31', '47', '50', '53', '29', '24', '48'], ['39', '32', '14', '37', '7', '26', '30', '35', '12', '34', '13', '36', '33', '38'], ['11', '20', '2', '3', '15', '43', '40', '28', '19', '6', '46', '42', '27'], ['55', '54', '45', '10', '61', '4', '56', '41', '9', '58', '1'], ['8', '22', '18', '23', '17', '5', '21', '60']]";"[['25', '57', '52', '59', '49', '16', '51', '44', '31', '47', '50', '53', '29', '24', '48'], ['39', '32', '14', '37', '7', '26', '30', '35', '12', '34', '13', '36', '33', '38'], ['11', '20', '2', '3', '15', '43', '40', '28', '19', '6', '46', '42', '27'], ['55', '54', '45', '10', '61', '4', '56', '41', '9', '58', '1'], ['8', '22', '18', '23', '17', '5', '21', '60']]";"[3, 1, 1, 3, 3, 1, 2, 3, 4, 4, 1, 2, 2, 3, 1, 0, 3, 3, 1, 1, 3, 3, 3, 0, 0, 2, 1, 1, 0, 2, 0, 2, 2, 2, 2, 2, 2, 2, 2, 1, 4, 1, 1, 0, 4, 1, 0, 0, 0, 0, 0, 0, 0, 4, 4, 4, 0, 3, 0, 3, 4]";"[1, 1, 3, 3, 3, 1, 2, 3, 4, 4, 1, 2, 2, 3, 1, 0, 3, 3, 1, 1, 3, 3, 3, 0, 0, 2, 1, 1, 0, 2, 0, 2, 2, 2, 2, 2, 2, 2, 2, 1, 4, 1, 1, 0, 4, 1, 0, 0, 0, 0, 0, 0, 0, 4, 4, 4, 0, 3, 0, 3, 4]";"[3, 2, 2, 3, 4, 2, 1, 4, 3, 3, 2, 1, 1, 1, 2, 0, 4, 4, 2, 2, 4, 4, 4, 0, 0, 1, 2, 2, 0, 1, 0, 1, 1, 1, 1, 1, 1, 1, 1, 2, 3, 2, 2, 0, 3, 2, 0, 0, 0, 0, 0, 0, 0, 3, 3, 3, 0, 3, 0, 4, 3]";"[3, 2, 2, 3, 4, 2, 1, 4, 3, 3, 2, 1, 1, 1, 2, 0, 4, 4, 2, 2, 4, 4, 4, 0, 0, 1, 2, 2, 0, 1, 0, 1, 1, 1, 1, 1, 1, 1, 1, 2, 3, 2, 2, 0, 3, 2, 0, 0, 0, 0, 0, 0, 0, 3, 3, 3, 0, 3, 0, 4, 3]"
15;3;"aucs";"flat_ec";6;0.4162;0.4154;0.4023;0.4049;"{'8': 0.3484848484848485, '22': 0.37727272727272726, '14': 0.5438871473354232, '18': 0.3716577540106952, '23': 0.2727272727272727, '5': 0.4772727272727273, '17': 0.22727272727272727, '4': 0.5681818181818181, '21': 0.3181818181818182, '60': 0.75, '58': 0.7878787878787878, '1': 0.75}";"{'8': 0.37412587412587417, '22': 0.43939393939393934, '14': 0.6022727272727273, '18': 0.3716577540106952, '23': 0.2727272727272727, '5': 0.4772727272727273, '17': 0.22727272727272727, '4': 0.6414141414141414, '21': 0.3181818181818182, '60': 0.75, '58': 0.9, '1': 0.5}";"{'8': 0.4595959595959596, '22': 0.37727272727272726, '14': 0.5438871473354232, '18': 0.3716577540106952, '23': 0.2727272727272727, '5': 0.4772727272727273, '17': 0.22727272727272727, '4': 0.5681818181818181, '21': 0.3181818181818182, '60': 0.75, '58': 0.7878787878787878, '1': 0.75}";"{'8': 0.3484848484848485, '22': 0.37727272727272726, '14': 0.5438871473354232, '18': 0.3716577540106952, '23': 0.3977272727272727, '5': 0.4772727272727273, '17': 0.33838383838383834, '4': 0.5681818181818181, '21': 0.461038961038961, '60': 0.75, '58': 0.7878787878787878, '1': 0.75}";0.0;0.3862433862433862;0.4426406926406926;0.4611592111592111;0.926607782286942;0.874453305891433;0.8388914938613028;0.930250043054574;0.897154322433119;0.8630429900364214;1.0;1.0;0.9720836383058692;1.0;1.0;0.974273070421856;0.0012;0.0336;0.0052;"['8', '22', '14', '18', '23', '5', '17', '4', '21', '60', '58', '1']";"[('interA', ('14', '15')), ('intraD', ('4', '58')), ('interA', ('35', '8')), ('intraD', ('14', '22')), ('interD', ('1', '2')), ('interD', ('14', '2'))]";"[('interA', ('39', '8')), ('interA', ('32', '8')), ('interA', ('7', '8')), ('interA', ('37', '8')), ('interA', ('26', '8')), ('interA', ('30', '8'))]";"[('interA', ('23', '28')), ('interA', ('17', '26')), ('interA', ('21', '61')), ('interA', ('17', '25')), ('interA', ('16', '23')), ('interA', ('21', '28'))]";"[['25', '57', '52', '59', '49', '16', '51', '44', '31', '47', '50', '53', '29', '24', '48'], ['39', '32', '14', '37', '7', '26', '30', '35', '12', '34', '13', '36', '33', '38'], ['11', '20', '2', '3', '15', '43', '40', '28', '19', '6', '46', '42', '27'], ['8', '22', '18', '23', '17', '5', '4', '21', '60', '1'], ['55', '54', '45', '61', '10', '56', '9', '58', '41']]";"[['25', '57', '52', '59', '49', '16', '51', '44', '31', '47', '50', '53', '29', '24', '48'], ['39', '32', '14', '37', '7', '26', '30', '35', '12', '34', '13', '36', '33', '38'], ['11', '20', '2', '3', '15', '43', '40', '28', '19', '6', '46', '42', '27'], ['55', '54', '45', '10', '61', '4', '56', '41', '9', '58', '1'], ['8', '22', '18', '23', '17', '5', '21', '60']]";"[['25', '57', '52', '59', '49', '16', '51', '44', '31', '47', '50', '53', '29', '24', '48'], ['39', '32', '14', '37', '7', '26', '30', '35', '12', '34', '13', '36', '33', '38'], ['11', '20', '2', '3', '15', '43', '40', '19', '6', '46', '42', '27'], ['55', '54', '45', '10', '61', '4', '56', '41', '9', '58', '1'], ['8', '22', '18', '23', '28', '17', '5', '21', '60']]";"[3, 1, 1, 3, 3, 1, 2, 3, 4, 4, 1, 2, 2, 3, 1, 0, 3, 3, 1, 1, 3, 3, 3, 0, 0, 2, 1, 1, 0, 2, 0, 2, 2, 2, 2, 2, 2, 2, 2, 1, 4, 1, 1, 0, 4, 1, 0, 0, 0, 0, 0, 0, 0, 4, 4, 4, 0, 3, 0, 3, 4]";"[3, 2, 2, 3, 3, 2, 1, 3, 4, 4, 2, 1, 1, 1, 2, 0, 3, 3, 2, 2, 3, 3, 3, 0, 0, 1, 2, 2, 0, 1, 0, 1, 1, 1, 1, 1, 1, 1, 1, 2, 4, 2, 2, 0, 4, 2, 0, 0, 0, 0, 0, 0, 0, 4, 4, 4, 0, 4, 0, 3, 4]";"[3, 2, 2, 3, 4, 2, 1, 4, 3, 3, 2, 1, 1, 1, 2, 0, 4, 4, 2, 2, 4, 4, 4, 0, 0, 1, 2, 2, 0, 1, 0, 1, 1, 1, 1, 1, 1, 1, 1, 2, 3, 2, 2, 0, 3, 2, 0, 0, 0, 0, 0, 0, 0, 3, 3, 3, 0, 3, 0, 4, 3]";"[3, 2, 2, 3, 4, 2, 1, 4, 3, 3, 2, 1, 1, 1, 2, 0, 4, 4, 2, 2, 4, 4, 4, 0, 0, 1, 2, 4, 0, 1, 0, 1, 1, 1, 1, 1, 1, 1, 1, 2, 3, 2, 2, 0, 3, 2, 0, 0, 0, 0, 0, 0, 0, 3, 3, 3, 0, 3, 0, 4, 3]"
16;3;"aucs";"flat_ec";6;0.4162;0.4163;0.4023;0.403;"{'8': 0.3484848484848485, '22': 0.37727272727272726, '14': 0.5438871473354232, '18': 0.3716577540106952, '23': 0.2727272727272727, '5': 0.4772727272727273, '17': 0.22727272727272727, '4': 0.5681818181818181, '21': 0.3181818181818182, '60': 0.75, '58': 0.7878787878787878, '1': 0.75}";"{'8': 0.3484848484848485, '22': 0.4727272727272727, '14': 0.538961038961039, '18': 0.3716577540106952, '23': 0.18181818181818182, '5': 0.4939393939393939, '17': 0.22727272727272727, '4': 0.5, '21': 0.36363636363636365, '60': 0.75, '58': 0.6948051948051948, '1': 0.75}";"{'8': 0.4595959595959596, '22': 0.37727272727272726, '14': 0.5438871473354232, '18': 0.3716577540106952, '23': 0.2727272727272727, '5': 0.4772727272727273, '17': 0.22727272727272727, '4': 0.5681818181818181, '21': 0.3181818181818182, '60': 0.75, '58': 0.7878787878787878, '1': 0.75}";"{'8': 0.3484848484848485, '22': 0.37727272727272726, '14': 0.5438871473354232, '18': 0.3716577540106952, '23': 0.3977272727272727, '5': 0.4772727272727273, '17': 0.33838383838383834, '4': 0.5681818181818181, '21': 0.461038961038961, '60': 0.75, '58': 0.7878787878787878, '1': 0.75}";0.0;0.0;0.4426406926406926;0.4426406926406926;1.0;0.874453305891433;0.874453305891433;1.0;0.897154322433119;0.897154322433119;1.0;1.0;1.0;1.0;1.0;1.0;0.0016;0.0327;0.0051;"['8', '22', '14', '18', '23', '5', '17', '4', '21', '60', '58', '1']";"[('intraA', ('23', '58')), ('interA', ('46', '5')), ('interD', ('14', '25')), ('interA', ('22', '55')), ('intraA', ('23', '4')), ('intraD', ('21', '22'))]";"[('interA', ('39', '8')), ('interA', ('32', '8')), ('interA', ('7', '8')), ('interA', ('37', '8')), ('interA', ('26', '8')), ('interA', ('30', '8'))]";"[('interA', ('23', '52')), ('interA', ('17', '31')), ('interA', ('21', '36')), ('interA', ('17', '42')), ('interA', ('23', '34')), ('interA', ('21', '37'))]";"[['25', '57', '52', '59', '49', '16', '51', '44', '31', '47', '50', '53', '29', '24', '48'], ['11', '20', '2', '3', '15', '43', '40', '28', '19', '6', '46', '42', '27'], ['39', '32', '7', '37', '26', '30', '35', '12', '34', '13', '36', '33', '38'], ['8', '22', '14', '18', '23', '17', '5', '4', '21', '60', '58', '1'], ['55', '54', '45', '61', '10', '56', '9', '41']]";"[['25', '57', '52', '59', '49', '16', '51', '44', '31', '47', '50', '53', '29', '24', '48'], ['39', '32', '14', '37', '7', '26', '30', '35', '12', '34', '13', '36', '33', '38'], ['11', '20', '2', '3', '15', '43', '40', '28', '19', '6', '46', '42', '27'], ['55', '54', '45', '10', '61', '4', '56', '41', '9', '58', '1'], ['8', '22', '18', '23', '17', '5', '21', '60']]";"[['25', '57', '52', '59', '49', '16', '51', '44', '31', '47', '50', '53', '29', '24', '48'], ['39', '32', '14', '37', '7', '26', '30', '35', '12', '34', '13', '36', '33', '38'], ['11', '20', '2', '3', '15', '43', '40', '28', '19', '6', '46', '42', '27'], ['55', '54', '45', '10', '61', '4', '56', '41', '9', '58', '1'], ['8', '22', '18', '23', '17', '5', '21', '60']]";"[3, 1, 1, 3, 3, 1, 2, 3, 4, 4, 1, 2, 2, 3, 1, 0, 3, 3, 1, 1, 3, 3, 3, 0, 0, 2, 1, 1, 0, 2, 0, 2, 2, 2, 2, 2, 2, 2, 2, 1, 4, 1, 1, 0, 4, 1, 0, 0, 0, 0, 0, 0, 0, 4, 4, 4, 0, 3, 0, 3, 4]";"[3, 1, 1, 3, 3, 1, 2, 3, 4, 4, 1, 2, 2, 3, 1, 0, 3, 3, 1, 1, 3, 3, 3, 0, 0, 2, 1, 1, 0, 2, 0, 2, 2, 2, 2, 2, 2, 2, 2, 1, 4, 1, 1, 0, 4, 1, 0, 0, 0, 0, 0, 0, 0, 4, 4, 4, 0, 3, 0, 3, 4]";"[3, 2, 2, 3, 4, 2, 1, 4, 3, 3, 2, 1, 1, 1, 2, 0, 4, 4, 2, 2, 4, 4, 4, 0, 0, 1, 2, 2, 0, 1, 0, 1, 1, 1, 1, 1, 1, 1, 1, 2, 3, 2, 2, 0, 3, 2, 0, 0, 0, 0, 0, 0, 0, 3, 3, 3, 0, 3, 0, 4, 3]";"[3, 2, 2, 3, 4, 2, 1, 4, 3, 3, 2, 1, 1, 1, 2, 0, 4, 4, 2, 2, 4, 4, 4, 0, 0, 1, 2, 2, 0, 1, 0, 1, 1, 1, 1, 1, 1, 1, 1, 2, 3, 2, 2, 0, 3, 2, 0, 0, 0, 0, 0, 0, 0, 3, 3, 3, 0, 3, 0, 4, 3]"
17;3;"aucs";"flat_ec";6;0.4162;0.4166;0.4023;0.4038;"{'8': 0.3484848484848485, '22': 0.37727272727272726, '14': 0.5438871473354232, '18': 0.3716577540106952, '23': 0.2727272727272727, '5': 0.4772727272727273, '17': 0.22727272727272727, '4': 0.5681818181818181, '21': 0.3181818181818182, '60': 0.75, '58': 0.7878787878787878, '1': 0.75}";"{'8': 0.2902097902097902, '22': 0.40909090909090906, '14': 0.5438871473354232, '18': 0.41515151515151516, '23': 0.3181818181818182, '5': 0.4772727272727273, '17': 0.22727272727272727, '4': 0.5681818181818181, '21': 0.3181818181818182, '60': 0.75, '58': 0.6948051948051948, '1': 0.75}";"{'8': 0.4595959595959596, '22': 0.37727272727272726, '14': 0.5438871473354232, '18': 0.3716577540106952, '23': 0.2727272727272727, '5': 0.4772727272727273, '17': 0.22727272727272727, '4': 0.5681818181818181, '21': 0.3181818181818182, '60': 0.75, '58': 0.7878787878787878, '1': 0.75}";"{'8': 0.3484848484848485, '22': 0.37727272727272726, '14': 0.5438871473354232, '18': 0.3716577540106952, '23': 0.3977272727272727, '5': 0.4772727272727273, '17': 0.33838383838383834, '4': 0.5681818181818181, '21': 0.461038961038961, '60': 0.75, '58': 0.7878787878787878, '1': 0.75}";0.0;0.0;0.4426406926406926;0.4426406926406926;1.0;0.874453305891433;0.874453305891433;1.0;0.897154322433119;0.897154322433119;1.0;1.0;1.0;1.0;1.0;1.0;0.0013;0.0319;0.0048;"['8', '22', '14', '18', '23', '5', '17', '4', '21', '60', '58', '1']";"[('intraD', ('18', '23')), ('interD', ('4', '47')), ('interA', ('10', '4')), ('interA', ('22', '57')), ('intraA', ('58', '8')), ('interD', ('18', '25'))]";"[('interA', ('39', '8')), ('interA', ('32', '8')), ('interA', ('7', '8')), ('interA', ('37', '8')), ('interA', ('26', '8')), ('interA', ('30', '8'))]";"[('interA', ('23', '49')), ('interA', ('17', '3')), ('interA', ('21', '53')), ('interA', ('17', '61')), ('interA', ('23', '33')), ('interA', ('15', '21'))]";"[['25', '57', '52', '59', '49', '16', '51', '44', '31', '47', '50', '53', '29', '24', '48'], ['39', '32', '7', '37', '26', '30', '35', '12', '34', '13', '36', '33', '38'], ['11', '20', '2', '3', '15', '43', '40', '28', '19', '6', '46', '42', '27'], ['8', '22', '14', '18', '23', '17', '5', '4', '21', '60', '58', '1'], ['55', '54', '45', '61', '10', '56', '9', '41']]";"[['25', '57', '52', '59', '49', '16', '51', '44', '31', '47', '50', '53', '29', '24', '48'], ['39', '32', '14', '37', '7', '26', '30', '35', '12', '34', '13', '36', '33', '38'], ['11', '20', '2', '3', '15', '43', '40', '28', '19', '6', '46', '42', '27'], ['55', '54', '45', '10', '61', '4', '56', '41', '9', '58', '1'], ['8', '22', '18', '23', '17', '5', '21', '60']]";"[['25', '57', '52', '59', '49', '16', '51', '44', '31', '47', '50', '53', '29', '24', '48'], ['39', '32', '14', '37', '7', '26', '30', '35', '12', '34', '13', '36', '33', '38'], ['11', '20', '2', '3', '15', '43', '40', '28', '19', '6', '46', '42', '27'], ['55', '54', '45', '10', '61', '4', '56', '41', '9', '58', '1'], ['8', '22', '18', '23', '17', '5', '21', '60']]";"[3, 1, 1, 3, 3, 1, 2, 3, 4, 4, 1, 2, 2, 3, 1, 0, 3, 3, 1, 1, 3, 3, 3, 0, 0, 2, 1, 1, 0, 2, 0, 2, 2, 2, 2, 2, 2, 2, 2, 1, 4, 1, 1, 0, 4, 1, 0, 0, 0, 0, 0, 0, 0, 4, 4, 4, 0, 3, 0, 3, 4]";"[3, 2, 2, 3, 3, 2, 1, 3, 4, 4, 2, 1, 1, 3, 2, 0, 3, 3, 2, 2, 3, 3, 3, 0, 0, 1, 2, 2, 0, 1, 0, 1, 1, 1, 1, 1, 1, 1, 1, 2, 4, 2, 2, 0, 4, 2, 0, 0, 0, 0, 0, 0, 0, 4, 4, 4, 0, 3, 0, 3, 4]";"[3, 2, 2, 3, 4, 2, 1, 4, 3, 3, 2, 1, 1, 1, 2, 0, 4, 4, 2, 2, 4, 4, 4, 0, 0, 1, 2, 2, 0, 1, 0, 1, 1, 1, 1, 1, 1, 1, 1, 2, 3, 2, 2, 0, 3, 2, 0, 0, 0, 0, 0, 0, 0, 3, 3, 3, 0, 3, 0, 4, 3]";"[3, 2, 2, 3, 4, 2, 1, 4, 3, 3, 2, 1, 1, 1, 2, 0, 4, 4, 2, 2, 4, 4, 4, 0, 0, 1, 2, 2, 0, 1, 0, 1, 1, 1, 1, 1, 1, 1, 1, 2, 3, 2, 2, 0, 3, 2, 0, 0, 0, 0, 0, 0, 0, 3, 3, 3, 0, 3, 0, 4, 3]"
18;3;"aucs";"flat_ec";6;0.4162;0.4126;0.4023;0.4045;"{'8': 0.3484848484848485, '22': 0.37727272727272726, '14': 0.5438871473354232, '18': 0.3716577540106952, '23': 0.2727272727272727, '5': 0.4772727272727273, '17': 0.22727272727272727, '4': 0.5681818181818181, '21': 0.3181818181818182, '60': 0.75, '58': 0.7878787878787878, '1': 0.75}";"{'8': 0.3484848484848485, '22': 0.37727272727272726, '14': 0.48119122257053293, '18': 0.4318181818181818, '23': 0.2727272727272727, '5': 0.5419580419580419, '17': 0.2897727272727273, '4': 0.5681818181818181, '21': 0.4015151515151515, '60': 0.75, '58': 0.7878787878787878, '1': 0.7045454545454546}";"{'8': 0.4595959595959596, '22': 0.37727272727272726, '14': 0.5438871473354232, '18': 0.3716577540106952, '23': 0.2727272727272727, '5': 0.4772727272727273, '17': 0.22727272727272727, '4': 0.5681818181818181, '21': 0.3181818181818182, '60': 0.75, '58': 0.7878787878787878, '1': 0.75}";"{'8': 0.3484848484848485, '22': 0.37727272727272726, '14': 0.5438871473354232, '18': 0.3716577540106952, '23': 0.3977272727272727, '5': 0.4772727272727273, '17': 0.33838383838383834, '4': 0.5681818181818181, '21': 0.461038961038961, '60': 0.75, '58': 0.7878787878787878, '1': 0.75}";0.0;0.0;0.4426406926406926;0.4426406926406926;1.0;0.874453305891433;0.874453305891433;1.0;0.897154322433119;0.897154322433119;1.0;1.0;1.0;1.0;1.0;1.0;0.0012;0.0342;0.005;"['8', '22', '14', '18', '23', '5', '17', '4', '21', '60', '58', '1']";"[('interA', ('21', '49')), ('interA', ('11', '17')), ('interD', ('14', '45')), ('intraA', ('1', '14')), ('intraD', ('18', '5')), ('interA', ('1', '28'))]";"[('interA', ('39', '8')), ('interA', ('32', '8')), ('interA', ('7', '8')), ('interA', ('37', '8')), ('interA', ('26', '8')), ('interA', ('30', '8'))]";"[('interA', ('10', '23')), ('interA', ('17', '51')), ('interA', ('21', '61')), ('interA', ('17', '61')), ('interA', ('23', '44')), ('interA', ('11', '21'))]";"[['25', '57', '52', '59', '49', '16', '51', '44', '31', '47', '50', '53', '29', '24', '48'], ['39', '32', '7', '37', '26', '30', '35', '12', '34', '13', '36', '33', '38'], ['11', '20', '2', '3', '15', '43', '40', '28', '19', '6', '46', '42', '27'], ['8', '22', '14', '18', '23', '17', '5', '4', '21', '60', '58', '1'], ['55', '54', '45', '61', '10', '56', '9', '41']]";"[['25', '57', '52', '59', '49', '16', '51', '44', '31', '47', '50', '53', '29', '24', '48'], ['39', '32', '14', '37', '7', '26', '30', '35', '12', '34', '13', '36', '33', '38'], ['11', '20', '2', '3', '15', '43', '40', '28', '19', '6', '46', '42', '27'], ['55', '54', '45', '10', '61', '4', '56', '41', '9', '58', '1'], ['8', '22', '18', '23', '17', '5', '21', '60']]";"[['25', '57', '52', '59', '49', '16', '51', '44', '31', '47', '50', '53', '29', '24', '48'], ['39', '32', '14', '37', '7', '26', '30', '35', '12', '34', '13', '36', '33', '38'], ['11', '20', '2', '3', '15', '43', '40', '28', '19', '6', '46', '42', '27'], ['55', '54', '45', '10', '61', '4', '56', '41', '9', '58', '1'], ['8', '22', '18', '23', '17', '5', '21', '60']]";"[3, 1, 1, 3, 3, 1, 2, 3, 4, 4, 1, 2, 2, 3, 1, 0, 3, 3, 1, 1, 3, 3, 3, 0, 0, 2, 1, 1, 0, 2, 0, 2, 2, 2, 2, 2, 2, 2, 2, 1, 4, 1, 1, 0, 4, 1, 0, 0, 0, 0, 0, 0, 0, 4, 4, 4, 0, 3, 0, 3, 4]";"[3, 2, 2, 3, 3, 2, 1, 3, 4, 4, 2, 1, 1, 3, 2, 0, 3, 3, 2, 2, 3, 3, 3, 0, 0, 1, 2, 2, 0, 1, 0, 1, 1, 1, 1, 1, 1, 1, 1, 2, 4, 2, 2, 0, 4, 2, 0, 0, 0, 0, 0, 0, 0, 4, 4, 4, 0, 3, 0, 3, 4]";"[3, 2, 2, 3, 4, 2, 1, 4, 3, 3, 2, 1, 1, 1, 2, 0, 4, 4, 2, 2, 4, 4, 4, 0, 0, 1, 2, 2, 0, 1, 0, 1, 1, 1, 1, 1, 1, 1, 1, 2, 3, 2, 2, 0, 3, 2, 0, 0, 0, 0, 0, 0, 0, 3, 3, 3, 0, 3, 0, 4, 3]";"[3, 2, 2, 3, 4, 2, 1, 4, 3, 3, 2, 1, 1, 1, 2, 0, 4, 4, 2, 2, 4, 4, 4, 0, 0, 1, 2, 2, 0, 1, 0, 1, 1, 1, 1, 1, 1, 1, 1, 2, 3, 2, 2, 0, 3, 2, 0, 0, 0, 0, 0, 0, 0, 3, 3, 3, 0, 3, 0, 4, 3]"
19;3;"aucs";"flat_ec";6;0.4162;0.416;0.4023;0.4037;"{'8': 0.3484848484848485, '22': 0.37727272727272726, '14': 0.5438871473354232, '18': 0.3716577540106952, '23': 0.2727272727272727, '5': 0.4772727272727273, '17': 0.22727272727272727, '4': 0.5681818181818181, '21': 0.3181818181818182, '60': 0.75, '58': 0.7878787878787878, '1': 0.75}";"{'8': 0.3484848484848485, '22': 0.37727272727272726, '14': 0.5438871473354232, '18': 0.5727272727272728, '23': 0.2727272727272727, '5': 0.41515151515151516, '17': 0.2727272727272727, '4': 0.5681818181818181, '21': 0.36363636363636365, '60': 0.75, '58': 0.6948051948051948, '1': 0.6212121212121212}";"{'8': 0.4595959595959596, '22': 0.37727272727272726, '14': 0.5438871473354232, '18': 0.3716577540106952, '23': 0.2727272727272727, '5': 0.4772727272727273, '17': 0.22727272727272727, '4': 0.5681818181818181, '21': 0.3181818181818182, '60': 0.75, '58': 0.7878787878787878, '1': 0.75}";"{'8': 0.3484848484848485, '22': 0.37727272727272726, '14': 0.5438871473354232, '18': 0.3716577540106952, '23': 0.3977272727272727, '5': 0.4772727272727273, '17': 0.33838383838383834, '4': 0.5681818181818181, '21': 0.461038961038961, '60': 0.75, '58': 0.7878787878787878, '1': 0.75}";0.0;0.3;0.4426406926406926;0.4426406926406926;0.9201305540005884;0.874453305891433;0.874453305891433;0.9416230242840428;0.897154322433119;0.897154322433119;1.0;1.0;1.0;1.0;1.0;1.0;0.0012;0.034;0.0054;"['8', '22', '14', '18', '23', '5', '17', '4', '21', '60', '58', '1']";"[('intraD', ('18', '60')), ('intraD', ('17', '18')), ('intraD', ('18', '21')), ('intraA', ('1', '60')), ('interA', ('18', '45')), ('intraA', ('5', '58'))]";"[('interA', ('39', '8')), ('interA', ('32', '8')), ('interA', ('7', '8')), ('interA', ('37', '8')), ('interA', ('26', '8')), ('interA', ('30', '8'))]";"[('interA', ('23', '43')), ('interA', ('17', '3')), ('interA', ('21', '61')), ('interA', ('17', '39')), ('interA', ('23', '7')), ('interA', ('21', '31'))]";"[['25', '57', '52', '59', '49', '16', '51', '44', '31', '47', '50', '53', '29', '24', '48'], ['11', '2', '20', '3', '15', '43', '40', '28', '19', '6', '60', '46', '42', '27', '1'], ['39', '32', '7', '37', '26', '30', '35', '12', '34', '13', '36', '33', '38'], ['8', '14', '22', '18', '23', '17', '5', '4', '21', '58'], ['55', '54', '45', '61', '10', '56', '9', '41']]";"[['25', '57', '52', '59', '49', '16', '51', '44', '31', '47', '50', '53', '29', '24', '48'], ['39', '32', '14', '37', '7', '26', '30', '35', '12', '34', '13', '36', '33', '38'], ['11', '20', '2', '3', '15', '43', '40', '28', '19', '6', '46', '42', '27'], ['55', '54', '45', '10', '61', '4', '56', '41', '9', '58', '1'], ['8', '22', '18', '23', '17', '5', '21', '60']]";"[['25', '57', '52', '59', '49', '16', '51', '44', '31', '47', '50', '53', '29', '24', '48'], ['39', '32', '14', '37', '7', '26', '30', '35', '12', '34', '13', '36', '33', '38'], ['11', '20', '2', '3', '15', '43', '40', '28', '19', '6', '46', '42', '27'], ['55', '54', '45', '10', '61', '4', '56', '41', '9', '58', '1'], ['8', '22', '18', '23', '17', '5', '21', '60']]";"[3, 1, 1, 3, 3, 1, 2, 3, 4, 4, 1, 2, 2, 3, 1, 0, 3, 3, 1, 1, 3, 3, 3, 0, 0, 2, 1, 1, 0, 2, 0, 2, 2, 2, 2, 2, 2, 2, 2, 1, 4, 1, 1, 0, 4, 1, 0, 0, 0, 0, 0, 0, 0, 4, 4, 4, 0, 3, 0, 3, 4]";"[1, 1, 1, 3, 3, 1, 2, 3, 4, 4, 1, 2, 2, 3, 1, 0, 3, 3, 1, 1, 3, 3, 3, 0, 0, 2, 1, 1, 0, 2, 0, 2, 2, 2, 2, 2, 2, 2, 2, 1, 4, 1, 1, 0, 4, 1, 0, 0, 0, 0, 0, 0, 0, 4, 4, 4, 0, 3, 0, 1, 4]";"[3, 2, 2, 3, 4, 2, 1, 4, 3, 3, 2, 1, 1, 1, 2, 0, 4, 4, 2, 2, 4, 4, 4, 0, 0, 1, 2, 2, 0, 1, 0, 1, 1, 1, 1, 1, 1, 1, 1, 2, 3, 2, 2, 0, 3, 2, 0, 0, 0, 0, 0, 0, 0, 3, 3, 3, 0, 3, 0, 4, 3]";"[3, 2, 2, 3, 4, 2, 1, 4, 3, 3, 2, 1, 1, 1, 2, 0, 4, 4, 2, 2, 4, 4, 4, 0, 0, 1, 2, 2, 0, 1, 0, 1, 1, 1, 1, 1, 1, 1, 1, 2, 3, 2, 2, 0, 3, 2, 0, 0, 0, 0, 0, 0, 0, 3, 3, 3, 0, 3, 0, 4, 3]"
0;4;"aucs";"flat_ec";6;0.4162;0.4124;0.4077;0.4038;"{'55': 0.26785714285714285, '54': 0.5571428571428572, '45': 0.4368131868131868, '61': 0.2857142857142857, '10': 0.75, '56': 0.14285714285714285, '9': 0.2976190476190476, '41': 0.5}";"{'55': 0.3571428571428571, '54': 0.7285714285714285, '45': 0.5178571428571428, '61': 0.2857142857142857, '10': 0.7417582417582418, '56': 0.21428571428571427, '9': 0.3857142857142857, '41': 0.6071428571428572}";"{'55': 0.5714285714285714, '54': 0.6071428571428572, '45': 0.4514285714285714, '61': 0.2857142857142857, '10': 0.6785714285714286, '56': 0.14285714285714285, '9': 0.3142857142857143, '41': 0.5357142857142857}";"{'55': 0.30952380952380953, '54': 0.5571428571428572, '45': 0.4368131868131868, '61': 0.45238095238095233, '10': 0.75, '56': 0.26785714285714285, '9': 0.3571428571428571, '41': 0.5}";0.0;0.0;0.2544642857142857;0.0;1.0;0.9618825801687164;0.958151101963811;1.0;0.9650502218401308;0.9636579250469968;1.0;1.0;0.951986202130656;1.0;1.0;0.9518930134573276;0.0017;0.0281;0.0038;"['55', '54', '45', '61', '10', '56', '9', '41']";"[('intraD', ('45', '54')), ('interD', ('10', '52')), ('interD', ('4', '45')), ('intraD', ('41', '55')), ('intraD', ('56', '9')), ('interA', ('54', '59'))]";"[('intraD', ('54', '55')), ('intraD', ('45', '55')), ('intraD', ('55', '61')), ('intraD', ('55', '56')), ('intraD', ('55', '9')), ('intraD', ('41', '55'))]";"[('interA', ('28', '61')), ('interA', ('44', '56')), ('interA', ('21', '56')), ('interA', ('53', '9')), ('interA', ('52', '61')), ('interA', ('36', '55'))]";"[['25', '57', '52', '59', '49', '16', '51', '44', '31', '47', '50', '53', '29', '24', '48'], ['11', '20', '2', '3', '15', '43', '40', '28', '19', '6', '46', '42', '27'], ['39', '32', '7', '37', '26', '30', '35', '12', '34', '13', '36', '33', '38'], ['8', '22', '14', '18', '23', '17', '5', '4', '21', '60', '58', '1'], ['55', '54', '45', '61', '10', '56', '9', '41']]";"[['25', '55', '57', '52', '59', '49', '16', '51', '44', '31', '47', '50', '53', '29', '24', '48'], ['39', '32', '7', '37', '26', '30', '35', '12', '34', '13', '36', '33', '38'], ['11', '20', '2', '3', '15', '43', '40', '28', '19', '6', '46', '42', '27'], ['8', '22', '14', '18', '23', '17', '5', '4', '21', '60', '58', '1'], ['54', '45', '61', '10', '56', '9', '41']]";"[['25', '57', '52', '59', '49', '16', '51', '44', '31', '47', '50', '53', '29', '24', '48'], ['39', '32', '14', '37', '7', '26', '30', '35', '12', '34', '13', '36', '33', '38'], ['11', '20', '2', '3', '15', '43', '40', '28', '19', '6', '46', '42', '27'], ['8', '22', '18', '23', '17', '5', '4', '21', '60', '58', '1'], ['55', '54', '45', '61', '10', '56', '9', '41']]";"[3, 1, 1, 3, 3, 1, 2, 3, 4, 4, 1, 2, 2, 3, 1, 0, 3, 3, 1, 1, 3, 3, 3, 0, 0, 2, 1, 1, 0, 2, 0, 2, 2, 2, 2, 2, 2, 2, 2, 1, 4, 1, 1, 0, 4, 1, 0, 0, 0, 0, 0, 0, 0, 4, 4, 4, 0, 3, 0, 3, 4]";"[3, 1, 1, 3, 3, 1, 2, 3, 4, 4, 1, 2, 2, 3, 1, 0, 3, 3, 1, 1, 3, 3, 3, 0, 0, 2, 1, 1, 0, 2, 0, 2, 2, 2, 2, 2, 2, 2, 2, 1, 4, 1, 1, 0, 4, 1, 0, 0, 0, 0, 0, 0, 0, 4, 4, 4, 0, 3, 0, 3, 4]";"[3, 2, 2, 3, 3, 2, 1, 3, 4, 4, 2, 1, 1, 3, 2, 0, 3, 3, 2, 2, 3, 3, 3, 0, 0, 1, 2, 2, 0, 1, 0, 1, 1, 1, 1, 1, 1, 1, 1, 2, 4, 2, 2, 0, 4, 2, 0, 0, 0, 0, 0, 0, 0, 4, 0, 4, 0, 3, 0, 3, 4]";"[3, 2, 2, 3, 3, 2, 1, 3, 4, 4, 2, 1, 1, 1, 2, 0, 3, 3, 2, 2, 3, 3, 3, 0, 0, 1, 2, 2, 0, 1, 0, 1, 1, 1, 1, 1, 1, 1, 1, 2, 4, 2, 2, 0, 4, 2, 0, 0, 0, 0, 0, 0, 0, 4, 4, 4, 0, 3, 0, 3, 4]"
1;4;"aucs";"flat_ec";6;0.4162;0.416;0.4077;0.4078;"{'55': 0.26785714285714285, '54': 0.5571428571428572, '45': 0.4368131868131868, '61': 0.2857142857142857, '10': 0.75, '56': 0.14285714285714285, '9': 0.2976190476190476, '41': 0.5}";"{'55': 0.26785714285714285, '54': 0.45238095238095233, '45': 0.4192546583850931, '61': 0.21428571428571427, '10': 0.7571428571428571, '56': 0.21428571428571427, '9': 0.2976190476190476, '41': 0.5}";"{'55': 0.5714285714285714, '54': 0.6071428571428572, '45': 0.4514285714285714, '61': 0.2857142857142857, '10': 0.6785714285714286, '56': 0.14285714285714285, '9': 0.3142857142857143, '41': 0.5357142857142857}";"{'55': 0.30952380952380953, '54': 0.5571428571428572, '45': 0.4368131868131868, '61': 0.45238095238095233, '10': 0.75, '56': 0.26785714285714285, '9': 0.3571428571428571, '41': 0.5}";0.0;0.0;0.2544642857142857;0.0555555555555555;0.958151101963811;0.9618825801687164;0.9262924710147012;0.9636579250469968;0.9650502218401308;0.9302980057893548;0.951986202130656;1.0;0.9309645687274742;0.9518930134573276;1.0;0.930658531706969;0.0011;0.0263;0.0042;"['55', '54', '45', '61', '10', '56', '9', '41']";"[('interA', ('10', '60')), ('interD', ('4', '45')), ('interD', ('36', '45')), ('interA', ('2', '56')), ('interD', ('20', '45')), ('intraA', ('54', '61'))]";"[('intraD', ('54', '55')), ('intraD', ('45', '55')), ('intraD', ('55', '61')), ('intraD', ('55', '56')), ('intraD', ('55', '9')), ('intraD', ('41', '55'))]";"[('interA', ('29', '61')), ('interA', ('37', '56')), ('interA', ('47', '56')), ('interA', ('6', '9')), ('interA', ('1', '61')), ('interA', ('15', '55'))]";"[['25', '57', '52', '59', '49', '16', '51', '44', '31', '47', '50', '53', '29', '24', '48'], ['39', '32', '14', '37', '7', '26', '30', '35', '12', '34', '13', '36', '33', '38'], ['11', '20', '2', '3', '15', '43', '40', '28', '19', '6', '46', '42', '27'], ['8', '22', '18', '23', '17', '5', '4', '21', '60', '58', '1'], ['55', '54', '45', '61', '10', '56', '9', '41']]";"[['25', '55', '57', '52', '59', '49', '16', '51', '44', '31', '47', '50', '53', '29', '24', '48'], ['11', '20', '2', '3', '15', '43', '40', '28', '19', '6', '46', '42', '27'], ['39', '32', '7', '37', '26', '30', '35', '12', '34', '13', '36', '33', '38'], ['8', '22', '14', '18', '23', '17', '5', '4', '21', '60', '58', '1'], ['54', '45', '61', '10', '56', '9', '41']]";"[['25', '57', '52', '59', '49', '16', '51', '44', '31', '47', '50', '53', '29', '24', '48'], ['39', '32', '7', '37', '26', '30', '35', '12', '34', '13', '36', '33', '38'], ['11', '20', '2', '15', '43', '40', '28', '19', '6', '46', '42', '27'], ['8', '3', '14', '22', '18', '23', '17', '5', '4', '21', '60', '58'], ['55', '54', '45', '10', '61', '56', '41', '9', '1']]";"[3, 1, 1, 3, 3, 1, 2, 3, 4, 4, 1, 2, 2, 3, 1, 0, 3, 3, 1, 1, 3, 3, 3, 0, 0, 2, 1, 1, 0, 2, 0, 2, 2, 2, 2, 2, 2, 2, 2, 1, 4, 1, 1, 0, 4, 1, 0, 0, 0, 0, 0, 0, 0, 4, 4, 4, 0, 3, 0, 3, 4]";"[3, 2, 2, 3, 3, 2, 1, 3, 4, 4, 2, 1, 1, 1, 2, 0, 3, 3, 2, 2, 3, 3, 3, 0, 0, 1, 2, 2, 0, 1, 0, 1, 1, 1, 1, 1, 1, 1, 1, 2, 4, 2, 2, 0, 4, 2, 0, 0, 0, 0, 0, 0, 0, 4, 4, 4, 0, 3, 0, 3, 4]";"[3, 1, 1, 3, 3, 1, 2, 3, 4, 4, 1, 2, 2, 3, 1, 0, 3, 3, 1, 1, 3, 3, 3, 0, 0, 2, 1, 1, 0, 2, 0, 2, 2, 2, 2, 2, 2, 2, 2, 1, 4, 1, 1, 0, 4, 1, 0, 0, 0, 0, 0, 0, 0, 4, 0, 4, 0, 3, 0, 3, 4]";"[4, 2, 3, 3, 3, 2, 1, 3, 4, 4, 2, 1, 1, 3, 2, 0, 3, 3, 2, 2, 3, 3, 3, 0, 0, 1, 2, 2, 0, 1, 0, 1, 1, 1, 1, 1, 1, 1, 1, 2, 4, 2, 2, 0, 4, 2, 0, 0, 0, 0, 0, 0, 0, 4, 4, 4, 0, 3, 0, 3, 4]"
2;4;"aucs";"flat_ec";6;0.4162;0.4099;0.4077;0.4036;"{'55': 0.26785714285714285, '54': 0.5571428571428572, '45': 0.4368131868131868, '61': 0.2857142857142857, '10': 0.75, '56': 0.14285714285714285, '9': 0.2976190476190476, '41': 0.5}";"{'55': 0.4017857142857143, '54': 0.5571428571428572, '45': 0.4314285714285714, '61': 0.2857142857142857, '10': 0.8516483516483516, '56': 0.21428571428571427, '9': 0.3571428571428571, '41': 0.6428571428571428}";"{'55': 0.5714285714285714, '54': 0.6071428571428572, '45': 0.4514285714285714, '61': 0.2857142857142857, '10': 0.6785714285714286, '56': 0.14285714285714285, '9': 0.3142857142857143, '41': 0.5357142857142857}";"{'55': 0.30952380952380953, '54': 0.5571428571428572, '45': 0.4368131868131868, '61': 0.45238095238095233, '10': 0.75, '56': 0.26785714285714285, '9': 0.3571428571428571, '41': 0.5}";0.0;0.0;0.2544642857142857;0.0;1.0;0.9618825801687164;0.958151101963811;1.0;0.9650502218401308;0.9636579250469968;1.0;1.0;0.951986202130656;1.0;1.0;0.9518930134573276;0.0011;0.0268;0.0035;"['55', '54', '45', '61', '10', '56', '9', '41']";"[('interD', ('40', '45')), ('intraD', ('10', '41')), ('interA', ('27', '55')), ('interA', ('38', '41')), ('interA', ('8', '9')), ('intraD', ('55', '56'))]";"[('intraD', ('54', '55')), ('intraD', ('45', '55')), ('intraD', ('55', '61')), ('intraD', ('55', '56')), ('intraD', ('55', '9')), ('intraD', ('41', '55'))]";"[('interA', ('39', '61')), ('interA', ('51', '56')), ('interA', ('42', '56')), ('interA', ('40', '9')), ('interA', ('59', '61')), ('interA', ('51', '55'))]";"[['25', '57', '52', '59', '49', '16', '51', '44', '31', '47', '50', '53', '29', '24', '48'], ['11', '20', '2', '3', '15', '43', '40', '28', '19', '6', '46', '42', '27'], ['39', '32', '7', '37', '26', '30', '35', '12', '34', '13', '36', '33', '38'], ['8', '22', '14', '18', '23', '17', '5', '4', '21', '60', '58', '1'], ['55', '54', '45', '61', '10', '56', '9', '41']]";"[['25', '55', '57', '52', '59', '49', '16', '51', '44', '31', '47', '50', '53', '29', '24', '48'], ['11', '20', '2', '3', '15', '43', '40', '28', '19', '6', '46', '42', '27'], ['39', '32', '7', '37', '26', '30', '35', '12', '34', '13', '36', '33', '38'], ['8', '22', '14', '18', '23', '17', '5', '4', '21', '60', '58', '1'], ['54', '45', '61', '10', '56', '9', '41']]";"[['25', '57', '52', '59', '49', '16', '51', '44', '31', '47', '50', '53', '29', '24', '48'], ['39', '32', '14', '37', '7', '26', '30', '35', '12', '34', '13', '36', '33', '38'], ['11', '20', '2', '3', '15', '43', '40', '28', '19', '6', '46', '42', '27'], ['8', '22', '18', '23', '17', '5', '4', '21', '60', '58', '1'], ['55', '54', '45', '61', '10', '56', '9', '41']]";"[3, 1, 1, 3, 3, 1, 2, 3, 4, 4, 1, 2, 2, 3, 1, 0, 3, 3, 1, 1, 3, 3, 3, 0, 0, 2, 1, 1, 0, 2, 0, 2, 2, 2, 2, 2, 2, 2, 2, 1, 4, 1, 1, 0, 4, 1, 0, 0, 0, 0, 0, 0, 0, 4, 4, 4, 0, 3, 0, 3, 4]";"[3, 1, 1, 3, 3, 1, 2, 3, 4, 4, 1, 2, 2, 3, 1, 0, 3, 3, 1, 1, 3, 3, 3, 0, 0, 2, 1, 1, 0, 2, 0, 2, 2, 2, 2, 2, 2, 2, 2, 1, 4, 1, 1, 0, 4, 1, 0, 0, 0, 0, 0, 0, 0, 4, 4, 4, 0, 3, 0, 3, 4]";"[3, 1, 1, 3, 3, 1, 2, 3, 4, 4, 1, 2, 2, 3, 1, 0, 3, 3, 1, 1, 3, 3, 3, 0, 0, 2, 1, 1, 0, 2, 0, 2, 2, 2, 2, 2, 2, 2, 2, 1, 4, 1, 1, 0, 4, 1, 0, 0, 0, 0, 0, 0, 0, 4, 0, 4, 0, 3, 0, 3, 4]";"[3, 2, 2, 3, 3, 2, 1, 3, 4, 4, 2, 1, 1, 1, 2, 0, 3, 3, 2, 2, 3, 3, 3, 0, 0, 1, 2, 2, 0, 1, 0, 1, 1, 1, 1, 1, 1, 1, 1, 2, 4, 2, 2, 0, 4, 2, 0, 0, 0, 0, 0, 0, 0, 4, 4, 4, 0, 3, 0, 3, 4]"
3;4;"aucs";"flat_ec";6;0.4162;0.413;0.4077;0.4041;"{'55': 0.26785714285714285, '54': 0.5571428571428572, '45': 0.4368131868131868, '61': 0.2857142857142857, '10': 0.75, '56': 0.14285714285714285, '9': 0.2976190476190476, '41': 0.5}";"{'55': 0.26785714285714285, '54': 0.5571428571428572, '45': 0.5228571428571429, '61': 0.14285714285714285, '10': 0.8452380952380952, '56': 0.2976190476190476, '9': 0.2976190476190476, '41': 0.4017857142857143}";"{'55': 0.5714285714285714, '54': 0.6071428571428572, '45': 0.4514285714285714, '61': 0.2857142857142857, '10': 0.6785714285714286, '56': 0.14285714285714285, '9': 0.3142857142857143, '41': 0.5357142857142857}";"{'55': 0.30952380952380953, '54': 0.5571428571428572, '45': 0.4368131868131868, '61': 0.45238095238095233, '10': 0.75, '56': 0.26785714285714285, '9': 0.3571428571428571, '41': 0.5}";0.0;0.0;0.2544642857142857;0.0;0.958151101963811;0.9618825801687164;0.958151101963811;0.9636579250469968;0.9650502218401308;0.9636579250469968;0.951986202130656;1.0;0.951986202130656;0.9518930134573276;1.0;0.9518930134573276;0.0011;0.0264;0.0036;"['55', '54', '45', '61', '10', '56', '9', '41']";"[('interA', ('56', '6')), ('intraD', ('45', '54')), ('intraA', ('54', '61')), ('intraA', ('41', '61')), ('interD', ('10', '14')), ('intraD', ('10', '56'))]";"[('intraD', ('54', '55')), ('intraD', ('45', '55')), ('intraD', ('55', '61')), ('intraD', ('55', '56')), ('intraD', ('55', '9')), ('intraD', ('41', '55'))]";"[('interA', ('20', '61')), ('interA', ('56', '59')), ('interA', ('53', '56')), ('interA', ('46', '9')), ('interA', ('2', '61')), ('interA', ('3', '55'))]";"[['25', '57', '52', '59', '49', '16', '51', '44', '31', '47', '50', '53', '29', '24', '48'], ['39', '32', '14', '37', '7', '26', '30', '35', '12', '34', '13', '36', '33', '38'], ['11', '20', '2', '3', '15', '43', '40', '28', '19', '6', '46', '42', '27'], ['8', '22', '18', '23', '17', '5', '4', '21', '60', '58', '1'], ['55', '54', '45', '61', '10', '56', '9', '41']]";"[['25', '55', '57', '52', '59', '49', '16', '51', '44', '31', '47', '50', '53', '29', '24', '48'], ['39', '32', '7', '37', '26', '30', '35', '12', '34', '13', '36', '33', '38'], ['11', '20', '2', '3', '15', '43', '40', '28', '19', '6', '46', '42', '27'], ['8', '22', '14', '18', '23', '17', '5', '4', '21', '60', '58', '1'], ['54', '45', '61', '10', '56', '9', '41']]";"[['25', '57', '52', '59', '49', '16', '51', '44', '31', '47', '50', '53', '29', '24', '48'], ['39', '32', '14', '37', '7', '26', '30', '35', '12', '34', '13', '36', '33', '38'], ['11', '20', '2', '3', '15', '43', '40', '28', '19', '6', '46', '42', '27'], ['8', '22', '18', '23', '17', '5', '4', '21', '60', '58', '1'], ['55', '54', '45', '61', '10', '56', '9', '41']]";"[3, 1, 1, 3, 3, 1, 2, 3, 4, 4, 1, 2, 2, 3, 1, 0, 3, 3, 1, 1, 3, 3, 3, 0, 0, 2, 1, 1, 0, 2, 0, 2, 2, 2, 2, 2, 2, 2, 2, 1, 4, 1, 1, 0, 4, 1, 0, 0, 0, 0, 0, 0, 0, 4, 4, 4, 0, 3, 0, 3, 4]";"[3, 2, 2, 3, 3, 2, 1, 3, 4, 4, 2, 1, 1, 1, 2, 0, 3, 3, 2, 2, 3, 3, 3, 0, 0, 1, 2, 2, 0, 1, 0, 1, 1, 1, 1, 1, 1, 1, 1, 2, 4, 2, 2, 0, 4, 2, 0, 0, 0, 0, 0, 0, 0, 4, 4, 4, 0, 3, 0, 3, 4]";"[3, 2, 2, 3, 3, 2, 1, 3, 4, 4, 2, 1, 1, 3, 2, 0, 3, 3, 2, 2, 3, 3, 3, 0, 0, 1, 2, 2, 0, 1, 0, 1, 1, 1, 1, 1, 1, 1, 1, 2, 4, 2, 2, 0, 4, 2, 0, 0, 0, 0, 0, 0, 0, 4, 0, 4, 0, 3, 0, 3, 4]";"[3, 2, 2, 3, 3, 2, 1, 3, 4, 4, 2, 1, 1, 1, 2, 0, 3, 3, 2, 2, 3, 3, 3, 0, 0, 1, 2, 2, 0, 1, 0, 1, 1, 1, 1, 1, 1, 1, 1, 2, 4, 2, 2, 0, 4, 2, 0, 0, 0, 0, 0, 0, 0, 4, 4, 4, 0, 3, 0, 3, 4]"
4;4;"aucs";"flat_ec";6;0.4162;0.4127;0.4077;0.4073;"{'55': 0.26785714285714285, '54': 0.5571428571428572, '45': 0.4368131868131868, '61': 0.2857142857142857, '10': 0.75, '56': 0.14285714285714285, '9': 0.2976190476190476, '41': 0.5}";"{'55': 0.3571428571428571, '54': 0.5571428571428572, '45': 0.4314285714285714, '61': 0.2857142857142857, '10': 0.75, '56': 0.14285714285714285, '9': 0.3571428571428571, '41': 0.6428571428571428}";"{'55': 0.5714285714285714, '54': 0.6071428571428572, '45': 0.4514285714285714, '61': 0.2857142857142857, '10': 0.6785714285714286, '56': 0.14285714285714285, '9': 0.3142857142857143, '41': 0.5357142857142857}";"{'55': 0.30952380952380953, '54': 0.5571428571428572, '45': 0.4368131868131868, '61': 0.45238095238095233, '10': 0.75, '56': 0.26785714285714285, '9': 0.3571428571428571, '41': 0.5}";0.0;0.0;0.2544642857142857;0.0;1.0;0.9618825801687164;1.0;1.0;0.9650502218401308;1.0;1.0;1.0;1.0;1.0;1.0;1.0;0.0012;0.0271;0.0038;"['55', '54', '45', '61', '10', '56', '9', '41']";"[('intraD', ('41', '55')), ('interA', ('51', '9')), ('interD', ('10', '52')), ('interA', ('41', '51')), ('interA', ('10', '26')), ('interD', ('3', '45'))]";"[('intraD', ('54', '55')), ('intraD', ('45', '55')), ('intraD', ('55', '61')), ('intraD', ('55', '56')), ('intraD', ('55', '9')), ('intraD', ('41', '55'))]";"[('interA', ('14', '61')), ('interA', ('53', '56')), ('interA', ('40', '56')), ('interA', ('39', '9')), ('interA', ('3', '61')), ('interA', ('37', '55'))]";"[['25', '57', '52', '59', '49', '16', '51', '44', '31', '47', '50', '53', '29', '24', '48'], ['11', '20', '2', '3', '15', '43', '40', '28', '19', '6', '46', '42', '27'], ['39', '32', '7', '37', '26', '30', '35', '12', '34', '13', '36', '33', '38'], ['8', '22', '14', '18', '23', '17', '5', '4', '21', '60', '58', '1'], ['55', '54', '45', '61', '10', '56', '9', '41']]";"[['25', '55', '57', '52', '59', '49', '16', '51', '44', '31', '47', '50', '53', '29', '24', '48'], ['39', '32', '7', '37', '26', '30', '35', '12', '34', '13', '36', '33', '38'], ['11', '20', '2', '3', '15', '43', '40', '28', '19', '6', '46', '42', '27'], ['8', '22', '14', '18', '23', '17', '5', '4', '21', '60', '58', '1'], ['54', '45', '61', '10', '56', '9', '41']]";"[['25', '57', '52', '59', '49', '16', '51', '44', '31', '47', '50', '53', '29', '24', '48'], ['39', '32', '7', '37', '26', '30', '35', '12', '34', '13', '36', '33', '38'], ['11', '20', '2', '3', '15', '43', '40', '28', '19', '6', '46', '42', '27'], ['8', '22', '14', '18', '23', '17', '5', '4', '21', '60', '58', '1'], ['55', '54', '45', '61', '10', '56', '9', '41']]";"[3, 1, 1, 3, 3, 1, 2, 3, 4, 4, 1, 2, 2, 3, 1, 0, 3, 3, 1, 1, 3, 3, 3, 0, 0, 2, 1, 1, 0, 2, 0, 2, 2, 2, 2, 2, 2, 2, 2, 1, 4, 1, 1, 0, 4, 1, 0, 0, 0, 0, 0, 0, 0, 4, 4, 4, 0, 3, 0, 3, 4]";"[3, 1, 1, 3, 3, 1, 2, 3, 4, 4, 1, 2, 2, 3, 1, 0, 3, 3, 1, 1, 3, 3, 3, 0, 0, 2, 1, 1, 0, 2, 0, 2, 2, 2, 2, 2, 2, 2, 2, 1, 4, 1, 1, 0, 4, 1, 0, 0, 0, 0, 0, 0, 0, 4, 4, 4, 0, 3, 0, 3, 4]";"[3, 2, 2, 3, 3, 2, 1, 3, 4, 4, 2, 1, 1, 3, 2, 0, 3, 3, 2, 2, 3, 3, 3, 0, 0, 1, 2, 2, 0, 1, 0, 1, 1, 1, 1, 1, 1, 1, 1, 2, 4, 2, 2, 0, 4, 2, 0, 0, 0, 0, 0, 0, 0, 4, 0, 4, 0, 3, 0, 3, 4]";"[3, 2, 2, 3, 3, 2, 1, 3, 4, 4, 2, 1, 1, 3, 2, 0, 3, 3, 2, 2, 3, 3, 3, 0, 0, 1, 2, 2, 0, 1, 0, 1, 1, 1, 1, 1, 1, 1, 1, 2, 4, 2, 2, 0, 4, 2, 0, 0, 0, 0, 0, 0, 0, 4, 4, 4, 0, 3, 0, 3, 4]"
5;4;"aucs";"flat_ec";6;0.4162;0.4128;0.4077;0.4075;"{'55': 0.26785714285714285, '54': 0.5571428571428572, '45': 0.4368131868131868, '61': 0.2857142857142857, '10': 0.75, '56': 0.14285714285714285, '9': 0.2976190476190476, '41': 0.5}";"{'55': 0.18253968253968253, '54': 0.6785714285714286, '45': 0.6101190476190476, '61': 0.2857142857142857, '10': 0.75, '56': 0.21428571428571427, '9': 0.21428571428571427, '41': 0.7285714285714285}";"{'55': 0.5714285714285714, '54': 0.6071428571428572, '45': 0.4514285714285714, '61': 0.2857142857142857, '10': 0.6785714285714286, '56': 0.14285714285714285, '9': 0.3142857142857143, '41': 0.5357142857142857}";"{'55': 0.30952380952380953, '54': 0.5571428571428572, '45': 0.4368131868131868, '61': 0.45238095238095233, '10': 0.75, '56': 0.26785714285714285, '9': 0.3571428571428571, '41': 0.5}";0.0;0.0;0.2544642857142857;0.0555555555555555;1.0;0.9618825801687164;0.9666918928239564;1.0;0.9650502218401308;0.9661272707646776;1.0;1.0;0.9776888090787323;1.0;1.0;0.977058679642414;0.0011;0.0261;0.0036;"['55', '54', '45', '61', '10', '56', '9', '41']";"[('intraD', ('41', '45')), ('intraA', ('10', '9')), ('intraA', ('10', '55')), ('intraD', ('10', '45')), ('intraD', ('10', '41')), ('intraD', ('54', '56'))]";"[('intraD', ('54', '55')), ('intraD', ('45', '55')), ('intraD', ('55', '61')), ('intraD', ('55', '56')), ('intraD', ('55', '9')), ('intraD', ('41', '55'))]";"[('interA', ('44', '61')), ('interA', ('29', '56')), ('interA', ('30', '56')), ('interA', ('28', '9')), ('interA', ('39', '61')), ('interA', ('1', '55'))]";"[['25', '57', '52', '59', '49', '16', '51', '44', '31', '47', '50', '53', '29', '24', '48'], ['11', '20', '2', '3', '15', '43', '40', '28', '19', '6', '46', '42', '27'], ['39', '32', '7', '37', '26', '30', '35', '12', '34', '13', '36', '33', '38'], ['8', '22', '14', '18', '23', '17', '5', '4', '21', '60', '58', '1'], ['55', '54', '45', '61', '10', '56', '9', '41']]";"[['25', '55', '57', '52', '59', '49', '16', '51', '44', '31', '47', '50', '53', '29', '24', '48'], ['11', '20', '2', '3', '15', '43', '40', '28', '19', '6', '46', '42', '27'], ['39', '32', '7', '37', '26', '30', '35', '12', '34', '13', '36', '33', '38'], ['8', '22', '14', '18', '23', '17', '5', '4', '21', '60', '58', '1'], ['54', '45', '61', '10', '56', '9', '41']]";"[['25', '57', '52', '59', '49', '16', '51', '44', '31', '47', '50', '53', '29', '24', '48'], ['11', '20', '2', '3', '15', '43', '40', '28', '19', '6', '46', '42', '27'], ['39', '32', '7', '37', '26', '30', '35', '12', '34', '13', '36', '33', '38'], ['8', '14', '22', '18', '23', '17', '5', '4', '21', '60', '58'], ['55', '54', '45', '10', '61', '56', '41', '9', '1']]";"[3, 1, 1, 3, 3, 1, 2, 3, 4, 4, 1, 2, 2, 3, 1, 0, 3, 3, 1, 1, 3, 3, 3, 0, 0, 2, 1, 1, 0, 2, 0, 2, 2, 2, 2, 2, 2, 2, 2, 1, 4, 1, 1, 0, 4, 1, 0, 0, 0, 0, 0, 0, 0, 4, 4, 4, 0, 3, 0, 3, 4]";"[3, 1, 1, 3, 3, 1, 2, 3, 4, 4, 1, 2, 2, 3, 1, 0, 3, 3, 1, 1, 3, 3, 3, 0, 0, 2, 1, 1, 0, 2, 0, 2, 2, 2, 2, 2, 2, 2, 2, 1, 4, 1, 1, 0, 4, 1, 0, 0, 0, 0, 0, 0, 0, 4, 4, 4, 0, 3, 0, 3, 4]";"[3, 1, 1, 3, 3, 1, 2, 3, 4, 4, 1, 2, 2, 3, 1, 0, 3, 3, 1, 1, 3, 3, 3, 0, 0, 2, 1, 1, 0, 2, 0, 2, 2, 2, 2, 2, 2, 2, 2, 1, 4, 1, 1, 0, 4, 1, 0, 0, 0, 0, 0, 0, 0, 4, 0, 4, 0, 3, 0, 3, 4]";"[4, 1, 1, 3, 3, 1, 2, 3, 4, 4, 1, 2, 2, 3, 1, 0, 3, 3, 1, 1, 3, 3, 3, 0, 0, 2, 1, 1, 0, 2, 0, 2, 2, 2, 2, 2, 2, 2, 2, 1, 4, 1, 1, 0, 4, 1, 0, 0, 0, 0, 0, 0, 0, 4, 4, 4, 0, 3, 0, 3, 4]"
6;4;"aucs";"flat_ec";6;0.4162;0.4193;0.4077;0.4041;"{'55': 0.26785714285714285, '54': 0.5571428571428572, '45': 0.4368131868131868, '61': 0.2857142857142857, '10': 0.75, '56': 0.14285714285714285, '9': 0.2976190476190476, '41': 0.5}";"{'55': 0.13392857142857142, '54': 0.6071428571428572, '45': 0.4314285714285714, '61': 0.2857142857142857, '10': 0.6523809523809523, '56': 0.14285714285714285, '9': 0.2976190476190476, '41': 0.5}";"{'55': 0.5714285714285714, '54': 0.6071428571428572, '45': 0.4514285714285714, '61': 0.2857142857142857, '10': 0.6785714285714286, '56': 0.14285714285714285, '9': 0.3142857142857143, '41': 0.5357142857142857}";"{'55': 0.30952380952380953, '54': 0.5571428571428572, '45': 0.4368131868131868, '61': 0.45238095238095233, '10': 0.75, '56': 0.26785714285714285, '9': 0.3571428571428571, '41': 0.5}";0.0;0.0;0.2544642857142857;0.0;1.0;0.9618825801687164;0.958151101963811;1.0;0.9650502218401308;0.9636579250469968;1.0;1.0;0.951986202130656;1.0;1.0;0.9518930134573276;0.0011;0.0267;0.0036;"['55', '54', '45', '61', '10', '56', '9', '41']";"[('interA', ('54', '59')), ('interD', ('4', '45')), ('interD', ('13', '55')), ('interD', ('10', '35')), ('interA', ('10', '38')), ('intraA', ('10', '55'))]";"[('intraD', ('54', '55')), ('intraD', ('45', '55')), ('intraD', ('55', '61')), ('intraD', ('55', '56')), ('intraD', ('55', '9')), ('intraD', ('41', '55'))]";"[('interA', ('15', '61')), ('interA', ('35', '56')), ('interA', ('40', '56')), ('interA', ('6', '9')), ('interA', ('6', '61')), ('interA', ('3', '55'))]";"[['25', '57', '52', '59', '49', '16', '51', '44', '31', '47', '50', '53', '29', '24', '48'], ['39', '32', '7', '37', '26', '30', '35', '12', '34', '13', '36', '33', '38'], ['11', '20', '2', '3', '15', '43', '40', '28', '19', '6', '46', '42', '27'], ['8', '22', '14', '18', '23', '17', '5', '4', '21', '60', '58', '1'], ['55', '54', '45', '61', '10', '56', '9', '41']]";"[['25', '55', '57', '52', '59', '49', '16', '51', '44', '31', '47', '50', '53', '29', '24', '48'], ['39', '32', '7', '37', '26', '30', '35', '12', '34', '13', '36', '33', '38'], ['11', '20', '2', '3', '15', '43', '40', '28', '19', '6', '46', '42', '27'], ['8', '22', '14', '18', '23', '17', '5', '4', '21', '60', '58', '1'], ['54', '45', '61', '10', '56', '9', '41']]";"[['25', '57', '52', '59', '49', '16', '51', '44', '31', '47', '50', '53', '29', '24', '48'], ['39', '32', '14', '37', '7', '26', '30', '35', '12', '34', '13', '36', '33', '38'], ['11', '20', '2', '3', '15', '43', '40', '28', '19', '6', '46', '42', '27'], ['8', '22', '18', '23', '17', '5', '4', '21', '60', '58', '1'], ['55', '54', '45', '61', '10', '56', '9', '41']]";"[3, 1, 1, 3, 3, 1, 2, 3, 4, 4, 1, 2, 2, 3, 1, 0, 3, 3, 1, 1, 3, 3, 3, 0, 0, 2, 1, 1, 0, 2, 0, 2, 2, 2, 2, 2, 2, 2, 2, 1, 4, 1, 1, 0, 4, 1, 0, 0, 0, 0, 0, 0, 0, 4, 4, 4, 0, 3, 0, 3, 4]";"[3, 2, 2, 3, 3, 2, 1, 3, 4, 4, 2, 1, 1, 3, 2, 0, 3, 3, 2, 2, 3, 3, 3, 0, 0, 1, 2, 2, 0, 1, 0, 1, 1, 1, 1, 1, 1, 1, 1, 2, 4, 2, 2, 0, 4, 2, 0, 0, 0, 0, 0, 0, 0, 4, 4, 4, 0, 3, 0, 3, 4]";"[3, 2, 2, 3, 3, 2, 1, 3, 4, 4, 2, 1, 1, 3, 2, 0, 3, 3, 2, 2, 3, 3, 3, 0, 0, 1, 2, 2, 0, 1, 0, 1, 1, 1, 1, 1, 1, 1, 1, 2, 4, 2, 2, 0, 4, 2, 0, 0, 0, 0, 0, 0, 0, 4, 0, 4, 0, 3, 0, 3, 4]";"[3, 2, 2, 3, 3, 2, 1, 3, 4, 4, 2, 1, 1, 1, 2, 0, 3, 3, 2, 2, 3, 3, 3, 0, 0, 1, 2, 2, 0, 1, 0, 1, 1, 1, 1, 1, 1, 1, 1, 2, 4, 2, 2, 0, 4, 2, 0, 0, 0, 0, 0, 0, 0, 4, 4, 4, 0, 3, 0, 3, 4]"
7;4;"aucs";"flat_ec";6;0.4162;0.4155;0.4077;0.4073;"{'55': 0.26785714285714285, '54': 0.5571428571428572, '45': 0.4368131868131868, '61': 0.2857142857142857, '10': 0.75, '56': 0.14285714285714285, '9': 0.2976190476190476, '41': 0.5}";"{'55': 0.18253968253968253, '54': 0.6071428571428572, '45': 0.5228571428571429, '61': 0.35714285714285715, '10': 0.5476190476190476, '56': 0.21428571428571427, '9': 0.21428571428571427, '41': 0.5}";"{'55': 0.5714285714285714, '54': 0.6071428571428572, '45': 0.4514285714285714, '61': 0.2857142857142857, '10': 0.6785714285714286, '56': 0.14285714285714285, '9': 0.3142857142857143, '41': 0.5357142857142857}";"{'55': 0.30952380952380953, '54': 0.5571428571428572, '45': 0.4368131868131868, '61': 0.45238095238095233, '10': 0.75, '56': 0.26785714285714285, '9': 0.3571428571428571, '41': 0.5}";0.0;0.1363636363636363;0.2544642857142857;0.0;0.874453305891433;0.9618825801687164;1.0;0.897154322433119;0.9650502218401308;1.0;0.9014872822917194;1.0;1.0;0.9117606749303284;1.0;1.0;0.001;0.0267;0.0036;"['55', '54', '45', '61', '10', '56', '9', '41']";"[('interA', ('12', '54')), ('intraA', ('10', '55')), ('interA', ('4', '56')), ('interD', ('10', '14')), ('intraA', ('10', '9')), ('intraD', ('45', '61'))]";"[('intraD', ('54', '55')), ('intraD', ('45', '55')), ('intraD', ('55', '61')), ('intraD', ('55', '56')), ('intraD', ('55', '9')), ('intraD', ('41', '55'))]";"[('interA', ('40', '61')), ('interA', ('20', '56')), ('interA', ('39', '56')), ('interA', ('33', '9')), ('interA', ('14', '61')), ('interA', ('53', '55'))]";"[['25', '57', '52', '59', '49', '16', '51', '44', '31', '47', '50', '53', '29', '24', '48'], ['39', '32', '14', '37', '7', '26', '30', '35', '12', '34', '13', '36', '33', '38'], ['11', '20', '2', '3', '15', '43', '40', '28', '19', '6', '46', '42', '27'], ['55', '54', '45', '10', '61', '4', '56', '41', '9', '58', '1'], ['8', '22', '18', '23', '17', '5', '21', '60']]";"[['25', '55', '57', '52', '59', '49', '16', '51', '44', '31', '47', '50', '53', '29', '24', '48'], ['39', '32', '7', '37', '26', '30', '35', '12', '34', '13', '36', '33', '38'], ['11', '20', '2', '3', '15', '43', '40', '28', '19', '6', '46', '42', '27'], ['8', '22', '14', '18', '23', '17', '5', '4', '21', '60', '58', '1'], ['54', '45', '61', '10', '56', '9', '41']]";"[['25', '57', '52', '59', '49', '16', '51', '44', '31', '47', '50', '53', '29', '24', '48'], ['39', '32', '7', '37', '26', '30', '35', '12', '34', '13', '36', '33', '38'], ['11', '20', '2', '3', '15', '43', '40', '28', '19', '6', '46', '42', '27'], ['8', '22', '14', '18', '23', '17', '5', '4', '21', '60', '58', '1'], ['55', '54', '45', '61', '10', '56', '9', '41']]";"[3, 1, 1, 3, 3, 1, 2, 3, 4, 4, 1, 2, 2, 3, 1, 0, 3, 3, 1, 1, 3, 3, 3, 0, 0, 2, 1, 1, 0, 2, 0, 2, 2, 2, 2, 2, 2, 2, 2, 1, 4, 1, 1, 0, 4, 1, 0, 0, 0, 0, 0, 0, 0, 4, 4, 4, 0, 3, 0, 3, 4]";"[3, 2, 2, 3, 4, 2, 1, 4, 3, 3, 2, 1, 1, 1, 2, 0, 4, 4, 2, 2, 4, 4, 4, 0, 0, 1, 2, 2, 0, 1, 0, 1, 1, 1, 1, 1, 1, 1, 1, 2, 3, 2, 2, 0, 3, 2, 0, 0, 0, 0, 0, 0, 0, 3, 3, 3, 0, 3, 0, 4, 3]";"[3, 2, 2, 3, 3, 2, 1, 3, 4, 4, 2, 1, 1, 3, 2, 0, 3, 3, 2, 2, 3, 3, 3, 0, 0, 1, 2, 2, 0, 1, 0, 1, 1, 1, 1, 1, 1, 1, 1, 2, 4, 2, 2, 0, 4, 2, 0, 0, 0, 0, 0, 0, 0, 4, 0, 4, 0, 3, 0, 3, 4]";"[3, 2, 2, 3, 3, 2, 1, 3, 4, 4, 2, 1, 1, 3, 2, 0, 3, 3, 2, 2, 3, 3, 3, 0, 0, 1, 2, 2, 0, 1, 0, 1, 1, 1, 1, 1, 1, 1, 1, 2, 4, 2, 2, 0, 4, 2, 0, 0, 0, 0, 0, 0, 0, 4, 4, 4, 0, 3, 0, 3, 4]"
8;4;"aucs";"flat_ec";6;0.4162;0.4194;0.4077;0.4042;"{'55': 0.26785714285714285, '54': 0.5571428571428572, '45': 0.4368131868131868, '61': 0.2857142857142857, '10': 0.75, '56': 0.14285714285714285, '9': 0.2976190476190476, '41': 0.5}";"{'55': 0.26785714285714285, '54': 0.45238095238095233, '45': 0.4314285714285714, '61': 0.3857142857142857, '10': 0.7321428571428572, '56': 0.14285714285714285, '9': 0.2976190476190476, '41': 0.4365079365079365}";"{'55': 0.5714285714285714, '54': 0.6071428571428572, '45': 0.4514285714285714, '61': 0.2857142857142857, '10': 0.6785714285714286, '56': 0.14285714285714285, '9': 0.3142857142857143, '41': 0.5357142857142857}";"{'55': 0.30952380952380953, '54': 0.5571428571428572, '45': 0.4368131868131868, '61': 0.45238095238095233, '10': 0.75, '56': 0.26785714285714285, '9': 0.3571428571428571, '41': 0.5}";0.0;0.0;0.2544642857142857;0.0;1.0;0.9618825801687164;0.958151101963811;1.0;0.9650502218401308;0.9636579250469968;1.0;1.0;0.951986202130656;1.0;1.0;0.9518930134573276;0.0011;0.0288;0.0035;"['55', '54', '45', '61', '10', '56', '9', '41']";"[('intraA', ('41', '54')), ('interD', ('10', '44')), ('interD', ('10', '47')), ('interA', ('34', '61')), ('interA', ('32', '41')), ('interD', ('38', '45'))]";"[('intraD', ('54', '55')), ('intraD', ('45', '55')), ('intraD', ('55', '61')), ('intraD', ('55', '56')), ('intraD', ('55', '9')), ('intraD', ('41', '55'))]";"[('interA', ('53', '61')), ('interA', ('11', '56')), ('interA', ('16', '56')), ('interA', ('29', '9')), ('interA', ('61', '8')), ('interA', ('15', '55'))]";"[['25', '57', '52', '59', '49', '16', '51', '44', '31', '47', '50', '53', '29', '24', '48'], ['39', '32', '7', '37', '26', '30', '35', '12', '34', '13', '36', '33', '38'], ['11', '20', '2', '3', '15', '43', '40', '28', '19', '6', '46', '42', '27'], ['8', '22', '14', '18', '23', '17', '5', '4', '21', '60', '58', '1'], ['55', '54', '45', '61', '10', '56', '9', '41']]";"[['25', '55', '57', '52', '59', '49', '16', '51', '44', '31', '47', '50', '53', '29', '24', '48'], ['11', '20', '2', '3', '15', '43', '40', '28', '19', '6', '46', '42', '27'], ['39', '32', '7', '37', '26', '30', '35', '12', '34', '13', '36', '33', '38'], ['8', '22', '14', '18', '23', '17', '5', '4', '21', '60', '58', '1'], ['54', '45', '61', '10', '56', '9', '41']]";"[['25', '57', '52', '59', '49', '16', '51', '44', '31', '47', '50', '53', '29', '24', '48'], ['39', '32', '14', '37', '7', '26', '30', '35', '12', '34', '13', '36', '33', '38'], ['11', '20', '2', '3', '15', '43', '40', '28', '19', '6', '46', '42', '27'], ['8', '22', '18', '23', '17', '5', '4', '21', '60', '58', '1'], ['55', '54', '45', '61', '10', '56', '9', '41']]";"[3, 1, 1, 3, 3, 1, 2, 3, 4, 4, 1, 2, 2, 3, 1, 0, 3, 3, 1, 1, 3, 3, 3, 0, 0, 2, 1, 1, 0, 2, 0, 2, 2, 2, 2, 2, 2, 2, 2, 1, 4, 1, 1, 0, 4, 1, 0, 0, 0, 0, 0, 0, 0, 4, 4, 4, 0, 3, 0, 3, 4]";"[3, 2, 2, 3, 3, 2, 1, 3, 4, 4, 2, 1, 1, 3, 2, 0, 3, 3, 2, 2, 3, 3, 3, 0, 0, 1, 2, 2, 0, 1, 0, 1, 1, 1, 1, 1, 1, 1, 1, 2, 4, 2, 2, 0, 4, 2, 0, 0, 0, 0, 0, 0, 0, 4, 4, 4, 0, 3, 0, 3, 4]";"[3, 1, 1, 3, 3, 1, 2, 3, 4, 4, 1, 2, 2, 3, 1, 0, 3, 3, 1, 1, 3, 3, 3, 0, 0, 2, 1, 1, 0, 2, 0, 2, 2, 2, 2, 2, 2, 2, 2, 1, 4, 1, 1, 0, 4, 1, 0, 0, 0, 0, 0, 0, 0, 4, 0, 4, 0, 3, 0, 3, 4]";"[3, 2, 2, 3, 3, 2, 1, 3, 4, 4, 2, 1, 1, 1, 2, 0, 3, 3, 2, 2, 3, 3, 3, 0, 0, 1, 2, 2, 0, 1, 0, 1, 1, 1, 1, 1, 1, 1, 1, 2, 4, 2, 2, 0, 4, 2, 0, 0, 0, 0, 0, 0, 0, 4, 4, 4, 0, 3, 0, 3, 4]"
9;4;"aucs";"flat_ec";6;0.4162;0.4195;0.4077;0.4038;"{'55': 0.26785714285714285, '54': 0.5571428571428572, '45': 0.4368131868131868, '61': 0.2857142857142857, '10': 0.75, '56': 0.14285714285714285, '9': 0.2976190476190476, '41': 0.5}";"{'55': 0.2976190476190476, '54': 0.45238095238095233, '45': 0.4314285714285714, '61': 0.14285714285714285, '10': 0.75, '56': 0.21428571428571427, '9': 0.2976190476190476, '41': 0.4365079365079365}";"{'55': 0.5714285714285714, '54': 0.6071428571428572, '45': 0.4514285714285714, '61': 0.2857142857142857, '10': 0.6785714285714286, '56': 0.14285714285714285, '9': 0.3142857142857143, '41': 0.5357142857142857}";"{'55': 0.30952380952380953, '54': 0.5571428571428572, '45': 0.4368131868131868, '61': 0.45238095238095233, '10': 0.75, '56': 0.26785714285714285, '9': 0.3571428571428571, '41': 0.5}";0.0;0.0;0.2544642857142857;0.0;1.0;0.9618825801687164;0.958151101963811;1.0;0.9650502218401308;0.9636579250469968;1.0;1.0;0.951986202130656;1.0;1.0;0.9518930134573276;0.001;0.0273;0.0038;"['55', '54', '45', '61', '10', '56', '9', '41']";"[('intraA', ('41', '61')), ('interD', ('55', '57')), ('intraD', ('55', '56')), ('interA', ('24', '41')), ('intraA', ('54', '61')), ('interD', ('25', '45'))]";"[('intraD', ('54', '55')), ('intraD', ('45', '55')), ('intraD', ('55', '61')), ('intraD', ('55', '56')), ('intraD', ('55', '9')), ('intraD', ('41', '55'))]";"[('interA', ('48', '61')), ('interA', ('40', '56')), ('interA', ('52', '56')), ('interA', ('20', '9')), ('interA', ('25', '61')), ('interA', ('25', '55'))]";"[['25', '57', '52', '59', '49', '16', '51', '44', '31', '47', '50', '53', '29', '24', '48'], ['39', '32', '7', '37', '26', '30', '35', '12', '34', '13', '36', '33', '38'], ['11', '20', '2', '3', '15', '43', '40', '28', '19', '6', '46', '42', '27'], ['8', '22', '14', '18', '23', '17', '5', '4', '21', '60', '58', '1'], ['55', '54', '45', '61', '10', '56', '9', '41']]";"[['25', '55', '57', '52', '59', '49', '16', '51', '44', '31', '47', '50', '53', '29', '24', '48'], ['11', '20', '2', '3', '15', '43', '40', '28', '19', '6', '46', '42', '27'], ['39', '32', '7', '37', '26', '30', '35', '12', '34', '13', '36', '33', '38'], ['8', '22', '14', '18', '23', '17', '5', '4', '21', '60', '58', '1'], ['54', '45', '61', '10', '56', '9', '41']]";"[['25', '57', '52', '59', '49', '16', '51', '44', '31', '47', '50', '53', '29', '24', '48'], ['39', '32', '14', '37', '7', '26', '30', '35', '12', '34', '13', '36', '33', '38'], ['11', '20', '2', '3', '15', '43', '40', '28', '19', '6', '46', '42', '27'], ['8', '22', '18', '23', '17', '5', '4', '21', '60', '58', '1'], ['55', '54', '45', '61', '10', '56', '9', '41']]";"[3, 1, 1, 3, 3, 1, 2, 3, 4, 4, 1, 2, 2, 3, 1, 0, 3, 3, 1, 1, 3, 3, 3, 0, 0, 2, 1, 1, 0, 2, 0, 2, 2, 2, 2, 2, 2, 2, 2, 1, 4, 1, 1, 0, 4, 1, 0, 0, 0, 0, 0, 0, 0, 4, 4, 4, 0, 3, 0, 3, 4]";"[3, 2, 2, 3, 3, 2, 1, 3, 4, 4, 2, 1, 1, 3, 2, 0, 3, 3, 2, 2, 3, 3, 3, 0, 0, 1, 2, 2, 0, 1, 0, 1, 1, 1, 1, 1, 1, 1, 1, 2, 4, 2, 2, 0, 4, 2, 0, 0, 0, 0, 0, 0, 0, 4, 4, 4, 0, 3, 0, 3, 4]";"[3, 1, 1, 3, 3, 1, 2, 3, 4, 4, 1, 2, 2, 3, 1, 0, 3, 3, 1, 1, 3, 3, 3, 0, 0, 2, 1, 1, 0, 2, 0, 2, 2, 2, 2, 2, 2, 2, 2, 1, 4, 1, 1, 0, 4, 1, 0, 0, 0, 0, 0, 0, 0, 4, 0, 4, 0, 3, 0, 3, 4]";"[3, 2, 2, 3, 3, 2, 1, 3, 4, 4, 2, 1, 1, 1, 2, 0, 3, 3, 2, 2, 3, 3, 3, 0, 0, 1, 2, 2, 0, 1, 0, 1, 1, 1, 1, 1, 1, 1, 1, 2, 4, 2, 2, 0, 4, 2, 0, 0, 0, 0, 0, 0, 0, 4, 4, 4, 0, 3, 0, 3, 4]"
10;4;"aucs";"flat_ec";6;0.4162;0.4129;0.4077;0.4035;"{'55': 0.26785714285714285, '54': 0.5571428571428572, '45': 0.4368131868131868, '61': 0.2857142857142857, '10': 0.75, '56': 0.14285714285714285, '9': 0.2976190476190476, '41': 0.5}";"{'55': 0.22142857142857142, '54': 0.6071428571428572, '45': 0.4314285714285714, '61': 0.2857142857142857, '10': 0.6428571428571428, '56': 0.21428571428571427, '9': 0.2976190476190476, '41': 0.5}";"{'55': 0.5714285714285714, '54': 0.6071428571428572, '45': 0.4514285714285714, '61': 0.2857142857142857, '10': 0.6785714285714286, '56': 0.14285714285714285, '9': 0.3142857142857143, '41': 0.5357142857142857}";"{'55': 0.30952380952380953, '54': 0.5571428571428572, '45': 0.4368131868131868, '61': 0.45238095238095233, '10': 0.75, '56': 0.26785714285714285, '9': 0.3571428571428571, '41': 0.5}";0.0;0.0;0.2544642857142857;0.0;0.958151101963811;0.9618825801687164;0.958151101963811;0.9636579250469968;0.9650502218401308;0.9636579250469968;0.951986202130656;1.0;0.951986202130656;0.9518930134573276;1.0;0.9518930134573276;0.0011;0.0278;0.0038;"['55', '54', '45', '61', '10', '56', '9', '41']";"[('intraA', ('10', '55')), ('interA', ('55', '8')), ('interA', ('3', '54')), ('interD', ('45', '58')), ('interD', ('10', '29')), ('interA', ('29', '56'))]";"[('intraD', ('54', '55')), ('intraD', ('45', '55')), ('intraD', ('55', '61')), ('intraD', ('55', '56')), ('intraD', ('55', '9')), ('intraD', ('41', '55'))]";"[('interA', ('25', '61')), ('interA', ('52', '56')), ('interA', ('32', '56')), ('interA', ('42', '9')), ('interA', ('52', '61')), ('interA', ('50', '55'))]";"[['25', '57', '52', '59', '49', '16', '51', '44', '31', '47', '50', '53', '29', '24', '48'], ['39', '32', '14', '37', '7', '26', '30', '35', '12', '34', '13', '36', '33', '38'], ['11', '20', '2', '3', '15', '43', '40', '28', '19', '6', '46', '42', '27'], ['8', '22', '18', '23', '17', '5', '4', '21', '60', '58', '1'], ['55', '54', '45', '61', '10', '56', '9', '41']]";"[['25', '55', '57', '52', '59', '49', '16', '51', '44', '31', '47', '50', '53', '29', '24', '48'], ['11', '20', '2', '3', '15', '43', '40', '28', '19', '6', '46', '42', '27'], ['39', '32', '7', '37', '26', '30', '35', '12', '34', '13', '36', '33', '38'], ['8', '22', '14', '18', '23', '17', '5', '4', '21', '60', '58', '1'], ['54', '45', '61', '10', '56', '9', '41']]";"[['25', '57', '52', '59', '49', '16', '51', '44', '31', '47', '50', '53', '29', '24', '48'], ['39', '32', '14', '37', '7', '26', '30', '35', '12', '34', '13', '36', '33', '38'], ['11', '20', '2', '3', '15', '43', '40', '28', '19', '6', '46', '42', '27'], ['8', '22', '18', '23', '17', '5', '4', '21', '60', '58', '1'], ['55', '54', '45', '61', '10', '56', '9', '41']]";"[3, 1, 1, 3, 3, 1, 2, 3, 4, 4, 1, 2, 2, 3, 1, 0, 3, 3, 1, 1, 3, 3, 3, 0, 0, 2, 1, 1, 0, 2, 0, 2, 2, 2, 2, 2, 2, 2, 2, 1, 4, 1, 1, 0, 4, 1, 0, 0, 0, 0, 0, 0, 0, 4, 4, 4, 0, 3, 0, 3, 4]";"[3, 2, 2, 3, 3, 2, 1, 3, 4, 4, 2, 1, 1, 1, 2, 0, 3, 3, 2, 2, 3, 3, 3, 0, 0, 1, 2, 2, 0, 1, 0, 1, 1, 1, 1, 1, 1, 1, 1, 2, 4, 2, 2, 0, 4, 2, 0, 0, 0, 0, 0, 0, 0, 4, 4, 4, 0, 3, 0, 3, 4]";"[3, 1, 1, 3, 3, 1, 2, 3, 4, 4, 1, 2, 2, 3, 1, 0, 3, 3, 1, 1, 3, 3, 3, 0, 0, 2, 1, 1, 0, 2, 0, 2, 2, 2, 2, 2, 2, 2, 2, 1, 4, 1, 1, 0, 4, 1, 0, 0, 0, 0, 0, 0, 0, 4, 0, 4, 0, 3, 0, 3, 4]";"[3, 2, 2, 3, 3, 2, 1, 3, 4, 4, 2, 1, 1, 1, 2, 0, 3, 3, 2, 2, 3, 3, 3, 0, 0, 1, 2, 2, 0, 1, 0, 1, 1, 1, 1, 1, 1, 1, 1, 2, 4, 2, 2, 0, 4, 2, 0, 0, 0, 0, 0, 0, 0, 4, 4, 4, 0, 3, 0, 3, 4]"
11;4;"aucs";"flat_ec";6;0.4162;0.4124;0.4077;0.4071;"{'55': 0.26785714285714285, '54': 0.5571428571428572, '45': 0.4368131868131868, '61': 0.2857142857142857, '10': 0.75, '56': 0.14285714285714285, '9': 0.2976190476190476, '41': 0.5}";"{'55': 0.3571428571428571, '54': 0.6785714285714286, '45': 0.4314285714285714, '61': 0.35714285714285715, '10': 0.8516483516483516, '56': 0.14285714285714285, '9': 0.3857142857142857, '41': 0.6071428571428572}";"{'55': 0.5714285714285714, '54': 0.6071428571428572, '45': 0.4514285714285714, '61': 0.2857142857142857, '10': 0.6785714285714286, '56': 0.14285714285714285, '9': 0.3142857142857143, '41': 0.5357142857142857}";"{'55': 0.30952380952380953, '54': 0.5571428571428572, '45': 0.4368131868131868, '61': 0.45238095238095233, '10': 0.75, '56': 0.26785714285714285, '9': 0.3571428571428571, '41': 0.5}";0.0;0.371875;0.2544642857142857;0.0555555555555555;0.8421651233544057;0.9618825801687164;0.926607782286942;0.8637704640786473;0.9650502218401308;0.930250043054574;0.9014872822917194;1.0;0.9312579046367022;0.9117606749303284;1.0;0.9305972008802612;0.0014;0.0265;0.0037;"['55', '54', '45', '61', '10', '56', '9', '41']";"[('interA', ('10', '49')), ('intraD', ('61', '9')), ('intraD', ('54', '55')), ('interD', ('10', '34')), ('intraD', ('10', '41')), ('interD', ('13', '45'))]";"[('intraD', ('54', '55')), ('intraD', ('45', '55')), ('intraD', ('55', '61')), ('intraD', ('55', '56')), ('intraD', ('55', '9')), ('intraD', ('41', '55'))]";"[('interA', ('58', '61')), ('interA', ('23', '56')), ('interA', ('28', '56')), ('interA', ('31', '9')), ('interA', ('31', '61')), ('interA', ('30', '55'))]";"[['25', '57', '52', '10', '59', '49', '16', '51', '44', '31', '47', '50', '53', '29', '24', '48'], ['39', '32', '14', '37', '7', '26', '30', '35', '12', '34', '13', '36', '33', '38'], ['11', '20', '2', '3', '15', '43', '40', '28', '19', '6', '46', '42', '27'], ['55', '54', '45', '61', '4', '56', '41', '9', '58', '1'], ['8', '22', '18', '23', '17', '5', '21', '60']]";"[['25', '55', '57', '52', '59', '49', '16', '51', '44', '31', '47', '50', '53', '29', '24', '48'], ['39', '32', '7', '37', '26', '30', '35', '12', '34', '13', '36', '33', '38'], ['11', '20', '2', '3', '15', '43', '40', '28', '19', '6', '46', '42', '27'], ['8', '22', '14', '18', '23', '17', '5', '4', '21', '60', '58', '1'], ['54', '45', '61', '10', '56', '9', '41']]";"[['25', '57', '52', '59', '49', '16', '51', '44', '31', '47', '50', '53', '29', '24', '48'], ['39', '32', '14', '37', '7', '26', '30', '35', '12', '34', '13', '36', '33', '38'], ['11', '20', '2', '3', '15', '43', '40', '28', '19', '6', '46', '42', '27'], ['8', '22', '18', '23', '17', '5', '4', '21', '60', '1'], ['55', '54', '45', '61', '10', '56', '9', '58', '41']]";"[3, 1, 1, 3, 3, 1, 2, 3, 4, 4, 1, 2, 2, 3, 1, 0, 3, 3, 1, 1, 3, 3, 3, 0, 0, 2, 1, 1, 0, 2, 0, 2, 2, 2, 2, 2, 2, 2, 2, 1, 4, 1, 1, 0, 4, 1, 0, 0, 0, 0, 0, 0, 0, 4, 4, 4, 0, 3, 0, 3, 4]";"[3, 2, 2, 3, 4, 2, 1, 4, 3, 0, 2, 1, 1, 1, 2, 0, 4, 4, 2, 2, 4, 4, 4, 0, 0, 1, 2, 2, 0, 1, 0, 1, 1, 1, 1, 1, 1, 1, 1, 2, 3, 2, 2, 0, 3, 2, 0, 0, 0, 0, 0, 0, 0, 3, 3, 3, 0, 3, 0, 4, 3]";"[3, 2, 2, 3, 3, 2, 1, 3, 4, 4, 2, 1, 1, 3, 2, 0, 3, 3, 2, 2, 3, 3, 3, 0, 0, 1, 2, 2, 0, 1, 0, 1, 1, 1, 1, 1, 1, 1, 1, 2, 4, 2, 2, 0, 4, 2, 0, 0, 0, 0, 0, 0, 0, 4, 0, 4, 0, 3, 0, 3, 4]";"[3, 2, 2, 3, 3, 2, 1, 3, 4, 4, 2, 1, 1, 1, 2, 0, 3, 3, 2, 2, 3, 3, 3, 0, 0, 1, 2, 2, 0, 1, 0, 1, 1, 1, 1, 1, 1, 1, 1, 2, 4, 2, 2, 0, 4, 2, 0, 0, 0, 0, 0, 0, 0, 4, 4, 4, 0, 4, 0, 3, 4]"
12;4;"aucs";"flat_ec";6;0.4162;0.4162;0.4077;0.407;"{'55': 0.26785714285714285, '54': 0.5571428571428572, '45': 0.4368131868131868, '61': 0.2857142857142857, '10': 0.75, '56': 0.14285714285714285, '9': 0.2976190476190476, '41': 0.5}";"{'55': 0.3571428571428571, '54': 0.3571428571428571, '45': 0.4368131868131868, '61': 0.3857142857142857, '10': 0.7417582417582418, '56': 0.21428571428571427, '9': 0.2976190476190476, '41': 0.5}";"{'55': 0.5714285714285714, '54': 0.6071428571428572, '45': 0.4514285714285714, '61': 0.2857142857142857, '10': 0.6785714285714286, '56': 0.14285714285714285, '9': 0.3142857142857143, '41': 0.5357142857142857}";"{'55': 0.30952380952380953, '54': 0.5571428571428572, '45': 0.4368131868131868, '61': 0.45238095238095233, '10': 0.75, '56': 0.26785714285714285, '9': 0.3571428571428571, '41': 0.5}";0.0;0.0;0.2544642857142857;0.0;1.0;0.9618825801687164;1.0;1.0;0.9650502218401308;1.0;1.0;1.0;1.0;1.0;1.0;1.0;0.0011;0.0269;0.0037;"['55', '54', '45', '61', '10', '56', '9', '41']";"[('intraA', ('10', '54')), ('intraD', ('55', '56')), ('intraA', ('41', '54')), ('interD', ('10', '14')), ('interA', ('14', '61')), ('intraD', ('10', '41'))]";"[('intraD', ('54', '55')), ('intraD', ('45', '55')), ('intraD', ('55', '61')), ('intraD', ('55', '56')), ('intraD', ('55', '9')), ('intraD', ('41', '55'))]";"[('interA', ('42', '61')), ('interA', ('56', '59')), ('interA', ('13', '56')), ('interA', ('35', '9')), ('interA', ('38', '61')), ('interA', ('28', '55'))]";"[['25', '57', '52', '59', '49', '16', '51', '44', '31', '47', '50', '53', '29', '24', '48'], ['11', '20', '2', '3', '15', '43', '40', '28', '19', '6', '46', '42', '27'], ['39', '32', '7', '37', '26', '30', '35', '12', '34', '13', '36', '33', '38'], ['8', '22', '14', '18', '23', '17', '5', '4', '21', '60', '58', '1'], ['55', '54', '45', '61', '10', '56', '9', '41']]";"[['25', '55', '57', '52', '59', '49', '16', '51', '44', '31', '47', '50', '53', '29', '24', '48'], ['39', '32', '7', '37', '26', '30', '35', '12', '34', '13', '36', '33', '38'], ['11', '20', '2', '3', '15', '43', '40', '28', '19', '6', '46', '42', '27'], ['8', '22', '14', '18', '23', '17', '5', '4', '21', '60', '58', '1'], ['54', '45', '61', '10', '56', '9', '41']]";"[['25', '57', '52', '59', '49', '16', '51', '44', '31', '47', '50', '53', '29', '24', '48'], ['11', '20', '2', '3', '15', '43', '40', '28', '19', '6', '46', '42', '27'], ['39', '32', '7', '37', '26', '30', '35', '12', '34', '13', '36', '33', '38'], ['8', '22', '14', '18', '23', '17', '5', '4', '21', '60', '58', '1'], ['55', '54', '45', '61', '10', '56', '9', '41']]";"[3, 1, 1, 3, 3, 1, 2, 3, 4, 4, 1, 2, 2, 3, 1, 0, 3, 3, 1, 1, 3, 3, 3, 0, 0, 2, 1, 1, 0, 2, 0, 2, 2, 2, 2, 2, 2, 2, 2, 1, 4, 1, 1, 0, 4, 1, 0, 0, 0, 0, 0, 0, 0, 4, 4, 4, 0, 3, 0, 3, 4]";"[3, 1, 1, 3, 3, 1, 2, 3, 4, 4, 1, 2, 2, 3, 1, 0, 3, 3, 1, 1, 3, 3, 3, 0, 0, 2, 1, 1, 0, 2, 0, 2, 2, 2, 2, 2, 2, 2, 2, 1, 4, 1, 1, 0, 4, 1, 0, 0, 0, 0, 0, 0, 0, 4, 4, 4, 0, 3, 0, 3, 4]";"[3, 2, 2, 3, 3, 2, 1, 3, 4, 4, 2, 1, 1, 3, 2, 0, 3, 3, 2, 2, 3, 3, 3, 0, 0, 1, 2, 2, 0, 1, 0, 1, 1, 1, 1, 1, 1, 1, 1, 2, 4, 2, 2, 0, 4, 2, 0, 0, 0, 0, 0, 0, 0, 4, 0, 4, 0, 3, 0, 3, 4]";"[3, 1, 1, 3, 3, 1, 2, 3, 4, 4, 1, 2, 2, 3, 1, 0, 3, 3, 1, 1, 3, 3, 3, 0, 0, 2, 1, 1, 0, 2, 0, 2, 2, 2, 2, 2, 2, 2, 2, 1, 4, 1, 1, 0, 4, 1, 0, 0, 0, 0, 0, 0, 0, 4, 4, 4, 0, 3, 0, 3, 4]"
13;4;"aucs";"flat_ec";6;0.4162;0.4193;0.4077;0.4075;"{'55': 0.26785714285714285, '54': 0.5571428571428572, '45': 0.4368131868131868, '61': 0.2857142857142857, '10': 0.75, '56': 0.14285714285714285, '9': 0.2976190476190476, '41': 0.5}";"{'55': 0.18253968253968253, '54': 0.45238095238095233, '45': 0.4314285714285714, '61': 0.35714285714285715, '10': 0.5476190476190476, '56': 0.07142857142857142, '9': 0.3857142857142857, '41': 0.4017857142857143}";"{'55': 0.5714285714285714, '54': 0.6071428571428572, '45': 0.4514285714285714, '61': 0.2857142857142857, '10': 0.6785714285714286, '56': 0.14285714285714285, '9': 0.3142857142857143, '41': 0.5357142857142857}";"{'55': 0.30952380952380953, '54': 0.5571428571428572, '45': 0.4368131868131868, '61': 0.45238095238095233, '10': 0.75, '56': 0.26785714285714285, '9': 0.3571428571428571, '41': 0.5}";0.0;0.0;0.2544642857142857;0.1363636363636363;0.958151101963811;0.9618825801687164;0.874453305891433;0.9636579250469968;0.9650502218401308;0.897154322433119;0.951986202130656;1.0;0.9014872822917194;0.9518930134573276;1.0;0.9117606749303284;0.0011;0.0275;0.0037;"['55', '54', '45', '61', '10', '56', '9', '41']";"[('intraA', ('41', '56')), ('interD', ('37', '45')), ('interD', ('10', '44')), ('intraD', ('61', '9')), ('intraA', ('10', '55')), ('intraA', ('10', '54'))]";"[('intraD', ('54', '55')), ('intraD', ('45', '55')), ('intraD', ('55', '61')), ('intraD', ('55', '56')), ('intraD', ('55', '9')), ('intraD', ('41', '55'))]";"[('interA', ('23', '61')), ('interA', ('18', '56')), ('interA', ('1', '56')), ('interA', ('42', '9')), ('interA', ('18', '61')), ('interA', ('3', '55'))]";"[['25', '57', '52', '59', '49', '16', '51', '44', '31', '47', '50', '53', '29', '24', '48'], ['39', '32', '14', '37', '7', '26', '30', '35', '12', '34', '13', '36', '33', '38'], ['11', '20', '2', '3', '15', '43', '40', '28', '19', '6', '46', '42', '27'], ['8', '22', '18', '23', '17', '5', '4', '21', '60', '58', '1'], ['55', '54', '45', '61', '10', '56', '9', '41']]";"[['25', '55', '57', '52', '59', '49', '16', '51', '44', '31', '47', '50', '53', '29', '24', '48'], ['11', '20', '2', '3', '15', '43', '40', '28', '19', '6', '46', '42', '27'], ['39', '32', '7', '37', '26', '30', '35', '12', '34', '13', '36', '33', '38'], ['8', '22', '14', '18', '23', '17', '5', '4', '21', '60', '58', '1'], ['54', '45', '61', '10', '56', '9', '41']]";"[['25', '57', '52', '59', '49', '16', '51', '44', '31', '47', '50', '53', '29', '24', '48'], ['39', '32', '14', '37', '7', '26', '30', '35', '12', '34', '13', '36', '33', '38'], ['11', '20', '2', '3', '15', '43', '40', '28', '19', '6', '46', '42', '27'], ['55', '54', '45', '10', '61', '4', '56', '41', '9', '58', '1'], ['8', '22', '18', '23', '17', '5', '21', '60']]";"[3, 1, 1, 3, 3, 1, 2, 3, 4, 4, 1, 2, 2, 3, 1, 0, 3, 3, 1, 1, 3, 3, 3, 0, 0, 2, 1, 1, 0, 2, 0, 2, 2, 2, 2, 2, 2, 2, 2, 1, 4, 1, 1, 0, 4, 1, 0, 0, 0, 0, 0, 0, 0, 4, 4, 4, 0, 3, 0, 3, 4]";"[3, 2, 2, 3, 3, 2, 1, 3, 4, 4, 2, 1, 1, 1, 2, 0, 3, 3, 2, 2, 3, 3, 3, 0, 0, 1, 2, 2, 0, 1, 0, 1, 1, 1, 1, 1, 1, 1, 1, 2, 4, 2, 2, 0, 4, 2, 0, 0, 0, 0, 0, 0, 0, 4, 4, 4, 0, 3, 0, 3, 4]";"[3, 1, 1, 3, 3, 1, 2, 3, 4, 4, 1, 2, 2, 3, 1, 0, 3, 3, 1, 1, 3, 3, 3, 0, 0, 2, 1, 1, 0, 2, 0, 2, 2, 2, 2, 2, 2, 2, 2, 1, 4, 1, 1, 0, 4, 1, 0, 0, 0, 0, 0, 0, 0, 4, 0, 4, 0, 3, 0, 3, 4]";"[3, 2, 2, 3, 4, 2, 1, 4, 3, 3, 2, 1, 1, 1, 2, 0, 4, 4, 2, 2, 4, 4, 4, 0, 0, 1, 2, 2, 0, 1, 0, 1, 1, 1, 1, 1, 1, 1, 1, 2, 3, 2, 2, 0, 3, 2, 0, 0, 0, 0, 0, 0, 0, 3, 3, 3, 0, 3, 0, 4, 3]"
14;4;"aucs";"flat_ec";6;0.4162;0.4074;0.4077;0.4042;"{'55': 0.26785714285714285, '54': 0.5571428571428572, '45': 0.4368131868131868, '61': 0.2857142857142857, '10': 0.75, '56': 0.14285714285714285, '9': 0.2976190476190476, '41': 0.5}";"{'55': 0.3571428571428571, '54': 0.6785714285714286, '45': 0.5228571428571429, '61': 0.2857142857142857, '10': 0.8452380952380952, '56': 0.21428571428571427, '9': 0.4017857142857143, '41': 0.6071428571428572}";"{'55': 0.5714285714285714, '54': 0.6071428571428572, '45': 0.4514285714285714, '61': 0.2857142857142857, '10': 0.6785714285714286, '56': 0.14285714285714285, '9': 0.3142857142857143, '41': 0.5357142857142857}";"{'55': 0.30952380952380953, '54': 0.5571428571428572, '45': 0.4368131868131868, '61': 0.45238095238095233, '10': 0.75, '56': 0.26785714285714285, '9': 0.3571428571428571, '41': 0.5}";0.0;0.3708333333333333;0.2544642857142857;0.0;0.8437336926098465;0.9618825801687164;0.958151101963811;0.8641621889444362;0.9650502218401308;0.9636579250469968;0.9014872822917194;1.0;0.951986202130656;0.9117606749303284;1.0;0.9518930134573276;0.0011;0.0278;0.0035;"['55', '54', '45', '61', '10', '56', '9', '41']";"[('intraD', ('10', '41')), ('interA', ('59', '9')), ('intraD', ('54', '55')), ('intraD', ('45', '56')), ('interA', ('8', '9')), ('interD', ('10', '22'))]";"[('intraD', ('54', '55')), ('intraD', ('45', '55')), ('intraD', ('55', '61')), ('intraD', ('55', '56')), ('intraD', ('55', '9')), ('intraD', ('41', '55'))]";"[('interA', ('42', '61')), ('interA', ('26', '56')), ('interA', ('25', '56')), ('interA', ('40', '9')), ('interA', ('23', '61')), ('interA', ('55', '6'))]";"[['39', '32', '14', '37', '7', '10', '26', '30', '35', '12', '34', '13', '36', '33', '38'], ['25', '57', '52', '59', '49', '16', '51', '44', '31', '47', '50', '53', '29', '24', '48'], ['11', '20', '2', '3', '15', '43', '40', '28', '19', '6', '46', '42', '27'], ['55', '54', '45', '61', '4', '56', '41', '9', '58', '1'], ['8', '22', '18', '23', '17', '5', '21', '60']]";"[['25', '55', '57', '52', '59', '49', '16', '51', '44', '31', '47', '50', '53', '29', '24', '48'], ['11', '20', '2', '3', '15', '43', '40', '28', '19', '6', '46', '42', '27'], ['39', '32', '7', '37', '26', '30', '35', '12', '34', '13', '36', '33', '38'], ['8', '22', '14', '18', '23', '17', '5', '4', '21', '60', '58', '1'], ['54', '45', '61', '10', '56', '9', '41']]";"[['25', '57', '52', '59', '49', '16', '51', '44', '31', '47', '50', '53', '29', '24', '48'], ['39', '32', '14', '37', '7', '26', '30', '35', '12', '34', '13', '36', '33', '38'], ['11', '20', '2', '3', '15', '43', '40', '28', '19', '6', '46', '42', '27'], ['8', '22', '18', '23', '17', '5', '4', '21', '60', '58', '1'], ['55', '54', '45', '61', '10', '56', '9', '41']]";"[3, 1, 1, 3, 3, 1, 2, 3, 4, 4, 1, 2, 2, 3, 1, 0, 3, 3, 1, 1, 3, 3, 3, 0, 0, 2, 1, 1, 0, 2, 0, 2, 2, 2, 2, 2, 2, 2, 2, 1, 4, 1, 1, 0, 4, 1, 0, 0, 0, 0, 0, 0, 0, 4, 4, 4, 0, 3, 0, 3, 4]";"[3, 2, 2, 3, 4, 2, 0, 4, 3, 0, 2, 0, 0, 0, 2, 1, 4, 4, 2, 2, 4, 4, 4, 1, 1, 0, 2, 2, 1, 0, 1, 0, 0, 0, 0, 0, 0, 0, 0, 2, 3, 2, 2, 1, 3, 2, 1, 1, 1, 1, 1, 1, 1, 3, 3, 3, 1, 3, 1, 4, 3]";"[3, 1, 1, 3, 3, 1, 2, 3, 4, 4, 1, 2, 2, 3, 1, 0, 3, 3, 1, 1, 3, 3, 3, 0, 0, 2, 1, 1, 0, 2, 0, 2, 2, 2, 2, 2, 2, 2, 2, 1, 4, 1, 1, 0, 4, 1, 0, 0, 0, 0, 0, 0, 0, 4, 0, 4, 0, 3, 0, 3, 4]";"[3, 2, 2, 3, 3, 2, 1, 3, 4, 4, 2, 1, 1, 1, 2, 0, 3, 3, 2, 2, 3, 3, 3, 0, 0, 1, 2, 2, 0, 1, 0, 1, 1, 1, 1, 1, 1, 1, 1, 2, 4, 2, 2, 0, 4, 2, 0, 0, 0, 0, 0, 0, 0, 4, 4, 4, 0, 3, 0, 3, 4]"
15;4;"aucs";"flat_ec";6;0.4162;0.4192;0.4077;0.4042;"{'55': 0.26785714285714285, '54': 0.5571428571428572, '45': 0.4368131868131868, '61': 0.2857142857142857, '10': 0.75, '56': 0.14285714285714285, '9': 0.2976190476190476, '41': 0.5}";"{'55': 0.3571428571428571, '54': 0.5571428571428572, '45': 0.4314285714285714, '61': 0.3857142857142857, '10': 0.7417582417582418, '56': 0.07142857142857142, '9': 0.21428571428571427, '41': 0.4017857142857143}";"{'55': 0.5714285714285714, '54': 0.6071428571428572, '45': 0.4514285714285714, '61': 0.2857142857142857, '10': 0.6785714285714286, '56': 0.14285714285714285, '9': 0.3142857142857143, '41': 0.5357142857142857}";"{'55': 0.30952380952380953, '54': 0.5571428571428572, '45': 0.4368131868131868, '61': 0.45238095238095233, '10': 0.75, '56': 0.26785714285714285, '9': 0.3571428571428571, '41': 0.5}";0.0;0.0;0.2544642857142857;0.0;1.0;0.9618825801687164;0.958151101963811;1.0;0.9650502218401308;0.9636579250469968;1.0;1.0;0.951986202130656;1.0;1.0;0.9518930134573276;0.001;0.0275;0.0036;"['55', '54', '45', '61', '10', '56', '9', '41']";"[('interA', ('28', '61')), ('intraA', ('54', '9')), ('interD', ('45', '58')), ('intraD', ('54', '55')), ('intraA', ('41', '56')), ('interD', ('10', '22'))]";"[('intraD', ('54', '55')), ('intraD', ('45', '55')), ('intraD', ('55', '61')), ('intraD', ('55', '56')), ('intraD', ('55', '9')), ('intraD', ('41', '55'))]";"[('interA', ('48', '61')), ('interA', ('15', '56')), ('interA', ('56', '59')), ('interA', ('7', '9')), ('interA', ('18', '61')), ('interA', ('21', '55'))]";"[['25', '57', '52', '59', '49', '16', '51', '44', '31', '47', '50', '53', '29', '24', '48'], ['39', '32', '7', '37', '26', '30', '35', '12', '34', '13', '36', '33', '38'], ['11', '20', '2', '3', '15', '43', '40', '28', '19', '6', '46', '42', '27'], ['8', '22', '14', '18', '23', '17', '5', '4', '21', '60', '58', '1'], ['55', '54', '45', '61', '10', '56', '9', '41']]";"[['25', '55', '57', '52', '59', '49', '16', '51', '44', '31', '47', '50', '53', '29', '24', '48'], ['11', '20', '2', '3', '15', '43', '40', '28', '19', '6', '46', '42', '27'], ['39', '32', '7', '37', '26', '30', '35', '12', '34', '13', '36', '33', '38'], ['8', '22', '14', '18', '23', '17', '5', '4', '21', '60', '58', '1'], ['54', '45', '61', '10', '56', '9', '41']]";"[['25', '57', '52', '59', '49', '16', '51', '44', '31', '47', '50', '53', '29', '24', '48'], ['39', '32', '14', '37', '7', '26', '30', '35', '12', '34', '13', '36', '33', '38'], ['11', '20', '2', '3', '15', '43', '40', '28', '19', '6', '46', '42', '27'], ['8', '22', '18', '23', '17', '5', '4', '21', '60', '58', '1'], ['55', '54', '45', '61', '10', '56', '9', '41']]";"[3, 1, 1, 3, 3, 1, 2, 3, 4, 4, 1, 2, 2, 3, 1, 0, 3, 3, 1, 1, 3, 3, 3, 0, 0, 2, 1, 1, 0, 2, 0, 2, 2, 2, 2, 2, 2, 2, 2, 1, 4, 1, 1, 0, 4, 1, 0, 0, 0, 0, 0, 0, 0, 4, 4, 4, 0, 3, 0, 3, 4]";"[3, 2, 2, 3, 3, 2, 1, 3, 4, 4, 2, 1, 1, 3, 2, 0, 3, 3, 2, 2, 3, 3, 3, 0, 0, 1, 2, 2, 0, 1, 0, 1, 1, 1, 1, 1, 1, 1, 1, 2, 4, 2, 2, 0, 4, 2, 0, 0, 0, 0, 0, 0, 0, 4, 4, 4, 0, 3, 0, 3, 4]";"[3, 1, 1, 3, 3, 1, 2, 3, 4, 4, 1, 2, 2, 3, 1, 0, 3, 3, 1, 1, 3, 3, 3, 0, 0, 2, 1, 1, 0, 2, 0, 2, 2, 2, 2, 2, 2, 2, 2, 1, 4, 1, 1, 0, 4, 1, 0, 0, 0, 0, 0, 0, 0, 4, 0, 4, 0, 3, 0, 3, 4]";"[3, 2, 2, 3, 3, 2, 1, 3, 4, 4, 2, 1, 1, 1, 2, 0, 3, 3, 2, 2, 3, 3, 3, 0, 0, 1, 2, 2, 0, 1, 0, 1, 1, 1, 1, 1, 1, 1, 1, 2, 4, 2, 2, 0, 4, 2, 0, 0, 0, 0, 0, 0, 0, 4, 4, 4, 0, 3, 0, 3, 4]"
16;4;"aucs";"flat_ec";6;0.4162;0.413;0.4077;0.4069;"{'55': 0.26785714285714285, '54': 0.5571428571428572, '45': 0.4368131868131868, '61': 0.2857142857142857, '10': 0.75, '56': 0.14285714285714285, '9': 0.2976190476190476, '41': 0.5}";"{'55': 0.18253968253968253, '54': 0.45238095238095233, '45': 0.44179894179894175, '61': 0.21428571428571427, '10': 0.5672268907563025, '56': 0.14285714285714285, '9': 0.2976190476190476, '41': 0.5}";"{'55': 0.5714285714285714, '54': 0.6071428571428572, '45': 0.4514285714285714, '61': 0.2857142857142857, '10': 0.6785714285714286, '56': 0.14285714285714285, '9': 0.3142857142857143, '41': 0.5357142857142857}";"{'55': 0.30952380952380953, '54': 0.5571428571428572, '45': 0.4368131868131868, '61': 0.45238095238095233, '10': 0.75, '56': 0.26785714285714285, '9': 0.3571428571428571, '41': 0.5}";0.0;0.0;0.2544642857142857;0.0;0.958151101963811;0.9618825801687164;1.0;0.9636579250469968;0.9650502218401308;1.0;0.951986202130656;1.0;1.0;0.9518930134573276;1.0;1.0;0.0011;0.0266;0.0035;"['55', '54', '45', '61', '10', '56', '9', '41']";"[('interA', ('10', '20')), ('intraA', ('10', '61')), ('intraA', ('10', '55')), ('interA', ('45', '59')), ('intraA', ('54', '61')), ('interA', ('13', '61'))]";"[('intraD', ('54', '55')), ('intraD', ('45', '55')), ('intraD', ('55', '61')), ('intraD', ('55', '56')), ('intraD', ('55', '9')), ('intraD', ('41', '55'))]";"[('interA', ('49', '61')), ('interA', ('22', '56')), ('interA', ('51', '56')), ('interA', ('7', '9')), ('interA', ('38', '61')), ('interA', ('36', '55'))]";"[['25', '57', '52', '59', '49', '16', '51', '44', '31', '47', '50', '53', '29', '24', '48'], ['39', '32', '14', '37', '7', '26', '30', '35', '12', '34', '13', '36', '33', '38'], ['11', '20', '2', '3', '15', '43', '40', '28', '19', '6', '46', '42', '27'], ['8', '22', '18', '23', '17', '5', '4', '21', '60', '58', '1'], ['55', '54', '45', '61', '10', '56', '9', '41']]";"[['25', '55', '57', '52', '59', '49', '16', '51', '44', '31', '47', '50', '53', '29', '24', '48'], ['11', '20', '2', '3', '15', '43', '40', '28', '19', '6', '46', '42', '27'], ['39', '32', '7', '37', '26', '30', '35', '12', '34', '13', '36', '33', '38'], ['8', '22', '14', '18', '23', '17', '5', '4', '21', '60', '58', '1'], ['54', '45', '61', '10', '56', '9', '41']]";"[['25', '57', '52', '59', '49', '16', '51', '44', '31', '47', '50', '53', '29', '24', '48'], ['11', '20', '2', '3', '15', '43', '40', '28', '19', '6', '46', '42', '27'], ['39', '32', '7', '37', '26', '30', '35', '12', '34', '13', '36', '33', '38'], ['8', '22', '14', '18', '23', '17', '5', '4', '21', '60', '58', '1'], ['55', '54', '45', '61', '10', '56', '9', '41']]";"[3, 1, 1, 3, 3, 1, 2, 3, 4, 4, 1, 2, 2, 3, 1, 0, 3, 3, 1, 1, 3, 3, 3, 0, 0, 2, 1, 1, 0, 2, 0, 2, 2, 2, 2, 2, 2, 2, 2, 1, 4, 1, 1, 0, 4, 1, 0, 0, 0, 0, 0, 0, 0, 4, 4, 4, 0, 3, 0, 3, 4]";"[3, 2, 2, 3, 3, 2, 1, 3, 4, 4, 2, 1, 1, 1, 2, 0, 3, 3, 2, 2, 3, 3, 3, 0, 0, 1, 2, 2, 0, 1, 0, 1, 1, 1, 1, 1, 1, 1, 1, 2, 4, 2, 2, 0, 4, 2, 0, 0, 0, 0, 0, 0, 0, 4, 4, 4, 0, 3, 0, 3, 4]";"[3, 1, 1, 3, 3, 1, 2, 3, 4, 4, 1, 2, 2, 3, 1, 0, 3, 3, 1, 1, 3, 3, 3, 0, 0, 2, 1, 1, 0, 2, 0, 2, 2, 2, 2, 2, 2, 2, 2, 1, 4, 1, 1, 0, 4, 1, 0, 0, 0, 0, 0, 0, 0, 4, 0, 4, 0, 3, 0, 3, 4]";"[3, 1, 1, 3, 3, 1, 2, 3, 4, 4, 1, 2, 2, 3, 1, 0, 3, 3, 1, 1, 3, 3, 3, 0, 0, 2, 1, 1, 0, 2, 0, 2, 2, 2, 2, 2, 2, 2, 2, 1, 4, 1, 1, 0, 4, 1, 0, 0, 0, 0, 0, 0, 0, 4, 4, 4, 0, 3, 0, 3, 4]"
17;4;"aucs";"flat_ec";6;0.4162;0.4101;0.4077;0.4038;"{'55': 0.26785714285714285, '54': 0.5571428571428572, '45': 0.4368131868131868, '61': 0.2857142857142857, '10': 0.75, '56': 0.14285714285714285, '9': 0.2976190476190476, '41': 0.5}";"{'55': 0.26785714285714285, '54': 0.6785714285714286, '45': 0.6142857142857143, '61': 0.3857142857142857, '10': 0.6523809523809523, '56': 0.21428571428571427, '9': 0.2976190476190476, '41': 0.6071428571428572}";"{'55': 0.5714285714285714, '54': 0.6071428571428572, '45': 0.4514285714285714, '61': 0.2857142857142857, '10': 0.6785714285714286, '56': 0.14285714285714285, '9': 0.3142857142857143, '41': 0.5357142857142857}";"{'55': 0.30952380952380953, '54': 0.5571428571428572, '45': 0.4368131868131868, '61': 0.45238095238095233, '10': 0.75, '56': 0.26785714285714285, '9': 0.3571428571428571, '41': 0.5}";0.0;0.0;0.2544642857142857;0.0;1.0;0.9618825801687164;0.958151101963811;1.0;0.9650502218401308;0.9636579250469968;1.0;1.0;0.951986202130656;1.0;1.0;0.9518930134573276;0.0011;0.0271;0.006;"['55', '54', '45', '61', '10', '56', '9', '41']";"[('intraA', ('10', '9')), ('intraD', ('45', '56')), ('interA', ('11', '45')), ('intraD', ('45', '54')), ('interA', ('2', '61')), ('intraD', ('41', '9'))]";"[('intraD', ('54', '55')), ('intraD', ('45', '55')), ('intraD', ('55', '61')), ('intraD', ('55', '56')), ('intraD', ('55', '9')), ('intraD', ('41', '55'))]";"[('interA', ('17', '61')), ('interA', ('51', '56')), ('interA', ('20', '56')), ('interA', ('36', '9')), ('interA', ('25', '61')), ('interA', ('49', '55'))]";"[['25', '57', '52', '59', '49', '16', '51', '44', '31', '47', '50', '53', '29', '24', '48'], ['39', '32', '7', '37', '26', '30', '35', '12', '34', '13', '36', '33', '38'], ['11', '20', '2', '3', '15', '43', '40', '28', '19', '6', '46', '42', '27'], ['8', '22', '14', '18', '23', '17', '5', '4', '21', '60', '58', '1'], ['55', '54', '45', '61', '10', '56', '9', '41']]";"[['25', '55', '57', '52', '59', '49', '16', '51', '44', '31', '47', '50', '53', '29', '24', '48'], ['11', '20', '2', '3', '15', '43', '40', '28', '19', '6', '46', '42', '27'], ['39', '32', '7', '37', '26', '30', '35', '12', '34', '13', '36', '33', '38'], ['8', '22', '14', '18', '23', '17', '5', '4', '21', '60', '58', '1'], ['54', '45', '61', '10', '56', '9', '41']]";"[['25', '57', '52', '59', '49', '16', '51', '44', '31', '47', '50', '53', '29', '24', '48'], ['39', '32', '14', '37', '7', '26', '30', '35', '12', '34', '13', '36', '33', '38'], ['11', '20', '2', '3', '15', '43', '40', '28', '19', '6', '46', '42', '27'], ['8', '22', '18', '23', '17', '5', '4', '21', '60', '58', '1'], ['55', '54', '45', '61', '10', '56', '9', '41']]";"[3, 1, 1, 3, 3, 1, 2, 3, 4, 4, 1, 2, 2, 3, 1, 0, 3, 3, 1, 1, 3, 3, 3, 0, 0, 2, 1, 1, 0, 2, 0, 2, 2, 2, 2, 2, 2, 2, 2, 1, 4, 1, 1, 0, 4, 1, 0, 0, 0, 0, 0, 0, 0, 4, 4, 4, 0, 3, 0, 3, 4]";"[3, 2, 2, 3, 3, 2, 1, 3, 4, 4, 2, 1, 1, 3, 2, 0, 3, 3, 2, 2, 3, 3, 3, 0, 0, 1, 2, 2, 0, 1, 0, 1, 1, 1, 1, 1, 1, 1, 1, 2, 4, 2, 2, 0, 4, 2, 0, 0, 0, 0, 0, 0, 0, 4, 4, 4, 0, 3, 0, 3, 4]";"[3, 1, 1, 3, 3, 1, 2, 3, 4, 4, 1, 2, 2, 3, 1, 0, 3, 3, 1, 1, 3, 3, 3, 0, 0, 2, 1, 1, 0, 2, 0, 2, 2, 2, 2, 2, 2, 2, 2, 1, 4, 1, 1, 0, 4, 1, 0, 0, 0, 0, 0, 0, 0, 4, 0, 4, 0, 3, 0, 3, 4]";"[3, 2, 2, 3, 3, 2, 1, 3, 4, 4, 2, 1, 1, 1, 2, 0, 3, 3, 2, 2, 3, 3, 3, 0, 0, 1, 2, 2, 0, 1, 0, 1, 1, 1, 1, 1, 1, 1, 1, 2, 4, 2, 2, 0, 4, 2, 0, 0, 0, 0, 0, 0, 0, 4, 4, 4, 0, 3, 0, 3, 4]"
18;4;"aucs";"flat_ec";6;0.4162;0.4099;0.4077;0.4072;"{'55': 0.26785714285714285, '54': 0.5571428571428572, '45': 0.4368131868131868, '61': 0.2857142857142857, '10': 0.75, '56': 0.14285714285714285, '9': 0.2976190476190476, '41': 0.5}";"{'55': 0.30952380952380953, '54': 0.45238095238095233, '45': 0.5274725274725275, '61': 0.2857142857142857, '10': 0.75, '56': 0.14285714285714285, '9': 0.21428571428571427, '41': 0.4365079365079365}";"{'55': 0.5714285714285714, '54': 0.6071428571428572, '45': 0.4514285714285714, '61': 0.2857142857142857, '10': 0.6785714285714286, '56': 0.14285714285714285, '9': 0.3142857142857143, '41': 0.5357142857142857}";"{'55': 0.30952380952380953, '54': 0.5571428571428572, '45': 0.4368131868131868, '61': 0.45238095238095233, '10': 0.75, '56': 0.26785714285714285, '9': 0.3571428571428571, '41': 0.5}";0.0;0.0;0.2544642857142857;0.0;0.958151101963811;0.9618825801687164;1.0;0.9636579250469968;0.9650502218401308;1.0;0.951986202130656;1.0;1.0;0.9518930134573276;1.0;1.0;0.0012;0.0276;0.0046;"['55', '54', '45', '61', '10', '56', '9', '41']";"[('interA', ('41', '60')), ('interA', ('34', '55')), ('intraD', ('45', '61')), ('intraA', ('41', '61')), ('interA', ('16', '45')), ('intraA', ('54', '9'))]";"[('intraD', ('54', '55')), ('intraD', ('45', '55')), ('intraD', ('55', '61')), ('intraD', ('55', '56')), ('intraD', ('55', '9')), ('intraD', ('41', '55'))]";"[('interA', ('32', '61')), ('interA', ('20', '56')), ('interA', ('38', '56')), ('interA', ('48', '9')), ('interA', ('3', '61')), ('interA', ('46', '55'))]";"[['25', '57', '52', '59', '49', '16', '51', '44', '31', '47', '50', '53', '29', '24', '48'], ['39', '32', '14', '37', '7', '26', '30', '35', '12', '34', '13', '36', '33', '38'], ['11', '20', '2', '3', '15', '43', '40', '28', '19', '6', '46', '42', '27'], ['8', '22', '18', '23', '17', '5', '4', '21', '60', '58', '1'], ['55', '54', '45', '61', '10', '56', '9', '41']]";"[['25', '55', '57', '52', '59', '49', '16', '51', '44', '31', '47', '50', '53', '29', '24', '48'], ['11', '20', '2', '3', '15', '43', '40', '28', '19', '6', '46', '42', '27'], ['39', '32', '7', '37', '26', '30', '35', '12', '34', '13', '36', '33', '38'], ['8', '22', '14', '18', '23', '17', '5', '4', '21', '60', '58', '1'], ['54', '45', '61', '10', '56', '9', '41']]";"[['25', '57', '52', '59', '49', '16', '51', '44', '31', '47', '50', '53', '29', '24', '48'], ['11', '20', '2', '3', '15', '43', '40', '28', '19', '6', '46', '42', '27'], ['39', '32', '7', '37', '26', '30', '35', '12', '34', '13', '36', '33', '38'], ['8', '22', '14', '18', '23', '17', '5', '4', '21', '60', '58', '1'], ['55', '54', '45', '61', '10', '56', '9', '41']]";"[3, 1, 1, 3, 3, 1, 2, 3, 4, 4, 1, 2, 2, 3, 1, 0, 3, 3, 1, 1, 3, 3, 3, 0, 0, 2, 1, 1, 0, 2, 0, 2, 2, 2, 2, 2, 2, 2, 2, 1, 4, 1, 1, 0, 4, 1, 0, 0, 0, 0, 0, 0, 0, 4, 4, 4, 0, 3, 0, 3, 4]";"[3, 2, 2, 3, 3, 2, 1, 3, 4, 4, 2, 1, 1, 1, 2, 0, 3, 3, 2, 2, 3, 3, 3, 0, 0, 1, 2, 2, 0, 1, 0, 1, 1, 1, 1, 1, 1, 1, 1, 2, 4, 2, 2, 0, 4, 2, 0, 0, 0, 0, 0, 0, 0, 4, 4, 4, 0, 3, 0, 3, 4]";"[3, 1, 1, 3, 3, 1, 2, 3, 4, 4, 1, 2, 2, 3, 1, 0, 3, 3, 1, 1, 3, 3, 3, 0, 0, 2, 1, 1, 0, 2, 0, 2, 2, 2, 2, 2, 2, 2, 2, 1, 4, 1, 1, 0, 4, 1, 0, 0, 0, 0, 0, 0, 0, 4, 0, 4, 0, 3, 0, 3, 4]";"[3, 1, 1, 3, 3, 1, 2, 3, 4, 4, 1, 2, 2, 3, 1, 0, 3, 3, 1, 1, 3, 3, 3, 0, 0, 2, 1, 1, 0, 2, 0, 2, 2, 2, 2, 2, 2, 2, 2, 1, 4, 1, 1, 0, 4, 1, 0, 0, 0, 0, 0, 0, 0, 4, 4, 4, 0, 3, 0, 3, 4]"
19;4;"aucs";"flat_ec";6;0.4162;0.4095;0.4077;0.4072;"{'55': 0.26785714285714285, '54': 0.5571428571428572, '45': 0.4368131868131868, '61': 0.2857142857142857, '10': 0.75, '56': 0.14285714285714285, '9': 0.2976190476190476, '41': 0.5}";"{'55': 0.26785714285714285, '54': 0.6071428571428572, '45': 0.4314285714285714, '61': 0.3857142857142857, '10': 0.6607142857142857, '56': 0.21428571428571427, '9': 0.21428571428571427, '41': 0.5}";"{'55': 0.5714285714285714, '54': 0.6071428571428572, '45': 0.4514285714285714, '61': 0.2857142857142857, '10': 0.6785714285714286, '56': 0.14285714285714285, '9': 0.3142857142857143, '41': 0.5357142857142857}";"{'55': 0.30952380952380953, '54': 0.5571428571428572, '45': 0.4368131868131868, '61': 0.45238095238095233, '10': 0.75, '56': 0.26785714285714285, '9': 0.3571428571428571, '41': 0.5}";0.0;0.0;0.2544642857142857;0.0;0.958151101963811;0.9618825801687164;1.0;0.9636579250469968;0.9650502218401308;1.0;0.951986202130656;1.0;1.0;0.9518930134573276;1.0;1.0;0.0011;0.0277;0.0034;"['55', '54', '45', '61', '10', '56', '9', '41']";"[('interA', ('16', '61')), ('intraA', ('10', '9')), ('interA', ('10', '13')), ('interA', ('32', '56')), ('interD', ('37', '45')), ('interA', ('16', '54'))]";"[('intraD', ('54', '55')), ('intraD', ('45', '55')), ('intraD', ('55', '61')), ('intraD', ('55', '56')), ('intraD', ('55', '9')), ('intraD', ('41', '55'))]";"[('interA', ('14', '61')), ('interA', ('5', '56')), ('interA', ('49', '56')), ('interA', ('53', '9')), ('interA', ('33', '61')), ('interA', ('53', '55'))]";"[['25', '57', '52', '59', '49', '16', '51', '44', '31', '47', '50', '53', '29', '24', '48'], ['39', '32', '14', '37', '7', '26', '30', '35', '12', '34', '13', '36', '33', '38'], ['11', '20', '2', '3', '15', '43', '40', '28', '19', '6', '46', '42', '27'], ['8', '22', '18', '23', '17', '5', '4', '21', '60', '58', '1'], ['55', '54', '45', '61', '10', '56', '9', '41']]";"[['25', '55', '57', '52', '59', '49', '16', '51', '44', '31', '47', '50', '53', '29', '24', '48'], ['11', '20', '2', '3', '15', '43', '40', '28', '19', '6', '46', '42', '27'], ['39', '32', '7', '37', '26', '30', '35', '12', '34', '13', '36', '33', '38'], ['8', '22', '14', '18', '23', '17', '5', '4', '21', '60', '58', '1'], ['54', '45', '61', '10', '56', '9', '41']]";"[['25', '57', '52', '59', '49', '16', '51', '44', '31', '47', '50', '53', '29', '24', '48'], ['11', '20', '2', '3', '15', '43', '40', '28', '19', '6', '46', '42', '27'], ['39', '32', '7', '37', '26', '30', '35', '12', '34', '13', '36', '33', '38'], ['8', '22', '14', '18', '23', '17', '5', '4', '21', '60', '58', '1'], ['55', '54', '45', '61', '10', '56', '9', '41']]";"[3, 1, 1, 3, 3, 1, 2, 3, 4, 4, 1, 2, 2, 3, 1, 0, 3, 3, 1, 1, 3, 3, 3, 0, 0, 2, 1, 1, 0, 2, 0, 2, 2, 2, 2, 2, 2, 2, 2, 1, 4, 1, 1, 0, 4, 1, 0, 0, 0, 0, 0, 0, 0, 4, 4, 4, 0, 3, 0, 3, 4]";"[3, 2, 2, 3, 3, 2, 1, 3, 4, 4, 2, 1, 1, 1, 2, 0, 3, 3, 2, 2, 3, 3, 3, 0, 0, 1, 2, 2, 0, 1, 0, 1, 1, 1, 1, 1, 1, 1, 1, 2, 4, 2, 2, 0, 4, 2, 0, 0, 0, 0, 0, 0, 0, 4, 4, 4, 0, 3, 0, 3, 4]";"[3, 1, 1, 3, 3, 1, 2, 3, 4, 4, 1, 2, 2, 3, 1, 0, 3, 3, 1, 1, 3, 3, 3, 0, 0, 2, 1, 1, 0, 2, 0, 2, 2, 2, 2, 2, 2, 2, 2, 1, 4, 1, 1, 0, 4, 1, 0, 0, 0, 0, 0, 0, 0, 4, 0, 4, 0, 3, 0, 3, 4]";"[3, 1, 1, 3, 3, 1, 2, 3, 4, 4, 1, 2, 2, 3, 1, 0, 3, 3, 1, 1, 3, 3, 3, 0, 0, 2, 1, 1, 0, 2, 0, 2, 2, 2, 2, 2, 2, 2, 2, 1, 4, 1, 1, 0, 4, 1, 0, 0, 0, 0, 0, 0, 0, 4, 4, 4, 0, 3, 0, 3, 4]"
