"run_index";"target_community_index";"dataset_name";"comm_algo";"budget";"modularity_before";"modularity_random";"modularity_after_mod";"modularity_after_saf";"safeness_before";"safeness_random";"safeness_after_mod";"safeness_after_saf";"deception_before";"deception_random";"deception_after_mod";"deception_after_saf";"ari_gen_random";"ari_gen_mod";"ari_gen_saf";"nmi_gen_random";"nmi_gen_mod";"nmi_gen_saf";"ari_spec_random";"ari_spec_mod";"ari_spec_saf";"nmi_spec_random";"nmi_spec_mod";"nmi_spec_saf";"time_random";"time_mod";"time_saf";"target_community_nodes";"edits_random";"edits_mod";"edits_saf";"communities_random";"communities_mod";"communities_saf";"community_structure_original";"community_structure_random";"community_structure_mod";"community_structure_saf"
0;0;"aucs";"pmm_h";8;0.3075;0.2223;0.2713;0.1246;"{'25': 0.44166666666666665, '13': 0.7211538461538461, '57': 0.4318181818181818, '44': 0.4166666666666667, '16': 0.4166666666666667, '31': 0.6151960784313726, '41': 0.5892857142857143, '52': 0.5344202898550725, '3': 0.7638888888888888, '9': 0.5416666666666666, '59': 0.3611111111111111, '45': 0.6153846153846154, '55': 0.5208333333333333}";"{'25': 0.44166666666666665, '13': 0.8012820512820513, '57': 0.4318181818181818, '44': 0.3611111111111111, '16': 0.4166666666666667, '31': 0.6151960784313726, '41': 0.5208333333333333, '52': 0.5265151515151515, '3': 0.7573529411764706, '9': 0.6166666666666667, '59': 0.3611111111111111, '45': 0.61, '55': 0.5208333333333333}";"{'25': 0.5344202898550725, '13': 0.7211538461538461, '57': 0.4318181818181818, '44': 0.4166666666666667, '16': 0.4166666666666667, '31': 0.6151960784313726, '41': 0.5892857142857143, '52': 0.5344202898550725, '3': 0.7638888888888888, '9': 0.5416666666666666, '59': 0.3611111111111111, '45': 0.6153846153846154, '55': 0.5208333333333333}";"{'25': 0.44166666666666665, '13': 0.7211538461538461, '57': 0.45833333333333337, '44': 0.4916666666666667, '16': 0.4916666666666667, '31': 0.6151960784313726, '41': 0.5892857142857143, '52': 0.5344202898550725, '3': 0.7638888888888888, '9': 0.5892857142857143, '59': 0.4318181818181818, '45': 0.6153846153846154, '55': 0.5208333333333333}";0.0;0.4602564102564102;0.4387973137973137;0.6292647828362115;0.3391658660714888;0.6133619222160247;0.135331985309289;0.5634970521239504;0.7561092581567134;0.4063084012287312;0.4002021648485869;0.7648396634068683;0.2258788092415163;0.602917204033732;0.8279058684107629;0.5074226766595888;0.0461;0.0733;0.0117;"['25', '13', '57', '44', '16', '31', '41', '52', '3', '9', '59', '45', '55']";"[('interD', ('4', '52')), ('interD', ('14', '3')), ('interD', ('14', '45')), ('interA', ('13', '58')), ('interD', ('25', '5')), ('intraD', ('13', '9')), ('interA', ('25', '46')), ('intraA', ('41', '44'))]";"[('interA', ('25', '34')), ('interA', ('25', '32')), ('interA', ('25', '28')), ('interA', ('25', '26')), ('interA', ('25', '36')), ('interA', ('25', '37')), ('interA', ('25', '33')), ('interA', ('25', '7'))]";"[('interA', ('30', '59')), ('interA', ('18', '44')), ('interA', ('16', '46')), ('interA', ('59', '8')), ('interA', ('33', '44')), ('interA', ('16', '2')), ('interA', ('49', '9')), ('interA', ('11', '57'))]";"[['43', '2', '42', '15', '1', '11', '40'], ['50', '54', '52', '3', '48', '29', '24', '4', '53', '49', '51', '47'], ['8', '21', '5', '36', '7', '60', '18', '12', '32', '23', '17', '33', '35', '37', '22', '30', '38'], ['19', '20', '26', '6', '28', '27'], ['34', '14', '61', '57', '31', '16', '9', '10', '59', '45', '39', '55', '56'], ['13', '58'], ['25', '46'], ['44', '41']]";"[['61', '57', '44', '31', '16', '41', '52', '3', '4', '10', '59', '45', '55', '38', '56'], ['25', '34', '32', '26', '13', '28', '36', '33', '7', '35', '30', '39', '37', '12'], ['50', '48', '53', '29', '24', '49', '51', '47'], ['43', '46', '11', '58', '42', '15', '40'], ['8', '21', '5', '17', '18'], ['1', '9', '2', '60'], ['27', '19', '6', '20'], ['54', '22', '23', '14']]";"[['14', '4', '45', '12', '34', '31', '35', '52', '22', '42', '10', '37', '28', '36', '7', '3', '58', '56', '54', '61', '23', '41', '55', '40'], ['25', '19', '32', '26', '13', '1', '20', '15', '39', '6'], ['8', '21', '5', '17', '59', '30', '38'], ['50', '48', '53', '29', '24', '51', '47'], ['43', '27', '57', '11', '60'], ['2', '16', '46'], ['44', '18', '33'], ['9', '49']]";"[6, 6, 0, 2, 2, 7, 1, 2, 0, 4, 5, 1, 0, 2, 5, 0, 2, 2, 7, 7, 2, 2, 2, 3, 0, 1, 4, 1, 3, 1, 0, 1, 1, 1, 1, 1, 1, 1, 1, 5, 0, 5, 5, 0, 0, 5, 3, 3, 3, 3, 3, 0, 3, 4, 0, 4, 0, 4, 0, 6, 4]";"[0, 0, 1, 1, 2, 3, 2, 2, 4, 4, 0, 2, 5, 4, 0, 4, 2, 2, 3, 3, 2, 2, 2, 1, 6, 3, 3, 3, 1, 2, 4, 2, 2, 4, 2, 2, 2, 2, 4, 0, 7, 0, 0, 7, 4, 6, 1, 1, 1, 1, 1, 1, 1, 1, 4, 4, 4, 5, 4, 2, 4]";"[5, 5, 0, 0, 4, 6, 1, 4, 5, 0, 3, 1, 1, 7, 3, 0, 4, 4, 6, 6, 4, 7, 7, 2, 1, 1, 6, 1, 2, 1, 0, 1, 1, 1, 1, 1, 1, 0, 1, 3, 0, 3, 3, 0, 0, 3, 2, 2, 2, 2, 2, 0, 2, 7, 0, 0, 0, 3, 0, 5, 0]";"[1, 5, 0, 0, 2, 1, 0, 2, 7, 0, 4, 0, 1, 0, 1, 5, 2, 6, 1, 1, 2, 0, 0, 3, 1, 1, 4, 0, 3, 2, 0, 1, 6, 0, 0, 0, 0, 2, 1, 0, 0, 0, 4, 6, 0, 5, 3, 3, 7, 3, 3, 0, 3, 0, 0, 0, 4, 0, 2, 4, 0]"
1;0;"aucs";"pmm_h";8;0.3075;0.2234;0.2406;0.2037;"{'25': 0.44166666666666665, '13': 0.7211538461538461, '57': 0.4318181818181818, '44': 0.4166666666666667, '16': 0.4166666666666667, '31': 0.6151960784313726, '41': 0.5892857142857143, '52': 0.5344202898550725, '3': 0.7638888888888888, '9': 0.5416666666666666, '59': 0.3611111111111111, '45': 0.6153846153846154, '55': 0.5208333333333333}";"{'25': 0.4226190476190476, '13': 0.8166666666666667, '57': 0.4318181818181818, '44': 0.3611111111111111, '16': 0.4166666666666667, '31': 0.6151960784313726, '41': 0.6666666666666667, '52': 0.5178571428571429, '3': 0.7638888888888888, '9': 0.5416666666666666, '59': 0.3611111111111111, '45': 0.6153846153846154, '55': 0.45833333333333337}";"{'25': 0.5344202898550725, '13': 0.7211538461538461, '57': 0.4318181818181818, '44': 0.4166666666666667, '16': 0.4166666666666667, '31': 0.6151960784313726, '41': 0.5892857142857143, '52': 0.5344202898550725, '3': 0.7638888888888888, '9': 0.5416666666666666, '59': 0.3611111111111111, '45': 0.6153846153846154, '55': 0.5208333333333333}";"{'25': 0.44166666666666665, '13': 0.7211538461538461, '57': 0.45833333333333337, '44': 0.4916666666666667, '16': 0.4916666666666667, '31': 0.6151960784313726, '41': 0.5892857142857143, '52': 0.5344202898550725, '3': 0.7638888888888888, '9': 0.5892857142857143, '59': 0.4318181818181818, '45': 0.6153846153846154, '55': 0.5208333333333333}";0.0;0.6085656241906242;0.5900641025641025;0.469818376068376;0.3558022185541958;0.4114460409660654;0.3636122768585852;0.5762474354212312;0.6392559302497627;0.560376381394425;0.5217785211512997;0.5406772396056579;0.407577168230323;0.6800379618996604;0.710685597764719;0.6032817363466794;0.0023;0.0739;0.0113;"['25', '13', '57', '44', '16', '31', '41', '52', '3', '9', '59', '45', '55']";"[('interD', ('10', '52')), ('interD', ('52', '53')), ('interA', ('12', '13')), ('interD', ('25', '47')), ('interA', ('1', '13')), ('interA', ('13', '19')), ('intraD', ('13', '41')), ('intraA', ('44', '55'))]";"[('interA', ('25', '34')), ('interA', ('25', '32')), ('interA', ('25', '28')), ('interA', ('25', '26')), ('interA', ('25', '36')), ('interA', ('25', '37')), ('interA', ('25', '33')), ('interA', ('25', '7'))]";"[('interA', ('22', '59')), ('interA', ('44', '49')), ('interA', ('16', '29')), ('interA', ('4', '59')), ('interA', ('18', '44')), ('interA', ('16', '34')), ('interA', ('40', '9')), ('interA', ('22', '57'))]";"[['13', '1'], ['25', '19', '27', '3', '9', '2', '20', '6'], ['50', '52', '48', '53', '29', '24', '4', '58', '49', '51', '47'], ['8', '21', '5'], ['32', '26', '36', '33', '7', '35', '38', '30', '37', '12'], ['34', '14', '28', '54', '61', '10', '45', '39', '56'], ['57', '60', '18', '43', '46', '11', '17', '16', '23', '31', '22', '41', '42', '59', '15', '40'], ['55', '44']]";"[['14', '61', '31', '41', '35', '3', '9', '58', '4', '10', '45', '30', '60', '55', '56'], ['43', '46', '32', '13', '11', '2', '42', '15', '39', '40'], ['25', '34', '28', '54', '26', '36', '33', '7', '37', '12'], ['50', '48', '53', '29', '24', '49', '51', '47'], ['8', '21', '5', '23', '17', '22', '18'], ['57', '44', '16', '52', '59', '38'], ['27', '19', '6', '20'], ['1']]";"[['25', '26', '13', '61', '57', '23', '41', '52', '3', '9', '10', '45', '30', '60', '55', '56'], ['14', '32', '54', '28', '36', '37', '33', '7', '58', '39', '38', '12'], ['43', '46', '1', '11', '35', '2', '42', '15', '40'], ['50', '27', '31', '48', '53', '29', '24', '51', '47'], ['8', '21', '19', '5', '17', '20', '6'], ['22', '4', '59'], ['44', '18', '49'], ['16', '34']]";"[6, 6, 0, 2, 2, 7, 1, 2, 0, 4, 5, 1, 0, 2, 5, 0, 2, 2, 7, 7, 2, 2, 2, 3, 0, 1, 4, 1, 3, 1, 0, 1, 1, 1, 1, 1, 1, 1, 1, 5, 0, 5, 5, 0, 0, 5, 3, 3, 3, 3, 3, 0, 3, 4, 0, 4, 0, 4, 0, 6, 4]";"[0, 1, 1, 2, 3, 1, 4, 3, 1, 5, 6, 4, 0, 5, 6, 6, 6, 6, 1, 1, 3, 6, 6, 2, 1, 4, 1, 5, 2, 4, 6, 4, 4, 5, 4, 4, 4, 4, 5, 6, 6, 6, 6, 7, 5, 6, 2, 2, 2, 2, 2, 2, 2, 5, 7, 5, 6, 2, 6, 6, 5]";"[7, 1, 0, 0, 4, 6, 2, 4, 0, 0, 1, 2, 1, 0, 1, 5, 4, 4, 6, 6, 4, 4, 4, 3, 2, 2, 6, 2, 3, 0, 0, 1, 2, 2, 0, 2, 2, 5, 1, 1, 0, 1, 1, 5, 0, 1, 3, 3, 3, 3, 3, 5, 3, 2, 0, 0, 5, 0, 5, 0, 0]";"[2, 2, 0, 5, 4, 4, 1, 4, 0, 0, 2, 1, 0, 1, 2, 7, 4, 6, 4, 4, 4, 5, 0, 3, 0, 0, 3, 1, 3, 0, 3, 1, 1, 7, 2, 1, 1, 1, 1, 2, 0, 2, 2, 6, 0, 2, 3, 3, 6, 3, 3, 0, 3, 1, 0, 0, 0, 1, 5, 0, 0]"
2;0;"aucs";"pmm_h";8;0.3075;0.2977;0.2703;0.1431;"{'25': 0.44166666666666665, '13': 0.7211538461538461, '57': 0.4318181818181818, '44': 0.4166666666666667, '16': 0.4166666666666667, '31': 0.6151960784313726, '41': 0.5892857142857143, '52': 0.5344202898550725, '3': 0.7638888888888888, '9': 0.5416666666666666, '59': 0.3611111111111111, '45': 0.6153846153846154, '55': 0.5208333333333333}";"{'25': 0.44166666666666665, '13': 0.6931818181818181, '57': 0.4318181818181818, '44': 0.4166666666666667, '16': 0.4166666666666667, '31': 0.6862745098039216, '41': 0.5892857142857143, '52': 0.5265151515151515, '3': 0.8284313725490196, '9': 0.47619047619047616, '59': 0.3611111111111111, '45': 0.6666666666666667, '55': 0.5208333333333333}";"{'25': 0.5344202898550725, '13': 0.7211538461538461, '57': 0.4318181818181818, '44': 0.4166666666666667, '16': 0.4166666666666667, '31': 0.6151960784313726, '41': 0.5892857142857143, '52': 0.5344202898550725, '3': 0.7638888888888888, '9': 0.5416666666666666, '59': 0.3611111111111111, '45': 0.6153846153846154, '55': 0.5208333333333333}";"{'25': 0.44166666666666665, '13': 0.7211538461538461, '57': 0.45833333333333337, '44': 0.4916666666666667, '16': 0.4916666666666667, '31': 0.6151960784313726, '41': 0.5892857142857143, '52': 0.5344202898550725, '3': 0.7638888888888888, '9': 0.5892857142857143, '59': 0.4318181818181818, '45': 0.6153846153846154, '55': 0.5208333333333333}";0.0;0.5349358974358975;0.610404872904873;0.6813186813186813;0.5670831815364525;0.3888864152455585;0.1854029168889244;0.7177510681755706;0.6076787094265161;0.4188543907899651;0.7456521739130435;0.5541358699145189;0.3039555173816735;0.8162981136747575;0.7207127800472626;0.541277927616559;0.0016;0.0732;0.0105;"['25', '13', '57', '44', '16', '31', '41', '52', '3', '9', '59', '45', '55']";"[('interD', ('13', '36')), ('interD', ('13', '32')), ('interD', ('45', '58')), ('interD', ('51', '52')), ('intraD', ('3', '45')), ('interA', ('23', '31')), ('intraD', ('25', '31')), ('intraA', ('25', '9'))]";"[('interA', ('25', '34')), ('interA', ('25', '32')), ('interA', ('25', '28')), ('interA', ('25', '26')), ('interA', ('25', '36')), ('interA', ('25', '37')), ('interA', ('25', '33')), ('interA', ('25', '7'))]";"[('interA', ('51', '59')), ('interA', ('44', '60')), ('interA', ('16', '21')), ('interA', ('47', '59')), ('interA', ('1', '44')), ('interA', ('16', '19')), ('interA', ('11', '9')), ('interA', ('57', '7'))]";"[['34', '32', '26', '13', '1', '36', '33', '7', '35', '39', '38', '30', '60', '37', '12'], ['54', '57', '44', '16', '52', '2', '10', '59', '45', '55', '56'], ['43', '25', '46', '61', '11', '41', '3', '9', '42', '15', '40'], ['8', '21', '5', '14', '17', '22', '58', '4', '18'], ['27', '19', '6', '20'], ['23', '31'], ['50', '48', '53', '29', '24', '49', '51', '47'], ['28']]";"[['54', '1', '57', '44', '16', '41', '61', '35', '9', '10', '45', '55', '56', '40'], ['50', '31', '52', '48', '53', '29', '24', '4', '49', '51', '47'], ['43', '46', '14', '11', '3', '58', '2', '42', '15'], ['25', '34', '28', '36', '33', '7', '37', '12'], ['8', '21', '5', '23', '17', '22', '18'], ['32', '26', '13', '30', '59', '39', '38'], ['27', '19', '6', '20'], ['60']]";"[['8', '14', '4', '49', '45', '26', '31', '17', '52', '22', '10', '21', '5', '53', '58', '56', '18', '43', '50', '61', '23', '48', '29', '24', '55', '47'], ['34', '32', '28', '54', '36', '16', '37', '33', '51', '59', '39', '38', '12'], ['25', '46', '13', '41', '35', '2', '42', '15', '30', '40'], ['19', '27', '3', '20', '6'], ['57', '7'], ['9', '11'], ['60', '44'], ['1']]";"[6, 6, 0, 2, 2, 7, 1, 2, 0, 4, 5, 1, 0, 2, 5, 0, 2, 2, 7, 7, 2, 2, 2, 3, 0, 1, 4, 1, 3, 1, 0, 1, 1, 1, 1, 1, 1, 1, 1, 5, 0, 5, 5, 0, 0, 5, 3, 3, 3, 3, 3, 0, 3, 4, 0, 4, 0, 4, 0, 6, 4]";"[0, 1, 2, 3, 3, 4, 0, 3, 2, 1, 2, 0, 0, 3, 2, 1, 3, 3, 4, 4, 3, 3, 5, 6, 2, 0, 4, 7, 6, 0, 5, 0, 0, 0, 0, 0, 0, 0, 0, 2, 2, 2, 2, 1, 1, 2, 6, 6, 6, 6, 6, 1, 6, 1, 1, 1, 1, 3, 1, 0, 2]";"[0, 2, 2, 1, 4, 6, 3, 4, 0, 0, 2, 3, 5, 2, 2, 0, 4, 4, 6, 6, 4, 4, 4, 1, 3, 5, 6, 3, 1, 5, 1, 5, 3, 3, 0, 3, 3, 5, 5, 0, 0, 2, 2, 0, 0, 2, 1, 1, 1, 1, 1, 1, 1, 0, 0, 0, 0, 2, 5, 7, 0]";"[7, 2, 3, 0, 0, 3, 4, 0, 5, 0, 5, 1, 2, 0, 2, 1, 0, 0, 3, 3, 0, 0, 0, 0, 2, 0, 3, 1, 0, 2, 0, 1, 1, 1, 2, 1, 1, 1, 1, 2, 2, 2, 0, 6, 0, 2, 0, 0, 0, 0, 1, 0, 0, 1, 0, 0, 4, 0, 1, 6, 0]"
3;0;"aucs";"pmm_h";8;0.3075;0.2895;0.2356;0.1895;"{'25': 0.44166666666666665, '13': 0.7211538461538461, '57': 0.4318181818181818, '44': 0.4166666666666667, '16': 0.4166666666666667, '31': 0.6151960784313726, '41': 0.5892857142857143, '52': 0.5344202898550725, '3': 0.7638888888888888, '9': 0.5416666666666666, '59': 0.3611111111111111, '45': 0.6153846153846154, '55': 0.5208333333333333}";"{'25': 0.44166666666666665, '13': 0.6547619047619048, '57': 0.375, '44': 0.47619047619047616, '16': 0.47619047619047616, '31': 0.7416666666666667, '41': 0.625, '52': 0.5265151515151515, '3': 0.7638888888888888, '9': 0.5416666666666666, '59': 0.30833333333333335, '45': 0.6153846153846154, '55': 0.45833333333333337}";"{'25': 0.5344202898550725, '13': 0.7211538461538461, '57': 0.4318181818181818, '44': 0.4166666666666667, '16': 0.4166666666666667, '31': 0.6151960784313726, '41': 0.5892857142857143, '52': 0.5344202898550725, '3': 0.7638888888888888, '9': 0.5416666666666666, '59': 0.3611111111111111, '45': 0.6153846153846154, '55': 0.5208333333333333}";"{'25': 0.44166666666666665, '13': 0.7211538461538461, '57': 0.45833333333333337, '44': 0.4916666666666667, '16': 0.4916666666666667, '31': 0.6151960784313726, '41': 0.5892857142857143, '52': 0.5344202898550725, '3': 0.7638888888888888, '9': 0.5892857142857143, '59': 0.4318181818181818, '45': 0.6153846153846154, '55': 0.5208333333333333}";0.0;0.7069024725274725;0.4582106346812228;0.6591047841047841;0.4292931986338373;0.4935408909179071;0.2244187997209885;0.5835893742814241;0.6545241688113834;0.4790645423235025;0.6527671469932443;0.5656881504643674;0.3517526589601733;0.7382205288625766;0.6983425791269893;0.5834841909342455;0.0016;0.0717;0.0101;"['25', '13', '57', '44', '16', '31', '41', '52', '3', '9', '59', '45', '55']";"[('interD', ('24', '52')), ('interA', ('44', '49')), ('intraA', ('55', '59')), ('intraD', ('16', '31')), ('intraA', ('13', '57')), ('interA', ('28', '41')), ('interD', ('40', '44')), ('intraD', ('31', '44'))]";"[('interA', ('25', '34')), ('interA', ('25', '32')), ('interA', ('25', '28')), ('interA', ('25', '26')), ('interA', ('25', '36')), ('interA', ('25', '37')), ('interA', ('25', '33')), ('interA', ('25', '7'))]";"[('interA', ('12', '59')), ('interA', ('26', '44')), ('interA', ('16', '26')), ('interA', ('19', '59')), ('interA', ('15', '44')), ('interA', ('1', '16')), ('interA', ('48', '9')), ('interA', ('11', '57'))]";"[['50', '54', '1', '31', '52', '48', '53', '29', '24', '58', '51', '45', '47'], ['8', '21', '25', '5', '14', '61', '23', '17', '9', '22', '2', '10', '56', '18'], ['3', '19', '4', '20', '60', '27', '6'], ['34', '32', '26', '13', '36', '33', '7', '35', '39', '38', '30', '37', '12'], ['43', '46', '57', '11', '16', '42', '15', '40'], ['41', '28'], ['44', '49'], ['55', '59']]";"[['25', '34', '14', '28', '26', '32', '36', '23', '37', '33', '7', '3', '58', '30', '39', '38', '12'], ['13', '61', '57', '44', '16', '31', '41', '35', '9', '2', '10', '59', '45', '55'], ['50', '54', '52', '53', '29', '24', '4', '51', '56'], ['43', '46', '11', '42', '15', '60', '40'], ['8', '21', '5', '17', '22', '18'], ['27', '19', '6', '20'], ['48', '47', '49'], ['1']]";"[['34', '32', '14', '54', '61', '36', '41', '37', '33', '7', '10', '49', '59', '39', '38', '55', '56', '12'], ['43', '46', '26', '13', '44', '23', '31', '35', '2', '42', '15', '30', '60', '40'], ['25', '19', '28', '27', '52', '3', '58', '4', '20', '45', '6'], ['8', '21', '5', '17', '22', '18'], ['50', '53', '29', '24', '51', '47'], ['1', '16'], ['48', '9'], ['57', '11']]";"[6, 6, 0, 2, 2, 7, 1, 2, 0, 4, 5, 1, 0, 2, 5, 0, 2, 2, 7, 7, 2, 2, 2, 3, 0, 1, 4, 1, 3, 1, 0, 1, 1, 1, 1, 1, 1, 1, 1, 5, 0, 5, 5, 0, 0, 5, 3, 3, 3, 3, 3, 0, 3, 4, 0, 4, 0, 4, 0, 6, 4]";"[0, 1, 2, 2, 1, 2, 3, 1, 1, 1, 4, 3, 3, 1, 4, 4, 1, 1, 2, 2, 1, 1, 1, 0, 1, 3, 2, 5, 0, 3, 0, 3, 3, 3, 3, 3, 3, 3, 3, 4, 5, 4, 4, 6, 0, 4, 0, 0, 6, 0, 0, 0, 0, 0, 7, 1, 4, 0, 7, 2, 1]";"[7, 1, 0, 2, 4, 5, 0, 4, 1, 1, 3, 0, 1, 0, 3, 1, 4, 4, 5, 5, 4, 4, 0, 2, 0, 0, 5, 0, 2, 0, 1, 0, 0, 0, 1, 0, 0, 0, 0, 3, 1, 3, 3, 1, 1, 3, 6, 6, 6, 2, 2, 2, 2, 2, 1, 2, 1, 0, 1, 3, 1]";"[5, 1, 2, 2, 3, 2, 0, 3, 6, 0, 7, 0, 1, 0, 1, 5, 3, 3, 2, 2, 3, 3, 1, 4, 2, 1, 2, 2, 4, 1, 1, 0, 0, 0, 1, 0, 0, 0, 0, 1, 0, 1, 1, 1, 2, 1, 4, 6, 0, 4, 4, 2, 4, 0, 0, 0, 7, 2, 0, 1, 0]"
4;0;"aucs";"pmm_h";8;0.3075;0.1512;0.2279;0.1593;"{'25': 0.44166666666666665, '13': 0.7211538461538461, '57': 0.4318181818181818, '44': 0.4166666666666667, '16': 0.4166666666666667, '31': 0.6151960784313726, '41': 0.5892857142857143, '52': 0.5344202898550725, '3': 0.7638888888888888, '9': 0.5416666666666666, '59': 0.3611111111111111, '45': 0.6153846153846154, '55': 0.5208333333333333}";"{'25': 0.44166666666666665, '13': 0.6547619047619048, '57': 0.45833333333333337, '44': 0.3611111111111111, '16': 0.4166666666666667, '31': 0.625, '41': 0.5208333333333333, '52': 0.5344202898550725, '3': 0.7638888888888888, '9': 0.625, '59': 0.25757575757575757, '45': 0.5654761904761905, '55': 0.5208333333333333}";"{'25': 0.5344202898550725, '13': 0.7211538461538461, '57': 0.4318181818181818, '44': 0.4166666666666667, '16': 0.4166666666666667, '31': 0.6151960784313726, '41': 0.5892857142857143, '52': 0.5344202898550725, '3': 0.7638888888888888, '9': 0.5416666666666666, '59': 0.3611111111111111, '45': 0.6153846153846154, '55': 0.5208333333333333}";"{'25': 0.44166666666666665, '13': 0.7211538461538461, '57': 0.45833333333333337, '44': 0.4916666666666667, '16': 0.4916666666666667, '31': 0.6151960784313726, '41': 0.5892857142857143, '52': 0.5344202898550725, '3': 0.7638888888888888, '9': 0.5892857142857143, '59': 0.4318181818181818, '45': 0.6153846153846154, '55': 0.5208333333333333}";0.0;0.5960486272986273;0.5510306686777275;0.5959966422466423;0.2313470812028982;0.3663434903047091;0.155081737022853;0.4675360411645292;0.6309520749559911;0.4053996088352038;0.2820850616866354;0.4846166450295567;0.2407162216199404;0.4883085266817369;0.7001224982733849;0.5080489398621427;0.0016;0.0728;0.0106;"['25', '13', '57', '44', '16', '31', '41', '52', '3', '9', '59', '45', '55']";"[('interA', ('11', '9')), ('intraA', ('41', '44')), ('interA', ('35', '9')), ('interA', ('22', '31')), ('intraA', ('45', '59')), ('interA', ('45', '8')), ('interA', ('36', '57')), ('intraA', ('13', '59'))]";"[('interA', ('25', '34')), ('interA', ('25', '32')), ('interA', ('25', '28')), ('interA', ('25', '26')), ('interA', ('25', '36')), ('interA', ('25', '37')), ('interA', ('25', '33')), ('interA', ('25', '7'))]";"[('interA', ('58', '59')), ('interA', ('36', '44')), ('interA', ('16', '54')), ('interA', ('18', '59')), ('interA', ('19', '44')), ('interA', ('1', '16')), ('interA', ('33', '9')), ('interA', ('28', '57'))]";"[['1', '28'], ['25', '19', '46', '14', '61', '27', '3', '58', '2', '20', '6'], ['57', '36', '16', '31', '52', '4', '10', '60', '56'], ['8', '21', '22', '5', '18', '23', '17'], ['7', '53', '49', '51', '12', '43', '50', '34', '32', '26', '54', '33', '48', '39', '29', '24', '38', '42', '30', '15', '55', '37', '47', '40'], ['9', '11', '35'], ['13', '45', '59'], ['44', '41']]";"[['14', '13', '57', '31', '16', '35', '3', '48', '52', '58', '4', '30', '49', '59', '39', '38', '12'], ['43', '46', '1', '11', '23', '2', '42', '15', '40'], ['25', '34', '32', '28', '26', '36', '33', '7', '37'], ['61', '44', '41', '9', '10', '45', '55', '60', '56'], ['8', '21', '5', '17', '22', '18'], ['50', '53', '29', '24', '51', '47'], ['27', '19', '6', '20'], ['54']]";"[['14', '4', '45', '6', '46', '26', '11', '31', '35', '52', '42', '10', '15', '27', '3', '2', '20', '56', '43', '61', '23', '41', '55', '38', '40'], ['50', '34', '32', '13', '36', '7', '48', '53', '29', '24', '30', '49', '51', '39', '60', '37', '47', '12'], ['8', '21', '25', '5', '17', '22', '18'], ['54', '1', '16'], ['9', '33'], ['44', '19'], ['57', '28'], ['58', '59']]";"[6, 6, 0, 2, 2, 7, 1, 2, 0, 4, 5, 1, 0, 2, 5, 0, 2, 2, 7, 7, 2, 2, 2, 3, 0, 1, 4, 1, 3, 1, 0, 1, 1, 1, 1, 1, 1, 1, 1, 5, 0, 5, 5, 0, 0, 5, 3, 3, 3, 3, 3, 0, 3, 4, 0, 4, 0, 4, 0, 6, 4]";"[0, 1, 1, 2, 3, 1, 4, 3, 5, 2, 5, 4, 6, 1, 4, 2, 3, 3, 1, 1, 3, 3, 3, 4, 1, 4, 1, 0, 4, 4, 2, 4, 4, 4, 5, 2, 4, 4, 4, 4, 7, 4, 4, 7, 6, 1, 4, 4, 4, 4, 4, 2, 4, 4, 4, 2, 2, 1, 6, 2, 1]";"[1, 1, 0, 0, 4, 6, 2, 4, 3, 3, 1, 0, 0, 0, 1, 0, 4, 4, 6, 6, 4, 4, 1, 5, 2, 2, 6, 2, 5, 0, 0, 2, 2, 2, 0, 2, 2, 0, 0, 1, 3, 1, 1, 3, 3, 1, 5, 0, 0, 5, 5, 0, 5, 7, 3, 3, 0, 0, 0, 3, 3]";"[3, 0, 0, 0, 2, 0, 1, 2, 4, 0, 0, 1, 1, 0, 0, 3, 2, 2, 5, 0, 2, 2, 0, 1, 2, 0, 0, 6, 1, 1, 0, 1, 4, 1, 0, 1, 1, 0, 1, 0, 0, 0, 0, 5, 0, 0, 1, 1, 1, 1, 1, 0, 1, 3, 0, 0, 6, 7, 7, 1, 0]"
5;0;"aucs";"pmm_h";8;0.3075;0.2245;0.232;0.2002;"{'25': 0.44166666666666665, '13': 0.7211538461538461, '57': 0.4318181818181818, '44': 0.4166666666666667, '16': 0.4166666666666667, '31': 0.6151960784313726, '41': 0.5892857142857143, '52': 0.5344202898550725, '3': 0.7638888888888888, '9': 0.5416666666666666, '59': 0.3611111111111111, '45': 0.6153846153846154, '55': 0.5208333333333333}";"{'25': 0.44166666666666665, '13': 0.6547619047619048, '57': 0.45833333333333337, '44': 0.30833333333333335, '16': 0.3611111111111111, '31': 0.6041666666666667, '41': 0.5892857142857143, '52': 0.5265151515151515, '3': 0.6944444444444444, '9': 0.5416666666666666, '59': 0.4, '45': 0.6153846153846154, '55': 0.45833333333333337}";"{'25': 0.5344202898550725, '13': 0.7211538461538461, '57': 0.4318181818181818, '44': 0.4166666666666667, '16': 0.4166666666666667, '31': 0.6151960784313726, '41': 0.5892857142857143, '52': 0.5344202898550725, '3': 0.7638888888888888, '9': 0.5416666666666666, '59': 0.3611111111111111, '45': 0.6153846153846154, '55': 0.5208333333333333}";"{'25': 0.44166666666666665, '13': 0.7211538461538461, '57': 0.45833333333333337, '44': 0.4916666666666667, '16': 0.4916666666666667, '31': 0.6151960784313726, '41': 0.5892857142857143, '52': 0.5344202898550725, '3': 0.7638888888888888, '9': 0.5892857142857143, '59': 0.4318181818181818, '45': 0.6153846153846154, '55': 0.5208333333333333}";0.0;0.573005698005698;0.4447496947496948;0.674010989010989;0.3280267010048701;0.5802722365753428;0.1711645004397603;0.5832362882151545;0.713764334752996;0.4071407595424963;0.4576673567977916;0.6859840232389252;0.2799733570159858;0.6596485409577185;0.769069023238589;0.5117383091844446;0.0019;0.0722;0.0104;"['25', '13', '57', '44', '16', '31', '41', '52', '3', '9', '59', '45', '55']";"[('intraA', ('3', '44')), ('interA', ('5', '59')), ('intraA', ('13', '44')), ('interD', ('10', '52')), ('interA', ('39', '57')), ('interD', ('31', '48')), ('interD', ('18', '3')), ('intraA', ('16', '55'))]";"[('interA', ('25', '34')), ('interA', ('25', '32')), ('interA', ('25', '28')), ('interA', ('25', '26')), ('interA', ('25', '36')), ('interA', ('25', '37')), ('interA', ('25', '33')), ('interA', ('25', '7'))]";"[('interA', ('56', '59')), ('interA', ('38', '44')), ('interA', ('16', '6')), ('interA', ('10', '59')), ('interA', ('23', '44')), ('interA', ('16', '27')), ('interA', ('34', '9')), ('interA', ('49', '57'))]";"[['8', '21', '14', '9', '58', '2', '4', '45', '56', '18', '43', '46', '61', '1', '11', '17', '31', '23', '41', '22', '42', '10', '15', '40'], ['3', '44', '13'], ['25', '38', '5', '59'], ['27', '19', '6', '20'], ['34', '32', '26', '28', '54', '36', '33', '7', '35', '30', '60', '37', '12'], ['55', '16'], ['50', '52', '48', '53', '29', '24', '49', '51', '47'], ['39', '57']]";"[['25', '34', '32', '28', '26', '36', '33', '7', '3', '2', '30', '39', '37', '12'], ['13', '57', '44', '16', '31', '41', '35', '52', '9', '4', '45', '55', '15', '40'], ['8', '21', '5', '14', '23', '17', '22', '58', '38', '18'], ['50', '48', '53', '29', '24', '49', '51', '47'], ['43', '46', '27', '11', '42', '59'], ['54', '1', '61', '10', '56'], ['19', '6', '20'], ['60']]";"[['55', '12', '46', '26', '1', '11', '31', '35', '42', '15', '37', '13', '36', '7', '2', '20', '43', '19', '32', '54', '41', '33', '39', '30', '40'], ['25', '50', '14', '61', '52', '3', '48', '29', '24', '4', '53', '51', '58', '45', '60', '47'], ['8', '21', '5', '28', '17', '22', '18'], ['27', '16', '6'], ['56', '10', '59'], ['38', '44', '23'], ['9', '34'], ['57', '49']]";"[6, 6, 0, 2, 2, 7, 1, 2, 0, 4, 5, 1, 0, 2, 5, 0, 2, 2, 7, 7, 2, 2, 2, 3, 0, 1, 4, 1, 3, 1, 0, 1, 1, 1, 1, 1, 1, 1, 1, 5, 0, 5, 5, 0, 0, 5, 3, 3, 3, 3, 3, 0, 3, 4, 0, 4, 0, 4, 0, 6, 4]";"[0, 0, 1, 0, 2, 3, 4, 0, 0, 0, 0, 4, 1, 0, 0, 5, 0, 0, 3, 3, 0, 0, 0, 6, 2, 4, 3, 4, 6, 4, 0, 4, 4, 4, 4, 4, 4, 2, 7, 0, 0, 0, 0, 1, 0, 0, 6, 6, 6, 6, 6, 6, 6, 4, 5, 0, 7, 0, 2, 4, 0]";"[5, 0, 0, 1, 2, 6, 0, 2, 1, 5, 4, 0, 1, 2, 1, 1, 2, 2, 6, 6, 2, 2, 2, 3, 0, 0, 4, 0, 3, 0, 1, 0, 0, 0, 1, 0, 0, 2, 0, 1, 1, 4, 4, 1, 1, 4, 3, 3, 3, 3, 3, 1, 3, 5, 1, 5, 1, 2, 4, 7, 5]";"[0, 0, 1, 1, 2, 3, 0, 2, 6, 4, 0, 0, 0, 1, 0, 3, 2, 2, 0, 0, 2, 2, 5, 1, 1, 0, 3, 2, 1, 0, 0, 0, 0, 6, 0, 0, 0, 5, 0, 0, 0, 0, 0, 5, 1, 0, 1, 1, 7, 1, 1, 1, 1, 0, 0, 4, 7, 1, 4, 1, 1]"
6;0;"aucs";"pmm_h";8;0.3075;0.2448;0.2464;0.1698;"{'25': 0.44166666666666665, '13': 0.7211538461538461, '57': 0.4318181818181818, '44': 0.4166666666666667, '16': 0.4166666666666667, '31': 0.6151960784313726, '41': 0.5892857142857143, '52': 0.5344202898550725, '3': 0.7638888888888888, '9': 0.5416666666666666, '59': 0.3611111111111111, '45': 0.6153846153846154, '55': 0.5208333333333333}";"{'25': 0.5, '13': 0.7211538461538461, '57': 0.45833333333333337, '44': 0.3611111111111111, '16': 0.30833333333333335, '31': 0.6151960784313726, '41': 0.5892857142857143, '52': 0.6488095238095238, '3': 0.7638888888888888, '9': 0.5416666666666666, '59': 0.30833333333333335, '45': 0.6716666666666666, '55': 0.4}";"{'25': 0.5344202898550725, '13': 0.7211538461538461, '57': 0.4318181818181818, '44': 0.4166666666666667, '16': 0.4166666666666667, '31': 0.6151960784313726, '41': 0.5892857142857143, '52': 0.5344202898550725, '3': 0.7638888888888888, '9': 0.5416666666666666, '59': 0.3611111111111111, '45': 0.6153846153846154, '55': 0.5208333333333333}";"{'25': 0.44166666666666665, '13': 0.7211538461538461, '57': 0.45833333333333337, '44': 0.4916666666666667, '16': 0.4916666666666667, '31': 0.6151960784313726, '41': 0.5892857142857143, '52': 0.5344202898550725, '3': 0.7638888888888888, '9': 0.5892857142857143, '59': 0.4318181818181818, '45': 0.6153846153846154, '55': 0.5208333333333333}";0.0;0.6559389140271492;0.7246133496133496;0.6884157509157509;0.2876452973419415;0.3864644237753925;0.2131048553104672;0.5109018486239517;0.6033172279094219;0.4596718930189696;0.4032959129428687;0.5950146176334821;0.3365456396335256;0.5770011940639194;0.7454508628950491;0.5717548751842094;0.0016;0.0716;0.0106;"['25', '13', '57', '44', '16', '31', '41', '52', '3', '9', '59', '45', '55']";"[('intraA', ('16', '41')), ('interA', ('1', '57')), ('intraD', ('41', '55')), ('intraD', ('45', '52')), ('intraA', ('16', '55')), ('intraD', ('25', '52')), ('intraA', ('55', '59')), ('intraA', ('44', '55'))]";"[('interA', ('25', '34')), ('interA', ('25', '32')), ('interA', ('25', '28')), ('interA', ('25', '26')), ('interA', ('25', '36')), ('interA', ('25', '37')), ('interA', ('25', '33')), ('interA', ('25', '7'))]";"[('interA', ('51', '59')), ('interA', ('42', '44')), ('interA', ('16', '39')), ('interA', ('32', '59')), ('interA', ('36', '44')), ('interA', ('16', '36')), ('interA', ('38', '9')), ('interA', ('15', '57'))]";"[['1', '57'], ['13', '27', '2', '20', '49', '6', '43', '25', '19', '46', '32', '26', '54', '11', '31', '15', '40'], ['34', '14', '36', '33', '7', '3', '35', '39', '38', '4', '42', '58', '30', '37', '12'], ['8', '21', '5', '23', '17', '22', '60', '18'], ['9', '45', '10', '28', '61', '56'], ['16', '41'], ['50', '52', '48', '53', '29', '24', '51', '47'], ['55', '44', '59']]";"[['8', '21', '5', '54', '13', '23', '17', '41', '22', '45', '39', '55', '18'], ['25', '34', '32', '28', '36', '33', '7', '37', '12'], ['50', '52', '48', '53', '29', '24', '49', '51', '47'], ['61', '1', '44', '16', '9', '4', '10', '56'], ['19', '14', '27', '3', '58', '2', '20', '6'], ['26', '57', '31', '35', '59', '30', '38'], ['43', '46', '11', '42', '15', '40'], ['60']]";"[['43', '12', '34', '46', '28', '61', '11', '41', '33', '7', '58', '10', '45', '55', '60', '37', '56', '40'], ['25', '19', '32', '13', '54', '27', '3', '2', '20', '51', '59', '6'], ['26', '1', '57', '31', '35', '4', '15', '30'], ['8', '21', '5', '14', '23', '17', '22', '18'], ['50', '52', '48', '53', '29', '24', '49', '47'], ['39', '36', '16'], ['9', '38'], ['44', '42']]";"[6, 6, 0, 2, 2, 7, 1, 2, 0, 4, 5, 1, 0, 2, 5, 0, 2, 2, 7, 7, 2, 2, 2, 3, 0, 1, 4, 1, 3, 1, 0, 1, 1, 1, 1, 1, 1, 1, 1, 5, 0, 5, 5, 0, 0, 5, 3, 3, 3, 3, 3, 0, 3, 4, 0, 4, 0, 4, 0, 6, 4]";"[0, 1, 2, 2, 3, 1, 2, 3, 4, 4, 1, 2, 1, 2, 1, 5, 3, 3, 1, 1, 3, 3, 3, 6, 1, 1, 1, 4, 6, 2, 1, 1, 2, 2, 2, 2, 2, 2, 2, 1, 5, 2, 1, 7, 4, 1, 6, 6, 1, 6, 6, 6, 6, 1, 7, 4, 0, 2, 7, 3, 4]";"[3, 4, 4, 3, 0, 4, 1, 0, 3, 3, 6, 1, 0, 4, 6, 3, 0, 0, 4, 4, 0, 0, 0, 2, 1, 5, 4, 1, 2, 5, 5, 1, 1, 1, 5, 1, 1, 5, 0, 6, 0, 6, 6, 3, 0, 6, 2, 2, 2, 2, 2, 2, 2, 0, 0, 3, 5, 4, 5, 7, 3]";"[2, 1, 1, 2, 3, 1, 0, 3, 6, 0, 0, 0, 1, 3, 2, 5, 3, 3, 1, 1, 3, 3, 3, 4, 1, 2, 1, 0, 4, 2, 2, 1, 0, 0, 2, 5, 0, 6, 5, 0, 0, 7, 0, 7, 0, 0, 4, 4, 4, 4, 1, 4, 4, 1, 0, 0, 2, 0, 1, 0, 0]"
7;0;"aucs";"pmm_h";8;0.3075;0.1826;0.2318;0.1809;"{'25': 0.44166666666666665, '13': 0.7211538461538461, '57': 0.4318181818181818, '44': 0.4166666666666667, '16': 0.4166666666666667, '31': 0.6151960784313726, '41': 0.5892857142857143, '52': 0.5344202898550725, '3': 0.7638888888888888, '9': 0.5416666666666666, '59': 0.3611111111111111, '45': 0.6153846153846154, '55': 0.5208333333333333}";"{'25': 0.44166666666666665, '13': 0.7211538461538461, '57': 0.4916666666666667, '44': 0.47619047619047616, '16': 0.36309523809523814, '31': 0.6770833333333333, '41': 0.5892857142857143, '52': 0.5909090909090908, '3': 0.7573529411764706, '9': 0.5416666666666666, '59': 0.45833333333333337, '45': 0.5654761904761905, '55': 0.5208333333333333}";"{'25': 0.5344202898550725, '13': 0.7211538461538461, '57': 0.4318181818181818, '44': 0.4166666666666667, '16': 0.4166666666666667, '31': 0.6151960784313726, '41': 0.5892857142857143, '52': 0.5344202898550725, '3': 0.7638888888888888, '9': 0.5416666666666666, '59': 0.3611111111111111, '45': 0.6153846153846154, '55': 0.5208333333333333}";"{'25': 0.44166666666666665, '13': 0.7211538461538461, '57': 0.45833333333333337, '44': 0.4916666666666667, '16': 0.4916666666666667, '31': 0.6151960784313726, '41': 0.5892857142857143, '52': 0.5344202898550725, '3': 0.7638888888888888, '9': 0.5892857142857143, '59': 0.4318181818181818, '45': 0.6153846153846154, '55': 0.5208333333333333}";0.0;0.6240811965811965;0.5653235653235653;0.6554814233385662;0.2966522557441813;0.4523878975638214;0.2410062914484794;0.5875096899043801;0.6462449216208495;0.4908663963306607;0.4564248367587885;0.5956284153005464;0.3815854989247084;0.696027654930959;0.7447278798015516;0.6146253347296391;0.0016;0.0729;0.0107;"['25', '13', '57', '44', '16', '31', '41', '52', '3', '9', '59', '45', '55']";"[('interA', ('53', '59')), ('intraD', ('31', '59')), ('interD', ('16', '4')), ('interD', ('11', '3')), ('interA', ('23', '45')), ('intraD', ('52', '57')), ('intraD', ('44', '59')), ('intraA', ('45', '59'))]";"[('interA', ('25', '34')), ('interA', ('25', '32')), ('interA', ('25', '28')), ('interA', ('25', '26')), ('interA', ('25', '36')), ('interA', ('25', '37')), ('interA', ('25', '33')), ('interA', ('25', '7'))]";"[('interA', ('30', '59')), ('interA', ('44', '50')), ('interA', ('16', '51')), ('interA', ('35', '59')), ('interA', ('42', '44')), ('interA', ('16', '26')), ('interA', ('15', '9')), ('interA', ('56', '57'))]";"[['25', '34', '14', '26', '13', '1', '27', '32', '41', '54', '58', '4', '39', '37', '55'], ['28', '61', '57', '44', '16', '17', '23', '31', '9', '22', '2', '10', '60', '56', '18'], ['36', '33', '7', '3', '35', '30', '38', '12'], ['8', '21', '5'], ['19', '6', '20'], ['43', '46', '42', '15', '11', '40'], ['50', '52', '48', '53', '29', '24', '49', '51', '47'], ['45', '59']]";"[['13', '1', '54', '44', '16', '57', '52', '4', '10', '59', '45', '39', '55', '56'], ['19', '14', '26', '61', '27', '3', '58', '20', '6'], ['25', '34', '32', '28', '36', '33', '7', '37', '12'], ['50', '48', '53', '29', '24', '49', '51', '47'], ['8', '21', '5', '23', '17', '22', '18'], ['43', '46', '11', '41', '42', '15', '40'], ['31', '35', '9', '2', '30', '38'], ['60']]";"[['6', '12', '34', '46', '26', '11', '31', '28', '13', '27', '36', '7', '20', '43', '19', '32', '16', '41', '33', '39', '55'], ['14', '54', '52', '53', '48', '29', '24', '58', '10', '49', '45', '51', '37', '47'], ['8', '21', '5', '1', '23', '17', '22', '4', '18'], ['3', '60', '2', '25'], ['30', '38', '59', '35'], ['15', '9', '40'], ['44', '50', '42'], ['61', '57', '56']]";"[6, 6, 0, 2, 2, 7, 1, 2, 0, 4, 5, 1, 0, 2, 5, 0, 2, 2, 7, 7, 2, 2, 2, 3, 0, 1, 4, 1, 3, 1, 0, 1, 1, 1, 1, 1, 1, 1, 1, 5, 0, 5, 5, 0, 0, 5, 3, 3, 3, 3, 3, 0, 3, 4, 0, 4, 0, 4, 0, 6, 4]";"[0, 1, 2, 0, 3, 4, 2, 3, 1, 1, 5, 2, 0, 0, 5, 1, 1, 1, 4, 4, 3, 1, 1, 6, 0, 0, 0, 1, 6, 2, 1, 0, 2, 0, 2, 2, 0, 2, 0, 5, 0, 5, 5, 1, 7, 5, 6, 6, 6, 6, 6, 6, 6, 0, 0, 1, 1, 0, 7, 1, 1]";"[0, 6, 1, 0, 4, 1, 2, 4, 6, 0, 5, 2, 0, 1, 5, 0, 4, 4, 1, 1, 4, 4, 4, 3, 2, 1, 1, 2, 3, 6, 6, 2, 2, 2, 6, 2, 2, 6, 0, 5, 5, 5, 5, 0, 0, 5, 3, 3, 3, 3, 3, 0, 3, 0, 0, 0, 0, 1, 0, 7, 1]";"[2, 3, 3, 2, 2, 0, 0, 2, 5, 1, 0, 0, 0, 1, 5, 0, 2, 2, 0, 0, 2, 2, 2, 1, 3, 0, 0, 0, 1, 4, 0, 0, 0, 0, 4, 0, 1, 4, 0, 5, 0, 6, 0, 6, 1, 0, 1, 1, 1, 6, 1, 1, 1, 1, 0, 7, 7, 1, 4, 3, 7]"
8;0;"aucs";"pmm_h";8;0.3075;0.2006;0.2135;0.2131;"{'25': 0.44166666666666665, '13': 0.7211538461538461, '57': 0.4318181818181818, '44': 0.4166666666666667, '16': 0.4166666666666667, '31': 0.6151960784313726, '41': 0.5892857142857143, '52': 0.5344202898550725, '3': 0.7638888888888888, '9': 0.5416666666666666, '59': 0.3611111111111111, '45': 0.6153846153846154, '55': 0.5208333333333333}";"{'25': 0.44166666666666665, '13': 0.6547619047619048, '57': 0.4318181818181818, '44': 0.3611111111111111, '16': 0.47619047619047616, '31': 0.6770833333333333, '41': 0.5208333333333333, '52': 0.6553030303030303, '3': 0.8916666666666666, '9': 0.5416666666666666, '59': 0.4166666666666667, '45': 0.6153846153846154, '55': 0.5208333333333333}";"{'25': 0.5344202898550725, '13': 0.7211538461538461, '57': 0.4318181818181818, '44': 0.4166666666666667, '16': 0.4166666666666667, '31': 0.6151960784313726, '41': 0.5892857142857143, '52': 0.5344202898550725, '3': 0.7638888888888888, '9': 0.5416666666666666, '59': 0.3611111111111111, '45': 0.6153846153846154, '55': 0.5208333333333333}";"{'25': 0.44166666666666665, '13': 0.7211538461538461, '57': 0.45833333333333337, '44': 0.4916666666666667, '16': 0.4916666666666667, '31': 0.6151960784313726, '41': 0.5892857142857143, '52': 0.5344202898550725, '3': 0.7638888888888888, '9': 0.5892857142857143, '59': 0.4318181818181818, '45': 0.6153846153846154, '55': 0.5208333333333333}";0.0;0.467982997394762;0.5108063811188811;0.4405128205128205;0.3484122539564018;0.4598146058589119;0.3061249866459774;0.6086524368990728;0.6618168152589466;0.5725083729954488;0.4666682329171023;0.5856246264196056;0.4680213350697603;0.6612722503644315;0.7438152056948353;0.6671245293130871;0.0019;0.072;0.0098;"['25', '13', '57', '44', '16', '31', '41', '52', '3', '9', '59', '45', '55']";"[('intraD', ('3', '59')), ('intraA', ('25', '41')), ('intraD', ('31', '52')), ('intraD', ('3', '52')), ('intraA', ('13', '44')), ('interA', ('52', '54')), ('intraD', ('16', '25')), ('interD', ('2', '3'))]";"[('interA', ('25', '34')), ('interA', ('25', '32')), ('interA', ('25', '28')), ('interA', ('25', '26')), ('interA', ('25', '36')), ('interA', ('25', '37')), ('interA', ('25', '33')), ('interA', ('25', '7'))]";"[('interA', ('28', '59')), ('interA', ('44', '61')), ('interA', ('16', '58')), ('interA', ('34', '59')), ('interA', ('1', '44')), ('interA', ('16', '19')), ('interA', ('50', '9')), ('interA', ('19', '57'))]";"[['1'], ['25', '61', '11', '31', '41', '9', '2', '42', '15', '55', '40'], ['14', '57', '3', '58', '4', '45', '60', '56', '43', '46', '54', '16', '23', '52', '22', '10', '59'], ['8', '21', '5', '18', '17'], ['19', '20', '28', '27', '6'], ['32', '36', '33', '7', '35', '38', '30', '37', '12'], ['13', '44'], ['50', '34', '26', '48', '53', '29', '24', '49', '51', '39', '47']]";"[['13', '1', '44', '16', '23', '31', '35', '41', '9', '52', '2', '4', '45', '39', '38', '55'], ['43', '46', '11', '48', '3', '58', '42', '49', '15', '60', '40'], ['25', '34', '32', '28', '26', '36', '33', '7', '30', '37', '12'], ['8', '21', '5', '14', '17', '22', '18'], ['50', '53', '29', '24', '51', '47'], ['61', '57', '10', '59', '56'], ['27', '19', '6', '20'], ['54']]";"[['14', '57', '4', '45', '6', '12', '25', '34', '26', '31', '35', '52', '30', '10', '37', '13', '27', '36', '7', '3', '20', '60', '56', '32', '54', '41', '33', '39', '55', '38'], ['43', '19', '46', '11', '2', '42', '15', '40'], ['8', '21', '5', '23', '17', '22', '18'], ['48', '53', '29', '24', '49', '51', '47'], ['61', '1', '44'], ['9', '50'], ['58', '16'], ['59', '28']]";"[6, 6, 0, 2, 2, 7, 1, 2, 0, 4, 5, 1, 0, 2, 5, 0, 2, 2, 7, 7, 2, 2, 2, 3, 0, 1, 4, 1, 3, 1, 0, 1, 1, 1, 1, 1, 1, 1, 1, 5, 0, 5, 5, 0, 0, 5, 3, 3, 3, 3, 3, 0, 3, 4, 0, 4, 0, 4, 0, 6, 4]";"[0, 1, 2, 2, 3, 4, 5, 3, 1, 2, 1, 5, 6, 2, 1, 2, 3, 3, 4, 4, 3, 2, 2, 7, 1, 7, 4, 4, 7, 5, 1, 5, 5, 7, 5, 5, 5, 5, 7, 1, 1, 1, 2, 6, 2, 2, 7, 7, 7, 7, 7, 2, 7, 2, 1, 2, 2, 2, 2, 2, 1]";"[0, 0, 1, 0, 3, 6, 2, 3, 0, 5, 1, 2, 0, 3, 1, 0, 3, 3, 6, 6, 3, 3, 0, 4, 2, 2, 6, 2, 4, 2, 0, 2, 2, 2, 0, 2, 2, 0, 0, 1, 0, 1, 1, 0, 0, 1, 4, 1, 1, 4, 4, 0, 4, 7, 0, 5, 5, 1, 5, 1, 5]";"[4, 1, 0, 0, 2, 0, 0, 2, 5, 0, 1, 0, 0, 0, 1, 6, 2, 2, 1, 0, 2, 2, 2, 3, 0, 0, 0, 7, 3, 0, 0, 0, 0, 0, 0, 0, 0, 0, 0, 1, 0, 1, 1, 4, 0, 1, 3, 3, 3, 5, 3, 0, 3, 0, 0, 0, 0, 6, 7, 0, 4]"
9;0;"aucs";"pmm_h";8;0.3075;0.2084;0.1612;0.1526;"{'25': 0.44166666666666665, '13': 0.7211538461538461, '57': 0.4318181818181818, '44': 0.4166666666666667, '16': 0.4166666666666667, '31': 0.6151960784313726, '41': 0.5892857142857143, '52': 0.5344202898550725, '3': 0.7638888888888888, '9': 0.5416666666666666, '59': 0.3611111111111111, '45': 0.6153846153846154, '55': 0.5208333333333333}";"{'25': 0.38541666666666663, '13': 0.75, '57': 0.375, '44': 0.45833333333333337, '16': 0.45833333333333337, '31': 0.6151960784313726, '41': 0.5208333333333333, '52': 0.5344202898550725, '3': 0.7638888888888888, '9': 0.6166666666666667, '59': 0.3611111111111111, '45': 0.6153846153846154, '55': 0.5208333333333333}";"{'25': 0.5344202898550725, '13': 0.7211538461538461, '57': 0.4318181818181818, '44': 0.4166666666666667, '16': 0.4166666666666667, '31': 0.6151960784313726, '41': 0.5892857142857143, '52': 0.5344202898550725, '3': 0.7638888888888888, '9': 0.5416666666666666, '59': 0.3611111111111111, '45': 0.6153846153846154, '55': 0.5208333333333333}";"{'25': 0.44166666666666665, '13': 0.7211538461538461, '57': 0.45833333333333337, '44': 0.4916666666666667, '16': 0.4916666666666667, '31': 0.6151960784313726, '41': 0.5892857142857143, '52': 0.5344202898550725, '3': 0.7638888888888888, '9': 0.5892857142857143, '59': 0.4318181818181818, '45': 0.6153846153846154, '55': 0.5208333333333333}";0.0;0.5432928475033738;0.5998463707345286;0.547502035002035;0.3454595920504216;0.2207497267656145;0.2073780602402611;0.6114710659742364;0.5193043557702012;0.462186448881185;0.4877441636204615;0.2799587537747661;0.2866910408359382;0.6923360012302813;0.5694643933387197;0.5318852068946582;0.0017;0.0728;0.0102;"['25', '13', '57', '44', '16', '31', '41', '52', '3', '9', '59', '45', '55']";"[('interA', ('13', '33')), ('interA', ('38', '44')), ('intraA', ('25', '41')), ('interA', ('16', '26')), ('intraD', ('41', '9')), ('interA', ('13', '34')), ('intraA', ('41', '57')), ('interA', ('13', '14'))]";"[('interA', ('25', '34')), ('interA', ('25', '32')), ('interA', ('25', '28')), ('interA', ('25', '26')), ('interA', ('25', '36')), ('interA', ('25', '37')), ('interA', ('25', '33')), ('interA', ('25', '7'))]";"[('interA', ('51', '59')), ('interA', ('44', '47')), ('interA', ('15', '16')), ('interA', ('58', '59')), ('interA', ('44', '58')), ('interA', ('16', '7')), ('interA', ('40', '9')), ('interA', ('34', '57'))]";"[['14', '26', '1', '27', '36', '16', '7', '35', '39', '4', '30', '37', '12'], ['43', '2', '46', '42', '15', '11', '40'], ['8', '21', '5', '28', '3', '9', '58', '45', '56', '18', '54', '61', '31', '17', '23', '52', '22', '10', '55'], ['19', '6', '20'], ['34', '32', '13', '60', '33'], ['50', '48', '53', '29', '24', '49', '51', '47'], ['25', '41', '57'], ['44', '38', '59']]";"[['14', '9', '49', '45', '55', '12', '26', '1', '35', '15', '13', '3', '58', '2', '32', '23', '41', '30', '40'], ['34', '61', '44', '22', '10', '39', '37', '56'], ['50', '48', '53', '29', '24', '51', '60', '47'], ['57', '16', '31', '52', '4', '59', '38'], ['43', '46', '54', '27', '11', '42'], ['8', '21', '5', '17', '18'], ['25', '28', '36', '33', '7'], ['19', '6', '20']]";"[['4', '49', '45', '55', '6', '25', '26', '1', '31', '35', '52', '15', '3', '2', '20', '19', '41', '48', '30', '47'], ['8', '21', '5', '14', '34', '61', '57', '23', '17', '22', '10', '38', '18', '56'], ['32', '28', '13', '36', '33', '39', '60', '37', '12'], ['50', '54', '53', '29', '24', '51'], ['43', '46', '27', '11', '42'], ['58', '44', '59'], ['16', '7'], ['9', '40']]";"[6, 6, 0, 2, 2, 7, 1, 2, 0, 4, 5, 1, 0, 2, 5, 0, 2, 2, 7, 7, 2, 2, 2, 3, 0, 1, 4, 1, 3, 1, 0, 1, 1, 1, 1, 1, 1, 1, 1, 5, 0, 5, 5, 0, 0, 5, 3, 3, 3, 3, 3, 0, 3, 4, 0, 4, 0, 4, 0, 6, 4]";"[0, 1, 2, 0, 2, 3, 0, 2, 2, 2, 1, 0, 4, 0, 1, 0, 2, 2, 3, 3, 2, 2, 2, 5, 6, 0, 0, 2, 5, 0, 2, 4, 4, 4, 0, 0, 0, 7, 0, 1, 6, 1, 1, 7, 2, 1, 5, 5, 5, 5, 5, 2, 5, 2, 2, 2, 6, 2, 7, 4, 2]";"[0, 0, 0, 3, 5, 7, 6, 5, 0, 1, 4, 0, 0, 0, 0, 3, 5, 5, 7, 7, 5, 1, 0, 2, 6, 0, 4, 6, 2, 0, 3, 0, 6, 1, 0, 6, 1, 3, 1, 0, 0, 4, 4, 1, 0, 4, 2, 2, 0, 2, 2, 3, 2, 4, 0, 1, 3, 0, 3, 2, 1]";"[0, 0, 0, 0, 1, 0, 6, 1, 7, 1, 4, 2, 2, 1, 0, 6, 1, 1, 0, 0, 1, 1, 1, 3, 0, 0, 4, 2, 3, 0, 0, 2, 2, 1, 0, 2, 2, 1, 2, 7, 0, 4, 4, 5, 0, 4, 0, 0, 0, 3, 3, 0, 3, 3, 0, 1, 1, 5, 5, 2, 1]"
10;0;"aucs";"pmm_h";8;0.3075;0.2488;0.2212;0.1494;"{'25': 0.44166666666666665, '13': 0.7211538461538461, '57': 0.4318181818181818, '44': 0.4166666666666667, '16': 0.4166666666666667, '31': 0.6151960784313726, '41': 0.5892857142857143, '52': 0.5344202898550725, '3': 0.7638888888888888, '9': 0.5416666666666666, '59': 0.3611111111111111, '45': 0.6153846153846154, '55': 0.5208333333333333}";"{'25': 0.4226190476190476, '13': 0.7083333333333333, '57': 0.375, '44': 0.4166666666666667, '16': 0.45833333333333337, '31': 0.6151960784313726, '41': 0.47619047619047616, '52': 0.5344202898550725, '3': 0.6944444444444444, '9': 0.6166666666666667, '59': 0.30833333333333335, '45': 0.6153846153846154, '55': 0.5892857142857143}";"{'25': 0.5344202898550725, '13': 0.7211538461538461, '57': 0.4318181818181818, '44': 0.4166666666666667, '16': 0.4166666666666667, '31': 0.6151960784313726, '41': 0.5892857142857143, '52': 0.5344202898550725, '3': 0.7638888888888888, '9': 0.5416666666666666, '59': 0.3611111111111111, '45': 0.6153846153846154, '55': 0.5208333333333333}";"{'25': 0.44166666666666665, '13': 0.7211538461538461, '57': 0.45833333333333337, '44': 0.4916666666666667, '16': 0.4916666666666667, '31': 0.6151960784313726, '41': 0.5892857142857143, '52': 0.5344202898550725, '3': 0.7638888888888888, '9': 0.5892857142857143, '59': 0.4318181818181818, '45': 0.6153846153846154, '55': 0.5208333333333333}";0.0;0.6361488185017596;0.6074252136752136;0.6499542124542125;0.4080773324120469;0.3782470512780775;0.1678799743749412;0.5992235679606851;0.6291474234260699;0.4288522309335762;0.566347842209159;0.529320129075331;0.2418194933222584;0.6892096453194181;0.7187726001211436;0.5160465170522908;0.0016;0.0728;0.0115;"['25', '13', '57', '44', '16', '31', '41', '52', '3', '9', '59', '45', '55']";"[('intraD', ('55', '9')), ('interD', ('40', '41')), ('intraA', ('3', '57')), ('interD', ('2', '3')), ('interD', ('13', '38')), ('intraA', ('41', '59')), ('interD', ('20', '25')), ('interA', ('16', '2'))]";"[('interA', ('25', '34')), ('interA', ('25', '32')), ('interA', ('25', '28')), ('interA', ('25', '26')), ('interA', ('25', '36')), ('interA', ('25', '37')), ('interA', ('25', '33')), ('interA', ('25', '7'))]";"[('interA', ('11', '59')), ('interA', ('30', '44')), ('interA', ('16', '36')), ('interA', ('18', '59')), ('interA', ('28', '44')), ('interA', ('16', '7')), ('interA', ('34', '9')), ('interA', ('39', '57'))]";"[['14', '44', '9', '4', '45', '56', '43', '34', '46', '61', '1', '11', '23', '22', '42', '10', '40'], ['2', '16'], ['3', '58', '25', '60', '57', '31'], ['8', '21', '5', '15', '18', '17'], ['27', '19', '6', '20'], ['32', '26', '28', '13', '36', '33', '7', '35', '39', '38', '30', '37', '12'], ['50', '54', '52', '48', '53', '29', '24', '49', '51', '47'], ['55', '41', '59']]";"[['34', '14', '54', '36', '23', '31', '33', '7', '3', '9', '35', '41', '58', '37', '30', '38', '55', '12'], ['61', '57', '44', '16', '52', '22', '10', '59', '45', '56'], ['50', '48', '53', '29', '24', '49', '51', '47'], ['43', '46', '11', '2', '42', '15', '40'], ['25', '19', '28', '27', '20', '6'], ['8', '21', '5', '17', '18'], ['13', '39', '32', '26'], ['1', '60', '4']]";"[['43', '46', '14', '61', '27', '23', '41', '52', '3', '58', '4', '42', '10', '45', '55', '56'], ['50', '54', '31', '37', '33', '35', '48', '53', '29', '24', '49', '51', '60', '38', '47', '12'], ['25', '32', '26', '13', '1', '57', '15', '39', '40'], ['8', '21', '19', '5', '17', '22', '2', '20', '6'], ['36', '16', '7'], ['11', '18', '59'], ['30', '44', '28'], ['9', '34']]";"[6, 6, 0, 2, 2, 7, 1, 2, 0, 4, 5, 1, 0, 2, 5, 0, 2, 2, 7, 7, 2, 2, 2, 3, 0, 1, 4, 1, 3, 1, 0, 1, 1, 1, 1, 1, 1, 1, 1, 5, 0, 5, 5, 0, 0, 5, 3, 3, 3, 3, 3, 0, 3, 4, 0, 4, 0, 4, 0, 6, 4]";"[0, 1, 2, 0, 3, 4, 5, 3, 0, 0, 0, 5, 5, 0, 3, 1, 3, 3, 4, 4, 3, 0, 0, 6, 2, 5, 4, 5, 6, 5, 2, 5, 5, 0, 5, 5, 5, 5, 5, 0, 7, 0, 0, 0, 0, 0, 6, 6, 6, 6, 6, 6, 6, 6, 7, 0, 2, 2, 7, 2, 0]";"[7, 3, 0, 7, 5, 4, 0, 5, 0, 1, 3, 0, 6, 0, 3, 1, 5, 5, 4, 4, 5, 1, 0, 2, 4, 6, 4, 4, 2, 0, 0, 6, 0, 0, 0, 0, 0, 0, 6, 3, 0, 3, 3, 1, 1, 3, 2, 2, 2, 2, 2, 1, 2, 0, 0, 1, 1, 0, 1, 7, 1]";"[2, 3, 0, 0, 3, 3, 4, 3, 7, 0, 5, 1, 2, 0, 2, 4, 3, 5, 3, 3, 3, 3, 0, 1, 2, 2, 0, 6, 1, 6, 1, 2, 1, 7, 1, 4, 1, 1, 2, 2, 0, 0, 0, 6, 0, 0, 1, 1, 1, 1, 1, 0, 1, 1, 0, 0, 2, 0, 5, 1, 0]"
11;0;"aucs";"pmm_h";8;0.3075;0.2865;0.2069;0.1859;"{'25': 0.44166666666666665, '13': 0.7211538461538461, '57': 0.4318181818181818, '44': 0.4166666666666667, '16': 0.4166666666666667, '31': 0.6151960784313726, '41': 0.5892857142857143, '52': 0.5344202898550725, '3': 0.7638888888888888, '9': 0.5416666666666666, '59': 0.3611111111111111, '45': 0.6153846153846154, '55': 0.5208333333333333}";"{'25': 0.5166666666666666, '13': 0.7211538461538461, '57': 0.4318181818181818, '44': 0.5416666666666666, '16': 0.4166666666666667, '31': 0.6151960784313726, '41': 0.5208333333333333, '52': 0.5344202898550725, '3': 0.75, '9': 0.5416666666666666, '59': 0.3611111111111111, '45': 0.61, '55': 0.5555555555555556}";"{'25': 0.5344202898550725, '13': 0.7211538461538461, '57': 0.4318181818181818, '44': 0.4166666666666667, '16': 0.4166666666666667, '31': 0.6151960784313726, '41': 0.5892857142857143, '52': 0.5344202898550725, '3': 0.7638888888888888, '9': 0.5416666666666666, '59': 0.3611111111111111, '45': 0.6153846153846154, '55': 0.5208333333333333}";"{'25': 0.44166666666666665, '13': 0.7211538461538461, '57': 0.45833333333333337, '44': 0.4916666666666667, '16': 0.4916666666666667, '31': 0.6151960784313726, '41': 0.5892857142857143, '52': 0.5344202898550725, '3': 0.7638888888888888, '9': 0.5892857142857143, '59': 0.4318181818181818, '45': 0.6153846153846154, '55': 0.5208333333333333}";0.0;0.5516656954156953;0.5391192630898514;0.7414547870430224;0.4437857239517215;0.4233569239907569;0.1865536880122239;0.643888759835926;0.6510651332399098;0.4352988697534516;0.6788585209003215;0.5544446746788231;0.308695652173913;0.7745831750828593;0.7487362004573165;0.5494521839233203;0.002;0.0882;0.0102;"['25', '13', '57', '44', '16', '31', '41', '52', '3', '9', '59', '45', '55']";"[('interD', ('15', '3')), ('interD', ('18', '3')), ('intraA', ('41', '59')), ('intraD', ('44', '59')), ('interD', ('29', '45')), ('interA', ('46', '55')), ('interA', ('25', '60')), ('intraD', ('25', '44'))]";"[('interA', ('25', '34')), ('interA', ('25', '32')), ('interA', ('25', '28')), ('interA', ('25', '26')), ('interA', ('25', '36')), ('interA', ('25', '37')), ('interA', ('25', '33')), ('interA', ('25', '7'))]";"[('interA', ('59', '60')), ('interA', ('28', '44')), ('interA', ('16', '38')), ('interA', ('59', '7')), ('interA', ('1', '44')), ('interA', ('16', '54')), ('interA', ('35', '9')), ('interA', ('50', '57'))]";"[['1', '2'], ['14', '13', '57', '36', '44', '7', '3', '9', '58', '45', '12', '34', '32', '26', '31', '33', '35', '39', '38', '30', '37'], ['50', '52', '48', '53', '29', '24', '4', '49', '51', '47'], ['8', '21', '5', '16', '17', '23', '22', '18'], ['19', '20', '28', '27', '6'], ['43', '46', '54', '61', '11', '42', '10', '15', '55', '56', '40'], ['60', '25'], ['41', '59']]";"[['14', '54', '57', '44', '16', '31', '41', '35', '3', '52', '58', '30', '59', '45', '39', '38', '12'], ['43', '46', '1', '11', '9', '2', '4', '42', '15', '40'], ['8', '21', '5', '23', '17', '22', '55', '18'], ['50', '48', '53', '29', '24', '49', '51', '47'], ['25', '34', '28', '36', '33', '7', '37'], ['27', '19', '6', '20'], ['13', '60', '32', '26'], ['61', '56', '10']]";"[['43', '46', '14', '23', '11', '41', '35', '9', '22', '2', '42', '10', '15', '55', '37', '56', '40'], ['34', '32', '13', '54', '36', '16', '33', '4', '45', '39', '38', '12'], ['25', '19', '26', '27', '31', '3', '58', '20', '30', '6'], ['61', '52', '53', '48', '29', '24', '49', '51', '47'], ['8', '21', '5', '17', '18'], ['1', '44', '28'], ['60', '59', '7'], ['57', '50']]";"[6, 6, 0, 2, 2, 7, 1, 2, 0, 4, 5, 1, 0, 2, 5, 0, 2, 2, 7, 7, 2, 2, 2, 3, 0, 1, 4, 1, 3, 1, 0, 1, 1, 1, 1, 1, 1, 1, 1, 5, 0, 5, 5, 0, 0, 5, 3, 3, 3, 3, 3, 0, 3, 4, 0, 4, 0, 4, 0, 6, 4]";"[0, 0, 1, 2, 3, 4, 1, 3, 1, 5, 5, 1, 1, 1, 5, 3, 3, 3, 4, 4, 3, 3, 3, 2, 6, 1, 4, 4, 2, 1, 1, 1, 1, 1, 1, 1, 1, 1, 1, 5, 7, 5, 5, 1, 1, 5, 2, 2, 2, 2, 2, 2, 2, 5, 5, 5, 1, 1, 7, 6, 5]";"[1, 1, 0, 1, 2, 5, 4, 2, 1, 7, 1, 0, 6, 0, 1, 0, 2, 2, 5, 5, 2, 2, 2, 3, 4, 6, 5, 4, 3, 0, 0, 6, 4, 4, 0, 4, 4, 0, 0, 1, 0, 1, 1, 0, 0, 1, 3, 3, 3, 3, 3, 0, 3, 0, 2, 7, 0, 0, 0, 6, 7]";"[5, 0, 2, 1, 4, 2, 6, 4, 0, 0, 0, 1, 1, 0, 0, 1, 4, 4, 2, 2, 4, 0, 0, 3, 2, 2, 2, 5, 3, 2, 2, 1, 1, 1, 0, 1, 0, 1, 1, 0, 0, 0, 0, 5, 1, 0, 3, 3, 3, 7, 3, 3, 3, 1, 0, 0, 7, 2, 6, 6, 3]"
12;0;"aucs";"pmm_h";8;0.3075;0.1832;0.2639;0.1569;"{'25': 0.44166666666666665, '13': 0.7211538461538461, '57': 0.4318181818181818, '44': 0.4166666666666667, '16': 0.4166666666666667, '31': 0.6151960784313726, '41': 0.5892857142857143, '52': 0.5344202898550725, '3': 0.7638888888888888, '9': 0.5416666666666666, '59': 0.3611111111111111, '45': 0.6153846153846154, '55': 0.5208333333333333}";"{'25': 0.44166666666666665, '13': 0.6666666666666666, '57': 0.4318181818181818, '44': 0.4166666666666667, '16': 0.45833333333333337, '31': 0.6770833333333333, '41': 0.5892857142857143, '52': 0.5909090909090908, '3': 0.7638888888888888, '9': 0.5416666666666666, '59': 0.4166666666666667, '45': 0.61, '55': 0.5208333333333333}";"{'25': 0.5344202898550725, '13': 0.7211538461538461, '57': 0.4318181818181818, '44': 0.4166666666666667, '16': 0.4166666666666667, '31': 0.6151960784313726, '41': 0.5892857142857143, '52': 0.5344202898550725, '3': 0.7638888888888888, '9': 0.5416666666666666, '59': 0.3611111111111111, '45': 0.6153846153846154, '55': 0.5208333333333333}";"{'25': 0.44166666666666665, '13': 0.7211538461538461, '57': 0.45833333333333337, '44': 0.4916666666666667, '16': 0.4916666666666667, '31': 0.6151960784313726, '41': 0.5892857142857143, '52': 0.5344202898550725, '3': 0.7638888888888888, '9': 0.5892857142857143, '59': 0.4318181818181818, '45': 0.6153846153846154, '55': 0.5208333333333333}";0.0;0.4841377576671694;0.5370192307692307;0.6961956172482489;0.3158654722350731;0.5109049436097189;0.1799578444226843;0.5631126467442698;0.6975970217003994;0.4305733354525828;0.3843739305901372;0.6438751578567563;0.3046127067014795;0.6136344388224473;0.7782933398247958;0.5528242680058922;0.0016;0.073;0.012;"['25', '13', '57', '44', '16', '31', '41', '52', '3', '9', '59', '45', '55']";"[('intraD', ('44', '59')), ('interA', ('13', '29')), ('interD', ('40', '45')), ('interA', ('3', '53')), ('interA', ('16', '19')), ('intraA', ('13', '44')), ('intraD', ('31', '52')), ('interD', ('3', '6'))]";"[('interA', ('25', '34')), ('interA', ('25', '32')), ('interA', ('25', '28')), ('interA', ('25', '26')), ('interA', ('25', '36')), ('interA', ('25', '37')), ('interA', ('25', '33')), ('interA', ('25', '7'))]";"[('interA', ('24', '59')), ('interA', ('33', '44')), ('interA', ('16', '61')), ('interA', ('17', '59')), ('interA', ('34', '44')), ('interA', ('12', '16')), ('interA', ('23', '9')), ('interA', ('39', '57'))]";"[['34', '14', '28', '32', '1', '36', '22', '58', '4', '49', '39', '37', '12'], ['43', '46', '27', '11', '23', '3', '2', '42', '15'], ['8', '21', '5', '18', '17'], ['19', '16', '6', '20'], ['57', '7', '45', '55', '60', '25', '26', '54', '31', '41', '33', '35', '52', '59', '30', '38', '40'], ['61', '9', '56', '10'], ['13', '44'], ['48', '53', '29', '24', '50', '51', '47']]";"[['25', '34', '32', '28', '26', '36', '33', '7', '37', '12'], ['57', '44', '16', '31', '35', '52', '59', '45', '30', '38'], ['50', '54', '48', '53', '29', '24', '49', '51', '47'], ['14', '13', '1', '3', '58', '2', '4', '39'], ['8', '21', '5', '23', '17', '22', '60', '18'], ['61', '41', '9', '10', '55', '56'], ['43', '46', '11', '42', '15', '40'], ['27', '19', '6', '20']]";"[['4', '49', '51', '45', '1', '52', '10', '28', '7', '53', '58', '56', '50', '54', '41', '48', '29', '55', '47'], ['43', '25', '46', '32', '26', '13', '36', '11', '37', '35', '3', '42', '30', '15', '39', '60', '38', '40'], ['8', '21', '5', '14', '57', '31', '22', '2', '18'], ['27', '19', '6', '20'], ['61', '16', '12'], ['24', '17', '59'], ['44', '34', '33'], ['9', '23']]";"[6, 6, 0, 2, 2, 7, 1, 2, 0, 4, 5, 1, 0, 2, 5, 0, 2, 2, 7, 7, 2, 2, 2, 3, 0, 1, 4, 1, 3, 1, 0, 1, 1, 1, 1, 1, 1, 1, 1, 5, 0, 5, 5, 0, 0, 5, 3, 3, 3, 3, 3, 0, 3, 4, 0, 4, 0, 4, 0, 6, 4]";"[0, 1, 1, 0, 2, 3, 4, 2, 5, 5, 1, 0, 6, 0, 1, 3, 2, 2, 3, 3, 2, 0, 1, 7, 4, 4, 1, 0, 7, 4, 4, 0, 4, 0, 4, 0, 0, 4, 0, 4, 4, 1, 1, 6, 4, 1, 7, 7, 0, 7, 7, 4, 7, 4, 4, 5, 4, 0, 4, 4, 5]";"[3, 3, 3, 3, 4, 7, 0, 4, 5, 5, 6, 0, 3, 3, 6, 1, 4, 4, 7, 7, 4, 4, 4, 2, 0, 0, 7, 0, 2, 1, 1, 0, 0, 0, 1, 0, 0, 1, 3, 6, 5, 6, 6, 1, 1, 6, 2, 2, 2, 2, 2, 1, 2, 2, 5, 5, 1, 3, 1, 4, 5]";"[0, 2, 1, 0, 2, 3, 0, 2, 7, 0, 1, 4, 1, 2, 1, 4, 5, 2, 3, 3, 2, 2, 7, 5, 1, 1, 3, 0, 0, 1, 2, 1, 6, 6, 1, 1, 1, 1, 1, 1, 0, 1, 1, 6, 0, 1, 0, 0, 0, 0, 0, 0, 0, 0, 0, 0, 2, 0, 5, 1, 4]"
13;0;"aucs";"pmm_h";8;0.3075;0.2587;0.1785;0.201;"{'25': 0.44166666666666665, '13': 0.7211538461538461, '57': 0.4318181818181818, '44': 0.4166666666666667, '16': 0.4166666666666667, '31': 0.6151960784313726, '41': 0.5892857142857143, '52': 0.5344202898550725, '3': 0.7638888888888888, '9': 0.5416666666666666, '59': 0.3611111111111111, '45': 0.6153846153846154, '55': 0.5208333333333333}";"{'25': 0.5, '13': 0.8012820512820513, '57': 0.4, '44': 0.47619047619047616, '16': 0.4166666666666667, '31': 0.6151960784313726, '41': 0.7583333333333333, '52': 0.5265151515151515, '3': 0.7638888888888888, '9': 0.5416666666666666, '59': 0.3611111111111111, '45': 0.6153846153846154, '55': 0.5892857142857143}";"{'25': 0.5344202898550725, '13': 0.7211538461538461, '57': 0.4318181818181818, '44': 0.4166666666666667, '16': 0.4166666666666667, '31': 0.6151960784313726, '41': 0.5892857142857143, '52': 0.5344202898550725, '3': 0.7638888888888888, '9': 0.5416666666666666, '59': 0.3611111111111111, '45': 0.6153846153846154, '55': 0.5208333333333333}";"{'25': 0.44166666666666665, '13': 0.7211538461538461, '57': 0.45833333333333337, '44': 0.4916666666666667, '16': 0.4916666666666667, '31': 0.6151960784313726, '41': 0.5892857142857143, '52': 0.5344202898550725, '3': 0.7638888888888888, '9': 0.5892857142857143, '59': 0.4318181818181818, '45': 0.6153846153846154, '55': 0.5208333333333333}";0.0;0.4828525641025641;0.6161477411477412;0.6471085566480304;0.4321943657686763;0.2379034628725968;0.2466790659579732;0.6008769132109895;0.5302656364594119;0.4768099346035165;0.5239869151697885;0.3392271351310273;0.3867866203338521;0.6462609958695494;0.606563512949384;0.5944737980974761;0.0016;0.0739;0.0111;"['25', '13', '57', '44', '16', '31', '41', '52', '3', '9', '59', '45', '55']";"[('intraD', ('25', '44')), ('intraD', ('13', '41')), ('interD', ('48', '57')), ('intraD', ('41', '55')), ('interA', ('11', '13')), ('interD', ('10', '52')), ('interA', ('25', '50')), ('interD', ('14', '25'))]";"[('interA', ('25', '34')), ('interA', ('25', '32')), ('interA', ('25', '28')), ('interA', ('25', '26')), ('interA', ('25', '36')), ('interA', ('25', '37')), ('interA', ('25', '33')), ('interA', ('25', '7'))]";"[('interA', ('24', '59')), ('interA', ('39', '44')), ('interA', ('16', '22')), ('interA', ('59', '61')), ('interA', ('44', '49')), ('interA', ('16', '6')), ('interA', ('23', '9')), ('interA', ('57', '8'))]";"[['28', '54', '1', '61', '52', '3', '4', '45', '55', '60'], ['57', '44', '31', '16', '41', '9', '2', '10', '59', '38', '56', '40'], ['8', '21', '43', '5', '46', '23', '17', '22', '42', '15', '18'], ['27', '19', '6', '20'], ['34', '14', '26', '32', '36', '33', '7', '35', '39', '58', '30', '37', '12'], ['13', '11'], ['48', '53', '29', '24', '49', '51', '47'], ['25', '50']]";"[['19', '32', '26', '13', '57', '31', '3', '58', '2', '20', '49', '59', '60', '6'], ['34', '14', '54', '1', '44', '16', '23', '52', '22', '4', '10', '39', '37'], ['61', '41', '35', '9', '45', '30', '38', '55', '56'], ['43', '46', '27', '11', '42', '15', '40'], ['50', '48', '53', '29', '24', '51', '47'], ['8', '21', '5', '17', '18'], ['36', '7', '33', '12'], ['25', '28']]";"[['57', '12', '46', '26', '11', '31', '35', '42', '37', '13', '36', '7', '60', '43', '32', '33', '30', '38', '40'], ['34', '14', '28', '54', '1', '27', '41', '52', '3', '58', '2', '4', '10', '45', '55', '56'], ['8', '21', '25', '19', '5', '17', '20', '15', '18'], ['50', '48', '53', '29', '24', '51', '47'], ['22', '16', '6'], ['39', '44', '49'], ['9', '23'], ['61', '59']]";"[6, 6, 0, 2, 2, 7, 1, 2, 0, 4, 5, 1, 0, 2, 5, 0, 2, 2, 7, 7, 2, 2, 2, 3, 0, 1, 4, 1, 3, 1, 0, 1, 1, 1, 1, 1, 1, 1, 1, 5, 0, 5, 5, 0, 0, 5, 3, 3, 3, 3, 3, 0, 3, 4, 0, 4, 0, 4, 0, 6, 4]";"[0, 1, 0, 0, 2, 3, 4, 2, 1, 1, 5, 4, 5, 4, 2, 1, 2, 2, 3, 3, 2, 2, 2, 6, 7, 4, 3, 0, 6, 4, 1, 4, 4, 4, 4, 4, 4, 1, 4, 1, 1, 2, 2, 1, 0, 2, 6, 6, 6, 7, 6, 0, 6, 0, 0, 1, 1, 4, 1, 0, 0]";"[1, 0, 0, 1, 5, 0, 6, 5, 2, 1, 3, 6, 0, 1, 3, 1, 5, 5, 0, 0, 5, 1, 1, 4, 7, 0, 3, 7, 4, 2, 0, 0, 6, 1, 2, 6, 1, 2, 1, 3, 2, 3, 3, 1, 2, 3, 4, 4, 0, 4, 4, 1, 4, 1, 2, 2, 0, 0, 0, 0, 2]";"[1, 1, 1, 1, 2, 4, 0, 2, 6, 1, 0, 0, 0, 1, 2, 4, 2, 2, 2, 2, 2, 4, 6, 3, 2, 0, 1, 1, 3, 0, 0, 0, 0, 1, 0, 0, 0, 0, 5, 0, 1, 0, 0, 5, 1, 0, 3, 3, 5, 3, 3, 1, 3, 1, 1, 1, 0, 1, 7, 0, 7]"
14;0;"aucs";"pmm_h";8;0.3075;0.2193;0.2086;0.1427;"{'25': 0.44166666666666665, '13': 0.7211538461538461, '57': 0.4318181818181818, '44': 0.4166666666666667, '16': 0.4166666666666667, '31': 0.6151960784313726, '41': 0.5892857142857143, '52': 0.5344202898550725, '3': 0.7638888888888888, '9': 0.5416666666666666, '59': 0.3611111111111111, '45': 0.6153846153846154, '55': 0.5208333333333333}";"{'25': 0.5, '13': 0.7211538461538461, '57': 0.5555555555555556, '44': 0.47619047619047616, '16': 0.47619047619047616, '31': 0.6151960784313726, '41': 0.45833333333333337, '52': 0.5344202898550725, '3': 0.7017543859649122, '9': 0.5416666666666666, '59': 0.3611111111111111, '45': 0.6041666666666667, '55': 0.5555555555555556}";"{'25': 0.5344202898550725, '13': 0.7211538461538461, '57': 0.4318181818181818, '44': 0.4166666666666667, '16': 0.4166666666666667, '31': 0.6151960784313726, '41': 0.5892857142857143, '52': 0.5344202898550725, '3': 0.7638888888888888, '9': 0.5416666666666666, '59': 0.3611111111111111, '45': 0.6153846153846154, '55': 0.5208333333333333}";"{'25': 0.44166666666666665, '13': 0.7211538461538461, '57': 0.45833333333333337, '44': 0.4916666666666667, '16': 0.4916666666666667, '31': 0.6151960784313726, '41': 0.5892857142857143, '52': 0.5344202898550725, '3': 0.7638888888888888, '9': 0.5892857142857143, '59': 0.4318181818181818, '45': 0.6153846153846154, '55': 0.5208333333333333}";0.0;0.5142895299145299;0.5295806623931624;0.5356718898385565;0.4026498500754776;0.4075385999742905;0.18492110624159;0.6172133599840377;0.6518285897352458;0.4330432196113793;0.5273605850855426;0.522624002443774;0.2780745429256788;0.6665368759831455;0.7397497945204059;0.5140768372885112;0.0015;0.0766;0.0097;"['25', '13', '57', '44', '16', '31', '41', '52', '3', '9', '59', '45', '55']";"[('intraD', ('25', '57')), ('intraA', ('3', '41')), ('intraD', ('16', '57')), ('intraD', ('25', '44')), ('interD', ('45', '58')), ('interA', ('17', '55')), ('intraA', ('25', '41')), ('interD', ('45', '61'))]";"[('interA', ('25', '34')), ('interA', ('25', '32')), ('interA', ('25', '28')), ('interA', ('25', '26')), ('interA', ('25', '36')), ('interA', ('25', '37')), ('interA', ('25', '33')), ('interA', ('25', '7'))]";"[('interA', ('59', '7')), ('interA', ('39', '44')), ('interA', ('16', '21')), ('interA', ('46', '59')), ('interA', ('44', '54')), ('interA', ('16', '58')), ('interA', ('10', '9')), ('interA', ('38', '57'))]";"[['19', '20', '1', '27', '6'], ['8', '21', '5', '13', '57', '9', '2', '18', '43', '46', '26', '11', '23', '31', '22', '42', '15', '40'], ['3', '25', '41'], ['14', '44', '16', '52', '58', '4', '59', '45'], ['34', '32', '54', '36', '33', '7', '35', '39', '38', '30', '60', '37', '12'], ['61', '56', '10', '28'], ['55', '17'], ['50', '48', '53', '29', '24', '49', '51', '47']]";"[['13', '57', '44', '16', '31', '35', '52', '9', '58', '4', '30', '59', '45', '39', '38', '12'], ['43', '46', '54', '1', '11', '41', '2', '42', '49', '15', '55', '60', '40'], ['25', '34', '32', '28', '26', '36', '33', '7', '37'], ['50', '48', '53', '29', '24', '51', '47'], ['14', '23', '17', '3', '22', '18'], ['27', '19', '6', '20'], ['8', '21', '5'], ['61', '56', '10']]";"[['14', '57', '4', '49', '45', '12', '34', '26', '1', '31', '35', '52', '30', '37', '13', '36', '3', '2', '56', '32', '61', '23', '41', '33', '48', '55', '38'], ['8', '25', '50', '5', '17', '53', '22', '29', '24', '51', '18', '47'], ['19', '28', '27', '20', '60', '6'], ['43', '11', '42', '15', '40'], ['46', '59', '7'], ['16', '58', '21'], ['54', '39', '44'], ['9', '10']]";"[6, 6, 0, 2, 2, 7, 1, 2, 0, 4, 5, 1, 0, 2, 5, 0, 2, 2, 7, 7, 2, 2, 2, 3, 0, 1, 4, 1, 3, 1, 0, 1, 1, 1, 1, 1, 1, 1, 1, 5, 0, 5, 5, 0, 0, 5, 3, 3, 3, 3, 3, 0, 3, 4, 0, 4, 0, 4, 0, 6, 4]";"[0, 1, 2, 3, 1, 0, 4, 1, 1, 5, 1, 4, 1, 3, 1, 3, 6, 1, 0, 0, 1, 1, 1, 7, 2, 1, 0, 5, 7, 4, 1, 4, 4, 4, 4, 4, 4, 4, 4, 1, 2, 1, 1, 3, 3, 1, 7, 7, 7, 7, 7, 3, 7, 4, 6, 5, 1, 3, 3, 4, 5]";"[1, 1, 4, 0, 6, 5, 2, 6, 0, 7, 1, 0, 0, 4, 1, 0, 4, 4, 5, 5, 6, 4, 4, 3, 2, 2, 5, 2, 3, 0, 0, 2, 2, 2, 0, 2, 2, 0, 0, 1, 1, 1, 1, 0, 0, 1, 3, 3, 1, 3, 3, 0, 3, 1, 1, 7, 0, 0, 0, 1, 7]";"[0, 0, 0, 0, 1, 2, 4, 1, 7, 7, 3, 0, 0, 0, 3, 5, 1, 1, 2, 2, 5, 1, 0, 1, 1, 0, 2, 2, 1, 0, 0, 0, 0, 0, 0, 0, 0, 0, 6, 3, 0, 3, 3, 6, 0, 4, 1, 0, 0, 1, 1, 0, 1, 6, 0, 0, 0, 5, 4, 2, 0]"
15;0;"aucs";"pmm_h";8;0.3075;0.2082;0.1981;0.1667;"{'25': 0.44166666666666665, '13': 0.7211538461538461, '57': 0.4318181818181818, '44': 0.4166666666666667, '16': 0.4166666666666667, '31': 0.6151960784313726, '41': 0.5892857142857143, '52': 0.5344202898550725, '3': 0.7638888888888888, '9': 0.5416666666666666, '59': 0.3611111111111111, '45': 0.6153846153846154, '55': 0.5208333333333333}";"{'25': 0.44166666666666665, '13': 0.7211538461538461, '57': 0.4318181818181818, '44': 0.5208333333333333, '16': 0.4166666666666667, '31': 0.625, '41': 0.5892857142857143, '52': 0.5978260869565217, '3': 0.7638888888888888, '9': 0.5892857142857143, '59': 0.3611111111111111, '45': 0.6203703703703703, '55': 0.5208333333333333}";"{'25': 0.5344202898550725, '13': 0.7211538461538461, '57': 0.4318181818181818, '44': 0.4166666666666667, '16': 0.4166666666666667, '31': 0.6151960784313726, '41': 0.5892857142857143, '52': 0.5344202898550725, '3': 0.7638888888888888, '9': 0.5416666666666666, '59': 0.3611111111111111, '45': 0.6153846153846154, '55': 0.5208333333333333}";"{'25': 0.44166666666666665, '13': 0.7211538461538461, '57': 0.45833333333333337, '44': 0.4916666666666667, '16': 0.4916666666666667, '31': 0.6151960784313726, '41': 0.5892857142857143, '52': 0.5344202898550725, '3': 0.7638888888888888, '9': 0.5892857142857143, '59': 0.4318181818181818, '45': 0.6153846153846154, '55': 0.5208333333333333}";0.0;0.5952273216979099;0.7190870472120472;0.5276442307692308;0.2603981429407385;0.3051432516396272;0.2547722066683635;0.4749725247428712;0.5821979480236082;0.4524896856949446;0.3348555180992795;0.4687817573429173;0.3125165065111838;0.52240242042919;0.7171758436045667;0.5029592004468565;0.0019;0.074;0.0102;"['25', '13', '57', '44', '16', '31', '41', '52', '3', '9', '59', '45', '55']";"[('interA', ('33', '9')), ('interA', ('17', '52')), ('interA', ('22', '31')), ('intraD', ('44', '52')), ('interA', ('1', '44')), ('interA', ('13', '43')), ('interA', ('17', '45')), ('interD', ('13', '32'))]";"[('interA', ('25', '34')), ('interA', ('25', '32')), ('interA', ('25', '28')), ('interA', ('25', '26')), ('interA', ('25', '36')), ('interA', ('25', '37')), ('interA', ('25', '33')), ('interA', ('25', '7'))]";"[('interA', ('59', '6')), ('interA', ('44', '49')), ('interA', ('16', '32')), ('interA', ('34', '59')), ('interA', ('22', '44')), ('interA', ('16', '61')), ('interA', ('24', '9')), ('interA', ('40', '57'))]";"[['1', '44'], ['8', '21', '25', '19', '5', '2', '20', '15', '18', '6'], ['28', '27', '3', '4', '45', '60', '56', '46', '26', '61', '11', '23', '41', '42', '10', '55', '40'], ['34', '32', '14', '36', '7', '35', '39', '58', '38', '49', '30', '37', '12'], ['9', '33'], ['13', '43'], ['22', '59', '57', '16', '17', '31', '52'], ['50', '54', '48', '53', '29', '24', '51', '47']]";"[['14', '54', '57', '23', '17', '31', '35', '3', '22', '58', '2', '4', '30', '38', '18', '12'], ['43', '46', '44', '11', '16', '42', '59', '15', '40'], ['50', '52', '48', '53', '29', '24', '49', '51', '47'], ['61', '41', '9', '10', '45', '55', '60', '56'], ['25', '34', '28', '36', '33', '7', '37'], ['19', '1', '27', '20', '6'], ['13', '39', '32', '26'], ['8', '21', '5']]";"[['43', '46', '32', '14', '26', '54', '36', '11', '23', '33', '7', '35', '37', '30', '15', '39', '38', '12'], ['34', '28', '57', '41', '31', '52', '3', '58', '2', '4', '42', '10', '45', '55', '56', '40'], ['8', '21', '25', '19', '5', '13', '1', '27', '17', '20', '60', '18'], ['50', '48', '53', '29', '51', '47'], ['22', '44', '49'], ['6', '59'], ['9', '24'], ['61', '16']]";"[6, 6, 0, 2, 2, 7, 1, 2, 0, 4, 5, 1, 0, 2, 5, 0, 2, 2, 7, 7, 2, 2, 2, 3, 0, 1, 4, 1, 3, 1, 0, 1, 1, 1, 1, 1, 1, 1, 1, 5, 0, 5, 5, 0, 0, 5, 3, 3, 3, 3, 3, 0, 3, 4, 0, 4, 0, 4, 0, 6, 4]";"[0, 1, 2, 2, 1, 1, 3, 1, 4, 2, 2, 3, 5, 3, 1, 6, 6, 1, 1, 1, 1, 6, 2, 7, 1, 2, 2, 2, 7, 3, 6, 3, 4, 3, 3, 3, 3, 3, 3, 2, 2, 2, 5, 0, 2, 2, 7, 7, 3, 7, 7, 6, 7, 7, 2, 2, 6, 3, 6, 2, 2]";"[5, 0, 0, 0, 7, 5, 4, 7, 3, 3, 1, 0, 6, 0, 1, 1, 0, 0, 5, 5, 7, 0, 0, 2, 4, 6, 5, 4, 2, 0, 0, 6, 4, 4, 0, 4, 4, 0, 6, 1, 3, 1, 1, 1, 3, 1, 2, 2, 2, 2, 2, 2, 2, 0, 3, 3, 0, 0, 1, 3, 3]";"[2, 1, 1, 1, 2, 5, 0, 2, 6, 1, 0, 0, 2, 0, 0, 7, 2, 2, 2, 2, 2, 4, 0, 6, 2, 0, 2, 1, 3, 0, 1, 0, 0, 1, 0, 0, 0, 0, 0, 1, 1, 1, 0, 4, 1, 0, 3, 3, 4, 3, 3, 1, 3, 0, 1, 1, 1, 1, 5, 2, 7]"
16;0;"aucs";"pmm_h";8;0.3075;0.2198;0.2268;0.1128;"{'25': 0.44166666666666665, '13': 0.7211538461538461, '57': 0.4318181818181818, '44': 0.4166666666666667, '16': 0.4166666666666667, '31': 0.6151960784313726, '41': 0.5892857142857143, '52': 0.5344202898550725, '3': 0.7638888888888888, '9': 0.5416666666666666, '59': 0.3611111111111111, '45': 0.6153846153846154, '55': 0.5208333333333333}";"{'25': 0.44166666666666665, '13': 0.7211538461538461, '57': 0.4, '44': 0.4166666666666667, '16': 0.45833333333333337, '31': 0.6151960784313726, '41': 0.6666666666666667, '52': 0.5344202898550725, '3': 0.75, '9': 0.5416666666666666, '59': 0.3611111111111111, '45': 0.6153846153846154, '55': 0.45833333333333337}";"{'25': 0.5344202898550725, '13': 0.7211538461538461, '57': 0.4318181818181818, '44': 0.4166666666666667, '16': 0.4166666666666667, '31': 0.6151960784313726, '41': 0.5892857142857143, '52': 0.5344202898550725, '3': 0.7638888888888888, '9': 0.5416666666666666, '59': 0.3611111111111111, '45': 0.6153846153846154, '55': 0.5208333333333333}";"{'25': 0.44166666666666665, '13': 0.7211538461538461, '57': 0.45833333333333337, '44': 0.4916666666666667, '16': 0.4916666666666667, '31': 0.6151960784313726, '41': 0.5892857142857143, '52': 0.5344202898550725, '3': 0.7638888888888888, '9': 0.5892857142857143, '59': 0.4318181818181818, '45': 0.6153846153846154, '55': 0.5208333333333333}";0.0;0.6191375291375292;0.5859640359640359;0.4792540792540792;0.2696219133440548;0.4710153448174496;0.2135703992193541;0.5324199186804986;0.6854311563268404;0.450319746374393;0.4149863081901916;0.6733743174615296;0.1877587758775877;0.6214670326531194;0.8031121343381624;0.4557824460310918;0.002;0.0748;0.0106;"['25', '13', '57', '44', '16', '31', '41', '52', '3', '9', '59', '45', '55']";"[('interA', ('16', '43')), ('intraD', ('44', '52')), ('intraD', ('13', '41')), ('intraA', ('13', '44')), ('interD', ('26', '57')), ('interD', ('18', '3')), ('interD', ('3', '6')), ('intraA', ('52', '55'))]";"[('interA', ('25', '34')), ('interA', ('25', '32')), ('interA', ('25', '28')), ('interA', ('25', '26')), ('interA', ('25', '36')), ('interA', ('25', '37')), ('interA', ('25', '33')), ('interA', ('25', '7'))]";"[('interA', ('20', '59')), ('interA', ('35', '44')), ('interA', ('16', '28')), ('interA', ('51', '59')), ('interA', ('12', '44')), ('interA', ('16', '22')), ('interA', ('53', '9')), ('interA', ('35', '57'))]";"[['8', '21', '5', '1', '18', '17'], ['46', '28', '11', '35', '2', '42', '15', '40'], ['25', '34', '14', '61', '23', '3', '9', '22', '58', '10', '39', '60', '37'], ['32', '26', '54', '36', '41', '33', '7', '4', '59', '45', '30', '38', '55', '56', '12'], ['27', '19', '6', '20'], ['13', '44'], ['43', '16'], ['50', '57', '31', '52', '48', '53', '29', '24', '49', '51', '47']]";"[['14', '54', '1', '57', '16', '31', '35', '3', '52', '4', '59', '30', '38', '55'], ['43', '46', '13', '44', '11', '41', '2', '42', '15', '39', '40'], ['25', '34', '32', '28', '26', '36', '33', '7', '37', '12'], ['50', '48', '53', '29', '24', '49', '51', '47'], ['8', '21', '5', '23', '17', '22', '18'], ['61', '27', '9', '58', '10', '45', '56'], ['19', '6', '20'], ['60']]";"[['14', '49', '34', '1', '10', '37', '36', '7', '2', '56', '50', '32', '54', '33', '48', '29', '24', '39', '38', '47'], ['12', '25', '13', '44', '41', '35', '3', '52', '4', '45', '55', '15', '40'], ['43', '46', '26', '57', '23', '11', '31', '58', '42', '30', '60'], ['8', '21', '5', '17', '22', '18'], ['27', '19', '6', '20'], ['53', '9', '61'], ['16', '28'], ['59', '51']]";"[6, 6, 0, 2, 2, 7, 1, 2, 0, 4, 5, 1, 0, 2, 5, 0, 2, 2, 7, 7, 2, 2, 2, 3, 0, 1, 4, 1, 3, 1, 0, 1, 1, 1, 1, 1, 1, 1, 1, 5, 0, 5, 5, 0, 0, 5, 3, 3, 3, 3, 3, 0, 3, 4, 0, 4, 0, 4, 0, 6, 4]";"[0, 1, 2, 3, 0, 4, 3, 0, 2, 2, 1, 3, 5, 2, 1, 6, 0, 0, 4, 4, 0, 2, 2, 7, 2, 3, 4, 1, 7, 3, 7, 3, 3, 2, 1, 3, 2, 3, 2, 1, 3, 1, 6, 5, 3, 1, 7, 7, 7, 7, 7, 7, 7, 3, 3, 3, 7, 2, 3, 2, 2]";"[0, 1, 0, 0, 4, 6, 2, 4, 5, 5, 1, 2, 1, 0, 1, 0, 4, 4, 6, 6, 4, 4, 4, 3, 2, 2, 5, 2, 3, 0, 0, 2, 2, 2, 0, 2, 2, 0, 1, 1, 1, 1, 1, 1, 5, 1, 3, 3, 3, 3, 3, 0, 3, 0, 0, 5, 0, 5, 0, 7, 5]";"[0, 0, 1, 1, 3, 4, 0, 3, 5, 0, 2, 1, 1, 0, 1, 6, 3, 3, 4, 4, 3, 3, 2, 0, 1, 2, 4, 6, 0, 2, 2, 0, 0, 0, 1, 0, 0, 0, 0, 1, 1, 2, 2, 1, 1, 2, 0, 0, 0, 0, 7, 1, 5, 0, 1, 0, 2, 2, 7, 2, 5]"
17;0;"aucs";"pmm_h";8;0.3075;0.2183;0.2677;0.1691;"{'25': 0.44166666666666665, '13': 0.7211538461538461, '57': 0.4318181818181818, '44': 0.4166666666666667, '16': 0.4166666666666667, '31': 0.6151960784313726, '41': 0.5892857142857143, '52': 0.5344202898550725, '3': 0.7638888888888888, '9': 0.5416666666666666, '59': 0.3611111111111111, '45': 0.6153846153846154, '55': 0.5208333333333333}";"{'25': 0.44166666666666665, '13': 0.7211538461538461, '57': 0.4916666666666667, '44': 0.4166666666666667, '16': 0.4166666666666667, '31': 0.6151960784313726, '41': 0.5555555555555556, '52': 0.5265151515151515, '3': 0.6488095238095238, '9': 0.4166666666666667, '59': 0.30833333333333335, '45': 0.6153846153846154, '55': 0.45833333333333337}";"{'25': 0.5344202898550725, '13': 0.7211538461538461, '57': 0.4318181818181818, '44': 0.4166666666666667, '16': 0.4166666666666667, '31': 0.6151960784313726, '41': 0.5892857142857143, '52': 0.5344202898550725, '3': 0.7638888888888888, '9': 0.5416666666666666, '59': 0.3611111111111111, '45': 0.6153846153846154, '55': 0.5208333333333333}";"{'25': 0.44166666666666665, '13': 0.7211538461538461, '57': 0.45833333333333337, '44': 0.4916666666666667, '16': 0.4916666666666667, '31': 0.6151960784313726, '41': 0.5892857142857143, '52': 0.5344202898550725, '3': 0.7638888888888888, '9': 0.5892857142857143, '59': 0.4318181818181818, '45': 0.6153846153846154, '55': 0.5208333333333333}";0.0;0.5877213064713065;0.5302680652680652;0.5733618233618234;0.326008936958068;0.450694927780608;0.2518156295189337;0.5836069339505932;0.6416643843222934;0.4806423352706419;0.4857873210633947;0.6169905888291927;0.3615745461962064;0.6974760746169401;0.740733089961682;0.574579372200052;0.0016;0.0748;0.0102;"['25', '13', '57', '44', '16', '31', '41', '52', '3', '9', '59', '45', '55']";"[('intraD', ('44', '57')), ('interA', ('21', '3')), ('intraA', ('3', '9')), ('interD', ('20', '52')), ('intraA', ('44', '9')), ('intraA', ('3', '55')), ('intraA', ('41', '59')), ('interA', ('19', '41'))]";"[('interA', ('25', '34')), ('interA', ('25', '32')), ('interA', ('25', '28')), ('interA', ('25', '26')), ('interA', ('25', '36')), ('interA', ('25', '37')), ('interA', ('25', '33')), ('interA', ('25', '7'))]";"[('interA', ('2', '59')), ('interA', ('44', '48')), ('interA', ('16', '50')), ('interA', ('14', '59')), ('interA', ('38', '44')), ('interA', ('16', '27')), ('interA', ('24', '9')), ('interA', ('47', '57'))]";"[['50', '54', '1', '52', '48', '53', '29', '24', '49', '51', '45', '47'], ['43', '25', '46', '11', '2', '42', '15', '40'], ['3', '21', '55'], ['8', '5', '14', '28', '13', '57', '27', '36', '7', '58', '4', '60', '18', '12', '34', '32', '26', '31', '17', '16', '35', '23', '22', '33', '38', '30', '39', '37'], ['19', '6', '20'], ['9', '44'], ['61', '56', '10'], ['41', '59']]";"[['50', '57', '31', '52', '48', '53', '29', '24', '4', '49', '30', '60', '47'], ['61', '44', '16', '41', '35', '9', '10', '59', '45', '55', '38', '56'], ['25', '34', '32', '28', '26', '36', '33', '7', '39', '37', '12'], ['43', '46', '54', '11', '3', '58', '42', '51', '15', '40'], ['8', '21', '5', '14', '23', '17', '22', '18'], ['27', '19', '6', '20'], ['1', '2'], ['13']]";"[['57', '49', '51', '25', '46', '26', '11', '31', '52', '42', '15', '3', '53', '60', '43', '54', '41', '29', '55', '47', '40'], ['34', '32', '28', '61', '1', '36', '33', '7', '35', '58', '4', '30', '10', '45', '39', '37', '56', '12'], ['8', '21', '5', '13', '9', '24'], ['14', '23', '17', '22', '18'], ['19', '6', '20'], ['16', '27', '50'], ['48', '38', '44'], ['2', '59']]";"[6, 6, 0, 2, 2, 7, 1, 2, 0, 4, 5, 1, 0, 2, 5, 0, 2, 2, 7, 7, 2, 2, 2, 3, 0, 1, 4, 1, 3, 1, 0, 1, 1, 1, 1, 1, 1, 1, 1, 5, 0, 5, 5, 0, 0, 5, 3, 3, 3, 3, 3, 0, 3, 4, 0, 4, 0, 4, 0, 6, 4]";"[0, 1, 2, 3, 3, 4, 3, 3, 5, 6, 1, 3, 3, 3, 1, 3, 3, 3, 4, 4, 2, 3, 3, 0, 1, 3, 3, 3, 0, 3, 3, 3, 3, 3, 3, 3, 3, 3, 3, 1, 7, 1, 1, 5, 0, 1, 0, 0, 0, 0, 0, 0, 0, 0, 2, 6, 3, 3, 7, 3, 6]";"[6, 6, 3, 0, 4, 5, 2, 4, 1, 1, 3, 2, 7, 4, 3, 1, 4, 4, 5, 5, 4, 4, 4, 0, 2, 2, 5, 2, 0, 0, 0, 2, 2, 2, 1, 2, 2, 1, 2, 3, 1, 3, 3, 1, 1, 3, 0, 0, 0, 0, 3, 0, 0, 3, 1, 1, 0, 3, 1, 0, 1]";"[1, 7, 0, 1, 2, 4, 1, 2, 2, 1, 0, 1, 2, 3, 0, 5, 3, 3, 4, 4, 2, 3, 3, 2, 0, 0, 5, 1, 0, 1, 0, 1, 1, 1, 1, 1, 1, 6, 1, 0, 0, 0, 0, 6, 1, 0, 0, 6, 0, 5, 0, 0, 0, 0, 0, 1, 0, 1, 7, 0, 1]"
18;0;"aucs";"pmm_h";8;0.3075;0.2277;0.2794;0.1594;"{'25': 0.44166666666666665, '13': 0.7211538461538461, '57': 0.4318181818181818, '44': 0.4166666666666667, '16': 0.4166666666666667, '31': 0.6151960784313726, '41': 0.5892857142857143, '52': 0.5344202898550725, '3': 0.7638888888888888, '9': 0.5416666666666666, '59': 0.3611111111111111, '45': 0.6153846153846154, '55': 0.5208333333333333}";"{'25': 0.44166666666666665, '13': 0.7211538461538461, '57': 0.4318181818181818, '44': 0.47619047619047616, '16': 0.47619047619047616, '31': 0.6862745098039216, '41': 0.6666666666666667, '52': 0.5909090909090908, '3': 0.7638888888888888, '9': 0.5208333333333333, '59': 0.3611111111111111, '45': 0.6153846153846154, '55': 0.5208333333333333}";"{'25': 0.5344202898550725, '13': 0.7211538461538461, '57': 0.4318181818181818, '44': 0.4166666666666667, '16': 0.4166666666666667, '31': 0.6151960784313726, '41': 0.5892857142857143, '52': 0.5344202898550725, '3': 0.7638888888888888, '9': 0.5416666666666666, '59': 0.3611111111111111, '45': 0.6153846153846154, '55': 0.5208333333333333}";"{'25': 0.44166666666666665, '13': 0.7211538461538461, '57': 0.45833333333333337, '44': 0.4916666666666667, '16': 0.4916666666666667, '31': 0.6151960784313726, '41': 0.5892857142857143, '52': 0.5344202898550725, '3': 0.7638888888888888, '9': 0.5892857142857143, '59': 0.4318181818181818, '45': 0.6153846153846154, '55': 0.5208333333333333}";0.0;0.6075299700299701;0.5504807692307692;0.7155181623931623;0.3853981302789543;0.5099089448312801;0.3006643541654418;0.6071183873313577;0.689804872042378;0.5705471025520926;0.5019779598756711;0.6296422404358295;0.4632195262993037;0.6937199747940952;0.7556251360237347;0.6988408900824431;0.0016;0.0729;0.0108;"['25', '13', '57', '44', '16', '31', '41', '52', '3', '9', '59', '45', '55']";"[('intraA', ('59', '9')), ('interA', ('11', '31')), ('intraD', ('41', '55')), ('intraA', ('52', '55')), ('intraD', ('16', '44')), ('intraD', ('31', '52')), ('interA', ('24', '9')), ('intraD', ('52', '59'))]";"[('interA', ('25', '34')), ('interA', ('25', '32')), ('interA', ('25', '28')), ('interA', ('25', '26')), ('interA', ('25', '36')), ('interA', ('25', '37')), ('interA', ('25', '33')), ('interA', ('25', '7'))]";"[('interA', ('22', '59')), ('interA', ('44', '53')), ('interA', ('16', '22')), ('interA', ('29', '59')), ('interA', ('21', '44')), ('interA', ('16', '6')), ('interA', ('18', '9')), ('interA', ('15', '57'))]";"[['1', '2'], ['8', '21', '19', '5', '27', '17', '3', '20', '60', '18', '6'], ['58', '4', '32', '26', '13', '39', '41'], ['34', '14', '28', '36', '23', '33', '7', '35', '22', '38', '30', '37', '12'], ['9', '24', '59'], ['25', '54', '44', '52', '10', '45', '55', '56'], ['43', '46', '57', '31', '11', '16', '42', '15', '40'], ['50', '61', '48', '53', '29', '49', '51', '47']]";"[['25', '34', '14', '28', '54', '36', '37', '33', '7', '35', '2', '30', '38', '12'], ['32', '26', '13', '1', '3', '58', '4', '39'], ['50', '48', '53', '29', '24', '49', '51', '47'], ['8', '21', '5', '23', '17', '22', '18'], ['61', '41', '9', '10', '45', '55', '56'], ['57', '44', '16', '31', '52', '59', '60'], ['43', '46', '11', '42', '15', '40'], ['27', '19', '6', '20']]";"[['25', '34', '14', '28', '26', '1', '54', '41', '37', '33', '52', '58', '2', '4', '39', '38'], ['32', '13', '36', '7', '3', '35', '45', '30', '60', '12'], ['8', '21', '5', '44', '23', '17', '9', '18'], ['43', '46', '61', '11', '42', '10', '55', '56'], ['50', '48', '53', '29', '24', '49', '51', '47'], ['27', '19', '6', '20'], ['15', '57', '31', '40'], ['22', '16', '59']]";"[6, 6, 0, 2, 2, 7, 1, 2, 0, 4, 5, 1, 0, 2, 5, 0, 2, 2, 7, 7, 2, 2, 2, 3, 0, 1, 4, 1, 3, 1, 0, 1, 1, 1, 1, 1, 1, 1, 1, 5, 0, 5, 5, 0, 0, 5, 3, 3, 3, 3, 3, 0, 3, 4, 0, 4, 0, 4, 0, 6, 4]";"[0, 0, 1, 2, 1, 1, 3, 1, 4, 5, 6, 3, 2, 3, 6, 6, 1, 1, 1, 1, 1, 3, 3, 4, 5, 2, 1, 3, 7, 3, 6, 2, 3, 3, 3, 3, 3, 3, 2, 6, 2, 6, 6, 5, 5, 6, 7, 7, 7, 7, 7, 5, 7, 5, 5, 5, 6, 2, 4, 1, 7]";"[1, 0, 1, 1, 3, 7, 0, 3, 4, 4, 6, 0, 1, 0, 6, 5, 3, 3, 7, 7, 3, 3, 3, 2, 0, 1, 7, 0, 2, 0, 5, 1, 0, 0, 0, 0, 0, 0, 1, 6, 4, 6, 6, 5, 4, 6, 2, 2, 2, 2, 2, 5, 2, 0, 4, 4, 5, 1, 5, 5, 4]";"[0, 0, 1, 0, 2, 5, 1, 2, 2, 3, 3, 1, 1, 0, 6, 7, 2, 2, 5, 5, 2, 7, 2, 4, 0, 0, 5, 0, 4, 1, 6, 1, 0, 0, 1, 1, 0, 0, 0, 6, 0, 3, 3, 2, 1, 3, 4, 4, 4, 4, 4, 0, 4, 0, 3, 3, 6, 0, 7, 1, 3]"
19;0;"aucs";"pmm_h";8;0.3075;0.2305;0.1943;0.0891;"{'25': 0.44166666666666665, '13': 0.7211538461538461, '57': 0.4318181818181818, '44': 0.4166666666666667, '16': 0.4166666666666667, '31': 0.6151960784313726, '41': 0.5892857142857143, '52': 0.5344202898550725, '3': 0.7638888888888888, '9': 0.5416666666666666, '59': 0.3611111111111111, '45': 0.6153846153846154, '55': 0.5208333333333333}";"{'25': 0.38541666666666663, '13': 0.7211538461538461, '57': 0.375, '44': 0.4166666666666667, '16': 0.4166666666666667, '31': 0.6151960784313726, '41': 0.47619047619047616, '52': 0.5265151515151515, '3': 0.8284313725490196, '9': 0.5555555555555556, '59': 0.3611111111111111, '45': 0.6666666666666667, '55': 0.5208333333333333}";"{'25': 0.5344202898550725, '13': 0.7211538461538461, '57': 0.4318181818181818, '44': 0.4166666666666667, '16': 0.4166666666666667, '31': 0.6151960784313726, '41': 0.5892857142857143, '52': 0.5344202898550725, '3': 0.7638888888888888, '9': 0.5416666666666666, '59': 0.3611111111111111, '45': 0.6153846153846154, '55': 0.5208333333333333}";"{'25': 0.44166666666666665, '13': 0.7211538461538461, '57': 0.45833333333333337, '44': 0.4916666666666667, '16': 0.4916666666666667, '31': 0.6151960784313726, '41': 0.5892857142857143, '52': 0.5344202898550725, '3': 0.7638888888888888, '9': 0.5892857142857143, '59': 0.4318181818181818, '45': 0.6153846153846154, '55': 0.5208333333333333}";0.0;0.562222730972731;0.5505921855921856;0.6456552706552707;0.3558022185541958;0.3779192456095429;0.0892164629155384;0.6050282123444318;0.6324057972511056;0.3475645787839536;0.4679303312211667;0.5430507475878323;0.1525067976911701;0.6807937581573761;0.746923635568386;0.4251839087850592;0.0019;0.0756;0.0113;"['25', '13', '57', '44', '16', '31', '41', '52', '3', '9', '59', '45', '55']";"[('interD', ('51', '52')), ('interD', ('35', '41')), ('interA', ('5', '9')), ('intraA', ('25', '41')), ('intraA', ('57', '9')), ('interD', ('45', '47')), ('intraD', ('3', '45')), ('interA', ('20', '9'))]";"[('interA', ('25', '34')), ('interA', ('25', '32')), ('interA', ('25', '28')), ('interA', ('25', '26')), ('interA', ('25', '36')), ('interA', ('25', '37')), ('interA', ('25', '33')), ('interA', ('25', '7'))]";"[('interA', ('50', '59')), ('interA', ('17', '44')), ('interA', ('16', '42')), ('interA', ('22', '59')), ('interA', ('15', '44')), ('interA', ('16', '43')), ('interA', ('23', '9')), ('interA', ('18', '57'))]";"[['43', '34', '14', '26', '13', '1', '32', '46', '11', '2', '42', '15', '39', '37', '40'], ['28', '54', '36', '33', '7', '3', '35', '58', '4', '59', '30', '60', '38', '12'], ['8', '21', '22', '5', '18', '23', '17'], ['27', '19', '6', '20'], ['9', '57'], ['61', '44', '16', '52', '10', '45', '55', '56'], ['50', '31', '48', '53', '29', '24', '49', '51', '47'], ['25', '41']]";"[['57', '12', '46', '11', '31', '35', '22', '42', '59', '30', '15', '13', '44', '3', '60', '43', '16', '23', '41', '55', '40'], ['25', '34', '32', '28', '26', '36', '33', '7', '39', '37'], ['50', '52', '48', '53', '29', '24', '49', '51', '47'], ['14', '54', '27', '58', '4', '45', '38'], ['8', '21', '5', '17', '18'], ['61', '9', '56', '10'], ['19', '6', '20'], ['1', '2']]";"[['14', '4', '51', '49', '45', '34', '46', '26', '1', '11', '52', '37', '28', '53', '58', '54', '41', '33', '48', '39', '29', '24', '55', '47'], ['8', '21', '25', '12', '5', '32', '13', '57', '36', '31', '7', '3', '35', '2', '30', '38', '18', '40'], ['27', '19', '6', '20'], ['61', '60', '56', '10'], ['15', '44', '17'], ['43', '16', '42'], ['22', '50', '59'], ['9', '23']]";"[6, 6, 0, 2, 2, 7, 1, 2, 0, 4, 5, 1, 0, 2, 5, 0, 2, 2, 7, 7, 2, 2, 2, 3, 0, 1, 4, 1, 3, 1, 0, 1, 1, 1, 1, 1, 1, 1, 1, 5, 0, 5, 5, 0, 0, 5, 3, 3, 3, 3, 3, 0, 3, 4, 0, 4, 0, 4, 0, 6, 4]";"[0, 0, 1, 1, 2, 3, 1, 2, 4, 5, 0, 1, 0, 0, 0, 5, 2, 2, 3, 3, 2, 2, 2, 6, 7, 0, 3, 1, 6, 1, 6, 0, 1, 0, 1, 1, 0, 1, 0, 0, 7, 0, 0, 5, 5, 0, 6, 6, 6, 6, 6, 5, 6, 1, 5, 5, 4, 1, 1, 1, 5]";"[7, 7, 0, 3, 4, 6, 1, 4, 5, 5, 0, 0, 0, 3, 0, 0, 4, 4, 6, 6, 4, 0, 0, 2, 1, 1, 3, 1, 2, 0, 0, 1, 1, 1, 0, 1, 1, 3, 1, 0, 0, 0, 0, 0, 3, 0, 2, 2, 2, 2, 2, 2, 2, 3, 0, 5, 0, 3, 0, 0, 5]";"[0, 1, 1, 0, 1, 2, 1, 1, 7, 3, 0, 1, 1, 0, 4, 5, 4, 1, 2, 2, 1, 6, 7, 0, 1, 0, 2, 0, 0, 1, 1, 1, 0, 0, 1, 1, 0, 1, 0, 1, 0, 5, 5, 4, 0, 0, 0, 0, 0, 6, 0, 0, 0, 0, 0, 3, 1, 0, 6, 3, 3]"
0;1;"aucs";"pmm_h";8;0.3075;0.2198;0.232;0.2056;"{'34': 0.26785714285714285, '32': 0.3214285714285714, '28': 0.8333333333333333, '26': 0.41666666666666663, '36': 0.21666666666666667, '37': 0.35416666666666663, '33': 0.17045454545454547, '7': 0.25757575757575757, '35': 0.36184210526315785, '30': 0.16025641025641024, '39': 0.4, '38': 0.5, '12': 0.125}";"{'34': 0.2403846153846154, '32': 0.3214285714285714, '28': 0.7083333333333333, '26': 0.4019607843137255, '36': 0.16666666666666666, '37': 0.3977272727272727, '33': 0.17045454545454547, '7': 0.25757575757575757, '35': 0.36184210526315785, '30': 0.2403846153846154, '39': 0.4, '38': 0.5, '12': 0.125}";"{'34': 0.3977272727272727, '32': 0.3214285714285714, '28': 0.8333333333333333, '26': 0.41666666666666663, '36': 0.21666666666666667, '37': 0.35416666666666663, '33': 0.17045454545454547, '7': 0.25757575757575757, '35': 0.36184210526315785, '30': 0.16025641025641024, '39': 0.4, '38': 0.5, '12': 0.125}";"{'34': 0.26785714285714285, '32': 0.3214285714285714, '28': 0.8333333333333333, '26': 0.41666666666666663, '36': 0.21666666666666667, '37': 0.35416666666666663, '33': 0.2403846153846154, '7': 0.29166666666666663, '35': 0.36184210526315785, '30': 0.21666666666666667, '39': 0.4, '38': 0.5, '12': 0.21666666666666667}";0.0;0.3311965811965812;0.5339344968756734;0.6365018315018316;0.3998383906905057;0.4246507758387184;0.3005635660541383;0.6325218522625006;0.6524444651977381;0.5569337945550542;0.3907589379050805;0.5087885985748218;0.4156593813212295;0.6105225379676145;0.7287224137753795;0.6402510916369183;0.0016;0.0709;0.0119;"['34', '32', '26', '28', '36', '33', '7', '35', '39', '38', '30', '37', '12']";"[('interA', ('30', '60')), ('interD', ('10', '37')), ('intraD', ('30', '38')), ('interD', ('26', '6')), ('intraA', ('34', '38')), ('intraA', ('28', '36')), ('intraD', ('34', '37')), ('interD', ('14', '34'))]";"[('interA', ('25', '34')), ('interA', ('13', '34')), ('interA', ('34', '57')), ('interA', ('34', '44')), ('interA', ('16', '34')), ('interA', ('31', '34')), ('interA', ('34', '41')), ('interA', ('34', '52'))]";"[('interA', ('12', '40')), ('interA', ('33', '4')), ('interA', ('30', '40')), ('interA', ('12', '18')), ('interA', ('33', '61')), ('interA', ('52', '7')), ('interA', ('19', '30')), ('interA', ('12', '43'))]";"[['22', '1', '18', '23', '17'], ['25', '61', '44', '16', '41', '52', '9', '2', '10', '45', '55', '56', '40'], ['19', '14', '27', '3', '58', '4', '20', '6'], ['8', '21', '43', '5', '46', '11', '42', '15'], ['35', '28', '36', '7'], ['34', '32', '26', '13', '57', '31', '33', '38', '59', '39', '37', '12'], ['50', '54', '48', '53', '29', '24', '49', '51', '47'], ['30', '60']]";"[['8', '21', '25', '5', '14', '23', '17', '3', '9', '22', '2', '4', '58', '45', '55', '37', '18'], ['54', '27', '36', '33', '7', '35', '59', '30', '38', '12'], ['50', '48', '53', '29', '24', '49', '51', '60', '47'], ['34', '57', '44', '16', '31', '41', '52'], ['43', '46', '11', '42', '15', '40'], ['19', '26', '28', '20', '6'], ['61', '1', '56', '10'], ['13', '39', '32']]";"[['43', '12', '25', '46', '1', '11', '41', '35', '9', '2', '42', '15', '30', '40'], ['54', '57', '44', '36', '16', '7', '52', '10', '59', '45', '38', '56'], ['50', '31', '48', '53', '29', '24', '49', '51', '47'], ['34', '32', '26', '13', '39', '37', '55'], ['8', '21', '5', '17', '22', '18'], ['19', '27', '3', '20', '6'], ['14', '28', '23', '58', '60'], ['61', '4', '33']]";"[6, 6, 0, 2, 2, 7, 1, 2, 0, 4, 5, 1, 0, 2, 5, 0, 2, 2, 7, 7, 2, 2, 2, 3, 0, 1, 4, 1, 3, 1, 0, 1, 1, 1, 1, 1, 1, 1, 1, 5, 0, 5, 5, 0, 0, 5, 3, 3, 3, 3, 3, 0, 3, 4, 0, 4, 0, 4, 0, 6, 4]";"[0, 1, 2, 2, 3, 2, 4, 3, 1, 1, 3, 5, 5, 2, 3, 1, 0, 0, 2, 2, 3, 0, 0, 6, 1, 5, 2, 4, 6, 7, 5, 5, 5, 5, 4, 4, 5, 5, 5, 1, 1, 3, 3, 1, 1, 3, 6, 6, 6, 6, 6, 1, 6, 6, 1, 1, 5, 2, 5, 7, 1]";"[6, 0, 0, 0, 0, 5, 1, 0, 0, 6, 4, 1, 7, 0, 4, 3, 0, 0, 5, 5, 0, 0, 0, 2, 0, 5, 1, 5, 2, 1, 3, 7, 1, 3, 1, 1, 0, 1, 7, 4, 3, 4, 4, 3, 0, 4, 2, 2, 2, 2, 2, 3, 2, 1, 0, 6, 3, 0, 1, 2, 6]";"[0, 0, 5, 7, 4, 5, 1, 4, 0, 1, 0, 0, 3, 6, 0, 1, 4, 4, 5, 5, 4, 4, 6, 2, 0, 3, 5, 6, 2, 0, 2, 3, 7, 3, 0, 1, 3, 1, 3, 0, 0, 0, 0, 1, 1, 0, 2, 2, 2, 2, 2, 1, 2, 1, 3, 1, 1, 6, 1, 6, 7]"
1;1;"aucs";"pmm_h";8;0.3075;0.2212;0.2498;0.1413;"{'34': 0.26785714285714285, '32': 0.3214285714285714, '28': 0.8333333333333333, '26': 0.41666666666666663, '36': 0.21666666666666667, '37': 0.35416666666666663, '33': 0.17045454545454547, '7': 0.25757575757575757, '35': 0.36184210526315785, '30': 0.16025641025641024, '39': 0.4, '38': 0.5, '12': 0.125}";"{'34': 0.2403846153846154, '32': 0.3214285714285714, '28': 0.6166666666666667, '26': 0.41666666666666663, '36': 0.2403846153846154, '37': 0.35416666666666663, '33': 0.21666666666666667, '7': 0.30833333333333335, '35': 0.4019607843137255, '30': 0.11309523809523808, '39': 0.3611111111111111, '38': 0.5, '12': 0.08012820512820512}";"{'34': 0.3977272727272727, '32': 0.3214285714285714, '28': 0.8333333333333333, '26': 0.41666666666666663, '36': 0.21666666666666667, '37': 0.35416666666666663, '33': 0.17045454545454547, '7': 0.25757575757575757, '35': 0.36184210526315785, '30': 0.16025641025641024, '39': 0.4, '38': 0.5, '12': 0.125}";"{'34': 0.26785714285714285, '32': 0.3214285714285714, '28': 0.8333333333333333, '26': 0.41666666666666663, '36': 0.21666666666666667, '37': 0.35416666666666663, '33': 0.2403846153846154, '7': 0.29166666666666663, '35': 0.36184210526315785, '30': 0.21666666666666667, '39': 0.4, '38': 0.5, '12': 0.21666666666666667}";0.0;0.5470806970806971;0.4912660256410256;0.6167097608274079;0.4213273045071783;0.4408522809393043;0.2591465924997484;0.6107230269165361;0.6730691589077392;0.5190341523073745;0.5130430778440357;0.5493930568799773;0.3567070087314162;0.6507787391289247;0.7409129202702048;0.6160751822996541;0.0015;0.0711;0.0128;"['34', '32', '26', '28', '36', '33', '7', '35', '39', '38', '30', '37', '12']";"[('interD', ('14', '35')), ('intraD', ('33', '7')), ('interD', ('14', '36')), ('intraA', ('28', '30')), ('intraD', ('35', '36')), ('intraA', ('12', '28')), ('interD', ('39', '45')), ('interD', ('34', '45'))]";"[('interA', ('25', '34')), ('interA', ('13', '34')), ('interA', ('34', '57')), ('interA', ('34', '44')), ('interA', ('16', '34')), ('interA', ('31', '34')), ('interA', ('34', '41')), ('interA', ('34', '52'))]";"[('interA', ('12', '21')), ('interA', ('33', '49')), ('interA', ('30', '54')), ('interA', ('12', '46')), ('interA', ('18', '33')), ('interA', ('47', '7')), ('interA', ('30', '46')), ('interA', ('12', '6'))]";"[['61', '1', '56', '10'], ['43', '46', '11', '33', '35', '9', '2', '42', '49', '15', '40'], ['14', '26', '57', '44', '16', '31', '41', '52', '3', '58', '4', '59', '45', '55'], ['8', '21', '25', '5', '23', '17', '22', '60', '18'], ['27', '19', '6', '20'], ['50', '54', '7', '48', '53', '29', '24', '51', '47'], ['30', '28', '12'], ['38', '34', '32', '13', '39', '36', '37']]";"[['14', '61', '1', '36', '23', '37', '33', '7', '35', '2', '10', '30', '38', '56', '12'], ['54', '3', '9', '58', '4', '59', '45', '55', '60'], ['25', '34', '57', '44', '16', '31', '41', '52'], ['50', '48', '53', '29', '24', '49', '51', '47'], ['8', '21', '5', '17', '22', '18'], ['43', '46', '11', '42', '15', '40'], ['19', '28', '27', '20', '6'], ['13', '39', '32', '26']]";"[['43', '25', '46', '26', '1', '57', '11', '31', '41', '3', '9', '58', '2', '4', '42', '15', '40'], ['50', '28', '54', '36', '7', '35', '48', '29', '24', '53', '51', '30', '38', '47'], ['34', '14', '44', '16', '52', '59', '45', '55', '60', '37'], ['8', '21', '5', '23', '17', '22', '12'], ['27', '19', '6', '20'], ['61', '56', '10'], ['13', '39', '32'], ['18', '33', '49']]";"[6, 6, 0, 2, 2, 7, 1, 2, 0, 4, 5, 1, 0, 2, 5, 0, 2, 2, 7, 7, 2, 2, 2, 3, 0, 1, 4, 1, 3, 1, 0, 1, 1, 1, 1, 1, 1, 1, 1, 5, 0, 5, 5, 0, 0, 5, 3, 3, 3, 3, 3, 0, 3, 4, 0, 4, 0, 4, 0, 6, 4]";"[0, 1, 2, 2, 3, 4, 5, 3, 1, 0, 1, 6, 7, 2, 1, 2, 3, 3, 4, 4, 3, 3, 3, 5, 3, 2, 4, 6, 5, 6, 2, 7, 1, 7, 1, 7, 7, 7, 7, 1, 2, 1, 1, 2, 2, 1, 5, 5, 1, 5, 5, 2, 5, 5, 2, 0, 2, 2, 2, 3, 0]";"[0, 0, 1, 1, 4, 6, 0, 4, 1, 0, 5, 0, 7, 0, 5, 2, 4, 4, 6, 6, 4, 4, 0, 3, 2, 7, 6, 6, 3, 0, 2, 7, 0, 2, 0, 0, 0, 0, 7, 5, 2, 5, 5, 2, 1, 5, 3, 3, 3, 3, 3, 2, 3, 1, 1, 0, 2, 1, 1, 1, 0]";"[0, 0, 0, 0, 3, 4, 1, 3, 0, 5, 0, 3, 6, 2, 0, 2, 3, 7, 4, 4, 3, 3, 3, 1, 0, 0, 4, 1, 1, 1, 0, 6, 7, 2, 1, 1, 2, 1, 6, 0, 0, 0, 0, 2, 2, 0, 1, 1, 7, 1, 1, 2, 1, 1, 2, 5, 0, 0, 2, 2, 5]"
2;1;"aucs";"pmm_h";8;0.3075;0.2165;0.2669;0.1619;"{'34': 0.26785714285714285, '32': 0.3214285714285714, '28': 0.8333333333333333, '26': 0.41666666666666663, '36': 0.21666666666666667, '37': 0.35416666666666663, '33': 0.17045454545454547, '7': 0.25757575757575757, '35': 0.36184210526315785, '30': 0.16025641025641024, '39': 0.4, '38': 0.5, '12': 0.125}";"{'34': 0.26785714285714285, '32': 0.3214285714285714, '28': 0.6666666666666667, '26': 0.4730392156862745, '36': 0.26785714285714285, '37': 0.2916666666666667, '33': 0.17045454545454547, '7': 0.21666666666666667, '35': 0.36184210526315785, '30': 0.16025641025641024, '39': 0.45833333333333337, '38': 0.5608974358974359, '12': 0.17045454545454547}";"{'34': 0.3977272727272727, '32': 0.3214285714285714, '28': 0.8333333333333333, '26': 0.41666666666666663, '36': 0.21666666666666667, '37': 0.35416666666666663, '33': 0.17045454545454547, '7': 0.25757575757575757, '35': 0.36184210526315785, '30': 0.16025641025641024, '39': 0.4, '38': 0.5, '12': 0.125}";"{'34': 0.26785714285714285, '32': 0.3214285714285714, '28': 0.8333333333333333, '26': 0.41666666666666663, '36': 0.21666666666666667, '37': 0.35416666666666663, '33': 0.2403846153846154, '7': 0.29166666666666663, '35': 0.36184210526315785, '30': 0.21666666666666667, '39': 0.4, '38': 0.5, '12': 0.21666666666666667}";0.0;0.4974358974358975;0.4718660968660968;0.6555982905982906;0.299303666879527;0.5261804297787678;0.1559160386596841;0.5553631904486445;0.7207152626398391;0.4322464595901887;0.3137363564079705;0.6285983066792098;0.2113146632630077;0.5777178404122247;0.7835278834192635;0.4936442539317175;0.0021;0.0702;0.0129;"['34', '32', '26', '28', '36', '33', '7', '35', '39', '38', '30', '37', '12']";"[('interA', ('2', '28')), ('intraD', ('12', '38')), ('intraD', ('26', '34')), ('intraD', ('36', '39')), ('intraA', ('28', '34')), ('intraA', ('28', '37')), ('interD', ('13', '7')), ('interD', ('37', '58'))]";"[('interA', ('25', '34')), ('interA', ('13', '34')), ('interA', ('34', '57')), ('interA', ('34', '44')), ('interA', ('16', '34')), ('interA', ('31', '34')), ('interA', ('34', '41')), ('interA', ('34', '52'))]";"[('interA', ('1', '12')), ('interA', ('3', '33')), ('interA', ('30', '4')), ('interA', ('12', '17')), ('interA', ('13', '33')), ('interA', ('46', '7')), ('interA', ('30', '43')), ('interA', ('12', '29'))]";"[['50', '14', '1', '41', '52', '48', '53', '29', '24', '4', '10', '45', '56', '47'], ['2', '34', '28'], ['3', '25', '19', '20', '27', '6'], ['8', '21', '22', '5', '18', '23', '17'], ['61', '36', '33', '7', '35', '9', '58', '30', '38', '12'], ['43', '46', '42', '15', '11', '40'], ['32', '13', '54', '49', '51', '39', '60', '37', '55'], ['59', '26', '57', '44', '16', '31']]";"[['19', '26', '13', '61', '27', '9', '4', '30', '20', '45', '39', '55', '6'], ['32', '28', '54', '36', '37', '33', '7', '35', '10', '38', '56', '12'], ['25', '34', '57', '44', '16', '31', '41', '52', '59'], ['8', '21', '5', '14', '23', '17', '22', '18'], ['50', '48', '53', '29', '24', '49', '51', '47'], ['43', '46', '11', '42', '15', '40'], ['3', '1', '2', '58'], ['60']]";"[['8', '14', '57', '9', '45', '11', '35', '22', '42', '10', '15', '37', '21', '5', '28', '44', '2', '56', '18', '61', '16', '23', '41', '55', '40'], ['50', '31', '52', '48', '53', '29', '24', '49', '51', '47'], ['25', '33', '3', '58', '59', '38'], ['34', '32', '26', '13', '39', '60'], ['27', '19', '6', '20'], ['54', '36', '46', '7'], ['1', '17', '12'], ['43', '30', '4']]";"[6, 6, 0, 2, 2, 7, 1, 2, 0, 4, 5, 1, 0, 2, 5, 0, 2, 2, 7, 7, 2, 2, 2, 3, 0, 1, 4, 1, 3, 1, 0, 1, 1, 1, 1, 1, 1, 1, 1, 5, 0, 5, 5, 0, 0, 5, 3, 3, 3, 3, 3, 0, 3, 4, 0, 4, 0, 4, 0, 6, 4]";"[0, 1, 2, 0, 3, 2, 4, 3, 4, 0, 5, 4, 6, 0, 5, 7, 3, 3, 2, 2, 3, 3, 3, 0, 2, 7, 2, 1, 0, 4, 7, 6, 4, 1, 4, 4, 6, 4, 6, 5, 0, 5, 5, 7, 0, 5, 0, 0, 6, 0, 6, 0, 0, 6, 6, 0, 7, 4, 7, 6, 4]";"[6, 6, 6, 0, 3, 0, 1, 3, 0, 1, 5, 1, 0, 3, 5, 2, 3, 3, 0, 0, 3, 3, 3, 4, 2, 0, 0, 1, 4, 0, 2, 1, 1, 2, 1, 1, 1, 1, 0, 5, 2, 5, 5, 2, 0, 5, 4, 4, 4, 4, 4, 2, 4, 1, 0, 1, 2, 6, 2, 7, 0]";"[6, 0, 2, 7, 0, 4, 5, 0, 0, 0, 0, 6, 3, 0, 0, 0, 6, 0, 4, 4, 0, 0, 0, 1, 2, 3, 4, 0, 1, 7, 1, 3, 2, 3, 0, 5, 0, 2, 3, 0, 0, 0, 7, 0, 0, 5, 1, 1, 1, 1, 1, 1, 1, 5, 0, 0, 0, 2, 2, 3, 0]"
3;1;"aucs";"pmm_h";8;0.3075;0.2018;0.2443;0.1971;"{'34': 0.26785714285714285, '32': 0.3214285714285714, '28': 0.8333333333333333, '26': 0.41666666666666663, '36': 0.21666666666666667, '37': 0.35416666666666663, '33': 0.17045454545454547, '7': 0.25757575757575757, '35': 0.36184210526315785, '30': 0.16025641025641024, '39': 0.4, '38': 0.5, '12': 0.125}";"{'34': 0.26785714285714285, '32': 0.3214285714285714, '28': 0.7083333333333333, '26': 0.4019607843137255, '36': 0.26785714285714285, '37': 0.3442028985507246, '33': 0.21666666666666667, '7': 0.25757575757575757, '35': 0.4019607843137255, '30': 0.16025641025641024, '39': 0.4, '38': 0.5, '12': 0.125}";"{'34': 0.3977272727272727, '32': 0.3214285714285714, '28': 0.8333333333333333, '26': 0.41666666666666663, '36': 0.21666666666666667, '37': 0.35416666666666663, '33': 0.17045454545454547, '7': 0.25757575757575757, '35': 0.36184210526315785, '30': 0.16025641025641024, '39': 0.4, '38': 0.5, '12': 0.125}";"{'34': 0.26785714285714285, '32': 0.3214285714285714, '28': 0.8333333333333333, '26': 0.41666666666666663, '36': 0.21666666666666667, '37': 0.35416666666666663, '33': 0.2403846153846154, '7': 0.29166666666666663, '35': 0.36184210526315785, '30': 0.21666666666666667, '39': 0.4, '38': 0.5, '12': 0.21666666666666667}";0.0;0.4771166333666334;0.4330128205128205;0.4663461538461538;0.3322155924848365;0.4515363788295176;0.3061871579842881;0.5883475970056309;0.6664742000739843;0.5790409156442413;0.387380935329084;0.5204332583328973;0.4225902097902098;0.6256336132375168;0.70835654025625;0.6615354957088885;0.0015;0.0712;0.0124;"['34', '32', '26', '28', '36', '33', '7', '35', '39', '38', '30', '37', '12']";"[('interD', ('18', '37')), ('interA', ('37', '41')), ('interD', ('31', '35')), ('interD', ('37', '58')), ('intraA', ('28', '34')), ('intraD', ('34', '35')), ('interD', ('15', '26')), ('intraD', ('33', '36'))]";"[('interA', ('25', '34')), ('interA', ('13', '34')), ('interA', ('34', '57')), ('interA', ('34', '44')), ('interA', ('16', '34')), ('interA', ('31', '34')), ('interA', ('34', '41')), ('interA', ('34', '52'))]";"[('interA', ('12', '41')), ('interA', ('33', '58')), ('interA', ('15', '30')), ('interA', ('10', '12')), ('interA', ('2', '33')), ('interA', ('1', '7')), ('interA', ('30', '61')), ('interA', ('12', '42'))]";"[['26', '13', '1', '57', '44', '16', '4', '59', '39', '60', '38', '55'], ['9', '2', '10', '61', '37', '41', '56'], ['3', '22', '58', '14', '18', '23', '17'], ['8', '21', '5', '32', '54', '36', '33', '7', '35', '30', '12'], ['19', '6', '20'], ['43', '46', '42', '15', '11', '40'], ['25', '50', '27', '31', '52', '48', '53', '29', '24', '49', '51', '45', '47'], ['34', '28']]";"[['14', '28', '26', '36', '33', '7', '3', '35', '58', '4', '49', '30', '60', '38', '12'], ['8', '21', '5', '1', '23', '17', '22', '2', '18'], ['25', '34', '57', '44', '16', '31', '41', '52'], ['61', '9', '59', '10', '45', '55', '56'], ['50', '48', '53', '29', '24', '51', '47'], ['43', '46', '11', '42', '15', '40'], ['32', '13', '54', '39', '37'], ['27', '19', '6', '20']]";"[['14', '57', '4', '45', '25', '34', '26', '31', '35', '22', '10', '59', '37', '28', '36', '44', '3', '56', '32', '54', '16', '23', '39', '38'], ['8', '21', '19', '5', '27', '17', '20', '18', '6'], ['50', '52', '48', '53', '29', '24', '49', '51', '47'], ['13', '41', '9', '55', '60', '12'], ['43', '46', '11', '42', '15', '40'], ['58', '2', '33'], ['1', '7'], ['61', '30']]";"[6, 6, 0, 2, 2, 7, 1, 2, 0, 4, 5, 1, 0, 2, 5, 0, 2, 2, 7, 7, 2, 2, 2, 3, 0, 1, 4, 1, 3, 1, 0, 1, 1, 1, 1, 1, 1, 1, 1, 5, 0, 5, 5, 0, 0, 5, 3, 3, 3, 3, 3, 0, 3, 4, 0, 4, 0, 4, 0, 6, 4]";"[0, 1, 2, 0, 3, 4, 3, 3, 1, 1, 5, 3, 0, 2, 5, 0, 2, 2, 4, 4, 3, 2, 2, 6, 6, 0, 6, 7, 6, 3, 6, 3, 3, 7, 3, 3, 1, 0, 0, 5, 1, 5, 5, 0, 6, 5, 6, 6, 6, 6, 6, 6, 6, 3, 0, 1, 0, 2, 0, 0, 1]";"[1, 1, 0, 0, 1, 7, 0, 1, 3, 3, 5, 0, 6, 0, 5, 2, 1, 1, 7, 7, 1, 1, 1, 4, 2, 0, 7, 0, 4, 0, 2, 6, 0, 2, 0, 0, 6, 0, 6, 5, 2, 5, 5, 2, 3, 5, 4, 4, 0, 4, 4, 2, 4, 6, 3, 3, 2, 0, 3, 0, 3]";"[6, 5, 0, 0, 1, 1, 6, 1, 3, 0, 4, 3, 3, 0, 4, 0, 1, 1, 1, 1, 1, 0, 0, 2, 0, 0, 1, 0, 2, 7, 0, 0, 5, 0, 0, 0, 0, 0, 0, 4, 3, 4, 4, 0, 0, 4, 2, 2, 2, 2, 2, 2, 2, 0, 3, 0, 0, 5, 0, 3, 7]"
4;1;"aucs";"pmm_h";8;0.3075;0.2034;0.2552;0.1042;"{'34': 0.26785714285714285, '32': 0.3214285714285714, '28': 0.8333333333333333, '26': 0.41666666666666663, '36': 0.21666666666666667, '37': 0.35416666666666663, '33': 0.17045454545454547, '7': 0.25757575757575757, '35': 0.36184210526315785, '30': 0.16025641025641024, '39': 0.4, '38': 0.5, '12': 0.125}";"{'34': 0.26785714285714285, '32': 0.30833333333333335, '28': 0.7083333333333333, '26': 0.48611111111111116, '36': 0.21666666666666667, '37': 0.35416666666666663, '33': 0.16025641025641024, '7': 0.25757575757575757, '35': 0.3472222222222222, '30': 0.20833333333333331, '39': 0.3446969696969697, '38': 0.45833333333333337, '12': 0.125}";"{'34': 0.3977272727272727, '32': 0.3214285714285714, '28': 0.8333333333333333, '26': 0.41666666666666663, '36': 0.21666666666666667, '37': 0.35416666666666663, '33': 0.17045454545454547, '7': 0.25757575757575757, '35': 0.36184210526315785, '30': 0.16025641025641024, '39': 0.4, '38': 0.5, '12': 0.125}";"{'34': 0.26785714285714285, '32': 0.3214285714285714, '28': 0.8333333333333333, '26': 0.41666666666666663, '36': 0.21666666666666667, '37': 0.35416666666666663, '33': 0.2403846153846154, '7': 0.29166666666666663, '35': 0.36184210526315785, '30': 0.21666666666666667, '39': 0.4, '38': 0.5, '12': 0.21666666666666667}";0.0;0.4613294314381271;0.478021978021978;0.648055119483691;0.2413673492696669;0.4336163041103586;0.1703803103593658;0.544649011768571;0.6691254322561725;0.4185104328322307;0.319935691318328;0.5180774365821095;0.2478010713577144;0.6022969543357745;0.7199243702337637;0.5000082278690843;0.0015;0.0719;0.0122;"['34', '32', '26', '28', '36', '33', '7', '35', '39', '38', '30', '37', '12']";"[('intraD', ('26', '30')), ('interD', ('32', '45')), ('interA', ('33', '9')), ('interA', ('38', '50')), ('intraA', ('38', '39')), ('interD', ('31', '35')), ('intraA', ('28', '33')), ('interA', ('1', '26'))]";"[('interA', ('25', '34')), ('interA', ('13', '34')), ('interA', ('34', '57')), ('interA', ('34', '44')), ('interA', ('16', '34')), ('interA', ('31', '34')), ('interA', ('34', '41')), ('interA', ('34', '52'))]";"[('interA', ('12', '43')), ('interA', ('18', '33')), ('interA', ('14', '30')), ('interA', ('12', '41')), ('interA', ('22', '33')), ('interA', ('60', '7')), ('interA', ('21', '30')), ('interA', ('12', '6'))]";"[['13', '1', '26'], ['43', '46', '41', '11', '2', '42', '15', '55', '60', '40'], ['14', '57', '36', '44', '7', '3', '58', '4', '45', '56', '12', '25', '34', '32', '54', '61', '16', '23', '35', '22', '10', '30', '37'], ['8', '21', '5', '18', '17'], ['27', '19', '6', '20'], ['9', '33', '28'], ['31', '52', '48', '53', '29', '24', '49', '51', '47'], ['39', '38', '50', '59']]";"[['14', '28', '54', '1', '36', '37', '33', '7', '35', '58', '2', '4', '38', '12'], ['50', '48', '53', '29', '24', '49', '51', '47'], ['61', '41', '9', '10', '45', '55', '56'], ['43', '46', '11', '42', '15', '60', '40'], ['25', '32', '26', '13', '23', '30', '39'], ['34', '57', '44', '16', '31', '52', '59'], ['8', '21', '5', '17', '22', '18'], ['19', '27', '3', '20', '6']]";"[['46', '1', '57', '44', '11', '16', '31', '35', '52', '4', '42', '10', '59', '45', '55', '38', '15', '40'], ['25', '19', '34', '28', '26', '36', '3', '9', '48', '2', '58', '20', '49', '37'], ['50', '54', '61', '53', '29', '24', '51', '56', '47'], ['8', '21', '5', '14', '30'], ['43', '27', '41', '6', '12'], ['23', '17', '33', '22', '18'], ['13', '39', '32'], ['60', '7']]";"[6, 6, 0, 2, 2, 7, 1, 2, 0, 4, 5, 1, 0, 2, 5, 0, 2, 2, 7, 7, 2, 2, 2, 3, 0, 1, 4, 1, 3, 1, 0, 1, 1, 1, 1, 1, 1, 1, 1, 5, 0, 5, 5, 0, 0, 5, 3, 3, 3, 3, 3, 0, 3, 4, 0, 4, 0, 4, 0, 6, 4]";"[0, 1, 2, 2, 3, 4, 2, 3, 5, 2, 1, 2, 0, 2, 1, 2, 3, 3, 4, 4, 3, 2, 2, 6, 2, 0, 4, 5, 6, 2, 6, 2, 5, 2, 2, 2, 2, 7, 7, 1, 1, 1, 1, 2, 2, 1, 6, 6, 6, 7, 6, 6, 6, 2, 1, 2, 2, 2, 7, 1, 2]";"[0, 0, 7, 0, 6, 7, 0, 6, 2, 2, 3, 0, 4, 0, 3, 5, 6, 6, 7, 7, 6, 6, 4, 1, 4, 4, 7, 0, 1, 4, 5, 4, 0, 5, 0, 0, 0, 0, 4, 3, 2, 3, 3, 5, 2, 3, 1, 1, 1, 1, 1, 5, 1, 0, 2, 2, 5, 0, 5, 3, 2]";"[0, 1, 1, 0, 3, 4, 7, 3, 1, 0, 0, 4, 6, 3, 0, 0, 5, 5, 1, 1, 3, 5, 5, 2, 1, 1, 4, 1, 2, 3, 0, 6, 5, 1, 0, 1, 1, 0, 6, 0, 4, 0, 4, 0, 0, 0, 2, 1, 1, 2, 2, 0, 2, 2, 0, 2, 0, 1, 0, 7, 2]"
5;1;"aucs";"pmm_h";8;0.3075;0.2257;0.3016;0.1738;"{'34': 0.26785714285714285, '32': 0.3214285714285714, '28': 0.8333333333333333, '26': 0.41666666666666663, '36': 0.21666666666666667, '37': 0.35416666666666663, '33': 0.17045454545454547, '7': 0.25757575757575757, '35': 0.36184210526315785, '30': 0.16025641025641024, '39': 0.4, '38': 0.5, '12': 0.125}";"{'34': 0.26785714285714285, '32': 0.30833333333333335, '28': 0.7083333333333333, '26': 0.4730392156862745, '36': 0.16666666666666666, '37': 0.4076086956521739, '33': 0.17045454545454547, '7': 0.25757575757575757, '35': 0.36184210526315785, '30': 0.16025641025641024, '39': 0.4, '38': 0.53125, '12': 0.16025641025641024}";"{'34': 0.3977272727272727, '32': 0.3214285714285714, '28': 0.8333333333333333, '26': 0.41666666666666663, '36': 0.21666666666666667, '37': 0.35416666666666663, '33': 0.17045454545454547, '7': 0.25757575757575757, '35': 0.36184210526315785, '30': 0.16025641025641024, '39': 0.4, '38': 0.5, '12': 0.125}";"{'34': 0.26785714285714285, '32': 0.3214285714285714, '28': 0.8333333333333333, '26': 0.41666666666666663, '36': 0.21666666666666667, '37': 0.35416666666666663, '33': 0.2403846153846154, '7': 0.29166666666666663, '35': 0.36184210526315785, '30': 0.21666666666666667, '39': 0.4, '38': 0.5, '12': 0.21666666666666667}";0.0;0.4644418081918082;0.3455128205128205;0.5792307692307692;0.3591156896489476;0.465099406535934;0.26828172208049;0.6232370695100482;0.6788927142750989;0.5095767199367175;0.4386155412283678;0.4271806151516244;0.3554026579675852;0.6692082679975132;0.6634330322188943;0.5772775773505167;0.0016;0.0717;0.0132;"['34', '32', '26', '28', '36', '33', '7', '35', '39', '38', '30', '37', '12']";"[('intraA', ('28', '36')), ('interA', ('12', '27')), ('interD', ('32', '47')), ('interA', ('38', '43')), ('interA', ('35', '46')), ('interA', ('38', '47')), ('interD', ('10', '35')), ('intraD', ('26', '37'))]";"[('interA', ('25', '34')), ('interA', ('13', '34')), ('interA', ('34', '57')), ('interA', ('34', '44')), ('interA', ('16', '34')), ('interA', ('31', '34')), ('interA', ('34', '41')), ('interA', ('34', '52'))]";"[('interA', ('12', '46')), ('interA', ('33', '48')), ('interA', ('30', '5')), ('interA', ('1', '12')), ('interA', ('31', '33')), ('interA', ('43', '7')), ('interA', ('30', '46')), ('interA', ('12', '9'))]";"[['43', '46', '1', '57', '11', '31', '41', '35', '2', '42', '15', '55', '38', '40'], ['25', '61', '44', '16', '52', '3', '9', '58', '4', '10', '59', '45', '56'], ['8', '21', '5', '18', '17'], ['27', '19', '6', '20'], ['34', '14', '54', '23', '33', '7', '22', '30', '60', '37', '12'], ['13', '39', '32', '26'], ['50', '48', '53', '29', '24', '49', '51', '47'], ['36', '28']]";"[['43', '19', '46', '1', '27', '11', '2', '42', '20', '15', '6', '40'], ['28', '54', '36', '37', '33', '7', '35', '30', '38', '12'], ['50', '48', '53', '29', '24', '49', '51', '60', '47'], ['25', '14', '52', '3', '58', '4', '59'], ['8', '21', '5', '23', '17', '22', '18'], ['61', '41', '9', '10', '45', '55', '56'], ['34', '57', '44', '16', '31'], ['13', '39', '32', '26']]";"[['25', '19', '34', '32', '26', '13', '28', '3', '2', '20', '45', '39', '37', '55', '6'], ['8', '21', '14', '57', '44', '16', '17', '23', '52', '22', '58', '4', '59', '18'], ['43', '27', '36', '11', '41', '35', '7', '42', '15', '60', '38', '40'], ['50', '54', '53', '29', '24', '49', '51', '47'], ['61', '9', '56', '10'], ['30', '5', '46'], ['48', '31', '33'], ['1', '12']]";"[6, 6, 0, 2, 2, 7, 1, 2, 0, 4, 5, 1, 0, 2, 5, 0, 2, 2, 7, 7, 2, 2, 2, 3, 0, 1, 4, 1, 3, 1, 0, 1, 1, 1, 1, 1, 1, 1, 1, 5, 0, 5, 5, 0, 0, 5, 3, 3, 3, 3, 3, 0, 3, 4, 0, 4, 0, 4, 0, 6, 4]";"[0, 0, 1, 1, 2, 3, 4, 2, 1, 1, 0, 4, 5, 4, 0, 1, 2, 2, 3, 3, 2, 4, 4, 6, 1, 5, 3, 7, 6, 4, 0, 5, 4, 4, 0, 7, 4, 0, 5, 0, 0, 0, 0, 1, 1, 0, 6, 6, 6, 6, 6, 1, 6, 4, 0, 1, 0, 1, 1, 4, 1]";"[0, 0, 3, 3, 4, 0, 1, 4, 5, 5, 0, 1, 7, 3, 0, 6, 4, 4, 0, 0, 4, 4, 4, 2, 3, 7, 0, 1, 2, 1, 6, 7, 1, 6, 1, 1, 1, 1, 7, 0, 5, 0, 0, 6, 5, 0, 2, 2, 2, 2, 2, 3, 2, 1, 5, 5, 6, 3, 3, 2, 5]";"[7, 0, 0, 1, 5, 0, 2, 1, 4, 4, 2, 7, 0, 1, 2, 1, 1, 1, 0, 0, 1, 1, 1, 3, 0, 0, 2, 0, 3, 5, 6, 0, 6, 0, 2, 2, 0, 2, 0, 2, 2, 2, 2, 1, 0, 5, 3, 6, 3, 3, 3, 1, 3, 3, 0, 4, 1, 1, 1, 2, 4]"
6;1;"aucs";"pmm_h";8;0.3075;0.2105;0.2607;0.1428;"{'34': 0.26785714285714285, '32': 0.3214285714285714, '28': 0.8333333333333333, '26': 0.41666666666666663, '36': 0.21666666666666667, '37': 0.35416666666666663, '33': 0.17045454545454547, '7': 0.25757575757575757, '35': 0.36184210526315785, '30': 0.16025641025641024, '39': 0.4, '38': 0.5, '12': 0.125}";"{'34': 0.3205128205128205, '32': 0.3214285714285714, '28': 0.6166666666666667, '26': 0.48611111111111116, '36': 0.21666666666666667, '37': 0.4076086956521739, '33': 0.125, '7': 0.20833333333333331, '35': 0.36184210526315785, '30': 0.16025641025641024, '39': 0.2403846153846154, '38': 0.38541666666666663, '12': 0.125}";"{'34': 0.3977272727272727, '32': 0.3214285714285714, '28': 0.8333333333333333, '26': 0.41666666666666663, '36': 0.21666666666666667, '37': 0.35416666666666663, '33': 0.17045454545454547, '7': 0.25757575757575757, '35': 0.36184210526315785, '30': 0.16025641025641024, '39': 0.4, '38': 0.5, '12': 0.125}";"{'34': 0.26785714285714285, '32': 0.3214285714285714, '28': 0.8333333333333333, '26': 0.41666666666666663, '36': 0.21666666666666667, '37': 0.35416666666666663, '33': 0.2403846153846154, '7': 0.29166666666666663, '35': 0.36184210526315785, '30': 0.21666666666666667, '39': 0.4, '38': 0.5, '12': 0.21666666666666667}";0.0;0.3853632478632478;0.5248168498168497;0.5655128205128206;0.2867398798734762;0.4621734652476514;0.2227711466108927;0.5541279060848551;0.6677552296665957;0.5169697837941487;0.2293862564492134;0.5768362540287328;0.3381261497473199;0.5008703891229416;0.7502713807832981;0.6051408077703028;0.0023;0.0724;0.014;"['34', '32', '26', '28', '36', '33', '7', '35', '39', '38', '30', '37', '12']";"[('intraA', ('38', '39')), ('intraA', ('39', '7')), ('interA', ('26', '55')), ('intraA', ('28', '38')), ('intraA', ('28', '33')), ('intraD', ('26', '37')), ('intraA', ('35', '39')), ('intraD', ('34', '35'))]";"[('interA', ('25', '34')), ('interA', ('13', '34')), ('interA', ('34', '57')), ('interA', ('34', '44')), ('interA', ('16', '34')), ('interA', ('31', '34')), ('interA', ('34', '41')), ('interA', ('34', '52'))]";"[('interA', ('12', '48')), ('interA', ('10', '33')), ('interA', ('16', '30')), ('interA', ('12', '43')), ('interA', ('33', '45')), ('interA', ('7', '8')), ('interA', ('17', '30')), ('interA', ('12', '13'))]";"[['50', '1', '48', '53', '29', '24', '51', '47'], ['3', '25', '2', '19', '20', '6'], ['43', '46', '54', '27', '57', '11', '16', '31', '52', '4', '42', '59', '15', '40'], ['8', '21', '18', '5'], ['32', '13', '36', '7', '35', '39', '30', '37', '12'], ['34', '14', '61', '44', '23', '17', '41', '9', '22', '58', '10', '49', '45', '60', '56'], ['55', '26'], ['38', '33', '28']]";"[['14', '26', '1', '36', '37', '33', '35', '58', '4', '30', '60', '38', '12'], ['43', '46', '11', '7', '2', '42', '15', '40'], ['25', '34', '57', '44', '16', '31', '41', '52'], ['50', '48', '53', '29', '24', '49', '51', '47'], ['19', '27', '3', '9', '20', '59', '6'], ['8', '21', '5', '23', '17', '22', '18'], ['28', '54', '61', '10', '45', '55', '56'], ['13', '39', '32']]";"[['14', '57', '9', '4', '49', '25', '34', '26', '31', '35', '52', '22', '59', '37', '36', '3', '58', '60', '18', '54', '61', '23', '41', '39', '55', '38'], ['43', '46', '11', '2', '42', '15', '40'], ['50', '48', '53', '29', '24', '51', '47'], ['32', '28', '13', '1', '12'], ['44', '33', '10', '45', '56'], ['8', '21', '5', '7'], ['27', '19', '6', '20'], ['30', '16', '17']]";"[6, 6, 0, 2, 2, 7, 1, 2, 0, 4, 5, 1, 0, 2, 5, 0, 2, 2, 7, 7, 2, 2, 2, 3, 0, 1, 4, 1, 3, 1, 0, 1, 1, 1, 1, 1, 1, 1, 1, 5, 0, 5, 5, 0, 0, 5, 3, 3, 3, 3, 3, 0, 3, 4, 0, 4, 0, 4, 0, 6, 4]";"[0, 1, 1, 2, 3, 1, 4, 3, 5, 5, 2, 4, 4, 5, 2, 2, 5, 3, 1, 1, 3, 5, 5, 0, 1, 6, 2, 7, 0, 4, 2, 4, 7, 5, 4, 4, 4, 7, 4, 2, 5, 2, 2, 5, 5, 2, 0, 0, 5, 0, 0, 2, 0, 2, 6, 5, 2, 5, 2, 5, 5]";"[0, 1, 4, 0, 5, 4, 1, 5, 4, 6, 1, 0, 7, 0, 1, 2, 5, 5, 4, 4, 5, 5, 5, 3, 2, 0, 4, 6, 3, 0, 2, 7, 0, 2, 0, 0, 0, 0, 7, 1, 2, 1, 1, 2, 6, 1, 3, 3, 3, 3, 3, 2, 3, 6, 6, 6, 2, 0, 4, 0, 6]";"[3, 1, 0, 0, 5, 6, 5, 5, 0, 4, 1, 3, 3, 0, 1, 7, 7, 0, 6, 6, 5, 0, 0, 2, 0, 0, 6, 3, 2, 7, 0, 3, 4, 0, 0, 0, 0, 0, 0, 1, 0, 1, 1, 4, 4, 1, 2, 2, 0, 2, 2, 0, 2, 0, 0, 4, 0, 0, 0, 0, 0]"
7;1;"aucs";"pmm_h";8;0.3075;0.1676;0.182;0.1804;"{'34': 0.26785714285714285, '32': 0.3214285714285714, '28': 0.8333333333333333, '26': 0.41666666666666663, '36': 0.21666666666666667, '37': 0.35416666666666663, '33': 0.17045454545454547, '7': 0.25757575757575757, '35': 0.36184210526315785, '30': 0.16025641025641024, '39': 0.4, '38': 0.5, '12': 0.125}";"{'34': 0.26785714285714285, '32': 0.375, '28': 0.8333333333333333, '26': 0.41666666666666663, '36': 0.21666666666666667, '37': 0.35416666666666663, '33': 0.125, '7': 0.25757575757575757, '35': 0.293859649122807, '30': 0.20833333333333331, '39': 0.2403846153846154, '38': 0.4226190476190476, '12': 0.19047619047619047}";"{'34': 0.3977272727272727, '32': 0.3214285714285714, '28': 0.8333333333333333, '26': 0.41666666666666663, '36': 0.21666666666666667, '37': 0.35416666666666663, '33': 0.17045454545454547, '7': 0.25757575757575757, '35': 0.36184210526315785, '30': 0.16025641025641024, '39': 0.4, '38': 0.5, '12': 0.125}";"{'34': 0.26785714285714285, '32': 0.3214285714285714, '28': 0.8333333333333333, '26': 0.41666666666666663, '36': 0.21666666666666667, '37': 0.35416666666666663, '33': 0.2403846153846154, '7': 0.29166666666666663, '35': 0.36184210526315785, '30': 0.21666666666666667, '39': 0.4, '38': 0.5, '12': 0.21666666666666667}";0.0;0.499866452991453;0.565491452991453;0.6023115773115773;0.2716706072423135;0.3062891042806344;0.3587793380068452;0.5524171018150126;0.5611632847774675;0.5783495253996006;0.326792236625367;0.363768134208901;0.4953376660073467;0.5756409358915338;0.6175299659688045;0.6808892575748174;0.0019;0.0705;0.012;"['34', '32', '26', '28', '36', '33', '7', '35', '39', '38', '30', '37', '12']";"[('intraA', ('38', '39')), ('interD', ('14', '38')), ('interA', ('10', '12')), ('intraA', ('35', '39')), ('intraA', ('33', '39')), ('interD', ('10', '35')), ('interA', ('12', '59')), ('intraD', ('30', '32'))]";"[('interA', ('25', '34')), ('interA', ('13', '34')), ('interA', ('34', '57')), ('interA', ('34', '44')), ('interA', ('16', '34')), ('interA', ('31', '34')), ('interA', ('34', '41')), ('interA', ('34', '52'))]";"[('interA', ('12', '49')), ('interA', ('18', '33')), ('interA', ('30', '8')), ('interA', ('12', '54')), ('interA', ('1', '33')), ('interA', ('2', '7')), ('interA', ('21', '30')), ('interA', ('1', '12'))]";"[['50', '54', '1', '53', '29', '24', '51', '47'], ['57', '44', '16', '2', '10', '59', '56', '12'], ['14', '27', '36', '7', '3', '58', '4', '49', '60', '25', '34', '32', '26', '31', '52', '48', '30', '37'], ['8', '21', '22', '5', '18', '23', '17'], ['19', '6', '20'], ['61', '9', '28'], ['43', '45', '46', '13', '41', '11', '42', '15', '55', '40'], ['39', '38', '33', '35']]";"[['12', '1', '36', '33', '35', '7', '2', '42', '15', '30', '38', '40'], ['25', '28', '61', '41', '31', '52', '3', '9', '58', '4', '49', '45'], ['14', '54', '23', '22', '10', '55', '60', '37', '56'], ['43', '34', '46', '57', '44', '16', '11', '59'], ['50', '48', '53', '29', '24', '51', '47'], ['8', '21', '5', '17', '18'], ['27', '19', '6', '20'], ['13', '39', '32', '26']]";"[['25', '34', '61', '27', '36', '16', '44', '57', '52', '9', '10', '59', '45', '37', '56'], ['8', '21', '5', '14', '23', '17', '3', '22', '58', '4', '30'], ['19', '32', '28', '13', '26', '31', '35', '20', '39', '38', '6'], ['43', '46', '11', '41', '42', '15', '55', '60', '40'], ['50', '48', '53', '29', '24', '51', '47'], ['1', '18', '33'], ['54', '49', '12'], ['2', '7']]";"[6, 6, 0, 2, 2, 7, 1, 2, 0, 4, 5, 1, 0, 2, 5, 0, 2, 2, 7, 7, 2, 2, 2, 3, 0, 1, 4, 1, 3, 1, 0, 1, 1, 1, 1, 1, 1, 1, 1, 5, 0, 5, 5, 0, 0, 5, 3, 3, 3, 3, 3, 0, 3, 4, 0, 4, 0, 4, 0, 6, 4]";"[0, 1, 2, 2, 3, 4, 2, 3, 5, 1, 6, 1, 6, 2, 6, 1, 3, 3, 4, 4, 3, 3, 3, 0, 2, 2, 2, 5, 0, 2, 2, 2, 7, 2, 7, 2, 2, 7, 7, 6, 6, 6, 6, 1, 6, 6, 0, 2, 2, 0, 0, 2, 0, 0, 6, 1, 1, 2, 1, 2, 5]";"[0, 0, 1, 1, 5, 6, 0, 5, 1, 2, 3, 0, 7, 2, 0, 3, 5, 5, 6, 6, 5, 2, 2, 4, 1, 7, 6, 1, 4, 0, 1, 7, 0, 3, 0, 0, 2, 0, 7, 0, 1, 0, 3, 3, 1, 3, 4, 4, 1, 4, 4, 1, 4, 2, 2, 2, 3, 1, 3, 2, 1]";"[5, 7, 1, 1, 1, 2, 7, 1, 0, 0, 3, 6, 2, 1, 3, 0, 1, 5, 2, 2, 1, 1, 1, 4, 0, 2, 0, 2, 4, 1, 2, 2, 5, 0, 2, 0, 0, 2, 2, 3, 3, 3, 3, 0, 0, 3, 4, 4, 6, 4, 4, 0, 4, 6, 3, 0, 0, 1, 0, 3, 0]"
8;1;"aucs";"pmm_h";8;0.3075;0.1896;0.2581;0.1791;"{'34': 0.26785714285714285, '32': 0.3214285714285714, '28': 0.8333333333333333, '26': 0.41666666666666663, '36': 0.21666666666666667, '37': 0.35416666666666663, '33': 0.17045454545454547, '7': 0.25757575757575757, '35': 0.36184210526315785, '30': 0.16025641025641024, '39': 0.4, '38': 0.5, '12': 0.125}";"{'34': 0.26785714285714285, '32': 0.3869047619047619, '28': 0.7083333333333333, '26': 0.4298245614035088, '36': 0.26785714285714285, '37': 0.3442028985507246, '33': 0.17045454545454547, '7': 0.20833333333333331, '35': 0.36184210526315785, '30': 0.19047619047619047, '39': 0.4, '38': 0.5, '12': 0.125}";"{'34': 0.3977272727272727, '32': 0.3214285714285714, '28': 0.8333333333333333, '26': 0.41666666666666663, '36': 0.21666666666666667, '37': 0.35416666666666663, '33': 0.17045454545454547, '7': 0.25757575757575757, '35': 0.36184210526315785, '30': 0.16025641025641024, '39': 0.4, '38': 0.5, '12': 0.125}";"{'34': 0.26785714285714285, '32': 0.3214285714285714, '28': 0.8333333333333333, '26': 0.41666666666666663, '36': 0.21666666666666667, '37': 0.35416666666666663, '33': 0.2403846153846154, '7': 0.29166666666666663, '35': 0.36184210526315785, '30': 0.21666666666666667, '39': 0.4, '38': 0.5, '12': 0.21666666666666667}";0.0;0.4338942307692308;0.4911668192918192;0.5886797026502909;0.3670518058096694;0.4254923365109305;0.2298473051974785;0.5951618745305478;0.6318956264236792;0.4925339846710843;0.3803326843597363;0.4418434170657804;0.2740351509116142;0.5919501449426573;0.6533477731551842;0.5137445391216047;0.0015;0.0726;0.0135;"['34', '32', '26', '28', '36', '33', '7', '35', '39', '38', '30', '37', '12']";"[('interA', ('26', '55')), ('interD', ('26', '45')), ('interA', ('26', '47')), ('interA', ('30', '42')), ('intraA', ('28', '7')), ('interD', ('3', '37')), ('intraD', ('32', '36')), ('interA', ('32', '61'))]";"[('interA', ('25', '34')), ('interA', ('13', '34')), ('interA', ('34', '57')), ('interA', ('34', '44')), ('interA', ('16', '34')), ('interA', ('31', '34')), ('interA', ('34', '41')), ('interA', ('34', '52'))]";"[('interA', ('12', '3')), ('interA', ('22', '33')), ('interA', ('17', '30')), ('interA', ('12', '56')), ('interA', ('33', '42')), ('interA', ('1', '7')), ('interA', ('30', '42')), ('interA', ('12', '6'))]";"[['43', '46', '54', '1', '57', '44', '16', '11', '31', '52', '4', '10', '45', '56'], ['2', '42', '13', '30', '15', '40'], ['25', '26', '36', '3', '58', '59', '55', '60', '38'], ['8', '21', '5', '14', '23', '17', '41', '9', '22', '18'], ['27', '19', '6', '20'], ['28', '7'], ['34', '32', '61', '33', '35', '39', '37', '12'], ['50', '48', '53', '29', '24', '49', '51', '47']]";"[['50', '54', '48', '3', '29', '24', '2', '4', '49', '51', '53', '58', '47'], ['14', '36', '37', '33', '35', '7', '30', '38', '12'], ['43', '46', '1', '11', '23', '42', '15', '40'], ['25', '34', '57', '44', '16', '31', '52', '59'], ['32', '26', '13', '41', '39', '60', '55'], ['8', '21', '5', '17', '22', '18'], ['28', '61', '9', '10', '45', '56'], ['27', '19', '6', '20']]";"[['25', '19', '14', '28', '26', '27', '16', '31', '35', '22', '58', '2', '4', '20', '59', '60', '38'], ['43', '46', '61', '13', '44', '11', '41', '9', '10', '45', '55', '15', '40'], ['50', '54', '57', '52', '48', '53', '29', '24', '49', '51', '47'], ['8', '21', '5', '23', '17', '30', '18'], ['34', '32', '36', '39', '37'], ['3', '56', '6', '12'], ['1', '7'], ['42', '33']]";"[6, 6, 0, 2, 2, 7, 1, 2, 0, 4, 5, 1, 0, 2, 5, 0, 2, 2, 7, 7, 2, 2, 2, 3, 0, 1, 4, 1, 3, 1, 0, 1, 1, 1, 1, 1, 1, 1, 1, 5, 0, 5, 5, 0, 0, 5, 3, 3, 3, 3, 3, 0, 3, 4, 0, 4, 0, 4, 0, 6, 4]";"[0, 1, 2, 0, 3, 4, 5, 3, 3, 0, 0, 6, 1, 3, 1, 0, 3, 3, 4, 4, 3, 3, 3, 7, 2, 2, 4, 5, 7, 1, 0, 6, 6, 6, 6, 2, 6, 2, 6, 1, 3, 1, 0, 0, 0, 0, 7, 7, 7, 7, 7, 0, 7, 0, 2, 0, 0, 2, 2, 2, 6]";"[2, 0, 0, 0, 5, 7, 1, 5, 6, 6, 2, 1, 4, 1, 2, 3, 5, 5, 7, 7, 5, 5, 2, 0, 3, 4, 7, 6, 0, 1, 3, 4, 1, 3, 1, 1, 1, 1, 4, 2, 4, 2, 2, 3, 6, 2, 0, 0, 0, 0, 0, 3, 0, 0, 4, 6, 3, 0, 3, 4, 6]";"[6, 0, 5, 0, 3, 5, 6, 3, 1, 1, 1, 5, 1, 0, 1, 0, 3, 3, 0, 0, 3, 0, 3, 2, 0, 0, 0, 0, 2, 3, 0, 4, 7, 4, 0, 4, 4, 0, 4, 1, 1, 7, 1, 1, 1, 1, 2, 2, 2, 2, 2, 2, 2, 2, 1, 5, 2, 0, 0, 0, 1]"
9;1;"aucs";"pmm_h";8;0.3075;0.1989;0.2752;0.1499;"{'34': 0.26785714285714285, '32': 0.3214285714285714, '28': 0.8333333333333333, '26': 0.41666666666666663, '36': 0.21666666666666667, '37': 0.35416666666666663, '33': 0.17045454545454547, '7': 0.25757575757575757, '35': 0.36184210526315785, '30': 0.16025641025641024, '39': 0.4, '38': 0.5, '12': 0.125}";"{'34': 0.29166666666666663, '32': 0.3214285714285714, '28': 0.6166666666666667, '26': 0.41666666666666663, '36': 0.23958333333333331, '37': 0.2807971014492754, '33': 0.17045454545454547, '7': 0.25757575757575757, '35': 0.30833333333333335, '30': 0.19047619047619047, '39': 0.4, '38': 0.4807692307692308, '12': 0.125}";"{'34': 0.3977272727272727, '32': 0.3214285714285714, '28': 0.8333333333333333, '26': 0.41666666666666663, '36': 0.21666666666666667, '37': 0.35416666666666663, '33': 0.17045454545454547, '7': 0.25757575757575757, '35': 0.36184210526315785, '30': 0.16025641025641024, '39': 0.4, '38': 0.5, '12': 0.125}";"{'34': 0.26785714285714285, '32': 0.3214285714285714, '28': 0.8333333333333333, '26': 0.41666666666666663, '36': 0.21666666666666667, '37': 0.35416666666666663, '33': 0.2403846153846154, '7': 0.29166666666666663, '35': 0.36184210526315785, '30': 0.21666666666666667, '39': 0.4, '38': 0.5, '12': 0.21666666666666667}";0.0;0.614559052059052;0.5463553113553113;0.532257326007326;0.2249842789491921;0.464347871947682;0.2053391171495607;0.4924547301514804;0.6516379261557305;0.4689837910823603;0.3421389847215377;0.5725301522441179;0.2565217391304348;0.5771086958667501;0.73143388851535;0.5217781206648424;0.0016;0.0725;0.0122;"['34', '32', '26', '28', '36', '33', '7', '35', '39', '38', '30', '37', '12']";"[('interA', ('23', '34')), ('intraA', ('28', '35')), ('intraA', ('28', '37')), ('interD', ('31', '38')), ('interD', ('15', '37')), ('interD', ('29', '37')), ('interA', ('36', '5')), ('interA', ('30', '51'))]";"[('interA', ('25', '34')), ('interA', ('13', '34')), ('interA', ('34', '57')), ('interA', ('34', '44')), ('interA', ('16', '34')), ('interA', ('31', '34')), ('interA', ('34', '41')), ('interA', ('34', '52'))]";"[('interA', ('12', '18')), ('interA', ('33', '55')), ('interA', ('30', '55')), ('interA', ('12', '48')), ('interA', ('33', '54')), ('interA', ('45', '7')), ('interA', ('30', '58')), ('interA', ('12', '55'))]";"[['13', '7', '3', '9', '2', '45', '56', '12', '43', '46', '32', '26', '61', '1', '11', '41', '33', '39', '42', '15', '55', '40'], ['57', '44', '16', '31', '52', '4', '10', '59', '38'], ['8', '21', '25', '5', '54', '36', '17', '60', '18'], ['27', '19', '6', '20'], ['58', '23', '34', '14'], ['22'], ['50', '48', '53', '29', '24', '49', '51', '30', '47'], ['35', '37', '28']]";"[['14', '26', '1', '36', '33', '7', '3', '35', '4', '30', '38', '12'], ['50', '48', '53', '29', '24', '58', '49', '51', '47'], ['28', '61', '41', '9', '10', '45', '55', '56'], ['25', '34', '57', '44', '16', '31', '52', '59'], ['8', '21', '5', '23', '17', '22', '18'], ['43', '46', '11', '42', '15', '37', '40'], ['19', '27', '2', '20', '6'], ['32', '13', '54', '39', '60']]";"[['25', '32', '28', '14', '26', '36', '23', '17', '37', '3', '22', '49', '59', '39', '60', '38'], ['34', '61', '1', '57', '44', '16', '31', '7', '35', '52', '4', '10', '45', '56'], ['43', '46', '13', '27', '11', '41', '9', '2', '42', '15', '55', '40'], ['8', '21', '19', '5', '20', '6'], ['50', '53', '29', '24', '51', '47'], ['48', '18', '12'], ['58', '30'], ['54', '33']]";"[6, 6, 0, 2, 2, 7, 1, 2, 0, 4, 5, 1, 0, 2, 5, 0, 2, 2, 7, 7, 2, 2, 2, 3, 0, 1, 4, 1, 3, 1, 0, 1, 1, 1, 1, 1, 1, 1, 1, 5, 0, 5, 5, 0, 0, 5, 3, 3, 3, 3, 3, 0, 3, 4, 0, 4, 0, 4, 0, 6, 4]";"[0, 0, 0, 1, 2, 3, 0, 2, 0, 1, 0, 0, 0, 4, 0, 1, 2, 2, 3, 3, 2, 5, 4, 6, 2, 0, 3, 7, 6, 6, 1, 0, 0, 4, 7, 2, 7, 1, 0, 0, 0, 0, 0, 1, 0, 0, 6, 6, 6, 6, 6, 1, 6, 2, 0, 0, 1, 4, 1, 2, 0]";"[0, 6, 0, 0, 4, 6, 0, 4, 2, 2, 5, 0, 7, 0, 5, 3, 4, 4, 6, 6, 4, 4, 4, 1, 3, 0, 6, 2, 1, 0, 3, 7, 0, 3, 0, 0, 5, 0, 7, 5, 2, 5, 5, 3, 2, 5, 1, 1, 1, 1, 1, 3, 1, 7, 2, 2, 3, 1, 3, 7, 2]";"[1, 2, 0, 1, 3, 3, 1, 3, 2, 1, 2, 5, 2, 0, 2, 1, 0, 5, 3, 3, 3, 0, 0, 4, 0, 0, 2, 0, 4, 6, 1, 0, 7, 1, 1, 0, 0, 0, 0, 2, 2, 2, 2, 1, 1, 2, 4, 5, 0, 4, 4, 1, 4, 7, 2, 1, 1, 6, 0, 0, 1]"
10;1;"aucs";"pmm_h";8;0.3075;0.2585;0.2481;0.2109;"{'34': 0.26785714285714285, '32': 0.3214285714285714, '28': 0.8333333333333333, '26': 0.41666666666666663, '36': 0.21666666666666667, '37': 0.35416666666666663, '33': 0.17045454545454547, '7': 0.25757575757575757, '35': 0.36184210526315785, '30': 0.16025641025641024, '39': 0.4, '38': 0.5, '12': 0.125}";"{'34': 0.26785714285714285, '32': 0.30833333333333335, '28': 0.7083333333333333, '26': 0.41666666666666663, '36': 0.21666666666666667, '37': 0.3333333333333333, '33': 0.17045454545454547, '7': 0.30833333333333335, '35': 0.36184210526315785, '30': 0.16025641025641024, '39': 0.4, '38': 0.4807692307692308, '12': 0.125}";"{'34': 0.3977272727272727, '32': 0.3214285714285714, '28': 0.8333333333333333, '26': 0.41666666666666663, '36': 0.21666666666666667, '37': 0.35416666666666663, '33': 0.17045454545454547, '7': 0.25757575757575757, '35': 0.36184210526315785, '30': 0.16025641025641024, '39': 0.4, '38': 0.5, '12': 0.125}";"{'34': 0.26785714285714285, '32': 0.3214285714285714, '28': 0.8333333333333333, '26': 0.41666666666666663, '36': 0.21666666666666667, '37': 0.35416666666666663, '33': 0.2403846153846154, '7': 0.29166666666666663, '35': 0.36184210526315785, '30': 0.21666666666666667, '39': 0.4, '38': 0.5, '12': 0.21666666666666667}";0.0;0.2163461538461538;0.4310096153846153;0.555429599640126;0.4976315370409543;0.5397957303561024;0.3072765831300025;0.6855694526877534;0.7206657554945323;0.5652775903883737;0.4822181905615423;0.5130430778440357;0.4396214061728253;0.6536127103480364;0.7245386953459185;0.6528386750764631;0.0015;0.0738;0.0131;"['34', '32', '26', '28', '36', '33', '7', '35', '39', '38', '30', '37', '12']";"[('interD', ('29', '38')), ('interD', ('14', '37')), ('interD', ('18', '37')), ('interD', ('38', '59')), ('intraD', ('35', '7')), ('interD', ('15', '32')), ('interA', ('38', '42')), ('intraA', ('28', '35'))]";"[('interA', ('25', '34')), ('interA', ('13', '34')), ('interA', ('34', '57')), ('interA', ('34', '44')), ('interA', ('16', '34')), ('interA', ('31', '34')), ('interA', ('34', '41')), ('interA', ('34', '52'))]";"[('interA', ('12', '40')), ('interA', ('29', '33')), ('interA', ('3', '30')), ('interA', ('12', '4')), ('interA', ('33', '9')), ('interA', ('20', '7')), ('interA', ('2', '30')), ('interA', ('12', '56'))]";"[['57', '44', '9', '45', '56', '25', '61', '1', '16', '31', '41', '52', '10', '59', '15', '55', '40'], ['8', '21', '5', '23', '17', '22', '2', '18'], ['3', '58', '4', '14', '27'], ['19', '6', '20'], ['34', '32', '26', '13', '36', '7', '39', '49', '30', '60', '37', '12'], ['43', '11', '42', '46'], ['50', '54', '48', '53', '29', '24', '51', '47'], ['35', '38', '33', '28']]";"[['8', '21', '5', '14', '54', '23', '17', '3', '22', '58', '59', '45', '55', '18'], ['32', '36', '37', '33', '35', '7', '30', '39', '38', '12'], ['43', '46', '26', '13', '11', '9', '42', '15', '60', '40'], ['25', '34', '57', '44', '16', '31', '41', '52'], ['50', '48', '53', '29', '24', '49', '51', '47'], ['61', '27', '2', '10', '56'], ['19', '6', '20', '28'], ['1', '4']]";"[['14', '57', '45', '12', '25', '34', '35', '52', '10', '59', '36', '44', '7', '60', '56', '54', '61', '16', '38'], ['50', '31', '41', '48', '53', '29', '24', '49', '51', '55', '47'], ['19', '28', '26', '27', '3', '58', '4', '20', '6'], ['8', '21', '5', '23', '17', '22', '18'], ['43', '46', '11', '42', '15', '40'], ['32', '13', '1', '39', '37'], ['30', '2'], ['9', '33']]";"[6, 6, 0, 2, 2, 7, 1, 2, 0, 4, 5, 1, 0, 2, 5, 0, 2, 2, 7, 7, 2, 2, 2, 3, 0, 1, 4, 1, 3, 1, 0, 1, 1, 1, 1, 1, 1, 1, 1, 5, 0, 5, 5, 0, 0, 5, 3, 3, 3, 3, 3, 0, 3, 4, 0, 4, 0, 4, 0, 6, 4]";"[0, 1, 2, 2, 1, 3, 4, 1, 0, 0, 5, 4, 4, 2, 0, 0, 1, 1, 3, 3, 1, 1, 1, 6, 0, 4, 2, 7, 6, 4, 0, 4, 7, 4, 7, 4, 4, 7, 4, 0, 0, 5, 5, 0, 0, 5, 6, 6, 4, 6, 6, 0, 6, 6, 0, 0, 0, 2, 0, 4, 0]";"[7, 5, 0, 7, 0, 6, 1, 0, 2, 5, 2, 1, 2, 0, 2, 3, 0, 0, 6, 6, 0, 0, 0, 4, 3, 2, 5, 6, 4, 1, 3, 1, 1, 3, 1, 1, 1, 1, 1, 2, 3, 2, 2, 3, 0, 2, 4, 4, 4, 4, 4, 3, 4, 0, 0, 5, 3, 0, 0, 2, 5]";"[5, 6, 2, 2, 3, 2, 0, 3, 7, 0, 4, 0, 5, 0, 4, 0, 3, 3, 2, 2, 3, 3, 3, 1, 0, 2, 2, 2, 1, 6, 1, 5, 7, 0, 0, 0, 5, 0, 5, 4, 1, 4, 4, 0, 0, 4, 1, 1, 1, 1, 1, 0, 1, 0, 1, 0, 0, 2, 0, 0, 0]"
11;1;"aucs";"pmm_h";8;0.3075;0.2116;0.2722;0.1655;"{'34': 0.26785714285714285, '32': 0.3214285714285714, '28': 0.8333333333333333, '26': 0.41666666666666663, '36': 0.21666666666666667, '37': 0.35416666666666663, '33': 0.17045454545454547, '7': 0.25757575757575757, '35': 0.36184210526315785, '30': 0.16025641025641024, '39': 0.4, '38': 0.5, '12': 0.125}";"{'34': 0.21666666666666667, '32': 0.3214285714285714, '28': 0.8333333333333333, '26': 0.41666666666666663, '36': 0.26785714285714285, '37': 0.4076086956521739, '33': 0.29166666666666663, '7': 0.21666666666666667, '35': 0.45833333333333337, '30': 0.20833333333333331, '39': 0.4, '38': 0.44166666666666665, '12': 0.125}";"{'34': 0.3977272727272727, '32': 0.3214285714285714, '28': 0.8333333333333333, '26': 0.41666666666666663, '36': 0.21666666666666667, '37': 0.35416666666666663, '33': 0.17045454545454547, '7': 0.25757575757575757, '35': 0.36184210526315785, '30': 0.16025641025641024, '39': 0.4, '38': 0.5, '12': 0.125}";"{'34': 0.26785714285714285, '32': 0.3214285714285714, '28': 0.8333333333333333, '26': 0.41666666666666663, '36': 0.21666666666666667, '37': 0.35416666666666663, '33': 0.2403846153846154, '7': 0.29166666666666663, '35': 0.36184210526315785, '30': 0.21666666666666667, '39': 0.4, '38': 0.5, '12': 0.21666666666666667}";0.0;0.5656322843822843;0.4471688034188034;0.6694943944943945;0.2923649198609452;0.5351282908505076;0.1845377208563148;0.556913671360436;0.7025985560253843;0.453183072211545;0.3811212902237987;0.571934558947546;0.2639276321032916;0.6217967750453013;0.7130541564113022;0.5301575993548743;0.0017;0.0713;0.0129;"['34', '32', '26', '28', '36', '33', '7', '35', '39', '38', '30', '37', '12']";"[('intraD', ('30', '36')), ('interD', ('29', '35')), ('interD', ('14', '7')), ('intraA', ('34', '38')), ('interA', ('33', '61')), ('interA', ('33', '8')), ('intraD', ('35', '37')), ('intraD', ('33', '35'))]";"[('interA', ('25', '34')), ('interA', ('13', '34')), ('interA', ('34', '57')), ('interA', ('34', '44')), ('interA', ('16', '34')), ('interA', ('31', '34')), ('interA', ('34', '41')), ('interA', ('34', '52'))]";"[('interA', ('10', '12')), ('interA', ('11', '33')), ('interA', ('30', '43')), ('interA', ('12', '42')), ('interA', ('31', '33')), ('interA', ('42', '7')), ('interA', ('30', '45')), ('interA', ('12', '15'))]";"[['1', '31', '7', '35', '48', '58', '4', '49', '30'], ['8', '43', '46', '11', '3', '2', '42', '15', '60', '40'], ['21', '22', '5', '18', '23', '17'], ['25', '19', '34', '14', '28', '54', '27', '20', '10', '38', '6', '56'], ['32', '26', '13', '36', '41', '9', '45', '39', '37', '55', '12'], ['59', '57', '44', '16', '52'], ['53', '29', '24', '50', '51', '47'], ['61', '33']]";"[['14', '28', '61', '3', '9', '58', '2', '10', '45', '56'], ['50', '1', '48', '53', '29', '24', '49', '51', '47'], ['8', '21', '5', '23', '17', '22', '4', '60', '18'], ['25', '34', '57', '44', '16', '31', '41', '52', '59'], ['36', '37', '33', '7', '35', '30', '38', '12'], ['43', '46', '54', '11', '42', '15', '55', '40'], ['27', '19', '6', '20'], ['13', '39', '32', '26']]";"[['14', '57', '4', '12', '25', '46', '35', '52', '10', '59', '15', '37', '36', '44', '3', '58', '2', '60', '56', '54', '16', '40'], ['50', '61', '41', '7', '48', '9', '29', '24', '53', '42', '49', '51', '55', '47'], ['8', '21', '5', '23', '17', '22', '18'], ['34', '32', '26', '13', '45', '39'], ['19', '28', '27', '20', '6'], ['31', '38', '11', '33'], ['43', '30'], ['1']]";"[6, 6, 0, 2, 2, 7, 1, 2, 0, 4, 5, 1, 0, 2, 5, 0, 2, 2, 7, 7, 2, 2, 2, 3, 0, 1, 4, 1, 3, 1, 0, 1, 1, 1, 1, 1, 1, 1, 1, 5, 0, 5, 5, 0, 0, 5, 3, 3, 3, 3, 3, 0, 3, 4, 0, 4, 0, 4, 0, 6, 4]";"[0, 1, 1, 0, 2, 3, 0, 1, 4, 3, 1, 4, 4, 3, 1, 5, 2, 2, 3, 3, 2, 2, 2, 6, 3, 4, 3, 3, 6, 0, 0, 4, 7, 3, 0, 4, 4, 3, 4, 1, 4, 1, 1, 5, 4, 1, 6, 0, 0, 6, 6, 5, 6, 3, 4, 3, 5, 0, 5, 1, 7]";"[1, 0, 0, 2, 2, 6, 4, 2, 0, 0, 5, 4, 7, 0, 5, 3, 2, 2, 6, 6, 2, 2, 2, 1, 3, 7, 6, 0, 1, 4, 3, 7, 4, 3, 4, 4, 4, 4, 7, 5, 3, 5, 5, 3, 0, 5, 1, 1, 1, 1, 1, 3, 1, 5, 5, 0, 3, 0, 3, 2, 0]";"[7, 0, 0, 0, 2, 4, 1, 2, 1, 0, 5, 0, 3, 0, 0, 0, 2, 2, 4, 4, 2, 2, 2, 1, 0, 3, 4, 4, 1, 6, 5, 3, 5, 3, 0, 0, 0, 5, 3, 0, 1, 1, 6, 0, 3, 0, 1, 1, 1, 1, 1, 0, 1, 0, 1, 0, 0, 0, 0, 0, 1]"
12;1;"aucs";"pmm_h";8;0.3075;0.1439;0.223;0.1461;"{'34': 0.26785714285714285, '32': 0.3214285714285714, '28': 0.8333333333333333, '26': 0.41666666666666663, '36': 0.21666666666666667, '37': 0.35416666666666663, '33': 0.17045454545454547, '7': 0.25757575757575757, '35': 0.36184210526315785, '30': 0.16025641025641024, '39': 0.4, '38': 0.5, '12': 0.125}";"{'34': 0.21666666666666667, '32': 0.30833333333333335, '28': 0.6166666666666667, '26': 0.36184210526315785, '36': 0.21666666666666667, '37': 0.35416666666666663, '33': 0.21666666666666667, '7': 0.29166666666666663, '35': 0.36184210526315785, '30': 0.08012820512820512, '39': 0.3446969696969697, '38': 0.44166666666666665, '12': 0.125}";"{'34': 0.3977272727272727, '32': 0.3214285714285714, '28': 0.8333333333333333, '26': 0.41666666666666663, '36': 0.21666666666666667, '37': 0.35416666666666663, '33': 0.17045454545454547, '7': 0.25757575757575757, '35': 0.36184210526315785, '30': 0.16025641025641024, '39': 0.4, '38': 0.5, '12': 0.125}";"{'34': 0.26785714285714285, '32': 0.3214285714285714, '28': 0.8333333333333333, '26': 0.41666666666666663, '36': 0.21666666666666667, '37': 0.35416666666666663, '33': 0.2403846153846154, '7': 0.29166666666666663, '35': 0.36184210526315785, '30': 0.21666666666666667, '39': 0.4, '38': 0.5, '12': 0.21666666666666667}";0.0;0.6230807236242019;0.4943910256410256;0.4952991452991453;0.2305938460894848;0.3658059947604022;0.1893317460411006;0.5080744832544526;0.6131206671853464;0.4616716179575965;0.3364705882352941;0.4342813610970035;0.182276287639019;0.5712686722197571;0.6638698793420902;0.4648345890283403;0.0016;0.0712;0.0123;"['34', '32', '26', '28', '36', '33', '7', '35', '39', '38', '30', '37', '12']";"[('interD', ('10', '32')), ('intraA', ('26', '38')), ('intraA', ('28', '34')), ('intraA', ('28', '30')), ('interD', ('30', '31')), ('intraA', ('35', '39')), ('intraD', ('33', '35')), ('interA', ('59', '7'))]";"[('interA', ('25', '34')), ('interA', ('13', '34')), ('interA', ('34', '57')), ('interA', ('34', '44')), ('interA', ('16', '34')), ('interA', ('31', '34')), ('interA', ('34', '41')), ('interA', ('34', '52'))]";"[('interA', ('12', '59')), ('interA', ('31', '33')), ('interA', ('30', '5')), ('interA', ('12', '61')), ('interA', ('33', '48')), ('interA', ('44', '7')), ('interA', ('30', '40')), ('interA', ('12', '21'))]";"[['57', '36', '44', '7', '9', '4', '45', '43', '46', '26', '54', '1', '11', '31', '16', '52', '41', '42', '59', '15', '55', '38', '40'], ['25', '19', '27', '33', '3', '2', '20', '6'], ['8', '21', '5', '18', '17'], ['14', '61', '23', '48', '22', '58', '10', '49', '37', '56', '12'], ['13', '39', '32', '35'], ['53', '29', '24', '50', '51', '47'], ['30', '34', '28'], ['60']]";"[['28', '26', '1', '57', '31', '37', '33', '35', '3', '4', '59', '30', '60', '38', '12'], ['50', '54', '7', '48', '53', '29', '24', '49', '51', '47'], ['14', '61', '23', '41', '9', '10', '45', '55', '56'], ['43', '46', '11', '58', '2', '42', '15', '40'], ['8', '21', '5', '17', '22', '18'], ['25', '34', '44', '16', '52'], ['27', '19', '6', '20'], ['13', '39', '36', '32']]";"[['14', '57', '9', '4', '49', '45', '25', '46', '11', '35', '22', '42', '10', '59', '15', '30', '3', '58', '60', '56', '43', '16', '23', '41', '55', '40'], ['34', '32', '28', '13', '1', '26', '36', '39', '37'], ['50', '54', '52', '53', '29', '24', '51', '47'], ['19', '27', '2', '20', '6'], ['8', '21', '5', '17', '18'], ['48', '38', '31', '33'], ['44', '7'], ['61', '12']]";"[6, 6, 0, 2, 2, 7, 1, 2, 0, 4, 5, 1, 0, 2, 5, 0, 2, 2, 7, 7, 2, 2, 2, 3, 0, 1, 4, 1, 3, 1, 0, 1, 1, 1, 1, 1, 1, 1, 1, 5, 0, 5, 5, 0, 0, 5, 3, 3, 3, 3, 3, 0, 3, 4, 0, 4, 0, 4, 0, 6, 4]";"[0, 1, 1, 0, 2, 1, 0, 2, 0, 3, 0, 3, 4, 3, 0, 0, 2, 2, 1, 1, 2, 3, 3, 5, 1, 0, 1, 6, 5, 6, 0, 4, 1, 6, 4, 0, 3, 0, 4, 0, 0, 0, 0, 0, 0, 0, 5, 3, 3, 5, 5, 0, 5, 0, 0, 3, 0, 3, 0, 7, 3]";"[0, 3, 0, 0, 4, 6, 1, 4, 2, 2, 3, 0, 7, 2, 3, 5, 4, 4, 6, 6, 4, 4, 2, 1, 5, 0, 6, 0, 1, 0, 0, 7, 0, 5, 0, 7, 0, 0, 7, 3, 2, 3, 3, 5, 2, 3, 1, 1, 1, 1, 1, 5, 1, 1, 2, 2, 0, 3, 0, 0, 2]";"[1, 3, 0, 0, 4, 3, 6, 4, 0, 0, 0, 7, 1, 0, 0, 0, 4, 4, 3, 3, 4, 0, 0, 2, 0, 1, 3, 1, 2, 0, 5, 1, 5, 1, 0, 1, 1, 5, 1, 0, 0, 0, 0, 6, 0, 0, 2, 5, 0, 2, 2, 2, 2, 2, 0, 0, 0, 0, 0, 0, 7]"
13;1;"aucs";"pmm_h";8;0.3075;0.2148;0.2499;0.1601;"{'34': 0.26785714285714285, '32': 0.3214285714285714, '28': 0.8333333333333333, '26': 0.41666666666666663, '36': 0.21666666666666667, '37': 0.35416666666666663, '33': 0.17045454545454547, '7': 0.25757575757575757, '35': 0.36184210526315785, '30': 0.16025641025641024, '39': 0.4, '38': 0.5, '12': 0.125}";"{'34': 0.26785714285714285, '32': 0.3214285714285714, '28': 0.7083333333333333, '26': 0.41666666666666663, '36': 0.2403846153846154, '37': 0.3442028985507246, '33': 0.17045454545454547, '7': 0.30833333333333335, '35': 0.3214285714285714, '30': 0.20833333333333331, '39': 0.4, '38': 0.5, '12': 0.17045454545454547}";"{'34': 0.3977272727272727, '32': 0.3214285714285714, '28': 0.8333333333333333, '26': 0.41666666666666663, '36': 0.21666666666666667, '37': 0.35416666666666663, '33': 0.17045454545454547, '7': 0.25757575757575757, '35': 0.36184210526315785, '30': 0.16025641025641024, '39': 0.4, '38': 0.5, '12': 0.125}";"{'34': 0.26785714285714285, '32': 0.3214285714285714, '28': 0.8333333333333333, '26': 0.41666666666666663, '36': 0.21666666666666667, '37': 0.35416666666666663, '33': 0.2403846153846154, '7': 0.29166666666666663, '35': 0.36184210526315785, '30': 0.21666666666666667, '39': 0.4, '38': 0.5, '12': 0.21666666666666667}";0.0;0.5477163461538461;0.5303321678321677;0.583119658119658;0.4499542395296854;0.4586256444932803;0.2184556557390476;0.6845928032301858;0.6691430964473587;0.4974062192667992;0.6148629556371856;0.5199066079723715;0.2931318484566353;0.7669695197559453;0.7155206989764582;0.5623242790026277;0.0015;0.0715;0.0128;"['34', '32', '26', '28', '36', '33', '7', '35', '39', '38', '30', '37', '12']";"[('intraA', ('28', '35')), ('intraD', ('26', '36')), ('interD', ('36', '54')), ('intraA', ('26', '38')), ('intraD', ('12', '38')), ('interD', ('22', '37')), ('intraD', ('30', '7')), ('interA', ('35', '52'))]";"[('interA', ('25', '34')), ('interA', ('13', '34')), ('interA', ('34', '57')), ('interA', ('34', '44')), ('interA', ('16', '34')), ('interA', ('31', '34')), ('interA', ('34', '41')), ('interA', ('34', '52'))]";"[('interA', ('12', '43')), ('interA', ('27', '33')), ('interA', ('16', '30')), ('interA', ('12', '46')), ('interA', ('23', '33')), ('interA', ('7', '9')), ('interA', ('30', '51')), ('interA', ('12', '50'))]";"[['61', '1', '44', '9', '2', '10', '60', '56'], ['14', '57', '3', '58', '4', '45', '55', '25', '26', '16', '31', '41', '52', '59', '30', '38'], ['8', '21', '22', '5', '18', '23', '17'], ['19', '20', '54', '27', '6'], ['12', '32', '13', '36', '7'], ['43', '34', '46', '11', '33', '42', '15', '39', '37', '40'], ['50', '48', '53', '29', '24', '49', '51', '47'], ['35', '28']]";"[['14', '28', '61', '26', '3', '9', '58', '4', '10', '59', '45', '60', '56'], ['50', '54', '48', '53', '29', '24', '49', '51', '39', '55', '47'], ['36', '37', '33', '7', '35', '30', '38', '12'], ['25', '34', '57', '44', '16', '31', '41', '52'], ['8', '21', '5', '23', '17', '22', '18'], ['43', '46', '11', '42', '15', '40'], ['13', '1', '2', '32'], ['27', '19', '6', '20']]";"[['34', '14', '26', '61', '57', '31', '41', '37', '35', '52', '58', '4', '10', '59', '45', '30', '38', '56'], ['25', '44', '16', '11', '3', '22', '2', '42', '15', '40'], ['32', '28', '13', '1', '54', '36', '39', '60', '55'], ['8', '21', '19', '5', '17', '20', '18', '6'], ['48', '53', '29', '24', '49', '51', '47'], ['43', '50', '46', '12'], ['27', '23', '33'], ['9', '7']]";"[6, 6, 0, 2, 2, 7, 1, 2, 0, 4, 5, 1, 0, 2, 5, 0, 2, 2, 7, 7, 2, 2, 2, 3, 0, 1, 4, 1, 3, 1, 0, 1, 1, 1, 1, 1, 1, 1, 1, 5, 0, 5, 5, 0, 0, 5, 3, 3, 3, 3, 3, 0, 3, 4, 0, 4, 0, 4, 0, 6, 4]";"[0, 0, 1, 1, 2, 3, 4, 2, 0, 0, 5, 4, 4, 1, 5, 1, 2, 2, 3, 3, 2, 2, 2, 6, 1, 1, 3, 7, 6, 1, 1, 4, 5, 5, 7, 4, 5, 1, 5, 5, 1, 5, 5, 0, 1, 5, 6, 6, 6, 6, 6, 1, 6, 3, 1, 0, 1, 1, 1, 0, 0]";"[6, 6, 0, 0, 4, 7, 2, 4, 0, 0, 5, 2, 6, 0, 5, 3, 4, 4, 7, 7, 4, 4, 4, 1, 3, 0, 7, 0, 1, 2, 3, 6, 2, 3, 2, 2, 2, 2, 1, 5, 3, 5, 5, 3, 0, 5, 1, 1, 1, 1, 1, 3, 1, 1, 1, 0, 3, 0, 0, 0, 0]";"[2, 1, 1, 0, 3, 3, 7, 3, 7, 0, 1, 5, 2, 0, 1, 1, 3, 3, 3, 3, 3, 1, 6, 4, 1, 0, 6, 2, 4, 0, 0, 2, 6, 0, 0, 2, 0, 0, 2, 1, 0, 1, 5, 1, 0, 5, 4, 4, 4, 5, 4, 0, 4, 2, 2, 0, 0, 0, 0, 2, 0]"
14;1;"aucs";"pmm_h";8;0.3075;0.1878;0.2288;0.2055;"{'34': 0.26785714285714285, '32': 0.3214285714285714, '28': 0.8333333333333333, '26': 0.41666666666666663, '36': 0.21666666666666667, '37': 0.35416666666666663, '33': 0.17045454545454547, '7': 0.25757575757575757, '35': 0.36184210526315785, '30': 0.16025641025641024, '39': 0.4, '38': 0.5, '12': 0.125}";"{'34': 0.21666666666666667, '32': 0.30833333333333335, '28': 0.6166666666666667, '26': 0.44166666666666665, '36': 0.21666666666666667, '37': 0.35416666666666663, '33': 0.17045454545454547, '7': 0.25757575757575757, '35': 0.3472222222222222, '30': 0.11309523809523808, '39': 0.4, '38': 0.5, '12': 0.125}";"{'34': 0.3977272727272727, '32': 0.3214285714285714, '28': 0.8333333333333333, '26': 0.41666666666666663, '36': 0.21666666666666667, '37': 0.35416666666666663, '33': 0.17045454545454547, '7': 0.25757575757575757, '35': 0.36184210526315785, '30': 0.16025641025641024, '39': 0.4, '38': 0.5, '12': 0.125}";"{'34': 0.26785714285714285, '32': 0.3214285714285714, '28': 0.8333333333333333, '26': 0.41666666666666663, '36': 0.21666666666666667, '37': 0.35416666666666663, '33': 0.2403846153846154, '7': 0.29166666666666663, '35': 0.36184210526315785, '30': 0.21666666666666667, '39': 0.4, '38': 0.5, '12': 0.21666666666666667}";0.0;0.5246581196581197;0.5270979020979021;0.5315170940170941;0.2752565199044101;0.3930045104924659;0.324190205374165;0.5506425470867561;0.6315634183371164;0.5799613103041172;0.3814346385401596;0.4726707603669168;0.4345054787653083;0.6120019471649439;0.6831266451312222;0.6506868532361737;0.0019;0.0729;0.0129;"['34', '32', '26', '28', '36', '33', '7', '35', '39', '38', '30', '37', '12']";"[('interD', ('35', '42')), ('interA', ('12', '58')), ('intraA', ('28', '30')), ('interD', ('20', '32')), ('interA', ('26', '48')), ('interD', ('12', '14')), ('interA', ('26', '56')), ('intraA', ('28', '34'))]";"[('interA', ('25', '34')), ('interA', ('13', '34')), ('interA', ('34', '57')), ('interA', ('34', '44')), ('interA', ('16', '34')), ('interA', ('31', '34')), ('interA', ('34', '41')), ('interA', ('34', '52'))]";"[('interA', ('12', '60')), ('interA', ('33', '57')), ('interA', ('15', '30')), ('interA', ('12', '47')), ('interA', ('31', '33')), ('interA', ('61', '7')), ('interA', ('30', '58')), ('interA', ('12', '49'))]";"[['14', '13', '36', '7', '3', '2', '4', '43', '46', '32', '54', '1', '11', '23', '33', '35', '42', '15', '39', '37'], ['8', '21', '22', '5', '18', '17'], ['27', '19', '6', '20'], ['9', '61', '55', '57', '41', '31', '40'], ['25', '44', '16', '52', '10', '59', '45', '38', '56'], ['58', '12'], ['50', '26', '48', '53', '29', '24', '49', '51', '60', '47'], ['30', '34', '28']]";"[['28', '54', '61', '36', '33', '7', '35', '10', '45', '55', '38', '56', '12'], ['25', '31', '41', '52', '3', '9', '48', '58', '4', '49', '30'], ['8', '21', '5', '14', '23', '17', '22', '60', '18'], ['50', '1', '53', '29', '24', '51', '47'], ['43', '46', '11', '2', '42', '15', '40'], ['32', '26', '13', '39', '37'], ['34', '57', '44', '16', '59'], ['27', '19', '6', '20']]";"[['1', '57', '44', '23', '16', '31', '33', '35', '41', '52', '58', '4', '10', '59', '30', '38', '55', '56'], ['25', '34', '14', '26', '13', '28', '32', '36', '54', '3', '45', '39', '37'], ['43', '46', '11', '9', '42', '15', '40'], ['50', '48', '53', '29', '24', '51', '47'], ['8', '21', '5', '17', '22', '18'], ['19', '27', '2', '20', '6'], ['60', '49', '12'], ['61', '7']]";"[6, 6, 0, 2, 2, 7, 1, 2, 0, 4, 5, 1, 0, 2, 5, 0, 2, 2, 7, 7, 2, 2, 2, 3, 0, 1, 4, 1, 3, 1, 0, 1, 1, 1, 1, 1, 1, 1, 1, 5, 0, 5, 5, 0, 0, 5, 3, 3, 3, 3, 3, 0, 3, 4, 0, 4, 0, 4, 0, 6, 4]";"[0, 0, 0, 0, 1, 2, 0, 1, 3, 4, 0, 5, 0, 0, 0, 4, 1, 1, 2, 2, 1, 1, 0, 6, 4, 6, 2, 7, 6, 7, 3, 0, 0, 7, 0, 0, 0, 4, 0, 3, 3, 0, 0, 4, 4, 0, 6, 6, 6, 6, 6, 4, 6, 0, 3, 4, 3, 5, 4, 6, 3]";"[3, 4, 1, 1, 2, 7, 0, 2, 1, 0, 4, 0, 5, 2, 4, 6, 2, 2, 7, 7, 2, 2, 2, 3, 1, 5, 7, 0, 3, 1, 1, 5, 0, 6, 0, 0, 5, 0, 5, 4, 1, 4, 4, 6, 0, 4, 3, 1, 1, 3, 3, 1, 3, 0, 0, 0, 6, 1, 6, 2, 0]";"[0, 5, 1, 0, 4, 5, 7, 4, 2, 0, 2, 6, 1, 1, 2, 0, 4, 4, 5, 5, 4, 4, 0, 3, 1, 1, 5, 1, 3, 0, 0, 1, 0, 1, 0, 1, 1, 0, 1, 2, 0, 2, 2, 0, 1, 2, 3, 3, 6, 3, 3, 0, 3, 1, 0, 0, 0, 0, 0, 6, 7]"
15;1;"aucs";"pmm_h";8;0.3075;0.1963;0.2708;0.1231;"{'34': 0.26785714285714285, '32': 0.3214285714285714, '28': 0.8333333333333333, '26': 0.41666666666666663, '36': 0.21666666666666667, '37': 0.35416666666666663, '33': 0.17045454545454547, '7': 0.25757575757575757, '35': 0.36184210526315785, '30': 0.16025641025641024, '39': 0.4, '38': 0.5, '12': 0.125}";"{'34': 0.27884615384615385, '32': 0.4444444444444444, '28': 0.5416666666666666, '26': 0.3201754385964912, '36': 0.22619047619047616, '37': 0.302536231884058, '33': 0.12878787878787878, '7': 0.16666666666666666, '35': 0.3201754385964912, '30': 0.11858974358974358, '39': 0.4791666666666667, '38': 0.45833333333333337, '12': 0.08333333333333333}";"{'34': 0.3977272727272727, '32': 0.3214285714285714, '28': 0.8333333333333333, '26': 0.41666666666666663, '36': 0.21666666666666667, '37': 0.35416666666666663, '33': 0.17045454545454547, '7': 0.25757575757575757, '35': 0.36184210526315785, '30': 0.16025641025641024, '39': 0.4, '38': 0.5, '12': 0.125}";"{'34': 0.26785714285714285, '32': 0.3214285714285714, '28': 0.8333333333333333, '26': 0.41666666666666663, '36': 0.21666666666666667, '37': 0.35416666666666663, '33': 0.2403846153846154, '7': 0.29166666666666663, '35': 0.36184210526315785, '30': 0.21666666666666667, '39': 0.4, '38': 0.5, '12': 0.21666666666666667}";0.0;0.3297275641025641;0.4759869759869759;0.5674529914529914;0.4189382031017972;0.4680455459649711;0.1920749183898821;0.628050320516804;0.6828111085386126;0.5147258002003036;0.3739130434782609;0.5580054724650001;0.2782111923336814;0.6102599477674087;0.7334358744257253;0.5917084975464402;0.0016;0.0696;0.0124;"['34', '32', '26', '28', '36', '33', '7', '35', '39', '38', '30', '37', '12']";"[('interA', ('32', '6')), ('interD', ('29', '37')), ('intraD', ('32', '39')), ('intraD', ('28', '32')), ('intraD', ('32', '36')), ('intraA', ('26', '7')), ('intraD', ('34', '39')), ('interD', ('20', '32'))]";"[('interA', ('25', '34')), ('interA', ('13', '34')), ('interA', ('34', '57')), ('interA', ('34', '44')), ('interA', ('16', '34')), ('interA', ('31', '34')), ('interA', ('34', '41')), ('interA', ('34', '52'))]";"[('interA', ('12', '41')), ('interA', ('20', '33')), ('interA', ('30', '40')), ('interA', ('12', '60')), ('interA', ('33', '54')), ('interA', ('52', '7')), ('interA', ('30', '51')), ('interA', ('12', '17'))]";"[['58', '9', '2', '1', '23'], ['14', '57', '3', '4', '49', '18', '25', '34', '31', '17', '41', '52', '22', '59', '55', '37'], ['8', '21', '43', '5', '46', '11', '42', '15', '60', '40'], ['27', '19', '6', '20'], ['32', '26', '13', '36', '33', '7', '35', '39', '30', '38', '12'], ['45', '10', '61', '44', '16', '56'], ['48', '53', '29', '24', '50', '51', '47'], ['54', '28']]";"[['14', '54', '36', '23', '37', '33', '7', '35', '22', '58', '30', '38', '12'], ['25', '34', '57', '44', '16', '31', '41', '52', '59'], ['50', '48', '53', '29', '24', '49', '51', '47'], ['32', '26', '13', '1', '28', '4', '39'], ['43', '46', '27', '11', '42', '15', '40'], ['19', '3', '2', '20', '60', '6'], ['61', '9', '10', '45', '55', '56'], ['8', '21', '5', '17', '18']]";"[['14', '4', '49', '25', '34', '46', '11', '35', '52', '42', '10', '15', '37', '28', '27', '44', '7', '3', '58', '56', '43', '61', '16', '48', '38'], ['26', '57', '23', '41', '31', '9', '59', '45', '55'], ['50', '1', '53', '29', '2', '24', '51', '47'], ['8', '21', '5', '17', '22', '18'], ['32', '13', '36', '30', '39', '40'], ['19', '6', '20'], ['60', '12'], ['54', '33']]";"[6, 6, 0, 2, 2, 7, 1, 2, 0, 4, 5, 1, 0, 2, 5, 0, 2, 2, 7, 7, 2, 2, 2, 3, 0, 1, 4, 1, 3, 1, 0, 1, 1, 1, 1, 1, 1, 1, 1, 5, 0, 5, 5, 0, 0, 5, 3, 3, 3, 3, 3, 0, 3, 4, 0, 4, 0, 4, 0, 6, 4]";"[0, 0, 1, 1, 2, 3, 4, 2, 0, 5, 2, 4, 4, 1, 2, 5, 1, 1, 3, 3, 2, 1, 0, 6, 1, 4, 3, 7, 6, 4, 1, 4, 4, 1, 4, 4, 1, 4, 4, 2, 1, 2, 2, 5, 5, 2, 6, 6, 1, 6, 6, 1, 6, 7, 1, 5, 1, 0, 1, 2, 5]";"[3, 5, 5, 3, 7, 5, 0, 7, 6, 6, 4, 0, 3, 0, 4, 1, 7, 7, 5, 5, 7, 0, 0, 2, 1, 3, 4, 3, 2, 0, 1, 3, 0, 1, 0, 0, 0, 0, 3, 4, 1, 4, 4, 1, 6, 4, 2, 2, 2, 2, 2, 1, 2, 0, 6, 6, 1, 0, 1, 5, 6]";"[2, 2, 0, 0, 3, 5, 0, 3, 1, 0, 0, 6, 4, 0, 0, 0, 3, 3, 5, 5, 3, 3, 1, 2, 0, 1, 0, 0, 2, 4, 1, 4, 7, 0, 0, 4, 0, 0, 4, 4, 1, 0, 0, 0, 1, 0, 2, 0, 0, 2, 2, 0, 2, 7, 1, 0, 1, 0, 1, 6, 0]"
16;1;"aucs";"pmm_h";8;0.3075;0.1658;0.2746;0.1777;"{'34': 0.26785714285714285, '32': 0.3214285714285714, '28': 0.8333333333333333, '26': 0.41666666666666663, '36': 0.21666666666666667, '37': 0.35416666666666663, '33': 0.17045454545454547, '7': 0.25757575757575757, '35': 0.36184210526315785, '30': 0.16025641025641024, '39': 0.4, '38': 0.5, '12': 0.125}";"{'34': 0.26785714285714285, '32': 0.3214285714285714, '28': 0.5416666666666666, '26': 0.41666666666666663, '36': 0.21666666666666667, '37': 0.36333333333333334, '33': 0.125, '7': 0.20833333333333331, '35': 0.41666666666666663, '30': 0.16025641025641024, '39': 0.4, '38': 0.45833333333333337, '12': 0.041666666666666664}";"{'34': 0.3977272727272727, '32': 0.3214285714285714, '28': 0.8333333333333333, '26': 0.41666666666666663, '36': 0.21666666666666667, '37': 0.35416666666666663, '33': 0.17045454545454547, '7': 0.25757575757575757, '35': 0.36184210526315785, '30': 0.16025641025641024, '39': 0.4, '38': 0.5, '12': 0.125}";"{'34': 0.26785714285714285, '32': 0.3214285714285714, '28': 0.8333333333333333, '26': 0.41666666666666663, '36': 0.21666666666666667, '37': 0.35416666666666663, '33': 0.2403846153846154, '7': 0.29166666666666663, '35': 0.36184210526315785, '30': 0.21666666666666667, '39': 0.4, '38': 0.5, '12': 0.21666666666666667}";0.0;0.5064102564102564;0.5178632478632479;0.6411546399936493;0.2813358671764085;0.4752898266206526;0.1398071303082767;0.5587903708603627;0.6774441918774903;0.3906888979943064;0.326792236625367;0.5775012696800407;0.2276861822061395;0.5678783348812133;0.7564042143065867;0.4698180707064733;0.0016;0.0738;0.0138;"['34', '32', '26', '28', '36', '33', '7', '35', '39', '38', '30', '37', '12']";"[('intraD', ('32', '35')), ('interD', ('12', '14')), ('intraA', ('12', '28')), ('intraA', ('32', '38')), ('intraA', ('28', '33')), ('interA', ('37', '57')), ('intraA', ('28', '7')), ('interA', ('38', '52'))]";"[('interA', ('25', '34')), ('interA', ('13', '34')), ('interA', ('34', '57')), ('interA', ('34', '44')), ('interA', ('16', '34')), ('interA', ('31', '34')), ('interA', ('34', '41')), ('interA', ('34', '52'))]";"[('interA', ('12', '47')), ('interA', ('13', '33')), ('interA', ('30', '55')), ('interA', ('12', '22')), ('interA', ('33', '50')), ('interA', ('44', '7')), ('interA', ('27', '30')), ('interA', ('12', '60'))]";"[['34', '32', '1', '57', '16', '22', '38', '59', '39', '37'], ['25', '14', '26', '36', '31', '44', '35', '3', '52', '58', '2', '4', '30'], ['8', '21', '5', '13', '54', '23', '17', '41', '9', '15', '55', '18', '40'], ['27', '19', '6', '20'], ['12', '28', '33', '7'], ['45', '61', '56', '10'], ['43', '46', '42', '60', '11'], ['50', '48', '53', '29', '24', '49', '51', '47']]";"[['14', '1', '36', '37', '33', '7', '35', '2', '30', '60', '38', '12'], ['25', '34', '57', '16', '31', '52', '3', '58', '4', '59'], ['28', '61', '44', '41', '9', '10', '45', '55', '56'], ['50', '54', '48', '53', '29', '24', '49', '51', '47'], ['8', '21', '5', '23', '17', '22', '18'], ['43', '46', '11', '42', '15', '40'], ['19', '26', '27', '20', '6'], ['13', '39', '32']]";"[['14', '9', '34', '46', '26', '11', '35', '42', '10', '15', '37', '2', '56', '43', '61', '23', '41', '39', '40'], ['25', '32', '28', '54', '57', '36', '31', '52', '48', '53', '29', '24', '49', '51', '59', '38', '47'], ['8', '21', '5', '16', '17', '22', '18'], ['19', '27', '20', '30', '55', '6'], ['1', '3', '58', '4', '45'], ['13', '50', '33'], ['44', '7'], ['60', '12']]";"[6, 6, 0, 2, 2, 7, 1, 2, 0, 4, 5, 1, 0, 2, 5, 0, 2, 2, 7, 7, 2, 2, 2, 3, 0, 1, 4, 1, 3, 1, 0, 1, 1, 1, 1, 1, 1, 1, 1, 5, 0, 5, 5, 0, 0, 5, 3, 3, 3, 3, 3, 0, 3, 4, 0, 4, 0, 4, 0, 6, 4]";"[0, 1, 1, 1, 2, 3, 4, 2, 2, 5, 6, 4, 2, 1, 2, 0, 2, 2, 3, 3, 2, 0, 2, 7, 1, 1, 3, 4, 7, 1, 1, 0, 4, 0, 1, 1, 0, 0, 0, 2, 2, 6, 6, 1, 5, 6, 7, 7, 7, 7, 7, 1, 7, 2, 2, 5, 0, 1, 0, 6, 5]";"[0, 0, 1, 1, 4, 6, 0, 4, 2, 2, 5, 0, 7, 0, 5, 1, 4, 4, 6, 6, 4, 4, 4, 3, 1, 6, 6, 2, 3, 0, 1, 7, 0, 1, 0, 0, 0, 0, 7, 5, 2, 5, 5, 2, 2, 5, 3, 3, 3, 3, 3, 1, 3, 3, 2, 2, 1, 1, 1, 0, 2]";"[4, 0, 4, 4, 2, 3, 6, 2, 0, 0, 0, 7, 5, 0, 0, 2, 2, 2, 3, 3, 2, 2, 0, 1, 1, 0, 3, 1, 1, 3, 1, 1, 5, 0, 0, 1, 0, 1, 0, 0, 0, 0, 0, 6, 4, 0, 1, 1, 1, 5, 1, 1, 1, 1, 3, 0, 1, 4, 1, 7, 0]"
17;1;"aucs";"pmm_h";8;0.3075;0.3273;0.2561;0.1477;"{'34': 0.26785714285714285, '32': 0.3214285714285714, '28': 0.8333333333333333, '26': 0.41666666666666663, '36': 0.21666666666666667, '37': 0.35416666666666663, '33': 0.17045454545454547, '7': 0.25757575757575757, '35': 0.36184210526315785, '30': 0.16025641025641024, '39': 0.4, '38': 0.5, '12': 0.125}";"{'34': 0.26785714285714285, '32': 0.2689393939393939, '28': 0.6166666666666667, '26': 0.41666666666666663, '36': 0.26785714285714285, '37': 0.35416666666666663, '33': 0.21666666666666667, '7': 0.30833333333333335, '35': 0.41666666666666663, '30': 0.20833333333333331, '39': 0.3446969696969697, '38': 0.44166666666666665, '12': 0.3125}";"{'34': 0.3977272727272727, '32': 0.3214285714285714, '28': 0.8333333333333333, '26': 0.41666666666666663, '36': 0.21666666666666667, '37': 0.35416666666666663, '33': 0.17045454545454547, '7': 0.25757575757575757, '35': 0.36184210526315785, '30': 0.16025641025641024, '39': 0.4, '38': 0.5, '12': 0.125}";"{'34': 0.26785714285714285, '32': 0.3214285714285714, '28': 0.8333333333333333, '26': 0.41666666666666663, '36': 0.21666666666666667, '37': 0.35416666666666663, '33': 0.2403846153846154, '7': 0.29166666666666663, '35': 0.36184210526315785, '30': 0.21666666666666667, '39': 0.4, '38': 0.5, '12': 0.21666666666666667}";0.0;0.138111888111888;0.5312362637362638;0.6415007872244715;0.6096965321983369;0.4696079220674664;0.1952689010485848;0.7584574441065298;0.6643965331981806;0.4484707635851531;0.5800666960296986;0.5299276811817203;0.2251934814069087;0.7238572176179485;0.7208379444044772;0.4958456508899301;0.0023;0.0696;0.0119;"['34', '32', '26', '28', '36', '33', '7', '35', '39', '38', '30', '37', '12']";"[('intraA', ('28', '39')), ('intraD', ('30', '36')), ('intraD', ('12', '35')), ('intraD', ('12', '7')), ('intraD', ('12', '33')), ('intraA', ('32', '38')), ('intraD', ('12', '34')), ('intraA', ('28', '34'))]";"[('interA', ('25', '34')), ('interA', ('13', '34')), ('interA', ('34', '57')), ('interA', ('34', '44')), ('interA', ('16', '34')), ('interA', ('31', '34')), ('interA', ('34', '41')), ('interA', ('34', '52'))]";"[('interA', ('12', '45')), ('interA', ('33', '51')), ('interA', ('30', '53')), ('interA', ('12', '4')), ('interA', ('19', '33')), ('interA', ('31', '7')), ('interA', ('30', '43')), ('interA', ('12', '8'))]";"[['1'], ['43', '46', '11', '3', '58', '2', '42', '15', '40'], ['57', '44', '9', '4', '45', '60', '56', '25', '54', '61', '16', '31', '41', '52', '10', '59', '55'], ['8', '21', '5', '14', '23', '17', '22', '18'], ['27', '19', '6', '20'], ['32', '26', '13', '36', '33', '7', '35', '38', '30', '37', '12'], ['50', '48', '53', '29', '24', '49', '51', '47'], ['39', '34', '28']]";"[['14', '61', '1', '23', '9', '58', '2', '10', '56'], ['54', '36', '37', '33', '7', '35', '30', '38', '12'], ['50', '28', '48', '53', '29', '24', '49', '51', '47'], ['43', '46', '27', '11', '42', '15', '60', '40'], ['25', '34', '57', '44', '16', '31', '52', '59'], ['32', '13', '41', '4', '45', '39', '55'], ['8', '21', '5', '17', '22', '18'], ['19', '26', '3', '20', '6']]";"[['9', '25', '46', '11', '42', '59', '15', '21', '5', '28', '13', '27', '44', '3', '20', '60', '41', '55', '40'], ['50', '54', '61', '52', '48', '29', '24', '10', '49', '56', '47'], ['34', '32', '14', '23', '17', '22', '58', '39', '37', '18'], ['26', '57', '36', '16', '31', '35', '7', '38'], ['8', '4', '45', '12'], ['1', '2', '6'], ['19', '33', '51'], ['43', '30', '53']]";"[6, 6, 0, 2, 2, 7, 1, 2, 0, 4, 5, 1, 0, 2, 5, 0, 2, 2, 7, 7, 2, 2, 2, 3, 0, 1, 4, 1, 3, 1, 0, 1, 1, 1, 1, 1, 1, 1, 1, 5, 0, 5, 5, 0, 0, 5, 3, 3, 3, 3, 3, 0, 3, 4, 0, 4, 0, 4, 0, 6, 4]";"[0, 1, 1, 2, 3, 4, 5, 3, 2, 2, 1, 5, 5, 3, 1, 2, 3, 3, 4, 4, 3, 3, 3, 6, 2, 5, 4, 7, 6, 5, 2, 5, 5, 7, 5, 5, 5, 5, 7, 1, 2, 1, 1, 2, 2, 1, 6, 6, 6, 6, 6, 2, 6, 2, 2, 2, 2, 1, 2, 2, 2]";"[0, 0, 7, 5, 6, 7, 1, 6, 0, 0, 3, 1, 5, 0, 3, 4, 6, 6, 7, 7, 6, 6, 0, 2, 4, 7, 3, 2, 2, 1, 4, 5, 1, 4, 1, 1, 1, 1, 5, 3, 5, 3, 3, 4, 5, 3, 2, 2, 2, 2, 2, 4, 2, 1, 5, 0, 4, 0, 4, 3, 0]";"[5, 5, 0, 4, 0, 5, 3, 4, 0, 1, 0, 4, 0, 2, 0, 3, 2, 2, 6, 0, 0, 2, 2, 1, 0, 3, 0, 0, 1, 7, 3, 2, 6, 2, 3, 3, 2, 3, 2, 0, 0, 0, 7, 0, 4, 0, 1, 1, 1, 1, 6, 1, 7, 1, 0, 1, 3, 2, 0, 0, 1]"
18;1;"aucs";"pmm_h";8;0.3075;0.2265;0.2623;0.1645;"{'34': 0.26785714285714285, '32': 0.3214285714285714, '28': 0.8333333333333333, '26': 0.41666666666666663, '36': 0.21666666666666667, '37': 0.35416666666666663, '33': 0.17045454545454547, '7': 0.25757575757575757, '35': 0.36184210526315785, '30': 0.16025641025641024, '39': 0.4, '38': 0.5, '12': 0.125}";"{'34': 0.26785714285714285, '32': 0.3214285714285714, '28': 0.7083333333333333, '26': 0.41666666666666663, '36': 0.3205128205128205, '37': 0.35416666666666663, '33': 0.21666666666666667, '7': 0.30833333333333335, '35': 0.4730392156862745, '30': 0.20833333333333331, '39': 0.4, '38': 0.5166666666666666, '12': 0.125}";"{'34': 0.3977272727272727, '32': 0.3214285714285714, '28': 0.8333333333333333, '26': 0.41666666666666663, '36': 0.21666666666666667, '37': 0.35416666666666663, '33': 0.17045454545454547, '7': 0.25757575757575757, '35': 0.36184210526315785, '30': 0.16025641025641024, '39': 0.4, '38': 0.5, '12': 0.125}";"{'34': 0.26785714285714285, '32': 0.3214285714285714, '28': 0.8333333333333333, '26': 0.41666666666666663, '36': 0.21666666666666667, '37': 0.35416666666666663, '33': 0.2403846153846154, '7': 0.29166666666666663, '35': 0.36184210526315785, '30': 0.21666666666666667, '39': 0.4, '38': 0.5, '12': 0.21666666666666667}";0.0;0.5004807692307692;0.547511655011655;0.6219708396178985;0.3648811673492596;0.4741433277573095;0.2449011671316854;0.6000005410826132;0.6622639893733892;0.5080692541784928;0.4143092458640693;0.5747744242041005;0.3719680464778504;0.6297648292299322;0.7337531189959374;0.6070992754000055;0.0019;0.0708;0.0124;"['34', '32', '26', '28', '36', '33', '7', '35', '39', '38', '30', '37', '12']";"[('intraA', ('26', '28')), ('intraD', ('33', '36')), ('intraD', ('26', '34')), ('intraD', ('38', '7')), ('intraA', ('34', '38')), ('intraD', ('30', '35')), ('intraD', ('35', '36')), ('interA', ('38', '58'))]";"[('interA', ('25', '34')), ('interA', ('13', '34')), ('interA', ('34', '57')), ('interA', ('34', '44')), ('interA', ('16', '34')), ('interA', ('31', '34')), ('interA', ('34', '41')), ('interA', ('34', '52'))]";"[('interA', ('12', '24')), ('interA', ('33', '57')), ('interA', ('11', '30')), ('interA', ('12', '15')), ('interA', ('23', '33')), ('interA', ('17', '7')), ('interA', ('30', '56')), ('interA', ('12', '20'))]";"[['14', '1', '57', '44', '16', '31', '52', '4', '10', '49', '45', '59'], ['3', '25', '2', '19', '20', '27', '6'], ['8', '21', '5', '23', '17', '41', '9', '22', '55', '18'], ['34', '54', '61', '36', '7', '30', '60', '37', '56', '12'], ['43', '46', '11', '33', '35', '42', '15', '40'], ['39', '32', '28', '13', '26'], ['48', '53', '29', '24', '50', '51', '47'], ['58', '38']]";"[['50', '41', '48', '9', '29', '24', '53', '49', '51', '55', '60', '47'], ['8', '21', '5', '14', '1', '23', '17', '22', '4', '37', '18'], ['54', '36', '33', '7', '3', '35', '58', '30', '38', '12'], ['25', '34', '57', '44', '16', '31', '52', '59'], ['19', '28', '27', '2', '20', '6'], ['43', '46', '11', '42', '15', '40'], ['45', '61', '10', '56'], ['13', '39', '32', '26']]";"[['43', '12', '25', '46', '32', '26', '13', '54', '36', '16', '44', '35', '3', '42', '15', '38', '40'], ['34', '14', '61', '41', '9', '58', '4', '10', '59', '45', '39', '37', '55'], ['8', '21', '5', '28', '1', '17', '7', '22', '18'], ['50', '52', '48', '53', '29', '24', '49', '51', '47'], ['27', '19', '6', '20'], ['60', '2', '31'], ['30', '56', '11'], ['57', '23', '33']]";"[6, 6, 0, 2, 2, 7, 1, 2, 0, 4, 5, 1, 0, 2, 5, 0, 2, 2, 7, 7, 2, 2, 2, 3, 0, 1, 4, 1, 3, 1, 0, 1, 1, 1, 1, 1, 1, 1, 1, 5, 0, 5, 5, 0, 0, 5, 3, 3, 3, 3, 3, 0, 3, 4, 0, 4, 0, 4, 0, 6, 4]";"[0, 1, 1, 0, 2, 1, 3, 2, 2, 0, 4, 3, 5, 0, 4, 0, 2, 2, 1, 1, 2, 2, 2, 6, 1, 5, 1, 5, 6, 3, 0, 5, 4, 3, 4, 3, 3, 7, 5, 4, 2, 4, 4, 0, 0, 4, 6, 6, 0, 6, 6, 0, 6, 3, 2, 3, 0, 7, 0, 3, 3]";"[1, 4, 2, 1, 1, 4, 2, 1, 0, 6, 5, 2, 7, 1, 5, 3, 1, 1, 4, 4, 1, 1, 1, 0, 3, 7, 4, 4, 0, 2, 3, 7, 2, 3, 2, 2, 1, 2, 7, 5, 0, 5, 5, 3, 6, 5, 0, 0, 0, 0, 0, 3, 0, 2, 0, 6, 3, 2, 3, 0, 6]";"[2, 5, 0, 1, 2, 4, 2, 2, 1, 1, 6, 0, 0, 1, 0, 0, 2, 2, 4, 4, 2, 2, 7, 3, 0, 0, 4, 2, 3, 6, 5, 0, 7, 1, 0, 0, 1, 0, 1, 0, 1, 0, 0, 0, 1, 0, 3, 3, 3, 3, 3, 3, 3, 0, 1, 6, 7, 1, 1, 5, 1]"
19;1;"aucs";"pmm_h";8;0.3075;0.1959;0.2567;0.1571;"{'34': 0.26785714285714285, '32': 0.3214285714285714, '28': 0.8333333333333333, '26': 0.41666666666666663, '36': 0.21666666666666667, '37': 0.35416666666666663, '33': 0.17045454545454547, '7': 0.25757575757575757, '35': 0.36184210526315785, '30': 0.16025641025641024, '39': 0.4, '38': 0.5, '12': 0.125}";"{'34': 0.2403846153846154, '32': 0.30833333333333335, '28': 0.8333333333333333, '26': 0.4730392156862745, '36': 0.21666666666666667, '37': 0.4166666666666667, '33': 0.17045454545454547, '7': 0.3611111111111111, '35': 0.4730392156862745, '30': 0.16025641025641024, '39': 0.4, '38': 0.5416666666666667, '12': 0.17045454545454547}";"{'34': 0.3977272727272727, '32': 0.3214285714285714, '28': 0.8333333333333333, '26': 0.41666666666666663, '36': 0.21666666666666667, '37': 0.35416666666666663, '33': 0.17045454545454547, '7': 0.25757575757575757, '35': 0.36184210526315785, '30': 0.16025641025641024, '39': 0.4, '38': 0.5, '12': 0.125}";"{'34': 0.26785714285714285, '32': 0.3214285714285714, '28': 0.8333333333333333, '26': 0.41666666666666663, '36': 0.21666666666666667, '37': 0.35416666666666663, '33': 0.2403846153846154, '7': 0.29166666666666663, '35': 0.36184210526315785, '30': 0.21666666666666667, '39': 0.4, '38': 0.5, '12': 0.21666666666666667}";0.0;0.5536858974358974;0.4651251526251526;0.6801365301365301;0.2889689519974568;0.4427147171432543;0.1391078281682004;0.5596513794116881;0.6762072000828983;0.4218147198183669;0.3301493442498673;0.5202133062468258;0.2232795394206962;0.6066156656252387;0.724282721710184;0.517740649250626;0.0015;0.0723;0.0118;"['34', '32', '26', '28', '36', '33', '7', '35', '39', '38', '30', '37', '12']";"[('interA', ('37', '53')), ('interD', ('34', '45')), ('interD', ('10', '32')), ('interD', ('29', '38')), ('intraD', ('35', '7')), ('intraD', ('12', '38')), ('intraD', ('26', '35')), ('intraD', ('37', '7'))]";"[('interA', ('25', '34')), ('interA', ('13', '34')), ('interA', ('34', '57')), ('interA', ('34', '44')), ('interA', ('16', '34')), ('interA', ('31', '34')), ('interA', ('34', '41')), ('interA', ('34', '52'))]";"[('interA', ('12', '19')), ('interA', ('11', '33')), ('interA', ('30', '5')), ('interA', ('12', '53')), ('interA', ('33', '48')), ('interA', ('59', '7')), ('interA', ('21', '30')), ('interA', ('12', '15'))]";"[['25', '34', '14', '26', '32', '1', '3', '58', '2', '4', '39'], ['8', '21', '5', '18', '17'], ['27', '19', '6', '20'], ['54', '36', '33', '35', '7', '45', '30', '60', '38', '55', '12'], ['43', '46', '13', '11', '41', '9', '42', '15', '40'], ['28', '61', '57', '44', '23', '16', '31', '52', '22', '10', '59', '56'], ['48', '29', '24', '50', '49', '47'], ['53', '37', '51']]";"[['14', '1', '36', '23', '17', '33', '7', '35', '22', '37', '30', '38', '18', '12'], ['61', '52', '3', '9', '58', '4', '10', '45', '55', '56'], ['50', '48', '53', '29', '24', '49', '51', '60', '47'], ['25', '34', '57', '44', '16', '31', '41', '59'], ['43', '46', '11', '2', '42', '15', '40'], ['32', '26', '13', '54', '28', '39'], ['27', '19', '6', '20'], ['8', '21', '5']]";"[['8', '14', '57', '4', '49', '45', '25', '34', '26', '1', '17', '52', '22', '10', '37', '44', '3', '58', '2', '56', '18', '16', '23', '39'], ['43', '46', '61', '31', '41', '35', '9', '42', '15', '55', '40'], ['19', '28', '27', '20', '6', '12'], ['50', '53', '29', '24', '51', '47'], ['32', '13', '54', '36', '60'], ['30', '21', '5'], ['38', '59', '7'], ['48', '11', '33']]";"[6, 6, 0, 2, 2, 7, 1, 2, 0, 4, 5, 1, 0, 2, 5, 0, 2, 2, 7, 7, 2, 2, 2, 3, 0, 1, 4, 1, 3, 1, 0, 1, 1, 1, 1, 1, 1, 1, 1, 5, 0, 5, 5, 0, 0, 5, 3, 3, 3, 3, 3, 0, 3, 4, 0, 4, 0, 4, 0, 6, 4]";"[0, 0, 0, 0, 1, 2, 3, 1, 4, 5, 4, 3, 4, 0, 4, 5, 1, 1, 2, 2, 1, 5, 5, 6, 0, 0, 2, 5, 6, 3, 5, 0, 3, 0, 3, 3, 7, 3, 0, 4, 4, 4, 4, 5, 3, 4, 6, 6, 6, 6, 7, 5, 7, 3, 3, 5, 5, 0, 5, 3, 5]";"[0, 4, 1, 1, 7, 6, 0, 7, 1, 1, 4, 0, 5, 0, 4, 3, 0, 0, 6, 6, 7, 0, 0, 2, 3, 5, 6, 5, 2, 0, 3, 5, 0, 3, 0, 0, 0, 0, 5, 4, 3, 4, 4, 3, 1, 4, 2, 2, 2, 2, 2, 1, 2, 5, 1, 1, 3, 1, 3, 2, 1]";"[0, 0, 0, 0, 5, 2, 6, 0, 1, 0, 7, 2, 4, 0, 1, 0, 0, 0, 2, 2, 5, 0, 0, 3, 0, 0, 2, 2, 3, 5, 1, 4, 7, 0, 1, 4, 0, 6, 0, 1, 1, 1, 1, 0, 0, 1, 3, 7, 0, 3, 3, 0, 3, 4, 1, 0, 0, 0, 6, 4, 1]"
0;2;"aucs";"pmm_h";8;0.3075;0.2238;0.2852;0.1351;"{'8': 0.22916666666666666, '21': 0.25, '5': 0.375, '14': 0.5043103448275862, '23': 0.1875, '17': 0.125, '22': 0.275, '4': 0.725, '18': 0.3272058823529412}";"{'8': 0.3068181818181818, '21': 0.3125, '5': 0.4567307692307692, '14': 0.6538461538461539, '23': 0.2589285714285714, '17': 0.25, '22': 0.275, '4': 0.6306818181818181, '18': 0.4875}";"{'8': 0.5625, '21': 0.25, '5': 0.3942307692307692, '14': 0.5178571428571428, '23': 0.1875, '17': 0.125, '22': 0.29166666666666663, '4': 0.7638888888888888, '18': 0.34375}";"{'8': 0.22916666666666666, '21': 0.39285714285714285, '5': 0.375, '14': 0.5043103448275862, '23': 0.35416666666666663, '17': 0.275, '22': 0.275, '4': 0.725, '18': 0.3272058823529412}";0.0;0.5446428571428572;0.4352904040404041;0.6432900432900434;0.2598642510992474;0.5549257465057179;0.2582286115098953;0.5160478160089531;0.7267292180934954;0.5126114648583884;0.2776427160152534;0.6253257871608229;0.3124575031813261;0.5099229357042264;0.7587732326370301;0.541931391569888;0.0013;0.0606;0.0077;"['8', '21', '5', '14', '23', '17', '22', '4', '18']";"[('interD', ('14', '2')), ('intraD', ('17', '21')), ('intraD', ('17', '18')), ('intraD', ('14', '5')), ('intraA', ('21', '4')), ('interA', ('23', '60')), ('intraD', ('14', '8')), ('intraD', ('18', '21'))]";"[('intraD', ('21', '8')), ('intraD', ('5', '8')), ('intraD', ('14', '8')), ('intraD', ('23', '8')), ('intraD', ('17', '8')), ('intraD', ('22', '8')), ('intraD', ('4', '8')), ('intraD', ('18', '8'))]";"[('interA', ('21', '41')), ('interA', ('23', '53')), ('interA', ('17', '41')), ('interA', ('17', '61')), ('interA', ('12', '23')), ('interA', ('21', '37')), ('interA', ('17', '27')), ('interA', ('23', '59'))]";"[['1', '57', '36', '16', '31', '33', '7', '35', '44', '59', '30', '38', '12'], ['25', '14', '26', '28', '3', '58', '2', '15', '18'], ['8', '21', '4', '5'], ['27', '19', '6', '20'], ['43', '46', '61', '11', '17', '41', '9', '22', '42', '10', '45', '55', '56', '40'], ['34', '32', '13', '39', '37'], ['60', '23'], ['50', '54', '52', '48', '53', '29', '24', '49', '51', '47']]";"[['34', '32', '26', '13', '36', '37', '33', '7', '35', '30', '39', '38', '12'], ['43', '21', '25', '5', '46', '11', '41', '9', '42', '15', '55', '40'], ['8', '54', '57', '44', '31', '16', '52', '58', '4', '59', '45'], ['50', '48', '53', '29', '24', '49', '51', '47'], ['28', '1', '3', '2', '60'], ['14', '23', '17', '22', '18'], ['27', '19', '6', '20'], ['61', '56', '10']]";"[['14', '57', '45', '55', '25', '26', '31', '35', '52', '22', '10', '13', '44', '3', '58', '2', '56', '18', '54', '30', '38'], ['43', '46', '28', '1', '11', '16', '9', '4', '42', '15', '40'], ['34', '32', '36', '33', '7', '48', '49', '39', '37', '12'], ['19', '27', '20', '60', '6'], ['50', '29', '24', '51', '47'], ['8', '21', '5'], ['61', '41', '17'], ['53', '23', '59']]";"[6, 6, 0, 2, 2, 7, 1, 2, 0, 4, 5, 1, 0, 2, 5, 0, 2, 2, 7, 7, 2, 2, 2, 3, 0, 1, 4, 1, 3, 1, 0, 1, 1, 1, 1, 1, 1, 1, 1, 5, 0, 5, 5, 0, 0, 5, 3, 3, 3, 3, 3, 0, 3, 4, 0, 4, 0, 4, 0, 6, 4]";"[0, 1, 1, 2, 2, 3, 0, 2, 4, 4, 4, 0, 5, 1, 1, 0, 4, 1, 3, 3, 2, 4, 6, 7, 1, 1, 3, 1, 7, 0, 0, 5, 0, 5, 0, 0, 5, 0, 5, 4, 4, 4, 4, 0, 4, 4, 7, 7, 7, 7, 7, 7, 7, 7, 4, 4, 0, 1, 0, 6, 4]";"[4, 4, 4, 2, 1, 6, 0, 2, 1, 7, 1, 0, 0, 5, 1, 2, 5, 5, 6, 6, 1, 5, 5, 3, 1, 0, 6, 4, 3, 0, 2, 0, 0, 0, 0, 0, 0, 0, 0, 1, 1, 1, 1, 2, 2, 1, 3, 3, 3, 3, 3, 2, 3, 2, 1, 7, 2, 2, 2, 4, 7]";"[1, 0, 0, 1, 5, 3, 2, 5, 1, 0, 1, 2, 0, 0, 1, 1, 6, 0, 3, 3, 5, 0, 7, 4, 0, 0, 3, 1, 4, 0, 0, 2, 2, 2, 0, 2, 2, 0, 2, 1, 6, 1, 1, 0, 0, 1, 4, 2, 2, 4, 4, 0, 7, 0, 0, 0, 0, 0, 7, 3, 6]"
1;2;"aucs";"pmm_h";8;0.3075;0.2294;0.2562;0.1431;"{'8': 0.22916666666666666, '21': 0.25, '5': 0.375, '14': 0.5043103448275862, '23': 0.1875, '17': 0.125, '22': 0.275, '4': 0.725, '18': 0.3272058823529412}";"{'8': 0.22916666666666666, '21': 0.3125, '5': 0.375, '14': 0.49537037037037035, '23': 0.1875, '17': 0.1875, '22': 0.2361111111111111, '4': 0.6125, '18': 0.3125}";"{'8': 0.5625, '21': 0.25, '5': 0.3942307692307692, '14': 0.5178571428571428, '23': 0.1875, '17': 0.125, '22': 0.29166666666666663, '4': 0.7638888888888888, '18': 0.34375}";"{'8': 0.22916666666666666, '21': 0.39285714285714285, '5': 0.375, '14': 0.5043103448275862, '23': 0.35416666666666663, '17': 0.275, '22': 0.275, '4': 0.725, '18': 0.3272058823529412}";0.0;0.4548611111111111;0.4496527777777777;0.757996632996633;0.3430838334376496;0.536763513214614;0.2839159110918892;0.6119640940207607;0.6678792203406171;0.4942510872056866;0.3434750400628912;0.5775887606981548;0.3484790396996417;0.605075410052635;0.6820849396344312;0.5557966374859024;0.0016;0.0593;0.0074;"['8', '21', '5', '14', '23', '17', '22', '4', '18']";"[('intraA', ('4', '5')), ('interD', ('14', '35')), ('interD', ('14', '36')), ('interD', ('4', '47')), ('interD', ('18', '3')), ('interD', ('22', '37')), ('interA', ('17', '56')), ('intraD', ('21', '5'))]";"[('intraD', ('21', '8')), ('intraD', ('5', '8')), ('intraD', ('14', '8')), ('intraD', ('23', '8')), ('intraD', ('17', '8')), ('intraD', ('22', '8')), ('intraD', ('4', '8')), ('intraD', ('18', '8'))]";"[('interA', ('21', '37')), ('interA', ('23', '56')), ('interA', ('17', '36')), ('interA', ('17', '7')), ('interA', ('15', '23')), ('interA', ('21', '55')), ('interA', ('17', '20')), ('interA', ('20', '23'))]";"[['1', '2'], ['14', '13', '27', '57', '3', '58', '20', '45', '60', '6', '25', '19', '34', '32', '26', '16', '59', '39'], ['4', '5'], ['36', '33', '35', '7', '38', '30', '37', '12'], ['8', '21', '22', '28', '18', '23'], ['43', '46', '54', '44', '41', '11', '9', '42', '15', '55', '40'], ['61', '56', '17', '10'], ['50', '31', '52', '48', '53', '29', '24', '49', '51', '47']]";"[['8', '25', '34', '32', '26', '28', '54', '36', '37', '33', '7', '35', '30', '38', '12'], ['61', '57', '44', '16', '41', '52', '9', '10', '59', '45', '39', '55', '56'], ['50', '31', '48', '53', '29', '24', '51', '47'], ['43', '46', '11', '42', '15', '40'], ['21', '5', '13', '1', '2'], ['3', '58', '4', '49', '60'], ['14', '23', '17', '22', '18'], ['27', '19', '6', '20']]";"[['8', '50', '5', '61', '48', '53', '29', '24', '49', '51', '47'], ['43', '46', '54', '27', '11', '33', '35', '42', '60', '38', '40'], ['13', '1', '57', '44', '16', '41', '9', '4', '59'], ['34', '32', '28', '14', '26', '58', '39', '6', '12'], ['25', '31', '52', '3', '2', '10', '45', '30'], ['19', '23', '20', '15', '56', '18'], ['22', '36', '17', '7'], ['21', '37', '55']]";"[6, 6, 0, 2, 2, 7, 1, 2, 0, 4, 5, 1, 0, 2, 5, 0, 2, 2, 7, 7, 2, 2, 2, 3, 0, 1, 4, 1, 3, 1, 0, 1, 1, 1, 1, 1, 1, 1, 1, 5, 0, 5, 5, 0, 0, 5, 3, 3, 3, 3, 3, 0, 3, 4, 0, 4, 0, 4, 0, 6, 4]";"[0, 0, 1, 2, 2, 1, 3, 4, 5, 6, 5, 3, 1, 1, 5, 1, 6, 4, 1, 1, 4, 4, 4, 7, 1, 1, 1, 4, 7, 3, 7, 1, 3, 1, 3, 3, 3, 3, 1, 5, 5, 5, 5, 5, 1, 5, 7, 7, 7, 7, 7, 7, 7, 5, 5, 6, 1, 1, 1, 1, 6]";"[4, 4, 5, 5, 4, 7, 0, 0, 1, 1, 3, 0, 4, 6, 3, 1, 6, 6, 7, 7, 4, 6, 6, 2, 0, 0, 7, 0, 2, 0, 2, 0, 0, 0, 0, 0, 0, 0, 1, 3, 1, 3, 3, 1, 1, 3, 2, 2, 5, 2, 2, 1, 2, 0, 1, 1, 1, 5, 1, 5, 1]";"[2, 4, 4, 2, 0, 3, 6, 0, 2, 4, 1, 3, 2, 3, 5, 2, 6, 5, 5, 5, 7, 6, 5, 0, 4, 3, 1, 3, 0, 4, 4, 3, 1, 3, 1, 6, 7, 1, 3, 1, 2, 1, 1, 2, 4, 1, 0, 0, 0, 0, 0, 4, 0, 1, 7, 5, 2, 3, 2, 1, 0]"
2;2;"aucs";"pmm_h";8;0.3075;0.2053;0.2568;0.1917;"{'8': 0.22916666666666666, '21': 0.25, '5': 0.375, '14': 0.5043103448275862, '23': 0.1875, '17': 0.125, '22': 0.275, '4': 0.725, '18': 0.3272058823529412}";"{'8': 0.22916666666666666, '21': 0.1875, '5': 0.5576923076923077, '14': 0.5043103448275862, '23': 0.25, '17': 0.1875, '22': 0.3875, '4': 0.725, '18': 0.5714285714285714}";"{'8': 0.5625, '21': 0.25, '5': 0.3942307692307692, '14': 0.5178571428571428, '23': 0.1875, '17': 0.125, '22': 0.29166666666666663, '4': 0.7638888888888888, '18': 0.34375}";"{'8': 0.22916666666666666, '21': 0.39285714285714285, '5': 0.375, '14': 0.5043103448275862, '23': 0.35416666666666663, '17': 0.275, '22': 0.275, '4': 0.725, '18': 0.3272058823529412}";0.0;0.5883479532163742;0.3208333333333333;0.5984343434343434;0.2881268285410804;0.4668729110443133;0.2608975351158921;0.5494610011567439;0.6767888808252424;0.5199672856654982;0.3058128078817734;0.4894034193798159;0.2880588970179624;0.5698144211628863;0.6625447005003283;0.5628640722305754;0.0014;0.0603;0.0086;"['8', '21', '5', '14', '23', '17', '22', '4', '18']";"[('interA', ('22', '33')), ('intraD', ('22', '5')), ('intraA', ('14', '21')), ('intraD', ('14', '18')), ('intraD', ('18', '23')), ('interA', ('5', '7')), ('intraD', ('18', '5')), ('interA', ('17', '57'))]";"[('intraD', ('21', '8')), ('intraD', ('5', '8')), ('intraD', ('14', '8')), ('intraD', ('23', '8')), ('intraD', ('17', '8')), ('intraD', ('22', '8')), ('intraD', ('4', '8')), ('intraD', ('18', '8'))]";"[('interA', ('21', '40')), ('interA', ('23', '49')), ('interA', ('17', '57')), ('interA', ('17', '26')), ('interA', ('2', '23')), ('interA', ('21', '27')), ('interA', ('17', '28')), ('interA', ('23', '25'))]";"[['57', '44', '9', '2', '56', '43', '25', '46', '54', '1', '61', '11', '17', '16', '41', '42', '15', '55', '40'], ['3', '60', '18', '28'], ['32', '26', '13', '31', '4', '59', '45', '39'], ['8', '21', '5', '14', '7'], ['27', '19', '6', '20'], ['34', '36', '35', '58', '38', '10', '30', '37', '12'], ['22', '23', '33'], ['50', '52', '48', '53', '29', '24', '49', '51', '47']]";"[['8', '25', '14', '28', '61', '1', '44', '16', '52', '3', '58', '4', '10', '59', '56'], ['34', '32', '54', '36', '37', '33', '7', '35', '30', '39', '38', '12'], ['43', '46', '57', '11', '31', '9', '2', '42', '15', '40'], ['50', '48', '53', '29', '24', '51', '47'], ['21', '5', '23', '17', '22', '18'], ['13', '55', '41', '45'], ['60', '27', '49', '26'], ['19', '6', '20']]";"[['43', '46', '61', '1', '11', '41', '9', '58', '42', '10', '45', '55', '56', '15', '40'], ['44', '16', '31', '33', '7', '3', '35', '52', '4', '59', '30', '38'], ['8', '5', '14', '34', '54', '36', '22', '39', '37', '18', '12'], ['50', '48', '53', '29', '24', '51', '47'], ['21', '19', '27', '20', '6'], ['25', '2', '23', '49'], ['26', '57', '17', '28'], ['13', '60', '32']]";"[6, 6, 0, 2, 2, 7, 1, 2, 0, 4, 5, 1, 0, 2, 5, 0, 2, 2, 7, 7, 2, 2, 2, 3, 0, 1, 4, 1, 3, 1, 0, 1, 1, 1, 1, 1, 1, 1, 1, 5, 0, 5, 5, 0, 0, 5, 3, 3, 3, 3, 3, 0, 3, 4, 0, 4, 0, 4, 0, 6, 4]";"[0, 0, 1, 2, 3, 4, 3, 3, 0, 5, 0, 5, 2, 3, 0, 0, 0, 1, 4, 4, 3, 6, 6, 7, 0, 2, 4, 1, 7, 5, 2, 2, 6, 5, 5, 5, 5, 5, 2, 0, 0, 0, 0, 0, 2, 0, 7, 7, 7, 7, 7, 7, 7, 0, 0, 0, 0, 5, 2, 1, 0]";"[0, 2, 0, 0, 4, 7, 1, 0, 2, 0, 2, 1, 5, 0, 2, 0, 4, 4, 7, 7, 4, 4, 4, 3, 0, 6, 6, 0, 3, 1, 2, 1, 1, 1, 1, 1, 1, 1, 1, 2, 5, 2, 2, 0, 5, 2, 3, 3, 6, 3, 3, 0, 3, 1, 5, 0, 2, 0, 0, 6, 0]";"[0, 5, 1, 1, 2, 4, 1, 2, 0, 0, 0, 2, 7, 2, 0, 1, 6, 2, 4, 4, 4, 2, 5, 3, 5, 6, 4, 6, 3, 1, 1, 7, 1, 2, 1, 2, 2, 1, 2, 0, 0, 0, 0, 1, 0, 0, 3, 3, 5, 3, 3, 1, 3, 2, 0, 0, 6, 0, 1, 7, 0]"
3;2;"aucs";"pmm_h";8;0.3075;0.1755;0.263;0.2061;"{'8': 0.22916666666666666, '21': 0.25, '5': 0.375, '14': 0.5043103448275862, '23': 0.1875, '17': 0.125, '22': 0.275, '4': 0.725, '18': 0.3272058823529412}";"{'8': 0.22916666666666666, '21': 0.1875, '5': 0.3557692307692308, '14': 0.5721153846153846, '23': 0.25, '17': 0.1875, '22': 0.275, '4': 0.7083333333333333, '18': 0.4875}";"{'8': 0.5625, '21': 0.25, '5': 0.3942307692307692, '14': 0.5178571428571428, '23': 0.1875, '17': 0.125, '22': 0.29166666666666663, '4': 0.7638888888888888, '18': 0.34375}";"{'8': 0.22916666666666666, '21': 0.39285714285714285, '5': 0.375, '14': 0.5043103448275862, '23': 0.35416666666666663, '17': 0.275, '22': 0.275, '4': 0.725, '18': 0.3272058823529412}";0.0;0.5562003968253968;0.3049242424242424;0.5235615079365079;0.3041825095057034;0.5242467784940948;0.361851809550656;0.5918204698032002;0.7074820517046674;0.5769032551563217;0.313115485438504;0.5403862300587742;0.3961448656167718;0.5933584813612651;0.694064504846553;0.5983620288334283;0.0013;0.0602;0.0077;"['8', '21', '5', '14', '23', '17', '22', '4', '18']";"[('intraD', ('14', '23')), ('intraA', ('21', '23')), ('interD', ('16', '4')), ('interD', ('5', '6')), ('intraD', ('17', '18')), ('intraD', ('18', '23')), ('interD', ('14', '34')), ('interD', ('14', '33'))]";"[('intraD', ('21', '8')), ('intraD', ('5', '8')), ('intraD', ('14', '8')), ('intraD', ('23', '8')), ('intraD', ('17', '8')), ('intraD', ('22', '8')), ('intraD', ('4', '8')), ('intraD', ('18', '8'))]";"[('interA', ('13', '21')), ('interA', ('1', '23')), ('interA', ('17', '7')), ('interA', ('17', '56')), ('interA', ('23', '57')), ('interA', ('10', '21')), ('interA', ('17', '37')), ('interA', ('23', '44'))]";"[['1', '2'], ['25', '19', '14', '27', '3', '20', '59', '6'], ['28', '57', '36', '7', '58', '4', '45', '56', '12', '26', '54', '61', '31', '16', '41', '52', '33', '30', '10', '55', '38'], ['8', '5', '15', '60', '18'], ['50', '44', '48', '9', '29', '24', '53', '49', '51', '47'], ['43', '46', '42', '40', '11', '35'], ['34', '32', '13', '39', '37'], ['21', '23', '17', '22']]";"[['8', '25', '14', '54', '44', '16', '52', '3', '58', '4', '39'], ['34', '32', '36', '37', '33', '7', '35', '30', '38', '12'], ['43', '46', '61', '11', '31', '42', '10', '15', '56', '40'], ['13', '57', '41', '9', '59', '45', '55', '60'], ['50', '48', '53', '29', '24', '49', '51', '47'], ['19', '28', '26', '27', '2', '20', '6'], ['21', '5', '23', '17', '22', '18'], ['1']]";"[['25', '34', '32', '14', '26', '36', '33', '35', '3', '9', '58', '4', '30', '39', '38', '12'], ['43', '46', '54', '11', '2', '42', '15', '55', '60', '40'], ['61', '31', '16', '41', '52', '10', '49', '45', '59', '56'], ['8', '5', '17', '7', '22', '37', '18'], ['50', '48', '53', '29', '24', '51', '47'], ['19', '28', '27', '20', '6'], ['1', '57', '44', '23'], ['13', '21']]";"[6, 6, 0, 2, 2, 7, 1, 2, 0, 4, 5, 1, 0, 2, 5, 0, 2, 2, 7, 7, 2, 2, 2, 3, 0, 1, 4, 1, 3, 1, 0, 1, 1, 1, 1, 1, 1, 1, 1, 5, 0, 5, 5, 0, 0, 5, 3, 3, 3, 3, 3, 0, 3, 4, 0, 4, 0, 4, 0, 6, 4]";"[0, 0, 1, 2, 3, 1, 2, 3, 4, 2, 5, 2, 6, 1, 3, 2, 7, 3, 1, 1, 7, 7, 7, 4, 1, 2, 1, 2, 4, 2, 2, 6, 2, 6, 5, 2, 6, 2, 6, 5, 2, 5, 5, 4, 2, 5, 4, 4, 4, 4, 4, 2, 4, 2, 2, 2, 2, 2, 1, 3, 2]";"[7, 5, 0, 0, 6, 5, 1, 0, 3, 2, 2, 1, 3, 0, 2, 0, 6, 6, 5, 5, 6, 6, 6, 4, 0, 5, 5, 5, 4, 1, 2, 1, 1, 1, 1, 1, 1, 1, 0, 2, 3, 2, 2, 0, 3, 2, 4, 4, 4, 4, 4, 0, 4, 0, 3, 2, 3, 0, 3, 3, 2]";"[6, 1, 0, 0, 3, 5, 3, 3, 0, 2, 1, 0, 7, 0, 1, 2, 3, 3, 5, 5, 7, 3, 6, 4, 0, 0, 5, 5, 4, 0, 2, 0, 0, 0, 0, 0, 3, 0, 0, 1, 2, 1, 1, 6, 2, 1, 4, 4, 2, 4, 4, 2, 4, 1, 1, 2, 6, 0, 2, 1, 2]"
4;2;"aucs";"pmm_h";8;0.3075;0.2542;0.2734;0.1696;"{'8': 0.22916666666666666, '21': 0.25, '5': 0.375, '14': 0.5043103448275862, '23': 0.1875, '17': 0.125, '22': 0.275, '4': 0.725, '18': 0.3272058823529412}";"{'8': 0.3875, '21': 0.3125, '5': 0.375, '14': 0.5, '23': 0.125, '17': 0.125, '22': 0.2361111111111111, '4': 0.7386363636363636, '18': 0.5}";"{'8': 0.5625, '21': 0.25, '5': 0.3942307692307692, '14': 0.5178571428571428, '23': 0.1875, '17': 0.125, '22': 0.29166666666666663, '4': 0.7638888888888888, '18': 0.34375}";"{'8': 0.22916666666666666, '21': 0.39285714285714285, '5': 0.375, '14': 0.5043103448275862, '23': 0.35416666666666663, '17': 0.275, '22': 0.275, '4': 0.725, '18': 0.3272058823529412}";0.0;0.5048611111111111;0.4430555555555555;0.6686507936507937;0.5198671286803714;0.3111888568332833;0.2423765232984014;0.6657980743527193;0.5454818685054086;0.5093071416593001;0.5574937997254436;0.3445896036602172;0.3077572588113526;0.6859492856590517;0.5327911171608366;0.5723430767591946;0.0014;0.0598;0.0076;"['8', '21', '5', '14', '23', '17', '22', '4', '18']";"[('interA', ('18', '59')), ('intraD', ('18', '21')), ('intraA', ('21', '23')), ('interD', ('14', '3')), ('intraD', ('21', '8')), ('interD', ('22', '34')), ('intraD', ('18', '8')), ('interA', ('4', '55'))]";"[('intraD', ('21', '8')), ('intraD', ('5', '8')), ('intraD', ('14', '8')), ('intraD', ('23', '8')), ('intraD', ('17', '8')), ('intraD', ('22', '8')), ('intraD', ('4', '8')), ('intraD', ('18', '8'))]";"[('interA', ('20', '21')), ('interA', ('23', '32')), ('interA', ('17', '33')), ('interA', ('17', '43')), ('interA', ('12', '23')), ('interA', ('21', '30')), ('interA', ('17', '3')), ('interA', ('23', '57'))]";"[['14', '13', '57', '44', '9', '58', '2', '45', '56', '25', '61', '1', '16', '31', '41', '10'], ['34', '32', '26', '36', '33', '7', '3', '35', '39', '38', '30', '60', '37', '12'], ['55', '4'], ['21', '22', '5', '23', '17'], ['27', '19', '6', '20'], ['8', '43', '46', '28', '54', '11', '42', '15', '40'], ['18', '59'], ['50', '52', '48', '53', '29', '24', '49', '51', '47']]";"[['8', '57', '4', '49', '25', '1', '31', '52', '59', '44', '3', '58', '60', '50', '16', '48', '29', '24', '38', '47'], ['34', '32', '14', '13', '26', '36', '33', '7', '35', '30', '45', '39', '37', '12'], ['28', '54', '61', '41', '53', '51', '10', '55', '56'], ['15', '9', '2', '40'], ['27', '19', '6', '20'], ['43', '11', '42', '46'], ['22', '18', '23', '17'], ['21', '5']]";"[['8', '21', '25', '5', '46', '11', '41', '9', '2', '42', '15', '55', '18', '40'], ['44', '16', '31', '7', '35', '52', '59', '30', '60', '38'], ['34', '14', '54', '27', '36', '58', '4', '39', '37'], ['50', '48', '53', '29', '24', '49', '51', '47'], ['61', '1', '22', '10', '45', '56'], ['32', '26', '13', '57', '23', '12'], ['3', '43', '17', '33'], ['19', '6', '20', '28']]";"[6, 6, 0, 2, 2, 7, 1, 2, 0, 4, 5, 1, 0, 2, 5, 0, 2, 2, 7, 7, 2, 2, 2, 3, 0, 1, 4, 1, 3, 1, 0, 1, 1, 1, 1, 1, 1, 1, 1, 5, 0, 5, 5, 0, 0, 5, 3, 3, 3, 3, 3, 0, 3, 4, 0, 4, 0, 4, 0, 6, 4]";"[0, 0, 1, 2, 3, 4, 1, 5, 0, 0, 5, 1, 0, 0, 5, 0, 3, 6, 4, 4, 3, 3, 3, 7, 0, 1, 4, 5, 7, 1, 0, 1, 1, 1, 1, 1, 1, 1, 1, 5, 0, 5, 5, 0, 0, 5, 7, 7, 7, 7, 7, 7, 7, 5, 2, 0, 0, 0, 6, 1, 0]";"[0, 3, 0, 0, 7, 4, 1, 0, 3, 2, 5, 1, 1, 1, 3, 0, 6, 6, 4, 4, 7, 6, 6, 0, 0, 1, 4, 2, 0, 1, 0, 1, 1, 1, 1, 1, 1, 0, 1, 3, 2, 5, 5, 0, 1, 5, 0, 0, 0, 0, 2, 0, 2, 2, 2, 2, 0, 0, 0, 0, 2]";"[4, 0, 6, 2, 0, 7, 1, 0, 0, 4, 0, 5, 5, 2, 0, 1, 6, 0, 7, 7, 0, 4, 5, 3, 0, 5, 2, 7, 3, 1, 1, 5, 6, 2, 1, 2, 2, 1, 2, 0, 0, 0, 6, 1, 4, 0, 3, 3, 3, 3, 3, 1, 3, 2, 0, 4, 5, 2, 1, 1, 4]"
5;2;"aucs";"pmm_h";8;0.3075;0.2247;0.2276;0.1859;"{'8': 0.22916666666666666, '21': 0.25, '5': 0.375, '14': 0.5043103448275862, '23': 0.1875, '17': 0.125, '22': 0.275, '4': 0.725, '18': 0.3272058823529412}";"{'8': 0.22916666666666666, '21': 0.25, '5': 0.4567307692307692, '14': 0.5043103448275862, '23': 0.3333333333333333, '17': 0.3125, '22': 0.275, '4': 0.6306818181818181, '18': 0.4875}";"{'8': 0.5625, '21': 0.25, '5': 0.3942307692307692, '14': 0.5178571428571428, '23': 0.1875, '17': 0.125, '22': 0.29166666666666663, '4': 0.7638888888888888, '18': 0.34375}";"{'8': 0.22916666666666666, '21': 0.39285714285714285, '5': 0.375, '14': 0.5043103448275862, '23': 0.35416666666666663, '17': 0.275, '22': 0.275, '4': 0.725, '18': 0.3272058823529412}";0.0;0.4097222222222222;0.3458867521367521;0.6783333333333333;0.4316908071912075;0.4481696735173137;0.3005290792411837;0.6176915795277516;0.6202457132325998;0.5135726962550013;0.4304912854332345;0.4744869929166649;0.3659087945050646;0.5901832075504156;0.5964515487837763;0.5672488487298625;0.0014;0.0583;0.0078;"['8', '21', '5', '14', '23', '17', '22', '4', '18']";"[('intraD', ('17', '23')), ('intraD', ('18', '5')), ('interA', ('23', '39')), ('intraA', ('14', '21')), ('intraD', ('18', '21')), ('intraD', ('17', '21')), ('intraA', ('21', '4')), ('intraD', ('14', '17'))]";"[('intraD', ('21', '8')), ('intraD', ('5', '8')), ('intraD', ('14', '8')), ('intraD', ('23', '8')), ('intraD', ('17', '8')), ('intraD', ('22', '8')), ('intraD', ('4', '8')), ('intraD', ('18', '8'))]";"[('interA', ('21', '35')), ('interA', ('23', '27')), ('interA', ('17', '38')), ('interA', ('17', '6')), ('interA', ('23', '36')), ('interA', ('21', '58')), ('interA', ('17', '34')), ('interA', ('23', '24'))]";"[['43', '58', '46', '1', '11'], ['45', '61', '41', '9', '2', '42', '10', '15', '55', '56', '40'], ['34', '32', '26', '28', '36', '31', '33', '7', '3', '35', '38', '30', '60', '37', '12'], ['8', '21', '4', '5', '14'], ['27', '19', '6', '20'], ['25', '50', '13', '52', '48', '53', '29', '24', '49', '51', '47'], ['54', '57', '44', '16', '17', '22', '59', '18'], ['39', '23']]";"[['8', '21', '25', '50', '5', '3', '53', '29', '24', '4', '58', '51', '47'], ['34', '32', '36', '37', '33', '7', '35', '30', '39', '60', '38', '12'], ['57', '44', '16', '41', '52', '2', '10', '59', '45', '55', '56'], ['26', '61', '1', '31', '48', '9', '49'], ['43', '46', '13', '11', '42', '15', '40'], ['19', '28', '27', '20', '6'], ['14', '23', '17', '22', '18'], ['54']]";"[['32', '14', '28', '44', '33', '7', '35', '4', '30', '39', '37', '12'], ['50', '57', '31', '52', '3', '48', '29', '53', '49', '51', '47'], ['61', '1', '16', '41', '9', '10', '45', '55', '60', '56'], ['8', '25', '19', '5', '26', '13', '54', '2', '20', '18'], ['34', '17', '22', '59', '38', '6'], ['43', '46', '11', '42', '15', '40'], ['27', '24', '23', '36'], ['58', '21']]";"[6, 6, 0, 2, 2, 7, 1, 2, 0, 4, 5, 1, 0, 2, 5, 0, 2, 2, 7, 7, 2, 2, 2, 3, 0, 1, 4, 1, 3, 1, 0, 1, 1, 1, 1, 1, 1, 1, 1, 5, 0, 5, 5, 0, 0, 5, 3, 3, 3, 3, 3, 0, 3, 4, 0, 4, 0, 4, 0, 6, 4]";"[0, 1, 2, 3, 3, 4, 2, 3, 1, 1, 0, 2, 5, 3, 1, 6, 6, 6, 4, 4, 3, 6, 7, 5, 5, 2, 4, 2, 5, 2, 2, 2, 2, 2, 2, 2, 2, 2, 7, 1, 1, 1, 0, 6, 1, 0, 5, 5, 5, 5, 5, 5, 5, 6, 1, 1, 6, 0, 6, 2, 1]";"[3, 2, 0, 0, 0, 5, 1, 0, 3, 2, 4, 1, 4, 6, 4, 2, 6, 6, 5, 5, 0, 6, 6, 0, 0, 3, 5, 5, 0, 1, 3, 1, 1, 1, 1, 1, 1, 1, 1, 4, 2, 4, 4, 2, 2, 4, 0, 3, 3, 0, 0, 2, 0, 7, 2, 2, 2, 0, 2, 1, 3]";"[2, 3, 1, 0, 3, 4, 0, 3, 2, 2, 5, 0, 3, 0, 5, 2, 4, 3, 3, 3, 7, 4, 6, 6, 3, 3, 6, 0, 1, 0, 1, 0, 0, 4, 0, 6, 0, 4, 0, 5, 2, 5, 5, 0, 2, 5, 1, 1, 1, 1, 1, 1, 1, 3, 2, 2, 1, 7, 4, 2, 2]"
6;2;"aucs";"pmm_h";8;0.3075;0.2202;0.2363;0.2035;"{'8': 0.22916666666666666, '21': 0.25, '5': 0.375, '14': 0.5043103448275862, '23': 0.1875, '17': 0.125, '22': 0.275, '4': 0.725, '18': 0.3272058823529412}";"{'8': 0.22916666666666666, '21': 0.25, '5': 0.39166666666666666, '14': 0.5763888888888888, '23': 0.25, '17': 0.1875, '22': 0.35416666666666663, '4': 0.8125, '18': 0.40625}";"{'8': 0.5625, '21': 0.25, '5': 0.3942307692307692, '14': 0.5178571428571428, '23': 0.1875, '17': 0.125, '22': 0.29166666666666663, '4': 0.7638888888888888, '18': 0.34375}";"{'8': 0.22916666666666666, '21': 0.39285714285714285, '5': 0.375, '14': 0.5043103448275862, '23': 0.35416666666666663, '17': 0.275, '22': 0.275, '4': 0.725, '18': 0.3272058823529412}";0.0;0.6238095238095238;0.5111347853535353;0.5811965811965811;0.3401232209380074;0.3608635668742309;0.2976556833306338;0.6087446731668625;0.6179431585540681;0.5276358580978964;0.4154880438552142;0.4107988714506346;0.3436564178291824;0.6526885799698532;0.6712953707686832;0.5683405385008607;0.0016;0.0601;0.0082;"['8', '21', '5', '14', '23', '17', '22', '4', '18']";"[('interD', ('22', '34')), ('intraD', ('14', '17')), ('interA', ('22', '51')), ('interD', ('4', '47')), ('interD', ('14', '3')), ('intraD', ('18', '4')), ('intraD', ('22', '23')), ('interA', ('42', '5'))]";"[('intraD', ('21', '8')), ('intraD', ('5', '8')), ('intraD', ('14', '8')), ('intraD', ('23', '8')), ('intraD', ('17', '8')), ('intraD', ('22', '8')), ('intraD', ('4', '8')), ('intraD', ('18', '8'))]";"[('interA', ('21', '7')), ('interA', ('23', '50')), ('interA', ('17', '7')), ('interA', ('17', '52')), ('interA', ('1', '23')), ('interA', ('21', '46')), ('interA', ('17', '27')), ('interA', ('23', '48'))]";"[['25', '14', '54', '1', '61', '44', '23', '41', '9', '2', '10', '45', '55', '56'], ['28', '57', '16', '17', '31', '7', '3', '33', '52', '58', '4', '59', '60', '38', '18'], ['8', '21', '5'], ['27', '19', '6', '20'], ['43', '46', '42', '15', '11', '40'], ['34', '32', '26', '13', '36', '35', '39', '30', '12'], ['22', '37', '51'], ['48', '53', '29', '24', '50', '49', '47']]";"[['28', '26', '57', '44', '16', '31', '33', '7', '35', '52', '59', '30', '60', '38'], ['34', '32', '14', '36', '23', '17', '22', '39', '37', '18', '12'], ['19', '27', '3', '58', '4', '20', '49', '6'], ['8', '50', '48', '53', '29', '24', '51', '47'], ['54', '61', '41', '9', '10', '45', '55', '56'], ['43', '46', '11', '42', '15', '40'], ['21', '25', '5', '1', '2'], ['13']]";"[['8', '21', '5', '28', '26', '57', '16', '31', '7', '3', '4', '49', '18'], ['50', '61', '41', '53', '9', '29', '24', '10', '51', '45', '55', '56', '47'], ['34', '32', '13', '54', '36', '37', '33', '35', '22', '30', '39', '38', '12'], ['43', '25', '46', '44', '11', '2', '42', '15', '40'], ['14', '27', '17', '52', '58', '59'], ['48', '1', '23'], ['19', '6', '20'], ['60']]";"[6, 6, 0, 2, 2, 7, 1, 2, 0, 4, 5, 1, 0, 2, 5, 0, 2, 2, 7, 7, 2, 2, 2, 3, 0, 1, 4, 1, 3, 1, 0, 1, 1, 1, 1, 1, 1, 1, 1, 5, 0, 5, 5, 0, 0, 5, 3, 3, 3, 3, 3, 0, 3, 4, 0, 4, 0, 4, 0, 6, 4]";"[0, 0, 1, 1, 2, 3, 1, 2, 0, 0, 4, 5, 5, 0, 4, 1, 1, 1, 3, 3, 2, 6, 0, 7, 0, 5, 3, 1, 7, 5, 1, 5, 1, 5, 5, 5, 6, 1, 5, 4, 0, 4, 4, 0, 0, 4, 7, 7, 7, 7, 6, 1, 7, 0, 0, 0, 1, 1, 1, 1, 0]";"[6, 6, 2, 2, 6, 2, 0, 3, 4, 4, 5, 1, 7, 1, 5, 0, 1, 1, 2, 2, 6, 1, 1, 3, 6, 0, 2, 0, 3, 0, 0, 1, 0, 1, 0, 1, 1, 0, 1, 5, 4, 5, 5, 0, 4, 5, 3, 3, 2, 3, 3, 0, 3, 4, 4, 4, 0, 2, 0, 0, 4]";"[5, 3, 0, 0, 0, 6, 0, 0, 1, 1, 3, 2, 2, 4, 3, 0, 4, 0, 6, 6, 0, 2, 5, 1, 3, 0, 4, 0, 1, 2, 0, 2, 2, 2, 2, 2, 2, 2, 2, 3, 1, 3, 3, 3, 1, 3, 1, 5, 0, 1, 1, 4, 1, 2, 1, 1, 0, 4, 4, 7, 1]"
7;2;"aucs";"pmm_h";8;0.3075;0.1888;0.2461;0.1805;"{'8': 0.22916666666666666, '21': 0.25, '5': 0.375, '14': 0.5043103448275862, '23': 0.1875, '17': 0.125, '22': 0.275, '4': 0.725, '18': 0.3272058823529412}";"{'8': 0.22916666666666666, '21': 0.2589285714285714, '5': 0.375, '14': 0.4245689655172414, '23': 0.125, '17': 0.125, '22': 0.275, '4': 0.8263888888888888, '18': 0.4875}";"{'8': 0.5625, '21': 0.25, '5': 0.3942307692307692, '14': 0.5178571428571428, '23': 0.1875, '17': 0.125, '22': 0.29166666666666663, '4': 0.7638888888888888, '18': 0.34375}";"{'8': 0.22916666666666666, '21': 0.39285714285714285, '5': 0.375, '14': 0.5043103448275862, '23': 0.35416666666666663, '17': 0.275, '22': 0.275, '4': 0.725, '18': 0.3272058823529412}";0.0;0.4444444444444444;0.4260377209595959;0.5430555555555556;0.315310887802806;0.4737787229847257;0.3017786469131925;0.5893815589225828;0.6346547486447577;0.4981206147615747;0.2977749461287796;0.509099411558396;0.3114423605595943;0.5671332628678925;0.6532453119278786;0.4934367822587667;0.0019;0.0601;0.0074;"['8', '21', '5', '14', '23', '17', '22', '4', '18']";"[('intraA', ('21', '23')), ('intraD', ('18', '4')), ('intraA', ('14', '21')), ('interA', ('21', '61')), ('interA', ('27', '5')), ('interD', ('14', '7')), ('interD', ('19', '5')), ('intraD', ('18', '21'))]";"[('intraD', ('21', '8')), ('intraD', ('5', '8')), ('intraD', ('14', '8')), ('intraD', ('23', '8')), ('intraD', ('17', '8')), ('intraD', ('22', '8')), ('intraD', ('4', '8')), ('intraD', ('18', '8'))]";"[('interA', ('21', '31')), ('interA', ('23', '56')), ('interA', ('17', '34')), ('interA', ('17', '20')), ('interA', ('23', '47')), ('interA', ('21', '37')), ('interA', ('17', '51')), ('interA', ('13', '23'))]";"[['50', '1', '48', '53', '29', '2', '24', '49', '51', '47'], ['19', '26', '28', '3', '20', '30', '38', '6'], ['34', '44', '33', '9', '58', '4', '10', '45', '39', '37', '56', '12'], ['8', '22', '5', '27', '18', '17'], ['43', '46', '32', '13', '36', '11', '41', '7', '35', '42', '15', '55', '40'], ['61', '21', '23', '14'], ['25', '59', '54', '57', '16', '31', '52'], ['60']]";"[['34', '32', '26', '36', '37', '33', '7', '3', '35', '30', '45', '39', '38', '12'], ['43', '46', '13', '57', '31', '11', '41', '9', '42', '59', '15', '55', '60', '40'], ['8', '50', '27', '52', '48', '53', '29', '24', '49', '51', '47'], ['14', '61', '23', '17', '22', '10', '56', '18'], ['25', '1', '44', '16', '58', '4'], ['19', '28', '2', '20', '6'], ['21', '5'], ['54']]";"[['32', '28', '44', '36', '16', '33', '7', '35', '30', '45', '39', '60', '38', '12'], ['43', '46', '61', '11', '41', '9', '42', '10', '15', '55', '56', '40'], ['34', '14', '57', '17', '22', '58', '51', '59', '18'], ['25', '19', '26', '27', '3', '2', '20', '6'], ['50', '52', '48', '53', '29', '24', '49', '47'], ['8', '21', '5', '31', '37'], ['54', '1', '4'], ['13', '23']]";"[6, 6, 0, 2, 2, 7, 1, 2, 0, 4, 5, 1, 0, 2, 5, 0, 2, 2, 7, 7, 2, 2, 2, 3, 0, 1, 4, 1, 3, 1, 0, 1, 1, 1, 1, 1, 1, 1, 1, 5, 0, 5, 5, 0, 0, 5, 3, 3, 3, 3, 3, 0, 3, 4, 0, 4, 0, 4, 0, 6, 4]";"[0, 0, 1, 2, 3, 1, 4, 3, 2, 2, 4, 2, 4, 5, 4, 6, 3, 3, 1, 1, 5, 3, 5, 0, 6, 1, 3, 1, 0, 1, 6, 4, 2, 2, 4, 4, 2, 1, 2, 4, 4, 4, 4, 2, 2, 4, 0, 0, 0, 0, 0, 6, 0, 6, 4, 2, 6, 2, 6, 7, 5]";"[4, 5, 0, 4, 6, 5, 0, 2, 1, 3, 1, 0, 1, 3, 1, 4, 3, 3, 5, 5, 6, 3, 3, 2, 4, 0, 2, 5, 2, 0, 1, 0, 0, 0, 0, 0, 0, 0, 0, 1, 1, 1, 1, 4, 0, 1, 2, 2, 2, 2, 2, 2, 2, 7, 1, 3, 1, 4, 1, 1, 3]";"[6, 3, 3, 6, 5, 3, 0, 5, 1, 1, 1, 0, 7, 2, 1, 0, 2, 2, 3, 3, 5, 2, 7, 4, 3, 3, 3, 0, 4, 0, 5, 0, 0, 2, 0, 0, 5, 0, 0, 1, 1, 1, 1, 0, 0, 1, 4, 4, 4, 4, 2, 4, 4, 6, 1, 1, 2, 2, 2, 0, 1]"
8;2;"aucs";"pmm_h";8;0.3075;0.232;0.2608;0.1874;"{'8': 0.22916666666666666, '21': 0.25, '5': 0.375, '14': 0.5043103448275862, '23': 0.1875, '17': 0.125, '22': 0.275, '4': 0.725, '18': 0.3272058823529412}";"{'8': 0.22916666666666666, '21': 0.1875, '5': 0.4732142857142857, '14': 0.4245689655172414, '23': 0.1875, '17': 0.0625, '22': 0.1625, '4': 0.4567307692307692, '18': 0.3272058823529412}";"{'8': 0.5625, '21': 0.25, '5': 0.3942307692307692, '14': 0.5178571428571428, '23': 0.1875, '17': 0.125, '22': 0.29166666666666663, '4': 0.7638888888888888, '18': 0.34375}";"{'8': 0.22916666666666666, '21': 0.39285714285714285, '5': 0.375, '14': 0.5043103448275862, '23': 0.35416666666666663, '17': 0.275, '22': 0.275, '4': 0.725, '18': 0.3272058823529412}";0.0;0.5259259259259259;0.5328993055555555;0.6931511470985156;0.358026753704013;0.453233792865623;0.3434739163544963;0.6027197448112885;0.6748298272336171;0.5341672707203472;0.3757576809431039;0.528254134092301;0.4140752802608372;0.5961783051450913;0.7325832336825281;0.6009251468690647;0.0014;0.059;0.0078;"['8', '21', '5', '14', '23', '17', '22', '4', '18']";"[('intraA', ('17', '4')), ('intraA', ('23', '4')), ('interD', ('22', '37')), ('interA', ('33', '5')), ('intraD', ('23', '5')), ('interD', ('14', '29')), ('intraA', ('14', '21')), ('intraA', ('22', '4'))]";"[('intraD', ('21', '8')), ('intraD', ('5', '8')), ('intraD', ('14', '8')), ('intraD', ('23', '8')), ('intraD', ('17', '8')), ('intraD', ('22', '8')), ('intraD', ('4', '8')), ('intraD', ('18', '8'))]";"[('interA', ('21', '61')), ('interA', ('23', '9')), ('interA', ('17', '3')), ('interA', ('17', '26')), ('interA', ('23', '31')), ('interA', ('21', '26')), ('interA', ('17', '27')), ('interA', ('23', '44'))]";"[['8', '21', '5', '26', '54', '1', '33', '35', '2', '18'], ['43', '46', '13', '11', '3', '58', '42', '15', '40'], ['23', '22', '4', '17'], ['27', '19', '6', '20'], ['34', '32', '14', '36', '7', '39', '30', '37', '12'], ['28', '61', '57', '41', '9', '45', '55', '60', '38', '56'], ['59', '44', '16', '10'], ['25', '50', '31', '52', '48', '53', '29', '24', '49', '51', '47']]";"[['8', '25', '32', '26', '13', '28', '3', '58', '4', '39'], ['34', '14', '36', '37', '33', '7', '35', '30', '38', '12'], ['50', '1', '48', '53', '29', '24', '49', '51', '47'], ['54', '61', '44', '41', '9', '10', '45', '55', '56'], ['43', '21', '5', '46', '11', '42', '15', '40'], ['57', '16', '31', '52', '2', '59'], ['23', '17', '22', '60', '18'], ['27', '19', '6', '20']]";"[['57', '4', '45', '55', '46', '26', '11', '52', '22', '10', '59', '13', '58', '56', '43', '54', '16', '41', '39'], ['34', '32', '14', '28', '36', '37', '33', '7', '35', '30', '60', '38', '12'], ['25', '50', '48', '53', '29', '24', '42', '49', '51', '47', '40'], ['19', '2', '20', '15', '18', '6'], ['8', '21', '61', '5'], ['9', '44', '23', '31'], ['3', '27', '17'], ['1']]";"[6, 6, 0, 2, 2, 7, 1, 2, 0, 4, 5, 1, 0, 2, 5, 0, 2, 2, 7, 7, 2, 2, 2, 3, 0, 1, 4, 1, 3, 1, 0, 1, 1, 1, 1, 1, 1, 1, 1, 5, 0, 5, 5, 0, 0, 5, 3, 3, 3, 3, 3, 0, 3, 4, 0, 4, 0, 4, 0, 6, 4]";"[0, 0, 1, 2, 0, 3, 4, 0, 5, 6, 1, 4, 1, 4, 1, 6, 2, 0, 3, 3, 0, 2, 2, 7, 7, 0, 3, 5, 7, 4, 7, 4, 0, 4, 0, 4, 4, 5, 4, 1, 5, 1, 1, 6, 5, 1, 7, 7, 7, 7, 7, 7, 7, 0, 5, 5, 5, 1, 6, 5, 5]";"[2, 5, 0, 0, 4, 7, 1, 0, 3, 3, 4, 1, 0, 1, 4, 5, 6, 6, 7, 7, 4, 6, 6, 2, 0, 0, 7, 0, 2, 1, 5, 0, 1, 1, 1, 1, 1, 1, 0, 4, 3, 4, 4, 3, 3, 4, 2, 2, 2, 2, 2, 5, 2, 3, 3, 3, 5, 0, 5, 6, 3]";"[7, 3, 6, 0, 4, 3, 1, 4, 5, 0, 0, 1, 0, 1, 3, 0, 6, 3, 3, 3, 4, 0, 5, 2, 2, 0, 6, 1, 2, 1, 5, 1, 1, 1, 1, 1, 1, 1, 0, 2, 0, 2, 0, 5, 0, 0, 2, 2, 2, 2, 2, 0, 2, 0, 0, 0, 0, 0, 0, 1, 4]"
9;2;"aucs";"pmm_h";8;0.3075;0.1988;0.2729;0.2489;"{'8': 0.22916666666666666, '21': 0.25, '5': 0.375, '14': 0.5043103448275862, '23': 0.1875, '17': 0.125, '22': 0.275, '4': 0.725, '18': 0.3272058823529412}";"{'8': 0.3068181818181818, '21': 0.3125, '5': 0.4567307692307692, '14': 0.5, '23': 0.25, '17': 0.25, '22': 0.4375, '4': 0.7946428571428572, '18': 0.40625}";"{'8': 0.5625, '21': 0.25, '5': 0.3942307692307692, '14': 0.5178571428571428, '23': 0.1875, '17': 0.125, '22': 0.29166666666666663, '4': 0.7638888888888888, '18': 0.34375}";"{'8': 0.22916666666666666, '21': 0.39285714285714285, '5': 0.375, '14': 0.5043103448275862, '23': 0.35416666666666663, '17': 0.275, '22': 0.275, '4': 0.725, '18': 0.3272058823529412}";0.0;0.4236111111111111;0.5041733440170941;0.5738888888888889;0.3903817811067816;0.5101851069224917;0.4001543491610376;0.6382103360262003;0.7109840399998513;0.5992992381848037;0.4060037827813397;0.580352644836272;0.4506809856398938;0.6147040919057147;0.7586591771369271;0.6615334340171567;0.0014;0.0597;0.0232;"['8', '21', '5', '14', '23', '17', '22', '4', '18']";"[('intraD', ('17', '21')), ('interD', ('1', '4')), ('intraD', ('18', '4')), ('interD', ('4', '52')), ('intraD', ('22', '23')), ('interD', ('14', '47')), ('intraD', ('17', '5')), ('intraD', ('22', '8'))]";"[('intraD', ('21', '8')), ('intraD', ('5', '8')), ('intraD', ('14', '8')), ('intraD', ('23', '8')), ('intraD', ('17', '8')), ('intraD', ('22', '8')), ('intraD', ('4', '8')), ('intraD', ('18', '8'))]";"[('interA', ('21', '60')), ('interA', ('23', '59')), ('interA', ('10', '17')), ('interA', ('17', '47')), ('interA', ('19', '23')), ('interA', ('21', '26')), ('interA', ('17', '25')), ('interA', ('16', '23'))]";"[['1', '2'], ['14', '28', '3', '58', '4', '60', '43', '34', '46', '26', '11', '31', '42', '15', '37', '40'], ['8', '21', '5'], ['27', '19', '6', '20'], ['12', '7', '61', '30', '36', '33', '35'], ['13', '57', '44', '9', '45', '55', '56', '25', '32', '54', '16', '41', '52', '10', '59', '39', '38'], ['23', '22', '18', '17'], ['50', '48', '53', '29', '24', '49', '51', '47']]";"[['14', '54', '61', '27', '41', '3', '9', '58', '10', '45', '55', '60', '56'], ['34', '28', '1', '36', '37', '33', '7', '35', '30', '38', '12'], ['8', '57', '44', '31', '16', '52', '4', '59'], ['50', '48', '53', '29', '24', '49', '51', '47'], ['21', '25', '19', '5', '2', '20', '6'], ['43', '46', '11', '42', '15', '40'], ['13', '39', '32', '26'], ['22', '18', '23', '17']]";"[['57', '9', '49', '51', '45', '31', '52', '27', '3', '53', '56', '50', '54', '61', '41', '48', '29', '24', '55', '47'], ['34', '32', '14', '13', '28', '36', '44', '37', '33', '7', '35', '30', '39', '38', '12'], ['8', '43', '5', '46', '11', '22', '58', '4', '42', '15', '18', '40'], ['2', '19', '6', '20'], ['25', '17', '10'], ['16', '23', '59'], ['21', '60', '26'], ['1']]";"[6, 6, 0, 2, 2, 7, 1, 2, 0, 4, 5, 1, 0, 2, 5, 0, 2, 2, 7, 7, 2, 2, 2, 3, 0, 1, 4, 1, 3, 1, 0, 1, 1, 1, 1, 1, 1, 1, 1, 5, 0, 5, 5, 0, 0, 5, 3, 3, 3, 3, 3, 0, 3, 4, 0, 4, 0, 4, 0, 6, 4]";"[0, 0, 1, 1, 2, 3, 4, 2, 5, 5, 1, 4, 5, 1, 1, 5, 6, 6, 3, 3, 2, 6, 6, 7, 5, 1, 3, 1, 7, 4, 1, 5, 4, 1, 4, 4, 1, 5, 5, 1, 5, 1, 1, 5, 5, 1, 7, 7, 7, 7, 7, 5, 7, 5, 5, 5, 5, 1, 5, 1, 4]";"[1, 4, 0, 2, 4, 4, 1, 2, 0, 0, 5, 1, 6, 0, 5, 2, 7, 7, 4, 4, 4, 7, 7, 3, 4, 6, 0, 1, 3, 1, 2, 6, 1, 1, 1, 1, 1, 1, 6, 5, 0, 5, 5, 2, 0, 5, 3, 3, 3, 3, 3, 2, 3, 0, 0, 0, 2, 0, 2, 0, 0]";"[7, 3, 0, 2, 2, 3, 1, 2, 0, 4, 2, 1, 1, 1, 2, 5, 4, 2, 3, 3, 6, 2, 5, 0, 4, 6, 0, 1, 0, 1, 0, 1, 1, 1, 1, 1, 1, 1, 1, 2, 0, 2, 2, 1, 0, 2, 0, 0, 0, 0, 0, 0, 0, 0, 0, 0, 0, 2, 5, 6, 0]"
10;2;"aucs";"pmm_h";8;0.3075;0.1852;0.2682;0.1811;"{'8': 0.22916666666666666, '21': 0.25, '5': 0.375, '14': 0.5043103448275862, '23': 0.1875, '17': 0.125, '22': 0.275, '4': 0.725, '18': 0.3272058823529412}";"{'8': 0.33333333333333337, '21': 0.25, '5': 0.3557692307692308, '14': 0.6538461538461539, '23': 0.25, '17': 0.0625, '22': 0.275, '4': 0.6306818181818181, '18': 0.5}";"{'8': 0.5625, '21': 0.25, '5': 0.3942307692307692, '14': 0.5178571428571428, '23': 0.1875, '17': 0.125, '22': 0.29166666666666663, '4': 0.7638888888888888, '18': 0.34375}";"{'8': 0.22916666666666666, '21': 0.39285714285714285, '5': 0.375, '14': 0.5043103448275862, '23': 0.35416666666666663, '17': 0.275, '22': 0.275, '4': 0.725, '18': 0.3272058823529412}";0.0;0.4895833333333333;0.4423611111111111;0.6155753968253969;0.2862199846604653;0.4098286414828504;0.2687016928771668;0.5746708653563934;0.5980202016148496;0.5109085005638606;0.2754405882290528;0.4470909161762986;0.3061660178324752;0.5477245490553395;0.5958484650894389;0.5415279989702734;0.0014;0.0604;0.0083;"['8', '21', '5', '14', '23', '17', '22', '4', '18']";"[('interD', ('20', '5')), ('intraA', ('17', '4')), ('interA', ('18', '24')), ('interA', ('53', '8')), ('intraD', ('14', '18')), ('intraD', ('14', '23')), ('intraD', ('18', '8')), ('interD', ('14', '47'))]";"[('intraD', ('21', '8')), ('intraD', ('5', '8')), ('intraD', ('14', '8')), ('intraD', ('23', '8')), ('intraD', ('17', '8')), ('intraD', ('22', '8')), ('intraD', ('4', '8')), ('intraD', ('18', '8'))]";"[('interA', ('21', '31')), ('interA', ('23', '50')), ('interA', ('17', '55')), ('interA', ('17', '27')), ('interA', ('23', '26')), ('interA', ('21', '24')), ('interA', ('17', '29')), ('interA', ('23', '57'))]";"[['57', '9', '2', '49', '51', '60', '56', '25', '50', '61', '1', '31', '41', '48', '29', '55', '47'], ['14', '36', '44', '7', '3', '58', '45', '12', '34', '16', '37', '33', '35', '52', '10', '59', '30', '38'], ['23', '22', '4', '17'], ['8', '21', '5', '53'], ['27', '19', '6', '20'], ['43', '46', '42', '54', '11', '15', '40'], ['39', '32', '28', '13', '26'], ['24', '18']]";"[['43', '46', '54', '1', '57', '44', '31', '11', '16', '41', '42', '59', '15', '55', '40'], ['34', '14', '26', '36', '23', '37', '33', '7', '35', '58', '4', '30', '39', '38', '12'], ['8', '25', '19', '28', '27', '3', '9', '2', '20', '6'], ['50', '52', '48', '53', '29', '24', '49', '51', '47'], ['21', '5', '17', '22', '18'], ['45', '61', '10', '56'], ['13', '32'], ['60']]";"[['13', '61', '44', '16', '41', '33', '7', '3', '9', '35', '52', '59', '30', '60', '38'], ['34', '32', '14', '54', '1', '36', '22', '4', '10', '45', '39', '37', '56', '12'], ['8', '21', '25', '5', '31', '2', '24', '18'], ['43', '46', '11', '42', '15', '40'], ['48', '53', '29', '51', '49', '47'], ['19', '28', '58', '20', '6'], ['23', '57', '50', '26'], ['55', '27', '17']]";"[6, 6, 0, 2, 2, 7, 1, 2, 0, 4, 5, 1, 0, 2, 5, 0, 2, 2, 7, 7, 2, 2, 2, 3, 0, 1, 4, 1, 3, 1, 0, 1, 1, 1, 1, 1, 1, 1, 1, 5, 0, 5, 5, 0, 0, 5, 3, 3, 3, 3, 3, 0, 3, 4, 0, 4, 0, 4, 0, 6, 4]";"[0, 0, 1, 2, 3, 4, 1, 3, 0, 1, 5, 1, 6, 1, 5, 1, 2, 7, 4, 4, 3, 2, 2, 7, 0, 6, 4, 6, 0, 1, 0, 6, 1, 1, 1, 1, 1, 1, 6, 5, 0, 5, 5, 1, 1, 5, 0, 0, 0, 0, 0, 1, 3, 5, 0, 0, 0, 1, 1, 0, 0]";"[0, 2, 2, 1, 4, 2, 1, 2, 2, 5, 0, 1, 6, 1, 0, 0, 4, 4, 2, 2, 4, 4, 1, 3, 2, 1, 2, 2, 3, 1, 0, 6, 1, 1, 1, 1, 1, 1, 1, 0, 0, 0, 0, 0, 5, 0, 3, 3, 3, 3, 3, 3, 3, 0, 0, 5, 0, 1, 0, 7, 5]";"[1, 2, 0, 1, 2, 5, 0, 2, 0, 1, 3, 1, 0, 1, 3, 0, 7, 2, 5, 5, 2, 1, 6, 2, 2, 6, 7, 5, 4, 0, 2, 1, 0, 1, 0, 1, 1, 0, 1, 3, 0, 3, 3, 0, 1, 3, 4, 4, 4, 6, 4, 0, 4, 1, 7, 1, 6, 5, 0, 0, 0]"
11;2;"aucs";"pmm_h";8;0.3075;0.2053;0.285;0.213;"{'8': 0.22916666666666666, '21': 0.25, '5': 0.375, '14': 0.5043103448275862, '23': 0.1875, '17': 0.125, '22': 0.275, '4': 0.725, '18': 0.3272058823529412}";"{'8': 0.22916666666666666, '21': 0.1875, '5': 0.29583333333333334, '14': 0.5043103448275862, '23': 0.1875, '17': 0.11805555555555555, '22': 0.275, '4': 0.5576923076923077, '18': 0.40625}";"{'8': 0.5625, '21': 0.25, '5': 0.3942307692307692, '14': 0.5178571428571428, '23': 0.1875, '17': 0.125, '22': 0.29166666666666663, '4': 0.7638888888888888, '18': 0.34375}";"{'8': 0.22916666666666666, '21': 0.39285714285714285, '5': 0.375, '14': 0.5043103448275862, '23': 0.35416666666666663, '17': 0.275, '22': 0.275, '4': 0.725, '18': 0.3272058823529412}";0.0;0.5223290598290599;0.4387152777777777;0.5883838383838385;0.3164581385339211;0.6218123328668961;0.2191158513902079;0.568876409413324;0.7343904965715189;0.4954910970600881;0.3178349212521874;0.6827672686174382;0.2675520266076426;0.5511281075823099;0.7750115872394502;0.522199841130955;0.0014;0.0588;0.0087;"['8', '21', '5', '14', '23', '17', '22', '4', '18']";"[('intraA', ('21', '4')), ('interA', ('17', '19')), ('interA', ('4', '48')), ('intraD', ('18', '4')), ('intraA', ('17', '4')), ('intraA', ('4', '5')), ('interA', ('14', '59')), ('interD', ('14', '33'))]";"[('intraD', ('21', '8')), ('intraD', ('5', '8')), ('intraD', ('14', '8')), ('intraD', ('23', '8')), ('intraD', ('17', '8')), ('intraD', ('22', '8')), ('intraD', ('4', '8')), ('intraD', ('18', '8'))]";"[('interA', ('21', '48')), ('interA', ('10', '23')), ('interA', ('17', '32')), ('interA', ('12', '17')), ('interA', ('23', '33')), ('interA', ('21', '32')), ('interA', ('17', '42')), ('interA', ('23', '56'))]";"[['50', '1', '31', '52', '48', '53', '29', '24', '49', '51', '47'], ['43', '46', '11', '9', '2', '42', '15', '40'], ['25', '32', '13', '36', '33', '7', '3', '35', '58', '30', '37', '12'], ['21', '4', '5'], ['19', '6', '20'], ['8', '34', '26', '54', '27', '44', '41', '10', '45', '39', '60', '55', '56'], ['14', '28', '59', '57', '38', '16'], ['22', '61', '18', '23', '17']]";"[['25', '61', '57', '44', '16', '41', '52', '3', '9', '4', '10', '59', '45', '55', '56'], ['34', '26', '36', '37', '33', '7', '35', '30', '39', '38', '12'], ['43', '46', '11', '2', '42', '15', '60', '40'], ['50', '48', '53', '29', '24', '49', '51', '47'], ['14', '23', '17', '58', '22', '18'], ['8', '32', '28', '13', '1'], ['19', '27', '31', '20', '6'], ['54', '21', '5']]";"[['14', '9', '4', '45', '55', '34', '26', '35', '22', '37', '13', '36', '7', '58', '60', '18', '54', '61', '41', '39', '30', '38'], ['25', '28', '57', '44', '16', '2', '59', '15', '40'], ['50', '31', '52', '53', '29', '24', '49', '51', '47'], ['43', '46', '1', '11', '42'], ['19', '27', '3', '20', '6'], ['8', '21', '5', '48'], ['10', '56', '23', '33'], ['17', '32', '12']]";"[6, 6, 0, 2, 2, 7, 1, 2, 0, 4, 5, 1, 0, 2, 5, 0, 2, 2, 7, 7, 2, 2, 2, 3, 0, 1, 4, 1, 3, 1, 0, 1, 1, 1, 1, 1, 1, 1, 1, 5, 0, 5, 5, 0, 0, 5, 3, 3, 3, 3, 3, 0, 3, 4, 0, 4, 0, 4, 0, 6, 4]";"[0, 1, 2, 3, 3, 4, 2, 5, 1, 5, 1, 2, 2, 6, 1, 6, 7, 7, 4, 4, 3, 7, 7, 0, 2, 5, 5, 6, 0, 2, 0, 2, 2, 5, 2, 2, 2, 6, 5, 1, 5, 1, 1, 5, 5, 1, 0, 0, 0, 0, 0, 0, 0, 5, 5, 5, 6, 2, 6, 5, 7]";"[5, 2, 0, 0, 7, 6, 1, 5, 0, 0, 2, 1, 5, 4, 2, 0, 4, 4, 6, 6, 7, 4, 4, 3, 0, 1, 6, 5, 3, 1, 6, 5, 1, 1, 1, 1, 1, 1, 1, 2, 0, 2, 2, 0, 0, 2, 3, 3, 3, 3, 3, 0, 3, 7, 0, 0, 0, 4, 0, 2, 0]";"[3, 1, 4, 0, 5, 4, 0, 5, 0, 6, 3, 7, 0, 0, 1, 1, 7, 0, 4, 4, 5, 0, 6, 2, 1, 0, 4, 1, 2, 0, 2, 7, 6, 0, 0, 0, 0, 0, 0, 1, 0, 3, 3, 1, 0, 3, 2, 5, 2, 2, 2, 2, 2, 0, 0, 6, 1, 0, 1, 0, 0]"
12;2;"aucs";"pmm_h";8;0.3075;0.2006;0.2051;0.2378;"{'8': 0.22916666666666666, '21': 0.25, '5': 0.375, '14': 0.5043103448275862, '23': 0.1875, '17': 0.125, '22': 0.275, '4': 0.725, '18': 0.3272058823529412}";"{'8': 0.3068181818181818, '21': 0.1875, '5': 0.375, '14': 0.4245689655172414, '23': 0.25, '17': 0.125, '22': 0.275, '4': 0.725, '18': 0.3402777777777778}";"{'8': 0.5625, '21': 0.25, '5': 0.3942307692307692, '14': 0.5178571428571428, '23': 0.1875, '17': 0.125, '22': 0.29166666666666663, '4': 0.7638888888888888, '18': 0.34375}";"{'8': 0.22916666666666666, '21': 0.39285714285714285, '5': 0.375, '14': 0.5043103448275862, '23': 0.35416666666666663, '17': 0.275, '22': 0.275, '4': 0.725, '18': 0.3272058823529412}";0.0;0.5622076023391813;0.4988179125816994;0.7103174603174603;0.4113986590593078;0.3251328335395589;0.4018402646363462;0.6146523168574868;0.5756930834877543;0.5597370848308463;0.4886241975157043;0.3522281285707189;0.5061008502658686;0.6449703605251755;0.6081930164537346;0.6435873729001064;0.0016;0.059;0.0077;"['8', '21', '5', '14', '23', '17', '22', '4', '18']";"[('intraA', ('14', '21')), ('interD', ('3', '8')), ('interD', ('14', '45')), ('interA', ('26', '8')), ('interA', ('18', '55')), ('interA', ('18', '27')), ('interD', ('18', '32')), ('intraD', ('23', '8'))]";"[('intraD', ('21', '8')), ('intraD', ('5', '8')), ('intraD', ('14', '8')), ('intraD', ('23', '8')), ('intraD', ('17', '8')), ('intraD', ('22', '8')), ('intraD', ('4', '8')), ('intraD', ('18', '8'))]";"[('interA', ('10', '21')), ('interA', ('23', '30')), ('interA', ('17', '40')), ('interA', ('16', '17')), ('interA', ('23', '60')), ('interA', ('21', '9')), ('interA', ('17', '61')), ('interA', ('23', '28'))]";"[['34', '32', '28', '1', '36', '33', '7', '35', '22', '39', '58', '30', '60', '37', '12'], ['13', '57', '3', '2', '4', '49', '45', '25', '26', '54', '31', '17', '16', '52', '23', '41', '48', '59', '38'], ['8', '21', '5', '14'], ['27', '19', '6', '20'], ['61', '9', '56', '10'], ['43', '46', '42', '15', '44', '11', '40'], ['55', '18'], ['53', '29', '24', '50', '51', '47']]";"[['8', '25', '26', '54', '57', '36', '33', '7', '3', '35', '52', '58', '59', '45', '30', '38', '12'], ['43', '46', '11', '41', '9', '42', '15', '55', '40'], ['50', '31', '48', '53', '29', '24', '49', '51', '47'], ['34', '14', '23', '17', '22', '60', '37', '18'], ['21', '5', '1', '44', '16', '2'], ['28', '61', '4', '10', '56'], ['27', '19', '6', '20'], ['13', '39', '32']]";"[['54', '1', '57', '44', '31', '41', '7', '52', '22', '58', '4', '59', '45', '55'], ['34', '14', '32', '13', '26', '36', '37', '33', '35', '39', '38', '12'], ['8', '25', '19', '5', '27', '3', '20', '18', '6'], ['50', '48', '53', '29', '24', '49', '51', '56', '47'], ['43', '46', '11', '2', '42', '15', '40'], ['30', '60', '23', '28'], ['9', '21', '10'], ['61', '16', '17']]";"[6, 6, 0, 2, 2, 7, 1, 2, 0, 4, 5, 1, 0, 2, 5, 0, 2, 2, 7, 7, 2, 2, 2, 3, 0, 1, 4, 1, 3, 1, 0, 1, 1, 1, 1, 1, 1, 1, 1, 5, 0, 5, 5, 0, 0, 5, 3, 3, 3, 3, 3, 0, 3, 4, 0, 4, 0, 4, 0, 6, 4]";"[0, 1, 1, 1, 2, 3, 0, 2, 4, 4, 5, 0, 1, 2, 5, 1, 1, 6, 3, 3, 2, 0, 1, 7, 1, 1, 3, 0, 7, 0, 1, 0, 0, 0, 0, 0, 0, 1, 0, 5, 1, 5, 5, 5, 1, 5, 7, 1, 1, 7, 7, 1, 7, 1, 6, 4, 1, 0, 1, 0, 4]";"[4, 4, 0, 5, 4, 6, 0, 0, 1, 5, 1, 0, 7, 3, 1, 4, 3, 3, 6, 6, 4, 3, 3, 2, 0, 0, 6, 5, 2, 0, 2, 7, 0, 3, 0, 0, 3, 0, 7, 1, 1, 1, 1, 4, 0, 1, 2, 2, 2, 2, 2, 0, 2, 0, 1, 5, 0, 0, 0, 3, 5]";"[0, 4, 2, 0, 2, 2, 0, 2, 6, 6, 4, 1, 1, 1, 4, 7, 7, 2, 2, 2, 6, 0, 5, 3, 2, 1, 2, 5, 3, 5, 0, 1, 1, 1, 1, 1, 1, 1, 1, 4, 0, 4, 4, 0, 0, 4, 3, 3, 3, 3, 3, 0, 3, 0, 0, 3, 0, 0, 0, 5, 7]"
13;2;"aucs";"pmm_h";8;0.3075;0.239;0.2365;0.2291;"{'8': 0.22916666666666666, '21': 0.25, '5': 0.375, '14': 0.5043103448275862, '23': 0.1875, '17': 0.125, '22': 0.275, '4': 0.725, '18': 0.3272058823529412}";"{'8': 0.275, '21': 0.25, '5': 0.29583333333333334, '14': 0.5043103448275862, '23': 0.3125, '17': 0.0625, '22': 0.35416666666666663, '4': 0.5416666666666667, '18': 0.4875}";"{'8': 0.5625, '21': 0.25, '5': 0.3942307692307692, '14': 0.5178571428571428, '23': 0.1875, '17': 0.125, '22': 0.29166666666666663, '4': 0.7638888888888888, '18': 0.34375}";"{'8': 0.22916666666666666, '21': 0.39285714285714285, '5': 0.375, '14': 0.5043103448275862, '23': 0.35416666666666663, '17': 0.275, '22': 0.275, '4': 0.725, '18': 0.3272058823529412}";0.0;0.5553030303030304;0.4826388888888889;0.5323232323232323;0.4799646575604164;0.4490276528365916;0.3389784439903772;0.6662911527784375;0.639345821711181;0.5387777259135094;0.5427604434504946;0.4931859279960546;0.3645570429059774;0.683557152712179;0.671904662979498;0.5486942172279023;0.0014;0.0603;0.009;"['8', '21', '5', '14', '23', '17', '22', '4', '18']";"[('interD', ('25', '8')), ('intraD', ('18', '23')), ('intraD', ('23', '8')), ('intraD', ('14', '18')), ('intraD', ('21', '22')), ('intraA', ('14', '21')), ('intraA', ('17', '4')), ('intraA', ('4', '5'))]";"[('intraD', ('21', '8')), ('intraD', ('5', '8')), ('intraD', ('14', '8')), ('intraD', ('23', '8')), ('intraD', ('17', '8')), ('intraD', ('22', '8')), ('intraD', ('4', '8')), ('intraD', ('18', '8'))]";"[('interA', ('21', '25')), ('interA', ('23', '31')), ('interA', ('17', '60')), ('interA', ('17', '38')), ('interA', ('23', '25')), ('interA', ('2', '21')), ('interA', ('1', '17')), ('interA', ('15', '23'))]";"[['3', '1', '25', '2'], ['17', '4', '5'], ['27', '19', '6', '20'], ['34', '32', '28', '61', '36', '33', '7', '35', '22', '39', '38', '30', '37', '18', '12'], ['8', '21', '14'], ['43', '45', '46', '26', '13', '11', '41', '9', '42', '15', '55', '40'], ['54', '57', '44', '23', '31', '16', '52', '10', '59', '60', '56'], ['50', '48', '53', '29', '24', '58', '49', '51', '47']]";"[['8', '25', '34', '32', '26', '54', '36', '31', '37', '33', '7', '3', '35', '58', '30', '39', '38', '12'], ['50', '48', '53', '29', '24', '49', '51', '47'], ['43', '46', '1', '11', '4', '42', '15'], ['14', '23', '17', '22', '2', '18'], ['21', '19', '5', '27', '20', '6'], ['28', '61', '9', '10', '45', '56'], ['13', '57', '41', '55', '40'], ['44', '16', '52', '59', '60']]";"[['34', '32', '28', '13', '26', '54', '36', '44', '33', '7', '35', '30', '45', '39', '12'], ['43', '46', '61', '11', '41', '9', '42', '10', '15', '55', '56', '40'], ['14', '1', '57', '16', '37', '22', '4', '49', '59', '38', '18'], ['50', '52', '48', '53', '29', '24', '51', '47'], ['19', '27', '3', '58', '20', '6'], ['8', '21', '25', '5', '2'], ['60', '17'], ['23', '31']]";"[6, 6, 0, 2, 2, 7, 1, 2, 0, 4, 5, 1, 0, 2, 5, 0, 2, 2, 7, 7, 2, 2, 2, 3, 0, 1, 4, 1, 3, 1, 0, 1, 1, 1, 1, 1, 1, 1, 1, 5, 0, 5, 5, 0, 0, 5, 3, 3, 3, 3, 3, 0, 3, 4, 0, 4, 0, 4, 0, 6, 4]";"[0, 0, 0, 1, 1, 2, 3, 4, 5, 6, 5, 3, 5, 4, 5, 6, 1, 3, 2, 2, 4, 3, 6, 7, 0, 5, 2, 3, 7, 3, 6, 3, 3, 3, 3, 3, 3, 3, 3, 5, 5, 5, 5, 6, 5, 5, 7, 7, 7, 7, 7, 6, 7, 6, 5, 6, 6, 7, 6, 6, 3]";"[2, 3, 0, 2, 4, 4, 0, 0, 5, 5, 2, 0, 6, 3, 2, 7, 3, 3, 4, 4, 4, 3, 3, 1, 0, 0, 4, 5, 1, 0, 0, 0, 0, 0, 0, 0, 0, 0, 0, 6, 6, 2, 2, 7, 5, 2, 1, 1, 1, 1, 1, 7, 1, 0, 6, 5, 6, 0, 7, 7, 5]";"[2, 5, 4, 2, 5, 4, 0, 5, 1, 1, 1, 0, 0, 2, 1, 2, 6, 2, 4, 4, 5, 2, 7, 3, 5, 0, 4, 0, 3, 0, 7, 0, 0, 0, 0, 0, 2, 2, 0, 1, 1, 1, 1, 0, 0, 1, 3, 3, 2, 3, 3, 3, 3, 0, 1, 1, 2, 4, 2, 6, 1]"
14;2;"aucs";"pmm_h";8;0.3075;0.2244;0.2253;0.1191;"{'8': 0.22916666666666666, '21': 0.25, '5': 0.375, '14': 0.5043103448275862, '23': 0.1875, '17': 0.125, '22': 0.275, '4': 0.725, '18': 0.3272058823529412}";"{'8': 0.3068181818181818, '21': 0.3125, '5': 0.375, '14': 0.5763888888888888, '23': 0.25, '17': 0.1875, '22': 0.22916666666666666, '4': 0.5227272727272727, '18': 0.3272058823529412}";"{'8': 0.5625, '21': 0.25, '5': 0.3942307692307692, '14': 0.5178571428571428, '23': 0.1875, '17': 0.125, '22': 0.29166666666666663, '4': 0.7638888888888888, '18': 0.34375}";"{'8': 0.22916666666666666, '21': 0.39285714285714285, '5': 0.375, '14': 0.5043103448275862, '23': 0.35416666666666663, '17': 0.275, '22': 0.275, '4': 0.725, '18': 0.3272058823529412}";0.0;0.4173611111111111;0.4970486111111111;0.5977777777777777;0.3385661575121677;0.3807474530387882;0.1595772474547488;0.5906223459743196;0.6052391585684123;0.461471438554797;0.3362406995881652;0.4235322444720896;0.1640496351773127;0.5582871159824976;0.6228780945115677;0.4738590995276828;0.0014;0.0591;0.0083;"['8', '21', '5', '14', '23', '17', '22', '4', '18']";"[('interA', ('22', '43')), ('interD', ('14', '33')), ('intraD', ('17', '8')), ('intraD', ('21', '5')), ('intraA', ('4', '5')), ('interD', ('4', '58')), ('intraA', ('22', '4')), ('intraD', ('14', '23'))]";"[('intraD', ('21', '8')), ('intraD', ('5', '8')), ('intraD', ('14', '8')), ('intraD', ('23', '8')), ('intraD', ('17', '8')), ('intraD', ('22', '8')), ('intraD', ('4', '8')), ('intraD', ('18', '8'))]";"[('interA', ('16', '21')), ('interA', ('23', '53')), ('interA', ('17', '47')), ('interA', ('17', '35')), ('interA', ('23', '46')), ('interA', ('21', '36')), ('interA', ('12', '17')), ('interA', ('23', '35'))]";"[['14', '1', '57', '44', '31', '16', '33', '35', '52', '59', '30', '38'], ['3', '9', '58', '2', '45', '56', '25', '46', '54', '11', '41', '42', '10', '15', '55', '40'], ['4', '5'], ['19', '20', '28', '27', '6'], ['34', '32', '26', '13', '61', '36', '7', '39', '37', '12'], ['8', '21'], ['43', '22', '18', '23', '17'], ['50', '48', '53', '29', '24', '49', '51', '60', '47']]";"[['14', '23', '41', '3', '9', '22', '58', '4', '45', '39', '37', '55'], ['32', '28', '13', '54', '26', '36', '33', '7', '35', '30', '12'], ['8', '25', '1', '16', '31', '2', '59', '38'], ['50', '48', '53', '29', '24', '49', '51', '47'], ['34', '61', '57', '44', '52', '10', '56'], ['43', '46', '27', '11', '42', '60', '40'], ['21', '5', '17', '15', '18'], ['19', '6', '20']]";"[['14', '57', '4', '49', '45', '25', '34', '11', '31', '42', '59', '37', '28', '27', '36', '44', '7', '3', '58', '43', '54', '33', '30', '38'], ['32', '26', '13', '1', '41', '9', '2', '15', '39', '60', '55', '40'], ['50', '52', '48', '29', '24', '51', '47'], ['8', '21', '5', '16', '18'], ['61', '22', '56', '10'], ['19', '6', '20'], ['12', '17', '35'], ['53', '23', '46']]";"[6, 6, 0, 2, 2, 7, 1, 2, 0, 4, 5, 1, 0, 2, 5, 0, 2, 2, 7, 7, 2, 2, 2, 3, 0, 1, 4, 1, 3, 1, 0, 1, 1, 1, 1, 1, 1, 1, 1, 5, 0, 5, 5, 0, 0, 5, 3, 3, 3, 3, 3, 0, 3, 4, 0, 4, 0, 4, 0, 6, 4]";"[0, 1, 1, 2, 2, 3, 4, 5, 1, 1, 1, 4, 4, 0, 1, 0, 6, 6, 3, 3, 5, 6, 6, 7, 1, 4, 3, 3, 7, 0, 0, 4, 0, 4, 0, 4, 4, 0, 4, 1, 1, 1, 6, 0, 1, 1, 7, 7, 7, 7, 7, 0, 7, 1, 1, 1, 0, 1, 0, 7, 4]";"[2, 2, 0, 0, 6, 7, 1, 2, 0, 4, 5, 1, 1, 0, 6, 2, 6, 6, 7, 7, 6, 0, 0, 3, 2, 1, 5, 1, 3, 1, 2, 1, 1, 4, 1, 1, 0, 2, 0, 5, 0, 5, 5, 4, 0, 5, 3, 3, 3, 3, 3, 4, 3, 1, 0, 4, 4, 0, 2, 5, 4]";"[1, 1, 0, 0, 3, 5, 0, 3, 1, 4, 0, 6, 1, 0, 1, 3, 6, 3, 5, 5, 3, 4, 7, 2, 0, 1, 0, 0, 2, 0, 0, 1, 0, 0, 6, 0, 0, 0, 1, 1, 1, 0, 0, 0, 0, 7, 2, 2, 0, 2, 2, 2, 7, 0, 1, 4, 0, 0, 0, 1, 4]"
15;2;"aucs";"pmm_h";8;0.3075;0.2391;0.2185;0.2181;"{'8': 0.22916666666666666, '21': 0.25, '5': 0.375, '14': 0.5043103448275862, '23': 0.1875, '17': 0.125, '22': 0.275, '4': 0.725, '18': 0.3272058823529412}";"{'8': 0.3068181818181818, '21': 0.4125, '5': 0.4567307692307692, '14': 0.5, '23': 0.25, '17': 0.1875, '22': 0.35416666666666663, '4': 0.725, '18': 0.40625}";"{'8': 0.5625, '21': 0.25, '5': 0.3942307692307692, '14': 0.5178571428571428, '23': 0.1875, '17': 0.125, '22': 0.29166666666666663, '4': 0.7638888888888888, '18': 0.34375}";"{'8': 0.22916666666666666, '21': 0.39285714285714285, '5': 0.375, '14': 0.5043103448275862, '23': 0.35416666666666663, '17': 0.275, '22': 0.275, '4': 0.725, '18': 0.3272058823529412}";0.0;0.3148148148148148;0.5203258547008547;0.6898148148148149;0.4374148610510627;0.3687239909018437;0.3449929195053689;0.6700279018010349;0.6162286093986894;0.5134302550874631;0.4063066328379848;0.4130979878704035;0.4319470882650549;0.6551543791480596;0.6564194660161797;0.5868025483779635;0.0015;0.0576;0.0076;"['8', '21', '5', '14', '23', '17', '22', '4', '18']";"[('intraD', ('23', '5')), ('intraD', ('18', '4')), ('interD', ('14', '3')), ('intraD', ('22', '8')), ('interA', ('21', '60')), ('interA', ('17', '58')), ('intraD', ('21', '22')), ('intraA', ('22', '4'))]";"[('intraD', ('21', '8')), ('intraD', ('5', '8')), ('intraD', ('14', '8')), ('intraD', ('23', '8')), ('intraD', ('17', '8')), ('intraD', ('22', '8')), ('intraD', ('4', '8')), ('intraD', ('18', '8'))]";"[('interA', ('21', '48')), ('interA', ('2', '23')), ('interA', ('17', '9')), ('interA', ('17', '44')), ('interA', ('23', '47')), ('interA', ('21', '61')), ('interA', ('17', '42')), ('interA', ('23', '39'))]";"[['8', '25', '5', '14', '1', '23', '22', '4', '18'], ['43', '2', '46', '42', '15', '11', '40'], ['3', '19', '20', '61', '27', '6'], ['57', '36', '44', '7', '9', '45', '56', '12', '34', '54', '31', '16', '41', '35', '52', '33', '38', '30', '10', '59', '55', '37'], ['39', '32', '28', '13', '26'], ['58', '17'], ['21', '60'], ['50', '48', '53', '29', '24', '49', '51', '47']]";"[['34', '32', '28', '13', '1', '36', '33', '7', '35', '30', '39', '60', '37', '55', '12'], ['43', '46', '14', '61', '27', '11', '3', '9', '58', '4', '42', '15', '40'], ['8', '25', '54', '44', '16', '52', '10', '45', '56'], ['26', '57', '41', '31', '59', '38'], ['23', '17', '22', '2', '18'], ['21', '19', '5', '20', '6'], ['50', '29', '24', '51', '47'], ['48', '49', '53']]";"[['34', '32', '14', '13', '26', '36', '37', '33', '7', '35', '22', '30', '49', '45', '39', '38', '18', '12'], ['43', '25', '46', '57', '11', '16', '31', '41', '52', '10', '59', '15', '55', '56', '40'], ['8', '19', '5', '28', '54', '1', '27', '20', '6'], ['50', '53', '29', '24', '51', '47'], ['3', '58', '60', '4'], ['9', '44', '42', '17'], ['48', '21', '61'], ['2', '23']]";"[6, 6, 0, 2, 2, 7, 1, 2, 0, 4, 5, 1, 0, 2, 5, 0, 2, 2, 7, 7, 2, 2, 2, 3, 0, 1, 4, 1, 3, 1, 0, 1, 1, 1, 1, 1, 1, 1, 1, 5, 0, 5, 5, 0, 0, 5, 3, 3, 3, 3, 3, 0, 3, 4, 0, 4, 0, 4, 0, 6, 4]";"[0, 1, 2, 0, 0, 2, 3, 0, 3, 3, 1, 3, 4, 0, 1, 3, 5, 0, 2, 2, 6, 0, 0, 7, 0, 4, 2, 4, 7, 3, 3, 4, 3, 3, 3, 3, 3, 3, 4, 1, 3, 1, 1, 3, 3, 1, 7, 7, 7, 7, 7, 3, 7, 3, 3, 3, 3, 5, 3, 6, 2]";"[0, 4, 1, 1, 5, 5, 0, 2, 1, 2, 1, 0, 0, 1, 1, 2, 4, 4, 5, 5, 5, 4, 4, 6, 2, 3, 1, 0, 6, 0, 3, 0, 0, 0, 0, 0, 0, 3, 0, 1, 3, 1, 1, 2, 2, 1, 6, 7, 7, 6, 6, 2, 7, 2, 0, 2, 3, 1, 3, 0, 1]";"[2, 7, 4, 4, 2, 2, 0, 2, 5, 1, 1, 0, 0, 0, 1, 1, 5, 0, 2, 2, 6, 0, 7, 3, 1, 0, 2, 2, 3, 0, 1, 0, 0, 0, 0, 0, 0, 0, 0, 1, 1, 5, 1, 5, 0, 1, 3, 6, 0, 3, 3, 1, 3, 2, 1, 1, 1, 4, 1, 4, 6]"
16;2;"aucs";"pmm_h";8;0.3075;0.262;0.2444;0.2169;"{'8': 0.22916666666666666, '21': 0.25, '5': 0.375, '14': 0.5043103448275862, '23': 0.1875, '17': 0.125, '22': 0.275, '4': 0.725, '18': 0.3272058823529412}";"{'8': 0.2767857142857143, '21': 0.1875, '5': 0.375, '14': 0.4245689655172414, '23': 0.125, '17': 0.125, '22': 0.275, '4': 0.6306818181818181, '18': 0.3125}";"{'8': 0.5625, '21': 0.25, '5': 0.3942307692307692, '14': 0.5178571428571428, '23': 0.1875, '17': 0.125, '22': 0.29166666666666663, '4': 0.7638888888888888, '18': 0.34375}";"{'8': 0.22916666666666666, '21': 0.39285714285714285, '5': 0.375, '14': 0.5043103448275862, '23': 0.35416666666666663, '17': 0.275, '22': 0.275, '4': 0.725, '18': 0.3272058823529412}";0.0;0.4539682539682539;0.3489583333333333;0.6857142857142857;0.5315666071543806;0.5004385862772952;0.4463452981815796;0.7140822286019887;0.702157047524144;0.6291000056720856;0.6229421018811903;0.5420243830233873;0.5565630397236615;0.7505338238644427;0.7122671180245153;0.7094001307236896;0.0014;0.0603;0.0079;"['8', '21', '5', '14', '23', '17', '22', '4', '18']";"[('interD', ('18', '32')), ('interA', ('37', '8')), ('interA', ('1', '5')), ('intraA', ('14', '21')), ('interA', ('45', '8')), ('interD', ('20', '5')), ('intraA', ('23', '4')), ('interD', ('14', '45'))]";"[('intraD', ('21', '8')), ('intraD', ('5', '8')), ('intraD', ('14', '8')), ('intraD', ('23', '8')), ('intraD', ('17', '8')), ('intraD', ('22', '8')), ('intraD', ('4', '8')), ('intraD', ('18', '8'))]";"[('interA', ('21', '37')), ('interA', ('19', '23')), ('interA', ('17', '32')), ('interA', ('17', '35')), ('interA', ('23', '40')), ('interA', ('21', '49')), ('interA', ('17', '52')), ('interA', ('23', '55'))]";"[['8', '21', '5', '14', '1'], ['43', '2', '46', '42', '15', '11', '40'], ['57', '44', '3', '9', '58', '45', '56', '18', '25', '61', '31', '17', '16', '52', '41', '22', '38', '10', '59', '55', '37'], ['23', '4'], ['27', '19', '6', '20'], ['34', '32', '26', '28', '13', '36', '33', '7', '35', '39', '30', '12'], ['50', '54', '48', '53', '29', '24', '49', '51', '47'], ['60']]";"[['8', '25', '14', '26', '57', '44', '31', '41', '52', '4', '59', '45', '55', '60'], ['43', '46', '11', '3', '2', '42', '15', '40'], ['50', '48', '53', '29', '24', '49', '51', '47'], ['21', '5', '1', '23', '17', '22', '18'], ['36', '33', '7', '35', '30', '38', '12'], ['34', '32', '28', '13', '58', '39', '37'], ['54', '61', '16', '9', '10', '56'], ['27', '19', '6', '20']]";"[['34', '14', '28', '54', '36', '37', '33', '7', '22', '58', '30', '39', '38', '12'], ['32', '26', '13', '1', '61', '17', '35', '9', '2', '60', '56', '18'], ['25', '57', '44', '16', '31', '41', '52', '3', '4', '10', '59', '45'], ['50', '48', '53', '29', '24', '51', '47'], ['43', '46', '11', '42', '15'], ['8', '21', '5', '49'], ['27', '19', '6', '20'], ['55', '23', '40']]";"[6, 6, 0, 2, 2, 7, 1, 2, 0, 4, 5, 1, 0, 2, 5, 0, 2, 2, 7, 7, 2, 2, 2, 3, 0, 1, 4, 1, 3, 1, 0, 1, 1, 1, 1, 1, 1, 1, 1, 5, 0, 5, 5, 0, 0, 5, 3, 3, 3, 3, 3, 0, 3, 4, 0, 4, 0, 4, 0, 6, 4]";"[0, 1, 2, 3, 0, 4, 5, 0, 2, 2, 1, 5, 5, 0, 1, 2, 2, 2, 4, 4, 0, 2, 3, 6, 2, 5, 4, 5, 6, 5, 2, 5, 5, 5, 5, 5, 2, 2, 5, 1, 2, 1, 1, 2, 2, 1, 6, 6, 6, 6, 6, 2, 6, 6, 2, 2, 2, 2, 2, 7, 2]";"[3, 1, 1, 0, 3, 7, 4, 0, 6, 6, 1, 4, 5, 0, 1, 6, 3, 3, 7, 7, 3, 3, 3, 2, 0, 0, 7, 5, 2, 4, 0, 5, 4, 5, 4, 4, 5, 4, 5, 1, 0, 1, 1, 0, 0, 1, 2, 2, 2, 2, 2, 0, 2, 6, 0, 6, 0, 5, 0, 0, 6]";"[1, 1, 2, 2, 5, 6, 0, 5, 1, 2, 4, 0, 1, 0, 4, 2, 1, 1, 6, 6, 5, 0, 7, 3, 2, 1, 6, 0, 3, 0, 2, 1, 0, 0, 1, 0, 0, 0, 0, 7, 2, 4, 4, 2, 2, 4, 3, 3, 5, 3, 3, 2, 3, 0, 7, 1, 2, 0, 2, 1, 1]"
17;2;"aucs";"pmm_h";8;0.3075;0.3269;0.2714;0.1362;"{'8': 0.22916666666666666, '21': 0.25, '5': 0.375, '14': 0.5043103448275862, '23': 0.1875, '17': 0.125, '22': 0.275, '4': 0.725, '18': 0.3272058823529412}";"{'8': 0.22916666666666666, '21': 0.1875, '5': 0.3557692307692308, '14': 0.5, '23': 0.1875, '17': 0.125, '22': 0.275, '4': 0.7083333333333333, '18': 0.3125}";"{'8': 0.5625, '21': 0.25, '5': 0.3942307692307692, '14': 0.5178571428571428, '23': 0.1875, '17': 0.125, '22': 0.29166666666666663, '4': 0.7638888888888888, '18': 0.34375}";"{'8': 0.22916666666666666, '21': 0.39285714285714285, '5': 0.375, '14': 0.5043103448275862, '23': 0.35416666666666663, '17': 0.275, '22': 0.275, '4': 0.725, '18': 0.3272058823529412}";0.0;0.1111111111111111;0.3493923611111111;0.694047619047619;0.688864092611577;0.4170831022045447;0.1816430895928804;0.7928484888217531;0.6215372311578737;0.4670779446550759;0.673272649520435;0.3962386880127491;0.231175927199827;0.7559606178748388;0.6027211967297891;0.5214069860785304;0.0015;0.062;0.0081;"['8', '21', '5', '14', '23', '17', '22', '4', '18']";"[('intraD', ('14', '4')), ('interD', ('3', '4')), ('interD', ('18', '3')), ('intraA', ('14', '21')), ('interA', ('23', '6')), ('interD', ('14', '3')), ('interD', ('15', '5')), ('intraA', ('23', '4'))]";"[('intraD', ('21', '8')), ('intraD', ('5', '8')), ('intraD', ('14', '8')), ('intraD', ('23', '8')), ('intraD', ('17', '8')), ('intraD', ('22', '8')), ('intraD', ('4', '8')), ('intraD', ('18', '8'))]";"[('interA', ('21', '58')), ('interA', ('23', '47')), ('interA', ('17', '49')), ('interA', ('17', '55')), ('interA', ('23', '29')), ('interA', ('21', '34')), ('interA', ('17', '26')), ('interA', ('23', '58'))]";"[['43', '46', '1', '11', '2', '42', '15', '40'], ['25', '54', '57', '44', '16', '31', '52', '3', '59'], ['23', '4'], ['8', '21', '22', '5', '14', '18', '17'], ['27', '19', '6', '20'], ['34', '32', '26', '28', '36', '33', '7', '35', '39', '58', '38', '30', '37', '12'], ['61', '41', '9', '10', '45', '55', '60', '56'], ['50', '13', '48', '53', '29', '24', '49', '51', '47']]";"[['34', '32', '13', '1', '36', '37', '33', '7', '35', '58', '4', '30', '45', '39', '38', '12'], ['19', '28', '26', '57', '27', '31', '52', '2', '20', '59', '6'], ['21', '5', '14', '54', '23', '17', '22', '18'], ['61', '44', '16', '41', '9', '10', '55', '56'], ['43', '46', '11', '42', '15', '60', '40'], ['50', '53', '29', '24', '51', '47'], ['3', '25', '8'], ['48', '49']]";"[['14', '57', '4', '25', '35', '52', '22', '10', '59', '37', '44', '3', '2', '60', '56', '54', '61', '16', '33', '30', '38'], ['32', '28', '13', '1', '36', '7', '9', '45', '39', '12'], ['8', '50', '5', '31', '48', '53', '24', '51', '18'], ['43', '46', '11', '41', '42', '15', '40'], ['27', '19', '6', '20'], ['55', '17', '49', '26'], ['58', '21', '34'], ['29', '23', '47']]";"[6, 6, 0, 2, 2, 7, 1, 2, 0, 4, 5, 1, 0, 2, 5, 0, 2, 2, 7, 7, 2, 2, 2, 3, 0, 1, 4, 1, 3, 1, 0, 1, 1, 1, 1, 1, 1, 1, 1, 5, 0, 5, 5, 0, 0, 5, 3, 3, 3, 3, 3, 0, 3, 4, 0, 4, 0, 4, 0, 6, 4]";"[0, 0, 1, 2, 3, 4, 5, 3, 6, 6, 0, 5, 7, 3, 0, 1, 3, 3, 4, 4, 3, 3, 2, 7, 1, 5, 4, 5, 7, 5, 1, 5, 5, 5, 5, 5, 5, 5, 5, 0, 6, 0, 0, 1, 6, 0, 7, 7, 7, 7, 7, 1, 7, 1, 6, 6, 1, 5, 1, 6, 6]";"[0, 1, 6, 0, 2, 1, 0, 6, 3, 3, 4, 0, 0, 2, 4, 3, 2, 2, 1, 1, 2, 2, 2, 5, 6, 1, 1, 1, 5, 0, 1, 0, 0, 0, 0, 0, 0, 0, 0, 4, 3, 4, 4, 3, 0, 4, 5, 7, 7, 5, 5, 1, 5, 2, 3, 3, 1, 0, 1, 4, 3]";"[1, 0, 0, 0, 2, 4, 1, 2, 1, 0, 3, 1, 1, 0, 3, 0, 5, 2, 4, 4, 6, 0, 7, 2, 0, 5, 4, 1, 7, 0, 2, 1, 0, 6, 0, 1, 0, 0, 1, 3, 3, 3, 3, 0, 1, 3, 7, 2, 5, 2, 2, 0, 2, 0, 5, 0, 0, 6, 0, 0, 0]"
18;2;"aucs";"pmm_h";8;0.3075;0.1936;0.207;0.1673;"{'8': 0.22916666666666666, '21': 0.25, '5': 0.375, '14': 0.5043103448275862, '23': 0.1875, '17': 0.125, '22': 0.275, '4': 0.725, '18': 0.3272058823529412}";"{'8': 0.3557692307692308, '21': 0.25, '5': 0.375, '14': 0.6538461538461539, '23': 0.25, '17': 0.1875, '22': 0.4375, '4': 0.8263888888888888, '18': 0.40625}";"{'8': 0.5625, '21': 0.25, '5': 0.3942307692307692, '14': 0.5178571428571428, '23': 0.1875, '17': 0.125, '22': 0.29166666666666663, '4': 0.7638888888888888, '18': 0.34375}";"{'8': 0.22916666666666666, '21': 0.39285714285714285, '5': 0.375, '14': 0.5043103448275862, '23': 0.35416666666666663, '17': 0.275, '22': 0.275, '4': 0.725, '18': 0.3272058823529412}";0.0;0.4925925925925926;0.4457924836601307;0.717013888888889;0.2956641138791351;0.3750835800936097;0.2220386649193734;0.5480382091273311;0.6221437481983693;0.4631819918639118;0.2949738726755066;0.4181032341397983;0.2800633780500686;0.5415293249891557;0.6293161959598593;0.5277386714081707;0.0014;0.0598;0.0087;"['8', '21', '5', '14', '23', '17', '22', '4', '18']";"[('interD', ('14', '7')), ('intraD', ('22', '23')), ('intraD', ('18', '22')), ('interA', ('17', '26')), ('interA', ('8', '9')), ('interA', ('35', '8')), ('intraD', ('14', '4')), ('intraD', ('14', '8'))]";"[('intraD', ('21', '8')), ('intraD', ('5', '8')), ('intraD', ('14', '8')), ('intraD', ('23', '8')), ('intraD', ('17', '8')), ('intraD', ('22', '8')), ('intraD', ('4', '8')), ('intraD', ('18', '8'))]";"[('interA', ('21', '27')), ('interA', ('13', '23')), ('interA', ('1', '17')), ('interA', ('17', '31')), ('interA', ('23', '48')), ('interA', ('21', '58')), ('interA', ('17', '28')), ('interA', ('23', '54'))]";"[['25', '34', '28', '61', '1', '36', '33', '7', '3', '2', '38', '45', '30', '37', '12'], ['14', '44', '16', '23', '22', '58', '4', '10', '59'], ['8', '21', '9', '5', '35'], ['19', '6', '20'], ['43', '46', '42', '15', '27', '11', '40'], ['13', '39', '32'], ['18', '17', '26'], ['57', '53', '49', '51', '60', '56', '50', '54', '31', '41', '52', '48', '29', '24', '55', '47']]";"[['8', '21', '25', '5', '32', '26', '13', '54', '57', '31', '41', '3', '15', '39', '60', '55', '40'], ['50', '52', '48', '53', '29', '24', '4', '49', '51', '47'], ['34', '36', '37', '33', '35', '7', '58', '30', '38', '12'], ['61', '44', '16', '9', '10', '59', '45', '56'], ['43', '46', '27', '11', '42'], ['14', '23', '17', '22', '18'], ['1', '2', '28'], ['19', '6', '20']]";"[['43', '46', '61', '57', '44', '16', '11', '41', '22', '42', '10', '59', '45', '55', '56', '40'], ['14', '26', '33', '7', '3', '9', '35', '4', '30', '60', '38', '18'], ['8', '25', '19', '5', '2', '20', '15', '6'], ['34', '32', '36', '49', '39', '37', '12'], ['50', '52', '53', '29', '24', '51', '47'], ['1', '31', '17', '28'], ['13', '54', '23', '48'], ['58', '27', '21']]";"[6, 6, 0, 2, 2, 7, 1, 2, 0, 4, 5, 1, 0, 2, 5, 0, 2, 2, 7, 7, 2, 2, 2, 3, 0, 1, 4, 1, 3, 1, 0, 1, 1, 1, 1, 1, 1, 1, 1, 5, 0, 5, 5, 0, 0, 5, 3, 3, 3, 3, 3, 0, 3, 4, 0, 4, 0, 4, 0, 6, 4]";"[0, 0, 0, 1, 2, 3, 0, 2, 2, 1, 4, 0, 5, 1, 4, 1, 6, 6, 3, 3, 2, 1, 1, 7, 0, 6, 4, 0, 7, 0, 7, 5, 0, 0, 2, 0, 0, 0, 5, 4, 7, 4, 4, 1, 0, 4, 7, 7, 7, 7, 7, 7, 7, 7, 7, 7, 7, 1, 1, 7, 0]";"[6, 6, 0, 1, 0, 7, 2, 0, 3, 3, 4, 2, 0, 5, 0, 3, 5, 5, 7, 7, 0, 5, 5, 1, 0, 0, 4, 6, 1, 2, 0, 0, 2, 2, 2, 2, 2, 2, 0, 0, 0, 4, 4, 3, 3, 4, 1, 1, 1, 1, 1, 1, 1, 0, 0, 3, 0, 2, 3, 0, 3]";"[5, 2, 1, 1, 2, 2, 1, 2, 1, 0, 0, 3, 6, 1, 2, 0, 5, 1, 2, 2, 7, 0, 6, 4, 2, 1, 7, 5, 4, 1, 5, 3, 1, 3, 1, 3, 3, 1, 3, 0, 0, 0, 0, 0, 0, 0, 4, 6, 3, 4, 4, 4, 4, 6, 0, 0, 0, 7, 0, 1, 0]"
19;2;"aucs";"pmm_h";8;0.3075;0.2339;0.231;0.2379;"{'8': 0.22916666666666666, '21': 0.25, '5': 0.375, '14': 0.5043103448275862, '23': 0.1875, '17': 0.125, '22': 0.275, '4': 0.725, '18': 0.3272058823529412}";"{'8': 0.3875, '21': 0.3125, '5': 0.4567307692307692, '14': 0.5763888888888888, '23': 0.1875, '17': 0.1875, '22': 0.1625, '4': 0.7386363636363636, '18': 0.40625}";"{'8': 0.5625, '21': 0.25, '5': 0.3942307692307692, '14': 0.5178571428571428, '23': 0.1875, '17': 0.125, '22': 0.29166666666666663, '4': 0.7638888888888888, '18': 0.34375}";"{'8': 0.22916666666666666, '21': 0.39285714285714285, '5': 0.375, '14': 0.5043103448275862, '23': 0.35416666666666663, '17': 0.275, '22': 0.275, '4': 0.725, '18': 0.3272058823529412}";0.0;0.3931623931623932;0.5579861111111111;0.6643939393939394;0.5007155019580429;0.4010077432238526;0.4325013307808387;0.7094016399677692;0.6181415703625672;0.576503237472686;0.5487875446277473;0.520225386010131;0.4986355416735163;0.7223151615373955;0.6833261446520941;0.6275871706024885;0.0014;0.0856;0.0077;"['8', '21', '5', '14', '23', '17', '22', '4', '18']";"[('intraA', ('22', '4')), ('interD', ('14', '35')), ('intraD', ('4', '8')), ('intraD', ('17', '21')), ('interA', ('4', '51')), ('intraD', ('18', '5')), ('intraD', ('14', '8')), ('interD', ('22', '37'))]";"[('intraD', ('21', '8')), ('intraD', ('5', '8')), ('intraD', ('14', '8')), ('intraD', ('23', '8')), ('intraD', ('17', '8')), ('intraD', ('22', '8')), ('intraD', ('4', '8')), ('intraD', ('18', '8'))]";"[('interA', ('21', '54')), ('interA', ('23', '9')), ('interA', ('16', '17')), ('interA', ('17', '9')), ('interA', ('23', '43')), ('interA', ('21', '7')), ('interA', ('17', '6')), ('interA', ('23', '61'))]";"[['28', '36', '7', '9', '2', '60', '56', '12', '34', '32', '26', '61', '1', '33', '35', '39', '38', '10', '30', '37'], ['3', '54', '58'], ['22', '4'], ['8', '21', '5'], ['27', '19', '6', '20'], ['43', '46', '14', '13', '11', '17', '23', '41', '42', '15', '55', '18', '40'], ['25', '57', '44', '16', '31', '52', '59', '45'], ['50', '48', '53', '29', '24', '49', '51', '47']]";"[['8', '14', '12', '25', '34', '26', '35', '22', '37', '28', '36', '7', '3', '58', '2', '61', '23', '33', '39', '30', '38'], ['21', '5', '57', '44', '16', '17', '31', '52', '59', '18'], ['43', '46', '11', '41', '9', '42', '15', '40'], ['50', '48', '53', '29', '24', '49', '51', '47'], ['54', '10', '45', '55', '56'], ['13', '1', '4', '32'], ['27', '19', '6', '20'], ['60']]";"[['46', '1', '44', '11', '41', '42', '10', '45', '55', '60', '56', '15', '40'], ['34', '32', '28', '13', '26', '36', '37', '33', '35', '30', '39', '38', '12'], ['25', '14', '57', '31', '52', '3', '22', '58', '2', '4', '59'], ['50', '48', '53', '29', '24', '49', '51', '47'], ['8', '19', '5', '27', '20', '18'], ['43', '9', '61', '23'], ['16', '17', '6'], ['54', '21', '7']]";"[6, 6, 0, 2, 2, 7, 1, 2, 0, 4, 5, 1, 0, 2, 5, 0, 2, 2, 7, 7, 2, 2, 2, 3, 0, 1, 4, 1, 3, 1, 0, 1, 1, 1, 1, 1, 1, 1, 1, 5, 0, 5, 5, 0, 0, 5, 3, 3, 3, 3, 3, 0, 3, 4, 0, 4, 0, 4, 0, 6, 4]";"[0, 0, 1, 2, 3, 4, 0, 3, 0, 0, 5, 0, 5, 5, 5, 6, 5, 5, 4, 4, 3, 2, 5, 7, 6, 0, 4, 0, 7, 0, 6, 0, 0, 0, 0, 0, 0, 0, 0, 5, 5, 5, 5, 6, 6, 5, 7, 7, 7, 7, 7, 6, 7, 1, 5, 0, 6, 1, 6, 0, 0]";"[5, 0, 0, 5, 1, 6, 0, 0, 2, 4, 2, 0, 5, 0, 2, 1, 1, 1, 6, 6, 1, 0, 0, 3, 0, 0, 6, 0, 3, 0, 1, 5, 0, 0, 0, 0, 0, 0, 0, 2, 2, 2, 2, 1, 4, 2, 3, 3, 3, 3, 3, 1, 3, 4, 4, 4, 1, 0, 1, 7, 0]";"[0, 2, 2, 2, 4, 6, 7, 4, 5, 0, 0, 1, 1, 2, 0, 6, 6, 4, 4, 4, 7, 2, 5, 3, 2, 1, 4, 1, 3, 1, 2, 1, 1, 1, 1, 1, 1, 1, 1, 0, 0, 0, 5, 0, 0, 0, 3, 3, 3, 3, 3, 2, 3, 7, 0, 0, 2, 2, 2, 0, 5]"
0;3;"aucs";"pmm_h";8;0.3075;0.2299;0.2729;0.1984;"{'50': 0.21428571428571427, '48': 0.30952380952380953, '53': 0.22142857142857142, '29': 0.41233766233766234, '24': 0.30952380952380953, '49': 0.45238095238095233, '51': 0.30952380952380953, '47': 0.3872180451127819}";"{'50': 0.21428571428571427, '48': 0.4642857142857143, '53': 0.30952380952380953, '29': 0.40476190476190477, '24': 0.22142857142857142, '49': 0.26785714285714285, '51': 0.4017857142857143, '47': 0.47619047619047616}";"{'50': 0.07142857142857142, '48': 0.5357142857142857, '53': 0.33035714285714285, '29': 0.5178571428571428, '24': 0.42857142857142855, '49': 0.38095238095238093, '51': 0.33035714285714285, '47': 0.40476190476190477}";"{'50': 0.4017857142857143, '48': 0.34285714285714286, '53': 0.2532467532467533, '29': 0.41233766233766234, '24': 0.34285714285714286, '49': 0.5, '51': 0.34285714285714286, '47': 0.3872180451127819}";0.0;0.4320652173913043;0.3333333333333333;0.5791666666666666;0.4415652734995489;0.4453888082451906;0.2953224850406919;0.6450080782593838;0.6346218501428184;0.5462636253188234;0.4474669870212371;0.4375925857499403;0.3051823352625781;0.6339586315208794;0.6056996841263378;0.5615019019256673;0.0016;0.0554;0.0079;"['50', '48', '53', '29', '24', '49', '51', '47']";"[('intraD', ('47', '48')), ('interA', ('12', '48')), ('intraA', ('49', '50')), ('intraA', ('24', '49')), ('intraD', ('51', '53')), ('interA', ('33', '50')), ('interA', ('17', '48')), ('interD', ('27', '29'))]";"[('intraD', ('50', '53')), ('intraD', ('29', '50')), ('intraD', ('24', '50')), ('intraD', ('50', '51')), ('intraD', ('47', '50')), ('intraD', ('48', '53')), ('intraD', ('29', '48')), ('intraD', ('24', '48'))]";"[('interA', ('37', '50')), ('interA', ('50', '7')), ('interA', ('23', '50')), ('interA', ('53', '61')), ('interA', ('44', '48')), ('interA', ('24', '57')), ('interA', ('44', '49')), ('interA', ('23', '51'))]";"[['34', '32', '26', '13', '1', '36', '7', '35', '39', '38', '30', '37', '12'], ['2', '19', '6', '20'], ['14', '57', '27', '44', '3', '9', '58', '4', '51', '45', '60', '56', '25', '61', '31', '16', '23', '52', '41', '22', '10', '59', '55'], ['8', '21', '18', '5'], ['43', '46', '28', '54', '11', '42', '15', '40'], ['48', '17'], ['53', '29', '24', '49', '47'], ['50', '33']]";"[['14', '4', '55', '12', '34', '26', '1', '35', '30', '37', '28', '13', '36', '7', '58', '32', '33', '39', '38'], ['43', '25', '46', '57', '44', '11', '16', '41', '9', '2', '42', '59', '15', '40'], ['8', '21', '5', '23', '17', '22', '18'], ['19', '61', '27', '3', '20', '6'], ['31', '52', '53', '29', '24', '51'], ['45', '54', '56', '10'], ['48', '47', '49'], ['60', '50']]";"[['45', '55', '12', '34', '46', '26', '11', '35', '42', '15', '28', '13', '36', '43', '32', '54', '41', '33', '39', '30', '38', '40'], ['25', '57', '31', '52', '3', '9', '29', '24', '59', '47'], ['14', '1', '16', '58', '22', '4', '10', '60', '56'], ['19', '27', '2', '20', '6'], ['8', '21', '5', '17', '18'], ['50', '23', '7', '51', '37'], ['48', '44', '49'], ['53', '61']]";"[6, 6, 0, 2, 2, 7, 1, 2, 0, 4, 5, 1, 0, 2, 5, 0, 2, 2, 7, 7, 2, 2, 2, 3, 0, 1, 4, 1, 3, 1, 0, 1, 1, 1, 1, 1, 1, 1, 1, 5, 0, 5, 5, 0, 0, 5, 3, 3, 3, 3, 3, 0, 3, 4, 0, 4, 0, 4, 0, 6, 4]";"[0, 1, 2, 2, 3, 1, 0, 3, 2, 2, 4, 0, 0, 2, 4, 2, 5, 3, 1, 1, 3, 2, 2, 6, 2, 0, 2, 4, 6, 0, 2, 0, 7, 0, 0, 0, 0, 0, 0, 4, 2, 4, 4, 2, 2, 4, 6, 5, 6, 7, 2, 2, 6, 4, 2, 2, 2, 2, 2, 2, 2]";"[0, 1, 3, 0, 2, 3, 0, 2, 1, 5, 1, 0, 0, 0, 1, 1, 2, 2, 3, 3, 2, 2, 2, 4, 1, 0, 3, 0, 4, 0, 4, 0, 0, 0, 0, 0, 0, 0, 0, 1, 1, 1, 1, 1, 5, 1, 6, 6, 6, 7, 4, 4, 4, 5, 0, 5, 1, 0, 1, 7, 3]";"[2, 3, 1, 2, 4, 3, 5, 4, 1, 2, 0, 0, 0, 2, 0, 2, 4, 4, 3, 3, 4, 2, 5, 1, 1, 0, 3, 0, 1, 0, 1, 0, 0, 0, 0, 0, 5, 0, 0, 0, 0, 0, 0, 6, 0, 0, 1, 6, 6, 5, 5, 1, 7, 0, 0, 2, 1, 2, 1, 2, 7]"
1;3;"aucs";"pmm_h";8;0.3075;0.2125;0.228;0.1459;"{'50': 0.21428571428571427, '48': 0.30952380952380953, '53': 0.22142857142857142, '29': 0.41233766233766234, '24': 0.30952380952380953, '49': 0.45238095238095233, '51': 0.30952380952380953, '47': 0.3872180451127819}";"{'50': 0.21428571428571427, '48': 0.22142857142857142, '53': 0.30952380952380953, '29': 0.40476190476190477, '24': 0.22142857142857142, '49': 0.18253968253968253, '51': 0.4017857142857143, '47': 0.3872180451127819}";"{'50': 0.07142857142857142, '48': 0.5357142857142857, '53': 0.33035714285714285, '29': 0.5178571428571428, '24': 0.42857142857142855, '49': 0.38095238095238093, '51': 0.33035714285714285, '47': 0.40476190476190477}";"{'50': 0.4017857142857143, '48': 0.34285714285714286, '53': 0.2532467532467533, '29': 0.41233766233766234, '24': 0.34285714285714286, '49': 0.5, '51': 0.34285714285714286, '47': 0.3872180451127819}";0.0;0.0;0.3469387755102041;0.6232142857142857;0.3505848810522803;0.3445607142593399;0.2539613563361542;0.6284352365835839;0.5826517862501902;0.5089600685419955;0.2587969192010518;0.3323218755495358;0.2631270268405437;0.5299483301839888;0.5285039968465411;0.529834205522721;0.0015;0.058;0.0078;"['50', '48', '53', '29', '24', '49', '51', '47']";"[('intraD', ('51', '53')), ('intraD', ('50', '51')), ('intraA', ('49', '50')), ('interD', ('29', '57')), ('intraA', ('48', '50')), ('intraA', ('49', '51')), ('interA', ('20', '50')), ('intraA', ('24', '49'))]";"[('intraD', ('50', '53')), ('intraD', ('29', '50')), ('intraD', ('24', '50')), ('intraD', ('50', '51')), ('intraD', ('47', '50')), ('intraD', ('48', '53')), ('intraD', ('29', '48')), ('intraD', ('24', '48'))]";"[('interA', ('13', '50')), ('interA', ('2', '50')), ('interA', ('3', '50')), ('interA', ('53', '61')), ('interA', ('48', '54')), ('interA', ('23', '24')), ('interA', ('21', '49')), ('interA', ('10', '51'))]";"[['1'], ['2', '42', '15', '55', '41', '40'], ['14', '57', '44', '7', '3', '9', '58', '4', '45', '60', '12', '25', '34', '26', '54', '61', '31', '16', '33', '35', '52', '38', '59', '30', '37'], ['8', '21', '5', '28', '23', '17', '22', '18'], ['19', '6', '20'], ['43', '46', '10', '27', '56', '11'], ['13', '39', '36', '32'], ['50', '48', '53', '29', '24', '49', '51', '47']]";"[['25', '50', '34', '14', '61', '1', '22', '58', '4', '10', '45', '39', '55', '56'], ['43', '46', '28', '13', '23', '11', '41', '9', '42', '15', '60', '40'], ['32', '26', '54', '36', '37', '33', '7', '35', '30', '38', '12'], ['19', '27', '3', '2', '20', '6'], ['57', '44', '16', '31', '52', '59'], ['8', '21', '5', '17', '18'], ['53', '29', '24', '51'], ['48', '47', '49']]";"[['14', '57', '4', '25', '34', '46', '11', '31', '52', '42', '10', '15', '37', '58', '56', '43', '16', '39', '40'], ['32', '28', '26', '36', '44', '33', '7', '35', '59', '45', '30', '38', '12'], ['61', '1', '41', '53', '9', '29', '55', '60', '47'], ['8', '5', '23', '17', '22', '24', '18'], ['3', '2', '50', '13'], ['27', '19', '6', '20'], ['48', '54', '51'], ['21', '49']]";"[6, 6, 0, 2, 2, 7, 1, 2, 0, 4, 5, 1, 0, 2, 5, 0, 2, 2, 7, 7, 2, 2, 2, 3, 0, 1, 4, 1, 3, 1, 0, 1, 1, 1, 1, 1, 1, 1, 1, 5, 0, 5, 5, 0, 0, 5, 3, 3, 3, 3, 3, 0, 3, 4, 0, 4, 0, 4, 0, 6, 4]";"[0, 1, 2, 2, 3, 4, 2, 3, 2, 5, 5, 2, 6, 2, 1, 2, 3, 3, 4, 4, 3, 3, 3, 7, 2, 2, 5, 3, 7, 2, 2, 6, 2, 2, 2, 6, 2, 2, 6, 1, 1, 1, 5, 2, 2, 5, 7, 7, 7, 7, 7, 2, 7, 2, 1, 5, 2, 2, 2, 2, 2]";"[0, 3, 3, 0, 5, 3, 2, 5, 1, 0, 1, 2, 1, 0, 1, 4, 5, 5, 3, 3, 5, 0, 1, 6, 0, 2, 3, 1, 6, 2, 4, 2, 2, 0, 2, 2, 2, 2, 0, 1, 1, 1, 1, 4, 0, 1, 7, 7, 7, 0, 6, 4, 6, 2, 0, 0, 4, 0, 4, 1, 0]";"[2, 4, 4, 0, 3, 5, 1, 3, 2, 0, 0, 1, 4, 0, 0, 0, 3, 3, 5, 5, 7, 3, 3, 3, 0, 1, 5, 1, 2, 1, 0, 1, 1, 0, 1, 1, 0, 1, 0, 0, 2, 0, 0, 1, 1, 0, 2, 6, 7, 4, 6, 0, 2, 6, 2, 0, 0, 0, 1, 2, 2]"
2;3;"aucs";"pmm_h";8;0.3075;0.185;0.2257;0.1837;"{'50': 0.21428571428571427, '48': 0.30952380952380953, '53': 0.22142857142857142, '29': 0.41233766233766234, '24': 0.30952380952380953, '49': 0.45238095238095233, '51': 0.30952380952380953, '47': 0.3872180451127819}";"{'50': 0.14285714285714285, '48': 0.30952380952380953, '53': 0.22142857142857142, '29': 0.4928571428571428, '24': 0.3571428571428571, '49': 0.45238095238095233, '51': 0.2532467532467533, '47': 0.5672268907563025}";"{'50': 0.07142857142857142, '48': 0.5357142857142857, '53': 0.33035714285714285, '29': 0.5178571428571428, '24': 0.42857142857142855, '49': 0.38095238095238093, '51': 0.33035714285714285, '47': 0.40476190476190477}";"{'50': 0.4017857142857143, '48': 0.34285714285714286, '53': 0.2532467532467533, '29': 0.41233766233766234, '24': 0.34285714285714286, '49': 0.5, '51': 0.34285714285714286, '47': 0.3872180451127819}";0.0;0.5229166666666667;0.4421768707482994;0.6321881091617934;0.2608744353565358;0.5109810209180059;0.3161807481714053;0.5116170710301695;0.6878932970477379;0.5310772892434286;0.2615317136553561;0.5562767605881181;0.3416813575744526;0.489552019583873;0.7024033059033766;0.5633382945023113;0.0014;0.0543;0.007;"['50', '48', '53', '29', '24', '49', '51', '47']";"[('intraD', ('47', '49')), ('intraA', ('49', '51')), ('interD', ('29', '57')), ('intraD', ('24', '47')), ('intraA', ('48', '50')), ('interD', ('24', '31')), ('intraD', ('29', '48')), ('interA', ('16', '51'))]";"[('intraD', ('50', '53')), ('intraD', ('29', '50')), ('intraD', ('24', '50')), ('intraD', ('50', '51')), ('intraD', ('47', '50')), ('intraD', ('48', '53')), ('intraD', ('29', '48')), ('intraD', ('24', '48'))]";"[('interA', ('44', '50')), ('interA', ('50', '56')), ('interA', ('43', '50')), ('interA', ('53', '6')), ('interA', ('25', '48')), ('interA', ('24', '37')), ('interA', ('32', '49')), ('interA', ('42', '51'))]";"[['8', '21', '5', '1', '23', '17', '22', '18'], ['45', '54', '57', '44', '11', '41', '52', '9', '2', '42', '10', '15', '55', '56', '40'], ['14', '36', '7', '3', '58', '4', '12', '43', '25', '34', '46', '26', '31', '33', '35', '38', '59', '30', '37', '47'], ['27', '19', '6', '20'], ['13', '39', '32', '28'], ['16', '49', '51'], ['53', '29', '24', '61', '60'], ['48', '50']]";"[['25', '50', '26', '13', '61', '57', '31', '41', '3', '9', '58', '2', '59', '39'], ['34', '32', '28', '36', '37', '33', '7', '35', '30', '60', '38', '12'], ['44', '16', '52', '48', '10', '49', '45', '56', '47'], ['8', '21', '5', '14', '23', '17', '22', '18'], ['43', '46', '11', '42', '15', '40'], ['54', '1', '27', '4', '55'], ['53', '29', '24', '51'], ['19', '6', '20']]";"[['49', '45', '12', '34', '26', '1', '35', '30', '28', '13', '36', '7', '58', '2', '60', '32', '54', '33', '39'], ['8', '21', '5', '14', '57', '16', '17', '23', '31', '52', '22', '4', '59', '38', '18'], ['41', '3', '9', '42', '10', '51', '15', '55', '40'], ['43', '46', '61', '27', '11', '56'], ['53', '19', '6', '20'], ['29', '24', '37', '47'], ['48', '25'], ['44', '50']]";"[6, 6, 0, 2, 2, 7, 1, 2, 0, 4, 5, 1, 0, 2, 5, 0, 2, 2, 7, 7, 2, 2, 2, 3, 0, 1, 4, 1, 3, 1, 0, 1, 1, 1, 1, 1, 1, 1, 1, 5, 0, 5, 5, 0, 0, 5, 3, 3, 3, 3, 3, 0, 3, 4, 0, 4, 0, 4, 0, 6, 4]";"[0, 1, 2, 2, 0, 3, 2, 0, 1, 1, 1, 2, 4, 2, 1, 5, 0, 0, 3, 3, 0, 0, 0, 6, 2, 2, 3, 4, 6, 2, 2, 4, 2, 2, 2, 2, 2, 2, 4, 1, 1, 1, 2, 1, 1, 2, 2, 7, 5, 7, 5, 1, 6, 1, 1, 1, 1, 2, 2, 6, 6]";"[5, 0, 0, 5, 3, 7, 1, 3, 0, 2, 4, 1, 0, 3, 4, 2, 3, 3, 7, 7, 3, 3, 3, 6, 0, 0, 5, 1, 6, 1, 0, 1, 1, 1, 1, 1, 1, 1, 0, 4, 0, 4, 4, 2, 2, 4, 2, 2, 2, 0, 6, 2, 6, 5, 5, 2, 0, 0, 0, 1, 0]";"[0, 0, 2, 1, 1, 4, 0, 1, 2, 2, 3, 0, 0, 1, 2, 1, 1, 1, 4, 4, 1, 1, 1, 5, 6, 0, 3, 0, 5, 0, 1, 0, 0, 0, 0, 0, 5, 1, 0, 2, 2, 2, 3, 7, 0, 3, 5, 6, 0, 7, 2, 1, 4, 0, 2, 3, 1, 0, 1, 0, 3]"
3;3;"aucs";"pmm_h";8;0.3075;0.2444;0.1643;0.2055;"{'50': 0.21428571428571427, '48': 0.30952380952380953, '53': 0.22142857142857142, '29': 0.41233766233766234, '24': 0.30952380952380953, '49': 0.45238095238095233, '51': 0.30952380952380953, '47': 0.3872180451127819}";"{'50': 0.07142857142857142, '48': 0.22142857142857142, '53': 0.22142857142857142, '29': 0.40476190476190477, '24': 0.30952380952380953, '49': 0.26785714285714285, '51': 0.18253968253968253, '47': 0.376984126984127}";"{'50': 0.07142857142857142, '48': 0.5357142857142857, '53': 0.33035714285714285, '29': 0.5178571428571428, '24': 0.42857142857142855, '49': 0.38095238095238093, '51': 0.33035714285714285, '47': 0.40476190476190477}";"{'50': 0.4017857142857143, '48': 0.34285714285714286, '53': 0.2532467532467533, '29': 0.41233766233766234, '24': 0.34285714285714286, '49': 0.5, '51': 0.34285714285714286, '47': 0.3872180451127819}";0.0;0.4285714285714286;0.4012987012987013;0.5523809523809524;0.4177984509730785;0.2495367510809141;0.2024796031173197;0.633709616867227;0.5210185913045434;0.4928257883391199;0.448707490427662;0.2283657106540955;0.2535165575074983;0.6211720923427179;0.4758185684341836;0.5371050434136192;0.002;0.0559;0.0067;"['50', '48', '53', '29', '24', '49', '51', '47']";"[('interD', ('32', '47')), ('intraA', ('49', '50')), ('interA', ('47', '5')), ('interD', ('25', '47')), ('interD', ('37', '51')), ('interD', ('27', '29')), ('intraA', ('49', '51')), ('intraA', ('48', '50'))]";"[('intraD', ('50', '53')), ('intraD', ('29', '50')), ('intraD', ('24', '50')), ('intraD', ('50', '51')), ('intraD', ('47', '50')), ('intraD', ('48', '53')), ('intraD', ('29', '48')), ('intraD', ('24', '48'))]";"[('interA', ('1', '50')), ('interA', ('50', '56')), ('interA', ('35', '50')), ('interA', ('26', '53')), ('interA', ('1', '48')), ('interA', ('24', '33')), ('interA', ('11', '49')), ('interA', ('26', '51'))]";"[['8', '21', '5', '1', '23', '17', '22', '4', '18'], ['2'], ['43', '25', '46', '26', '11', '3', '58', '42', '15', '30'], ['27', '19', '6', '20'], ['34', '32', '28', '14', '36', '33', '7', '35', '39', '37', '12'], ['13', '41', '9', '45', '55', '60', '38', '40'], ['54', '61', '57', '44', '31', '16', '52', '53', '29', '24', '10', '59', '56', '47'], ['48', '50', '49', '51']]";"[['25', '46', '32', '28', '13', '11', '41', '3', '9', '45', '55', '60', '15', '40'], ['43', '50', '54', '36', '33', '35', '7', '42', '30', '38', '12'], ['34', '14', '26', '61', '23', '58', '2', '39', '37'], ['57', '44', '16', '22', '10', '59', '56'], ['19', '1', '27', '4', '20', '6'], ['8', '21', '5', '17', '18'], ['31', '52', '48', '49', '47'], ['53', '29', '24', '51']]";"[['14', '9', '4', '51', '45', '6', '25', '46', '26', '42', '10', '15', '27', '3', '53', '58', '2', '20', '60', '43', '19', '54', '61', '41', '29', '55', '47', '40'], ['34', '32', '28', '13', '36', '37', '7', '30', '39', '38', '12'], ['8', '21', '5', '23', '17', '22', '18'], ['57', '44', '16', '31', '52', '59'], ['56', '50', '35'], ['48', '1'], ['11', '49'], ['24', '33']]";"[6, 6, 0, 2, 2, 7, 1, 2, 0, 4, 5, 1, 0, 2, 5, 0, 2, 2, 7, 7, 2, 2, 2, 3, 0, 1, 4, 1, 3, 1, 0, 1, 1, 1, 1, 1, 1, 1, 1, 5, 0, 5, 5, 0, 0, 5, 3, 3, 3, 3, 3, 0, 3, 4, 0, 4, 0, 4, 0, 6, 4]";"[0, 1, 2, 0, 0, 3, 4, 0, 5, 6, 2, 4, 5, 4, 2, 6, 0, 0, 3, 3, 0, 0, 0, 6, 2, 2, 3, 4, 6, 2, 6, 4, 4, 4, 4, 4, 4, 5, 4, 5, 5, 2, 2, 6, 5, 2, 6, 7, 7, 7, 7, 6, 6, 6, 5, 6, 6, 2, 6, 5, 6]";"[4, 2, 0, 4, 5, 4, 1, 5, 0, 3, 0, 1, 0, 2, 0, 3, 5, 5, 4, 4, 5, 3, 2, 7, 0, 2, 4, 0, 7, 1, 6, 0, 1, 2, 1, 1, 2, 1, 2, 0, 0, 1, 1, 3, 0, 0, 6, 6, 6, 1, 7, 6, 7, 1, 0, 3, 3, 2, 3, 0, 2]";"[5, 0, 0, 0, 2, 0, 1, 2, 0, 0, 6, 1, 1, 0, 0, 3, 2, 2, 0, 0, 2, 2, 2, 7, 0, 0, 0, 1, 0, 1, 3, 1, 7, 1, 4, 1, 1, 1, 1, 0, 0, 0, 0, 3, 0, 0, 0, 5, 6, 4, 0, 3, 0, 0, 0, 4, 3, 0, 3, 0, 0]"
4;3;"aucs";"pmm_h";8;0.3075;0.2191;0.2316;0.1768;"{'50': 0.21428571428571427, '48': 0.30952380952380953, '53': 0.22142857142857142, '29': 0.41233766233766234, '24': 0.30952380952380953, '49': 0.45238095238095233, '51': 0.30952380952380953, '47': 0.3872180451127819}";"{'50': 0.14285714285714285, '48': 0.26785714285714285, '53': 0.34285714285714286, '29': 0.5892857142857143, '24': 0.30952380952380953, '49': 0.3571428571428571, '51': 0.4365079365079365, '47': 0.365546218487395}";"{'50': 0.07142857142857142, '48': 0.5357142857142857, '53': 0.33035714285714285, '29': 0.5178571428571428, '24': 0.42857142857142855, '49': 0.38095238095238093, '51': 0.33035714285714285, '47': 0.40476190476190477}";"{'50': 0.4017857142857143, '48': 0.34285714285714286, '53': 0.2532467532467533, '29': 0.41233766233766234, '24': 0.34285714285714286, '49': 0.5, '51': 0.34285714285714286, '47': 0.3872180451127819}";0.0;0.4825721153846154;0.2831632653061224;0.6208333333333333;0.4306051943283447;0.406291816502946;0.2398091817865087;0.6163302908481898;0.6489325813532698;0.4730404476568871;0.4495475911784924;0.3842012312400346;0.2758206479382807;0.6114509466904617;0.6049319733080043;0.4995074140483788;0.0014;0.0564;0.0083;"['50', '48', '53', '29', '24', '49', '51', '47']";"[('interD', ('45', '47')), ('intraD', ('29', '53')), ('interA', ('22', '53')), ('interD', ('20', '47')), ('intraA', ('49', '50')), ('interA', ('16', '51')), ('intraD', ('29', '51')), ('interD', ('48', '52'))]";"[('intraD', ('50', '53')), ('intraD', ('29', '50')), ('intraD', ('24', '50')), ('intraD', ('50', '51')), ('intraD', ('47', '50')), ('intraD', ('48', '53')), ('intraD', ('29', '48')), ('intraD', ('24', '48'))]";"[('interA', ('25', '50')), ('interA', ('45', '50')), ('interA', ('17', '50')), ('interA', ('53', '6')), ('interA', ('39', '48')), ('interA', ('24', '44')), ('interA', ('3', '49')), ('interA', ('51', '55'))]";"[['39', '4', '34', '32', '13', '1'], ['28', '36', '33', '7', '35', '2', '30', '38', '12'], ['8', '21', '5', '14', '54', '23', '17', '3', '22', '53', '60', '37', '18'], ['27', '19', '6', '20'], ['57', '44', '9', '58', '45', '56', '25', '26', '61', '31', '41', '52', '24', '10', '59', '55'], ['43', '46', '42', '15', '11', '40'], ['16', '51'], ['48', '29', '50', '49', '47']]";"[['14', '28', '54', '27', '44', '16', '23', '57', '52', '3', '22', '58', '4', '59', '60'], ['25', '34', '32', '26', '13', '36', '37', '33', '7', '30', '39', '38', '12'], ['61', '1', '31', '41', '35', '9', '2', '10', '45', '55', '56'], ['43', '50', '46', '11', '42', '15', '40'], ['8', '21', '5', '17', '18'], ['53', '29', '24', '51', '47'], ['19', '6', '20'], ['48', '49']]";"[['19', '28', '61', '26', '27', '41', '52', '53', '9', '29', '58', '4', '10', '20', '59', '6', '56', '47'], ['43', '34', '32', '46', '13', '54', '36', '37', '33', '7', '35', '30', '38', '12'], ['1', '57', '16', '11', '31', '2', '42', '15', '60', '40'], ['8', '21', '5', '14', '23', '22', '18'], ['3', '39', '48', '49'], ['45', '25', '50', '17'], ['44', '24'], ['55', '51']]";"[6, 6, 0, 2, 2, 7, 1, 2, 0, 4, 5, 1, 0, 2, 5, 0, 2, 2, 7, 7, 2, 2, 2, 3, 0, 1, 4, 1, 3, 1, 0, 1, 1, 1, 1, 1, 1, 1, 1, 5, 0, 5, 5, 0, 0, 5, 3, 3, 3, 3, 3, 0, 3, 4, 0, 4, 0, 4, 0, 6, 4]";"[0, 1, 2, 0, 2, 3, 1, 2, 4, 4, 5, 1, 0, 2, 5, 6, 2, 2, 3, 3, 2, 2, 2, 4, 4, 4, 3, 1, 7, 1, 4, 0, 1, 0, 1, 1, 2, 1, 0, 5, 4, 5, 5, 4, 4, 5, 7, 7, 7, 7, 6, 4, 2, 2, 4, 4, 4, 4, 4, 2, 4]";"[2, 2, 0, 0, 4, 6, 1, 4, 2, 2, 3, 1, 1, 0, 3, 0, 4, 4, 6, 6, 4, 0, 0, 5, 1, 1, 0, 0, 5, 1, 2, 1, 1, 1, 2, 1, 1, 1, 1, 3, 2, 3, 3, 0, 2, 3, 5, 7, 7, 3, 5, 0, 5, 0, 2, 2, 0, 0, 0, 0, 2]";"[2, 2, 4, 0, 3, 0, 1, 3, 0, 0, 2, 1, 1, 3, 2, 2, 5, 3, 0, 0, 3, 3, 3, 6, 5, 0, 0, 0, 0, 1, 2, 1, 1, 1, 1, 1, 1, 1, 4, 2, 0, 2, 1, 6, 5, 1, 0, 4, 4, 5, 7, 0, 0, 1, 7, 0, 2, 0, 0, 2, 0]"
5;3;"aucs";"pmm_h";8;0.3075;0.1707;0.2296;0.1697;"{'50': 0.21428571428571427, '48': 0.30952380952380953, '53': 0.22142857142857142, '29': 0.41233766233766234, '24': 0.30952380952380953, '49': 0.45238095238095233, '51': 0.30952380952380953, '47': 0.3872180451127819}";"{'50': 0.14285714285714285, '48': 0.22142857142857142, '53': 0.30952380952380953, '29': 0.5827067669172932, '24': 0.22142857142857142, '49': 0.4017857142857143, '51': 0.22142857142857142, '47': 0.39642857142857146}";"{'50': 0.07142857142857142, '48': 0.5357142857142857, '53': 0.33035714285714285, '29': 0.5178571428571428, '24': 0.42857142857142855, '49': 0.38095238095238093, '51': 0.33035714285714285, '47': 0.40476190476190477}";"{'50': 0.4017857142857143, '48': 0.34285714285714286, '53': 0.2532467532467533, '29': 0.41233766233766234, '24': 0.34285714285714286, '49': 0.5, '51': 0.34285714285714286, '47': 0.3872180451127819}";0.0;0.3333333333333333;0.336734693877551;0.6490196078431373;0.1615614200439836;0.3165994135191358;0.1810257062865869;0.5037697497837373;0.5440379537259741;0.4271050394309877;0.1071635355033664;0.304553748204511;0.2224288908859119;0.3998581984873008;0.5140142772507466;0.4665205121570593;0.0018;0.0538;0.0068;"['50', '48', '53', '29', '24', '49', '51', '47']";"[('intraA', ('48', '50')), ('intraA', ('49', '51')), ('intraA', ('24', '49')), ('interA', ('3', '49')), ('intraD', ('29', '53')), ('intraD', ('29', '49')), ('interA', ('23', '47')), ('interD', ('26', '29'))]";"[('intraD', ('50', '53')), ('intraD', ('29', '50')), ('intraD', ('24', '50')), ('intraD', ('50', '51')), ('intraD', ('47', '50')), ('intraD', ('48', '53')), ('intraD', ('29', '48')), ('intraD', ('24', '48'))]";"[('interA', ('50', '7')), ('interA', ('31', '50')), ('interA', ('5', '50')), ('interA', ('30', '53')), ('interA', ('48', '9')), ('interA', ('24', '34')), ('interA', ('43', '49')), ('interA', ('51', '59'))]";"[['8', '1', '21', '5'], ['19', '28', '54', '27', '2', '20', '60', '6'], ['3', '49'], ['14', '36', '7', '9', '58', '4', '45', '56', '18', '12', '43', '34', '46', '61', '11', '17', '23', '35', '41', '22', '33', '42', '10', '30', '15', '55', '37', '40'], ['13', '39', '32', '26'], ['25', '57', '44', '16', '31', '52', '59', '38'], ['53', '24', '51'], ['48', '29', '50', '47']]";"[['34', '14', '28', '54', '36', '23', '37', '33', '7', '35', '22', '59', '30', '38', '12'], ['61', '41', '9', '4', '10', '45', '55', '60', '56'], ['25', '19', '26', '3', '58', '2', '20', '6'], ['57', '31', '52', '53', '29', '24', '51', '47'], ['8', '21', '50', '5', '1', '17', '18'], ['43', '46', '27', '11', '42', '15', '40'], ['32', '13', '44', '16', '39'], ['48', '49']]";"[['19', '28', '26', '27', '36', '57', '33', '35', '53', '29', '20', '51', '59', '30', '38', '6', '12'], ['25', '34', '14', '54', '61', '52', '3', '58', '24', '4', '10', '45', '55', '60', '56', '47'], ['46', '32', '13', '44', '11', '16', '41', '2', '42', '15', '39', '37', '40'], ['8', '21', '5', '23', '17', '22', '18'], ['50', '31', '7'], ['48', '9'], ['43', '49'], ['1']]";"[6, 6, 0, 2, 2, 7, 1, 2, 0, 4, 5, 1, 0, 2, 5, 0, 2, 2, 7, 7, 2, 2, 2, 3, 0, 1, 4, 1, 3, 1, 0, 1, 1, 1, 1, 1, 1, 1, 1, 5, 0, 5, 5, 0, 0, 5, 3, 3, 3, 3, 3, 0, 3, 4, 0, 4, 0, 4, 0, 6, 4]";"[0, 1, 2, 3, 0, 1, 3, 0, 3, 3, 3, 3, 4, 3, 3, 5, 3, 3, 1, 1, 0, 3, 3, 6, 5, 4, 1, 1, 7, 3, 5, 4, 3, 3, 3, 3, 3, 5, 4, 3, 3, 3, 3, 5, 3, 3, 7, 7, 2, 7, 6, 5, 6, 1, 3, 3, 5, 3, 5, 1, 3]";"[4, 2, 2, 1, 4, 2, 0, 4, 1, 1, 5, 0, 6, 0, 5, 6, 4, 4, 2, 2, 4, 0, 0, 3, 2, 2, 5, 0, 3, 0, 3, 6, 0, 0, 0, 0, 0, 0, 6, 5, 1, 5, 5, 6, 1, 5, 3, 7, 7, 4, 3, 3, 3, 0, 1, 1, 3, 2, 0, 1, 1]";"[7, 2, 1, 1, 3, 0, 4, 3, 5, 1, 2, 0, 2, 1, 2, 2, 3, 3, 0, 0, 3, 3, 3, 1, 1, 0, 0, 0, 0, 0, 4, 2, 0, 1, 0, 0, 2, 0, 2, 2, 2, 2, 6, 2, 1, 2, 1, 5, 6, 4, 0, 1, 0, 1, 1, 1, 0, 1, 0, 1, 1]"
6;3;"aucs";"pmm_h";8;0.3075;0.1886;0.194;0.1202;"{'50': 0.21428571428571427, '48': 0.30952380952380953, '53': 0.22142857142857142, '29': 0.41233766233766234, '24': 0.30952380952380953, '49': 0.45238095238095233, '51': 0.30952380952380953, '47': 0.3872180451127819}";"{'50': 0.21428571428571427, '48': 0.3571428571428571, '53': 0.2532467532467533, '29': 0.41233766233766234, '24': 0.22142857142857142, '49': 0.18253968253968253, '51': 0.30952380952380953, '47': 0.5672268907563025}";"{'50': 0.07142857142857142, '48': 0.5357142857142857, '53': 0.33035714285714285, '29': 0.5178571428571428, '24': 0.42857142857142855, '49': 0.38095238095238093, '51': 0.33035714285714285, '47': 0.40476190476190477}";"{'50': 0.4017857142857143, '48': 0.34285714285714286, '53': 0.2532467532467533, '29': 0.41233766233766234, '24': 0.34285714285714286, '49': 0.5, '51': 0.34285714285714286, '47': 0.3872180451127819}";0.0;0.5244047619047619;0.3863636363636364;0.5633333333333334;0.3573281403327273;0.3239464835394448;0.2104785760635217;0.5725561542369385;0.5681523394621673;0.4351085131440364;0.3634490865416747;0.3172990540611953;0.1951048554962405;0.5669405391903477;0.5297101144943659;0.4199585798935124;0.0014;0.0544;0.0082;"['50', '48', '53', '29', '24', '49', '51', '47']";"[('intraA', ('49', '50')), ('intraA', ('49', '51')), ('interA', ('53', '8')), ('intraA', ('24', '49')), ('intraD', ('47', '48')), ('interD', ('48', '57')), ('intraD', ('47', '51')), ('interA', ('42', '50'))]";"[('intraD', ('50', '53')), ('intraD', ('29', '50')), ('intraD', ('24', '50')), ('intraD', ('50', '51')), ('intraD', ('47', '50')), ('intraD', ('48', '53')), ('intraD', ('29', '48')), ('intraD', ('24', '48'))]";"[('interA', ('42', '50')), ('interA', ('26', '50')), ('interA', ('50', '55')), ('interA', ('53', '60')), ('interA', ('48', '7')), ('interA', ('24', '9')), ('interA', ('27', '49')), ('interA', ('19', '51'))]";"[['61', '1', '57', '16', '31', '41', '52', '9', '4', '10', '59', '45', '55', '56'], ['25', '34', '14', '23', '17', '22', '2', '37', '18'], ['28', '36', '33', '7', '3', '35', '30', '60', '38', '12'], ['8', '21', '48', '53', '5', '51', '54'], ['27', '19', '6', '20'], ['43', '50', '46', '44', '11', '42', '15', '40'], ['13', '39', '32', '26'], ['58', '29', '24', '49', '47']]";"[['14', '12', '46', '34', '11', '31', '35', '42', '15', '37', '28', '27', '36', '7', '3', '58', '2', '43', '50', '33', '30', '38'], ['54', '57', '44', '41', '16', '52', '9', '10', '59', '45', '55', '40'], ['8', '21', '5', '23', '17', '22', '18'], ['32', '26', '13', '39', '60'], ['61', '1', '56', '4'], ['53', '29', '24', '51'], ['48', '25', '47', '49'], ['19', '6', '20']]";"[['8', '21', '25', '5', '14', '28', '23', '17', '33', '35', '22', '10', '15', '30', '38', '18', '40'], ['43', '46', '1', '57', '11', '31', '41', '52', '3', '58', '4', '59', '45'], ['34', '32', '13', '54', '36', '16', '44', '39', '37', '12'], ['27', '9', '29', '24', '49', '47'], ['19', '2', '20', '51', '6'], ['48', '61', '56', '7'], ['55', '50', '42', '26'], ['53', '60']]";"[6, 6, 0, 2, 2, 7, 1, 2, 0, 4, 5, 1, 0, 2, 5, 0, 2, 2, 7, 7, 2, 2, 2, 3, 0, 1, 4, 1, 3, 1, 0, 1, 1, 1, 1, 1, 1, 1, 1, 5, 0, 5, 5, 0, 0, 5, 3, 3, 3, 3, 3, 0, 3, 4, 0, 4, 0, 4, 0, 6, 4]";"[0, 1, 2, 0, 3, 4, 2, 3, 0, 0, 5, 2, 6, 1, 5, 0, 1, 1, 4, 4, 3, 1, 1, 7, 1, 6, 4, 2, 7, 2, 0, 6, 2, 1, 2, 2, 1, 2, 6, 5, 0, 5, 5, 5, 0, 5, 7, 3, 7, 5, 3, 0, 3, 3, 0, 0, 0, 7, 0, 2, 0]";"[4, 0, 0, 4, 2, 7, 0, 2, 1, 1, 0, 0, 3, 0, 0, 1, 2, 2, 7, 7, 2, 2, 2, 5, 6, 3, 0, 0, 5, 0, 0, 3, 0, 0, 0, 0, 0, 0, 3, 1, 1, 0, 0, 1, 1, 0, 6, 6, 6, 0, 5, 1, 5, 1, 1, 4, 1, 0, 1, 3, 4]";"[1, 4, 1, 1, 0, 4, 5, 0, 3, 0, 1, 2, 2, 0, 0, 2, 0, 0, 4, 4, 0, 0, 0, 3, 0, 6, 3, 0, 3, 0, 1, 2, 0, 2, 0, 2, 2, 0, 2, 0, 1, 6, 1, 2, 1, 1, 3, 5, 3, 6, 4, 1, 7, 2, 6, 5, 1, 1, 1, 7, 5]"
7;3;"aucs";"pmm_h";8;0.3075;0.1473;0.2038;0.2001;"{'50': 0.21428571428571427, '48': 0.30952380952380953, '53': 0.22142857142857142, '29': 0.41233766233766234, '24': 0.30952380952380953, '49': 0.45238095238095233, '51': 0.30952380952380953, '47': 0.3872180451127819}";"{'50': 0.21428571428571427, '48': 0.2532467532467533, '53': 0.18253968253968253, '29': 0.41233766233766234, '24': 0.30952380952380953, '49': 0.5, '51': 0.26785714285714285, '47': 0.3872180451127819}";"{'50': 0.07142857142857142, '48': 0.5357142857142857, '53': 0.33035714285714285, '29': 0.5178571428571428, '24': 0.42857142857142855, '49': 0.38095238095238093, '51': 0.33035714285714285, '47': 0.40476190476190477}";"{'50': 0.4017857142857143, '48': 0.34285714285714286, '53': 0.2532467532467533, '29': 0.41233766233766234, '24': 0.34285714285714286, '49': 0.5, '51': 0.34285714285714286, '47': 0.3872180451127819}";0.0;0.4866666666666667;0.4702380952380953;0.6232142857142857;0.2052959365384652;0.4107690924422433;0.3196882733926597;0.4199191709639828;0.6591177065113115;0.5083354134148179;0.1718002257336343;0.4543421716681548;0.3776140184059496;0.3654100219169521;0.691228448961477;0.5475723098952942;0.0014;0.054;0.0068;"['50', '48', '53', '29', '24', '49', '51', '47']";"[('interD', ('37', '47')), ('interA', ('11', '49')), ('interA', ('44', '47')), ('intraA', ('48', '50')), ('interD', ('51', '54')), ('interD', ('31', '53')), ('interA', ('4', '48')), ('interA', ('42', '50'))]";"[('intraD', ('50', '53')), ('intraD', ('29', '50')), ('intraD', ('24', '50')), ('intraD', ('50', '51')), ('intraD', ('47', '50')), ('intraD', ('48', '53')), ('intraD', ('29', '48')), ('intraD', ('24', '48'))]";"[('interA', ('28', '50')), ('interA', ('42', '50')), ('interA', ('40', '50')), ('interA', ('53', '58')), ('interA', ('48', '60')), ('interA', ('24', '39')), ('interA', ('49', '57')), ('interA', ('1', '51'))]";"[['43', '46', '32', '26', '13', '1', '27', '15', '39'], ['14', '57', '36', '7', '3', '9', '2', '45', '60', '56', '12', '34', '54', '31', '16', '41', '35', '52', '33', '38', '30', '10', '59', '55', '37', '40'], ['48', '58', '4'], ['8', '21', '25', '19', '5', '61', '23', '17', '22', '20', '18', '6'], ['11', '49'], ['53', '29', '24', '51', '28'], ['50', '42'], ['44', '47']]";"[['28', '54', '61', '27', '44', '16', '41', '9', '58', '10', '59', '45', '55', '38', '56'], ['43', '46', '13', '57', '11', '53', '29', '24', '42', '51', '15', '40'], ['34', '32', '36', '33', '7', '35', '30', '39', '37', '12'], ['25', '50', '1', '31', '52', '3', '2', '4'], ['8', '21', '5', '17', '18'], ['19', '6', '20', '26'], ['48', '60', '47', '49'], ['22', '23', '14']]";"[['14', '12', '25', '34', '26', '31', '35', '52', '30', '10', '37', '36', '7', '32', '61', '33', '29', '24', '39', '38', '47'], ['43', '46', '54', '13', '44', '11', '16', '41', '9', '4', '59', '45', '55', '56', '15'], ['8', '21', '5', '23', '17', '22', '18'], ['19', '27', '3', '2', '20', '6'], ['28', '50', '42', '40'], ['53', '58', '57', '49'], ['1', '51'], ['48', '60']]";"[6, 6, 0, 2, 2, 7, 1, 2, 0, 4, 5, 1, 0, 2, 5, 0, 2, 2, 7, 7, 2, 2, 2, 3, 0, 1, 4, 1, 3, 1, 0, 1, 1, 1, 1, 1, 1, 1, 1, 5, 0, 5, 5, 0, 0, 5, 3, 3, 3, 3, 3, 0, 3, 4, 0, 4, 0, 4, 0, 6, 4]";"[0, 1, 1, 2, 3, 3, 1, 3, 1, 1, 4, 1, 0, 1, 0, 1, 3, 3, 3, 3, 3, 3, 3, 5, 3, 0, 0, 5, 5, 1, 1, 0, 1, 1, 1, 1, 1, 1, 0, 1, 1, 6, 0, 7, 1, 0, 7, 2, 4, 6, 5, 1, 5, 1, 1, 1, 1, 2, 1, 1, 3]";"[3, 3, 3, 3, 4, 5, 2, 4, 0, 0, 1, 2, 1, 7, 1, 0, 4, 4, 5, 5, 4, 7, 7, 1, 3, 5, 0, 0, 1, 2, 3, 2, 2, 2, 2, 2, 2, 0, 2, 1, 0, 1, 1, 0, 0, 1, 6, 6, 6, 3, 1, 3, 1, 0, 0, 0, 1, 0, 0, 6, 0]";"[6, 3, 3, 1, 2, 3, 0, 2, 1, 0, 1, 0, 1, 0, 1, 1, 2, 2, 3, 3, 2, 2, 2, 0, 0, 0, 3, 4, 0, 0, 0, 0, 0, 0, 0, 0, 0, 0, 0, 4, 1, 4, 1, 1, 1, 1, 0, 7, 5, 4, 6, 0, 5, 1, 1, 1, 5, 5, 1, 7, 0]"
8;3;"aucs";"pmm_h";8;0.3075;0.2843;0.2418;0.2054;"{'50': 0.21428571428571427, '48': 0.30952380952380953, '53': 0.22142857142857142, '29': 0.41233766233766234, '24': 0.30952380952380953, '49': 0.45238095238095233, '51': 0.30952380952380953, '47': 0.3872180451127819}";"{'50': 0.21428571428571427, '48': 0.21428571428571427, '53': 0.30952380952380953, '29': 0.40476190476190477, '24': 0.30952380952380953, '49': 0.45238095238095233, '51': 0.3571428571428571, '47': 0.376984126984127}";"{'50': 0.07142857142857142, '48': 0.5357142857142857, '53': 0.33035714285714285, '29': 0.5178571428571428, '24': 0.42857142857142855, '49': 0.38095238095238093, '51': 0.33035714285714285, '47': 0.40476190476190477}";"{'50': 0.4017857142857143, '48': 0.34285714285714286, '53': 0.2532467532467533, '29': 0.41233766233766234, '24': 0.34285714285714286, '49': 0.5, '51': 0.34285714285714286, '47': 0.3872180451127819}";0.0;0.1607142857142857;0.459828141783029;0.4994642857142857;0.4356437091808002;0.3702831014009262;0.3145648854961832;0.6518970827175713;0.6406796303211968;0.5479147573605375;0.4003969826357129;0.3898281515311201;0.3170285365714176;0.6005813747474114;0.6572492414998036;0.5518981733927285;0.0014;0.0551;0.0067;"['50', '48', '53', '29', '24', '49', '51', '47']";"[('interD', ('29', '31')), ('interD', ('32', '47')), ('interD', ('48', '52')), ('interD', ('31', '48')), ('interD', ('51', '54')), ('intraD', ('24', '51')), ('intraD', ('49', '53')), ('intraA', ('24', '49'))]";"[('intraD', ('50', '53')), ('intraD', ('29', '50')), ('intraD', ('24', '50')), ('intraD', ('50', '51')), ('intraD', ('47', '50')), ('intraD', ('48', '53')), ('intraD', ('29', '48')), ('intraD', ('24', '48'))]";"[('interA', ('42', '50')), ('interA', ('25', '50')), ('interA', ('33', '50')), ('interA', ('32', '53')), ('interA', ('12', '48')), ('interA', ('24', '40')), ('interA', ('23', '49')), ('interA', ('14', '51'))]";"[['43', '46', '1', '11', '3', '58', '2', '4', '42', '15', '40'], ['8', '21', '22', '5', '18', '23', '17'], ['27', '19', '6', '20'], ['14', '28', '36', '7', '45', '56', '12', '34', '54', '61', '33', '35', '30', '10', '39', '37'], ['9', '32', '26', '13', '55', '41'], ['25', '57', '44', '16', '31', '52', '59', '38'], ['24', '49'], ['48', '53', '29', '50', '51', '60', '47']]";"[['9', '45', '46', '1', '11', '42', '10', '15', '27', '58', '2', '60', '56', '43', '50', '61', '41', '55', '40'], ['34', '32', '36', '37', '33', '7', '35', '30', '39', '38', '12'], ['25', '13', '31', '48', '4', '49', '47'], ['19', '28', '26', '3', '20', '6'], ['14', '23', '17', '22', '18'], ['57', '44', '16', '52', '59'], ['54', '53', '29', '24', '51'], ['8', '21', '5']]";"[['14', '57', '4', '51', '45', '55', '12', '34', '26', '35', '59', '37', '28', '13', '36', '44', '7', '60', '32', '54', '16', '41', '39', '30', '38'], ['19', '27', '3', '9', '58', '2', '20', '6'], ['8', '21', '5', '1', '17', '22', '18'], ['31', '52', '48', '53', '29', '24', '47'], ['43', '46', '11', '15', '40'], ['25', '50', '42', '33'], ['61', '56', '10'], ['23', '49']]";"[6, 6, 0, 2, 2, 7, 1, 2, 0, 4, 5, 1, 0, 2, 5, 0, 2, 2, 7, 7, 2, 2, 2, 3, 0, 1, 4, 1, 3, 1, 0, 1, 1, 1, 1, 1, 1, 1, 1, 5, 0, 5, 5, 0, 0, 5, 3, 3, 3, 3, 3, 0, 3, 4, 0, 4, 0, 4, 0, 6, 4]";"[0, 0, 0, 0, 1, 2, 3, 1, 4, 3, 0, 3, 4, 3, 0, 5, 1, 1, 2, 2, 1, 1, 1, 6, 5, 4, 2, 3, 7, 3, 5, 4, 3, 3, 3, 3, 3, 5, 3, 0, 4, 0, 0, 5, 3, 0, 7, 7, 6, 7, 7, 5, 7, 3, 4, 3, 5, 0, 5, 7, 3]";"[0, 0, 3, 2, 7, 3, 1, 7, 0, 0, 0, 1, 2, 4, 0, 5, 4, 4, 3, 3, 7, 4, 4, 6, 2, 3, 0, 3, 6, 1, 2, 1, 1, 1, 1, 1, 1, 1, 1, 0, 0, 0, 0, 5, 0, 0, 2, 2, 2, 0, 6, 5, 6, 6, 0, 0, 5, 0, 5, 0, 0]";"[2, 1, 1, 0, 2, 1, 0, 2, 1, 6, 4, 0, 0, 0, 4, 0, 2, 2, 1, 1, 2, 2, 7, 3, 5, 0, 1, 0, 3, 0, 3, 0, 5, 0, 0, 0, 0, 0, 0, 4, 0, 5, 4, 0, 0, 4, 3, 3, 7, 5, 0, 3, 3, 0, 0, 6, 0, 1, 0, 0, 6]"
9;3;"aucs";"pmm_h";8;0.3075;0.2634;0.154;0.1663;"{'50': 0.21428571428571427, '48': 0.30952380952380953, '53': 0.22142857142857142, '29': 0.41233766233766234, '24': 0.30952380952380953, '49': 0.45238095238095233, '51': 0.30952380952380953, '47': 0.3872180451127819}";"{'50': 0.07142857142857142, '48': 0.18253968253968253, '53': 0.30952380952380953, '29': 0.4192546583850931, '24': 0.22142857142857142, '49': 0.13392857142857142, '51': 0.22142857142857142, '47': 0.47619047619047616}";"{'50': 0.07142857142857142, '48': 0.5357142857142857, '53': 0.33035714285714285, '29': 0.5178571428571428, '24': 0.42857142857142855, '49': 0.38095238095238093, '51': 0.33035714285714285, '47': 0.40476190476190477}";"{'50': 0.4017857142857143, '48': 0.34285714285714286, '53': 0.2532467532467533, '29': 0.41233766233766234, '24': 0.34285714285714286, '49': 0.5, '51': 0.34285714285714286, '47': 0.3872180451127819}";0.0;0.0;0.2797619047619047;0.6692460317460318;0.5066177526719426;0.3232138675248852;0.2320242459836563;0.6874436527475946;0.6154124956061121;0.5221198334678797;0.4312415063461337;0.2883691815478778;0.264484041566478;0.6080516250195288;0.5601241163605241;0.5731134633499736;0.0014;0.0545;0.0067;"['50', '48', '53', '29', '24', '49', '51', '47']";"[('interD', ('48', '52')), ('intraA', ('48', '50')), ('interD', ('49', '52')), ('intraA', ('24', '49')), ('intraA', ('49', '51')), ('interA', ('29', '41')), ('intraA', ('49', '50')), ('intraD', ('47', '53'))]";"[('intraD', ('50', '53')), ('intraD', ('29', '50')), ('intraD', ('24', '50')), ('intraD', ('50', '51')), ('intraD', ('47', '50')), ('intraD', ('48', '53')), ('intraD', ('29', '48')), ('intraD', ('24', '48'))]";"[('interA', ('50', '52')), ('interA', ('16', '50')), ('interA', ('31', '50')), ('interA', ('36', '53')), ('interA', ('32', '48')), ('interA', ('19', '24')), ('interA', ('49', '59')), ('interA', ('22', '51'))]";"[['8', '21', '5', '4', '60', '18', '43', '46', '1', '11', '17', '23', '22', '42', '15', '38'], ['25', '26', '41', '3', '9', '58', '2', '45', '55', '40'], ['27', '19', '6', '20'], ['34', '14', '28', '32', '36', '33', '7', '35', '39', '30', '37', '12'], ['61', '56', '10'], ['13'], ['59', '54', '57', '44', '16', '31', '52'], ['50', '48', '53', '29', '24', '49', '51', '47']]";"[['43', '46', '57', '11', '31', '33', '35', '41', '9', '37', '42', '59', '15', '55', '38', '40'], ['34', '32', '28', '13', '26', '36', '7', '3', '58', '4', '30', '39', '12'], ['25', '61', '1', '27', '44', '16', '52', '2', '10', '45', '60', '56'], ['50', '14', '54', '23', '17', '22'], ['53', '29', '24', '51', '47'], ['8', '21', '18', '5'], ['19', '6', '20'], ['48', '49']]";"[['32', '13', '1', '54', '36', '41', '44', '33', '7', '35', '48', '53', '2', '57', '30', '38', '55', '12'], ['25', '34', '14', '28', '26', '61', '27', '23', '3', '58', '4', '10', '45', '39', '37', '56'], ['8', '21', '5', '17', '22', '51', '18'], ['19', '9', '29', '24', '20', '6', '47'], ['43', '46', '11', '42', '15', '40'], ['16', '50', '31', '52'], ['59', '49'], ['60']]";"[6, 6, 0, 2, 2, 7, 1, 2, 0, 4, 5, 1, 0, 2, 5, 0, 2, 2, 7, 7, 2, 2, 2, 3, 0, 1, 4, 1, 3, 1, 0, 1, 1, 1, 1, 1, 1, 1, 1, 5, 0, 5, 5, 0, 0, 5, 3, 3, 3, 3, 3, 0, 3, 4, 0, 4, 0, 4, 0, 6, 4]";"[0, 1, 1, 0, 0, 2, 3, 0, 1, 4, 0, 3, 5, 3, 0, 6, 0, 0, 2, 2, 0, 0, 0, 7, 1, 1, 2, 3, 7, 3, 6, 3, 3, 3, 3, 3, 3, 0, 3, 1, 1, 0, 0, 6, 1, 0, 7, 7, 7, 7, 7, 6, 7, 6, 1, 4, 6, 1, 6, 0, 4]";"[2, 2, 1, 1, 5, 6, 1, 5, 0, 2, 0, 1, 1, 3, 0, 2, 3, 5, 6, 6, 5, 3, 3, 4, 2, 1, 2, 1, 4, 1, 0, 1, 0, 1, 0, 1, 0, 0, 1, 0, 0, 0, 0, 2, 2, 0, 4, 7, 7, 3, 4, 2, 4, 3, 0, 2, 0, 1, 0, 2, 2]";"[0, 0, 1, 1, 2, 3, 0, 2, 3, 1, 4, 0, 0, 1, 4, 5, 2, 2, 3, 3, 2, 2, 1, 3, 1, 1, 1, 1, 3, 0, 5, 0, 0, 1, 0, 0, 1, 0, 1, 4, 0, 4, 4, 0, 1, 4, 3, 0, 6, 5, 2, 5, 0, 0, 0, 1, 0, 1, 6, 7, 1]"
10;3;"aucs";"pmm_h";8;0.3075;0.162;0.2248;0.1409;"{'50': 0.21428571428571427, '48': 0.30952380952380953, '53': 0.22142857142857142, '29': 0.41233766233766234, '24': 0.30952380952380953, '49': 0.45238095238095233, '51': 0.30952380952380953, '47': 0.3872180451127819}";"{'50': 0.07142857142857142, '48': 0.30952380952380953, '53': 0.22142857142857142, '29': 0.41233766233766234, '24': 0.5357142857142857, '49': 0.26785714285714285, '51': 0.30952380952380953, '47': 0.3872180451127819}";"{'50': 0.07142857142857142, '48': 0.5357142857142857, '53': 0.33035714285714285, '29': 0.5178571428571428, '24': 0.42857142857142855, '49': 0.38095238095238093, '51': 0.33035714285714285, '47': 0.40476190476190477}";"{'50': 0.4017857142857143, '48': 0.34285714285714286, '53': 0.2532467532467533, '29': 0.41233766233766234, '24': 0.34285714285714286, '49': 0.5, '51': 0.34285714285714286, '47': 0.3872180451127819}";0.0;0.5416666666666666;0.3946428571428571;0.6416666666666667;0.2544855005076315;0.285559119181072;0.1722199336031211;0.5074823441697469;0.5188274457876529;0.4194672439230592;0.2734605721338211;0.2694976708818501;0.1856878705274595;0.5008059340839156;0.4669976238035037;0.4484104491453898;0.0014;0.0546;0.0069;"['50', '48', '53', '29', '24', '49', '51', '47']";"[('intraD', ('24', '51')), ('intraA', ('48', '50')), ('intraD', ('24', '48')), ('interA', ('47', '57')), ('intraA', ('49', '51')), ('interD', ('37', '47')), ('interA', ('24', '58')), ('intraA', ('49', '50'))]";"[('intraD', ('50', '53')), ('intraD', ('29', '50')), ('intraD', ('24', '50')), ('intraD', ('50', '51')), ('intraD', ('47', '50')), ('intraD', ('48', '53')), ('intraD', ('29', '48')), ('intraD', ('24', '48'))]";"[('interA', ('26', '50')), ('interA', ('23', '50')), ('interA', ('50', '59')), ('interA', ('5', '53')), ('interA', ('13', '48')), ('interA', ('1', '24')), ('interA', ('49', '60')), ('interA', ('23', '51'))]";"[['1', '4'], ['53', '9', '2', '45', '55', '56', '43', '34', '46', '61', '11', '41', '29', '42', '10', '15', '39', '40'], ['28', '13', '57', '36', '44', '7', '3', '12', '25', '32', '26', '31', '33', '35', '52', '30', '38', '47'], ['8', '21', '5', '59', '54', '16'], ['27', '19', '6', '20'], ['22', '14', '18', '60', '37', '23', '17'], ['58', '24'], ['48', '50', '49', '51']]";"[['57', '9', '45', '46', '26', '11', '31', '42', '10', '59', '15', '28', '44', '60', '56', '43', '54', '61', '16', '41', '55', '40'], ['50', '34', '32', '14', '13', '36', '33', '7', '35', '58', '4', '30', '39', '37', '12'], ['25', '19', '27', '3', '2', '20', '6'], ['8', '21', '5', '17', '22', '18'], ['38', '23', '47', '52'], ['53', '29', '24', '51'], ['48', '49'], ['1']]";"[['4', '45', '12', '46', '11', '35', '42', '30', '15', '28', '36', '44', '7', '3', '58', '43', '32', '41', '33', '55', '38', '40'], ['8', '21', '25', '5', '57', '16', '17', '31', '52', '53', '9', '29', '2', '18', '47'], ['34', '14', '54', '61', '22', '10', '51', '39', '37', '56'], ['27', '19', '6', '20'], ['23', '50', '59', '26'], ['1', '24'], ['13', '48'], ['60', '49']]";"[6, 6, 0, 2, 2, 7, 1, 2, 0, 4, 5, 1, 0, 2, 5, 0, 2, 2, 7, 7, 2, 2, 2, 3, 0, 1, 4, 1, 3, 1, 0, 1, 1, 1, 1, 1, 1, 1, 1, 5, 0, 5, 5, 0, 0, 5, 3, 3, 3, 3, 3, 0, 3, 4, 0, 4, 0, 4, 0, 6, 4]";"[0, 1, 2, 0, 3, 4, 2, 3, 1, 1, 1, 2, 2, 5, 1, 3, 5, 5, 4, 4, 3, 5, 5, 6, 2, 2, 4, 2, 1, 2, 2, 2, 2, 1, 2, 2, 5, 2, 1, 1, 1, 1, 1, 2, 1, 1, 2, 7, 7, 7, 7, 2, 1, 3, 1, 1, 2, 6, 3, 5, 1]";"[7, 2, 2, 1, 3, 2, 1, 3, 0, 0, 0, 1, 1, 1, 0, 0, 3, 3, 2, 2, 3, 3, 4, 5, 2, 0, 2, 0, 5, 1, 0, 1, 1, 1, 1, 1, 1, 4, 1, 0, 0, 0, 0, 0, 0, 0, 4, 6, 6, 1, 5, 4, 5, 0, 0, 0, 0, 1, 0, 0, 0]";"[5, 1, 0, 0, 1, 3, 0, 1, 1, 2, 0, 0, 6, 2, 0, 1, 1, 1, 3, 3, 1, 2, 4, 5, 1, 4, 3, 0, 1, 0, 1, 0, 0, 2, 0, 0, 2, 0, 2, 0, 0, 0, 0, 0, 0, 0, 1, 6, 7, 4, 2, 1, 1, 2, 0, 2, 1, 0, 4, 7, 2]"
11;3;"aucs";"pmm_h";8;0.3075;0.1855;0.2681;0.1988;"{'50': 0.21428571428571427, '48': 0.30952380952380953, '53': 0.22142857142857142, '29': 0.41233766233766234, '24': 0.30952380952380953, '49': 0.45238095238095233, '51': 0.30952380952380953, '47': 0.3872180451127819}";"{'50': 0.14285714285714285, '48': 0.4017857142857143, '53': 0.22142857142857142, '29': 0.5827067669172932, '24': 0.34285714285714286, '49': 0.5, '51': 0.22142857142857142, '47': 0.47619047619047616}";"{'50': 0.07142857142857142, '48': 0.5357142857142857, '53': 0.33035714285714285, '29': 0.5178571428571428, '24': 0.42857142857142855, '49': 0.38095238095238093, '51': 0.33035714285714285, '47': 0.40476190476190477}";"{'50': 0.4017857142857143, '48': 0.34285714285714286, '53': 0.2532467532467533, '29': 0.41233766233766234, '24': 0.34285714285714286, '49': 0.5, '51': 0.34285714285714286, '47': 0.3872180451127819}";0.0;0.5165441176470589;0.2571428571428572;0.5823863636363636;0.2592992086461548;0.5232711883567872;0.2956021797224412;0.5002757341243751;0.673124137355757;0.5044322158463375;0.267234318025683;0.510946476498902;0.3317763781283094;0.4795022085594725;0.6284166009861303;0.5357904578813989;0.0017;0.0545;0.0067;"['50', '48', '53', '29', '24', '49', '51', '47']";"[('intraD', ('29', '48')), ('intraD', ('47', '48')), ('intraD', ('29', '49')), ('interA', ('49', '59')), ('intraA', ('48', '50')), ('interD', ('10', '29')), ('intraA', ('49', '51')), ('interA', ('24', '9'))]";"[('intraD', ('50', '53')), ('intraD', ('29', '50')), ('intraD', ('24', '50')), ('intraD', ('50', '51')), ('intraD', ('47', '50')), ('intraD', ('48', '53')), ('intraD', ('29', '48')), ('intraD', ('24', '48'))]";"[('interA', ('23', '50')), ('interA', ('17', '50')), ('interA', ('27', '50')), ('interA', ('28', '53')), ('interA', ('26', '48')), ('interA', ('24', '6')), ('interA', ('49', '54')), ('interA', ('23', '51'))]";"[['54', '1'], ['25', '19', '26', '57', '3', '2', '20', '30', '6'], ['14', '36', '7', '58', '4', '49', '51', '12', '34', '32', '37', '33', '35', '52', '59', '39', '38'], ['8', '21', '22', '5', '18', '23', '17'], ['9', '24'], ['28', '13', '27', '44', '45', '60', '56', '43', '46', '61', '11', '16', '41', '42', '10', '15', '55', '40'], ['53', '29', '31', '47'], ['48', '50']]";"[['34', '32', '28', '13', '26', '54', '36', '37', '33', '7', '35', '30', '39', '38', '12'], ['25', '61', '44', '23', '16', '41', '52', '9', '22', '10', '45', '55', '56'], ['43', '46', '11', '2', '42', '15', '60', '40'], ['19', '27', '57', '59', '20', '6'], ['14', '1', '3', '58', '4'], ['8', '21', '5', '17', '18'], ['31', '53', '29', '24', '51'], ['48', '50', '47', '49']]";"[['34', '32', '14', '57', '36', '37', '33', '7', '35', '58', '30', '51', '59', '39', '38', '12'], ['43', '46', '1', '44', '11', '16', '41', '9', '2', '42', '15', '55', '40'], ['61', '31', '52', '48', '29', '24', '4', '10', '45', '56', '47'], ['25', '19', '26', '13', '3', '20', '6'], ['8', '21', '5', '22', '60', '18'], ['23', '27', '50', '17'], ['53', '28'], ['54', '49']]";"[6, 6, 0, 2, 2, 7, 1, 2, 0, 4, 5, 1, 0, 2, 5, 0, 2, 2, 7, 7, 2, 2, 2, 3, 0, 1, 4, 1, 3, 1, 0, 1, 1, 1, 1, 1, 1, 1, 1, 5, 0, 5, 5, 0, 0, 5, 3, 3, 3, 3, 3, 0, 3, 4, 0, 4, 0, 4, 0, 6, 4]";"[0, 1, 1, 2, 3, 1, 2, 3, 4, 5, 5, 2, 5, 2, 5, 5, 3, 3, 1, 1, 3, 3, 3, 4, 1, 1, 5, 5, 6, 1, 6, 2, 2, 2, 2, 2, 2, 2, 2, 5, 5, 5, 5, 5, 5, 5, 6, 7, 2, 7, 2, 2, 6, 0, 5, 5, 1, 2, 2, 5, 5]";"[4, 2, 4, 4, 5, 3, 0, 5, 1, 1, 2, 0, 0, 4, 2, 1, 5, 5, 3, 3, 5, 1, 1, 6, 1, 0, 3, 0, 6, 0, 6, 0, 0, 0, 0, 0, 0, 0, 0, 2, 1, 2, 2, 1, 1, 2, 7, 7, 7, 7, 6, 1, 6, 0, 1, 1, 3, 4, 3, 2, 1]";"[1, 1, 3, 2, 4, 3, 0, 4, 1, 2, 1, 0, 3, 0, 1, 1, 5, 4, 3, 3, 4, 4, 5, 2, 3, 3, 5, 6, 2, 0, 2, 0, 0, 0, 0, 0, 0, 0, 0, 1, 1, 1, 1, 1, 2, 1, 2, 2, 7, 5, 0, 2, 6, 7, 1, 2, 0, 0, 0, 4, 2]"
12;3;"aucs";"pmm_h";8;0.3075;0.2124;0.238;0.2015;"{'50': 0.21428571428571427, '48': 0.30952380952380953, '53': 0.22142857142857142, '29': 0.41233766233766234, '24': 0.30952380952380953, '49': 0.45238095238095233, '51': 0.30952380952380953, '47': 0.3872180451127819}";"{'50': 0.07142857142857142, '48': 0.22142857142857142, '53': 0.22142857142857142, '29': 0.5, '24': 0.22142857142857142, '49': 0.13392857142857142, '51': 0.3701298701298701, '47': 0.3872180451127819}";"{'50': 0.07142857142857142, '48': 0.5357142857142857, '53': 0.33035714285714285, '29': 0.5178571428571428, '24': 0.42857142857142855, '49': 0.38095238095238093, '51': 0.33035714285714285, '47': 0.40476190476190477}";"{'50': 0.4017857142857143, '48': 0.34285714285714286, '53': 0.2532467532467533, '29': 0.41233766233766234, '24': 0.34285714285714286, '49': 0.5, '51': 0.34285714285714286, '47': 0.3872180451127819}";0.0;0.3888888888888888;0.4461538461538462;0.5666666666666667;0.4166365120040173;0.3193876595611872;0.357163754619835;0.6179014645806283;0.5433339620768706;0.5417239934224057;0.3930662936428423;0.3236494325142175;0.3739123828047835;0.5806431183955428;0.5303421733424827;0.546971420713843;0.0014;0.0592;0.0083;"['50', '48', '53', '29', '24', '49', '51', '47']";"[('intraA', ('24', '49')), ('intraA', ('49', '51')), ('intraD', ('29', '51')), ('intraA', ('48', '50')), ('interA', ('43', '51')), ('interA', ('51', '57')), ('intraA', ('49', '50')), ('interD', ('49', '52'))]";"[('intraD', ('50', '53')), ('intraD', ('29', '50')), ('intraD', ('24', '50')), ('intraD', ('50', '51')), ('intraD', ('47', '50')), ('intraD', ('48', '53')), ('intraD', ('29', '48')), ('intraD', ('24', '48'))]";"[('interA', ('27', '50')), ('interA', ('12', '50')), ('interA', ('26', '50')), ('interA', ('27', '53')), ('interA', ('48', '61')), ('interA', ('24', '54')), ('interA', ('45', '49')), ('interA', ('27', '51'))]";"[['8', '21', '5', '1', '23', '17', '22', '18'], ['3', '2', '19', '20', '27', '6'], ['34', '14', '26', '54', '36', '53', '58', '4', '39', '60', '37', '12'], ['46', '28', '11', '33', '7', '35', '42', '15', '30', '38', '40'], ['25', '61', '44', '31', '16', '41', '52', '9', '10', '59', '45', '55', '56'], ['13', '32'], ['48', '29', '24', '50', '49', '47'], ['43', '57', '51']]";"[['50', '32', '26', '13', '36', '7', '35', '58', '30', '39', '60', '37', '12'], ['8', '21', '5', '1', '44', '23', '17', '22', '18'], ['43', '46', '11', '41', '2', '42', '15', '55', '40'], ['34', '14', '57', '16', '33', '4', '59', '38'], ['19', '28', '27', '3', '20', '6'], ['25', '31', '52', '48', '49', '47'], ['61', '9', '10', '45', '56'], ['54', '53', '29', '24', '51']]";"[['8', '14', '57', '9', '45', '25', '31', '17', '52', '22', '10', '59', '21', '5', '44', '58', '2', '56', '18', '16', '23', '41', '55', '47'], ['34', '32', '36', '37', '33', '7', '3', '35', '30', '39', '60', '38', '12'], ['19', '46', '28', '13', '11', '20', '15', '6', '40'], ['43', '1', '4', '42'], ['53', '27', '29', '51'], ['48', '61', '49'], ['54', '24'], ['50', '26']]";"[6, 6, 0, 2, 2, 7, 1, 2, 0, 4, 5, 1, 0, 2, 5, 0, 2, 2, 7, 7, 2, 2, 2, 3, 0, 1, 4, 1, 3, 1, 0, 1, 1, 1, 1, 1, 1, 1, 1, 5, 0, 5, 5, 0, 0, 5, 3, 3, 3, 3, 3, 0, 3, 4, 0, 4, 0, 4, 0, 6, 4]";"[0, 1, 1, 2, 0, 1, 3, 0, 4, 4, 3, 2, 5, 2, 3, 4, 0, 0, 1, 1, 0, 0, 0, 6, 4, 2, 1, 3, 6, 3, 4, 5, 3, 2, 3, 2, 2, 3, 2, 3, 4, 3, 7, 4, 4, 3, 6, 6, 6, 6, 7, 4, 2, 2, 4, 4, 7, 2, 4, 2, 4]";"[1, 2, 4, 3, 1, 4, 0, 1, 6, 6, 2, 0, 0, 3, 2, 3, 1, 1, 4, 4, 1, 1, 1, 7, 5, 0, 4, 4, 7, 0, 5, 0, 3, 3, 0, 0, 0, 3, 0, 2, 2, 2, 2, 1, 6, 2, 5, 5, 5, 0, 7, 5, 7, 7, 2, 6, 3, 0, 3, 0, 6]";"[3, 0, 1, 3, 0, 2, 1, 0, 0, 0, 2, 1, 2, 0, 2, 0, 0, 0, 2, 2, 0, 0, 0, 6, 0, 7, 4, 2, 4, 1, 0, 1, 1, 1, 1, 1, 1, 1, 1, 2, 0, 3, 3, 0, 0, 2, 0, 5, 5, 7, 4, 0, 4, 6, 0, 0, 0, 0, 0, 1, 5]"
13;3;"aucs";"pmm_h";8;0.3075;0.2644;0.1643;0.2301;"{'50': 0.21428571428571427, '48': 0.30952380952380953, '53': 0.22142857142857142, '29': 0.41233766233766234, '24': 0.30952380952380953, '49': 0.45238095238095233, '51': 0.30952380952380953, '47': 0.3872180451127819}";"{'50': 0.2976190476190476, '48': 0.5, '53': 0.4017857142857143, '29': 0.4928571428571428, '24': 0.30952380952380953, '49': 0.5, '51': 0.4365079365079365, '47': 0.5672268907563025}";"{'50': 0.07142857142857142, '48': 0.5357142857142857, '53': 0.33035714285714285, '29': 0.5178571428571428, '24': 0.42857142857142855, '49': 0.38095238095238093, '51': 0.33035714285714285, '47': 0.40476190476190477}";"{'50': 0.4017857142857143, '48': 0.34285714285714286, '53': 0.2532467532467533, '29': 0.41233766233766234, '24': 0.34285714285714286, '49': 0.5, '51': 0.34285714285714286, '47': 0.3872180451127819}";0.0;0.4156746031746032;0.3952380952380952;0.6381410256410256;0.395596977864351;0.2189909364294137;0.3051432516396272;0.6189188444980438;0.5092098803734311;0.5144305180011325;0.3856827057696559;0.1857854309107791;0.3450059999688313;0.6080436743716091;0.468255456183329;0.5456329911491493;0.0014;0.0554;0.0067;"['50', '48', '53', '29', '24', '49', '51', '47']";"[('interD', ('29', '40')), ('intraD', ('47', '53')), ('intraD', ('29', '53')), ('intraD', ('48', '51')), ('interA', ('38', '51')), ('interA', ('32', '50')), ('intraD', ('47', '48')), ('interA', ('3', '49'))]";"[('intraD', ('50', '53')), ('intraD', ('29', '50')), ('intraD', ('24', '50')), ('intraD', ('50', '51')), ('intraD', ('47', '50')), ('intraD', ('48', '53')), ('intraD', ('29', '48')), ('intraD', ('24', '48'))]";"[('interA', ('50', '52')), ('interA', ('37', '50')), ('interA', ('10', '50')), ('interA', ('53', '6')), ('interA', ('48', '61')), ('interA', ('24', '58')), ('interA', ('49', '61')), ('interA', ('38', '51'))]";"[['34', '14', '26', '1', '36', '33', '7', '35', '39', '58', '4', '30', '37', '12'], ['43', '25', '46', '57', '44', '11', '16', '31', '52', '2', '42', '59', '15', '60', '40'], ['3', '48', '49'], ['8', '21', '22', '5', '18', '23', '17'], ['27', '19', '6', '20'], ['9', '45', '10', '61', '55', '56', '41'], ['13', '54', '50', '32'], ['53', '29', '24', '51', '28', '38', '47']]";"[['8', '57', '4', '46', '1', '11', '31', '35', '42', '15', '21', '5', '27', '7', '2', '43', '16', '33', '40'], ['61', '44', '41', '9', '10', '45', '55', '60', '56'], ['32', '28', '13', '26', '36', '30', '39', '38', '12'], ['34', '14', '23', '17', '22', '59', '37', '18'], ['54', '53', '29', '24', '51'], ['52', '48', '58', '49', '47'], ['3', '25', '50'], ['19', '6', '20']]";"[['54', '57', '16', '31', '33', '35', '7', '41', '51', '59', '55', '38', '56'], ['8', '21', '25', '5', '14', '1', '23', '17', '3', '22', '4', '18'], ['19', '28', '27', '53', '9', '29', '20', '6', '60', '47'], ['34', '32', '26', '13', '36', '30', '45', '39', '12'], ['43', '46', '11', '2', '42', '15', '40'], ['50', '44', '52', '10', '37'], ['48', '61', '49'], ['58', '24']]";"[6, 6, 0, 2, 2, 7, 1, 2, 0, 4, 5, 1, 0, 2, 5, 0, 2, 2, 7, 7, 2, 2, 2, 3, 0, 1, 4, 1, 3, 1, 0, 1, 1, 1, 1, 1, 1, 1, 1, 5, 0, 5, 5, 0, 0, 5, 3, 3, 3, 3, 3, 0, 3, 4, 0, 4, 0, 4, 0, 6, 4]";"[0, 1, 2, 0, 3, 4, 0, 3, 5, 5, 1, 0, 6, 0, 1, 1, 3, 3, 4, 4, 3, 3, 3, 7, 1, 0, 4, 7, 7, 0, 1, 6, 0, 0, 0, 0, 0, 7, 0, 1, 5, 1, 1, 1, 5, 1, 7, 2, 2, 6, 7, 1, 7, 6, 5, 5, 1, 0, 1, 1, 5]";"[0, 0, 6, 0, 0, 7, 0, 0, 1, 1, 0, 2, 2, 3, 0, 0, 3, 3, 7, 7, 0, 3, 3, 4, 6, 2, 0, 2, 4, 2, 0, 2, 0, 3, 0, 2, 3, 2, 2, 0, 1, 0, 0, 1, 1, 0, 5, 5, 5, 6, 4, 5, 4, 4, 1, 1, 0, 5, 3, 1, 1]";"[1, 4, 1, 1, 1, 2, 0, 1, 2, 5, 4, 3, 3, 1, 4, 0, 1, 1, 2, 2, 1, 1, 1, 7, 1, 3, 2, 2, 2, 3, 0, 3, 0, 3, 0, 3, 5, 0, 3, 4, 0, 4, 4, 5, 3, 4, 2, 6, 6, 5, 0, 5, 2, 0, 0, 0, 0, 7, 0, 2, 6]"
14;3;"aucs";"pmm_h";8;0.3075;0.1608;0.1743;0.1541;"{'50': 0.21428571428571427, '48': 0.30952380952380953, '53': 0.22142857142857142, '29': 0.41233766233766234, '24': 0.30952380952380953, '49': 0.45238095238095233, '51': 0.30952380952380953, '47': 0.3872180451127819}";"{'50': 0.14285714285714285, '48': 0.4365079365079365, '53': 0.18253968253968253, '29': 0.40476190476190477, '24': 0.26785714285714285, '49': 0.30952380952380953, '51': 0.30952380952380953, '47': 0.3872180451127819}";"{'50': 0.07142857142857142, '48': 0.5357142857142857, '53': 0.33035714285714285, '29': 0.5178571428571428, '24': 0.42857142857142855, '49': 0.38095238095238093, '51': 0.33035714285714285, '47': 0.40476190476190477}";"{'50': 0.4017857142857143, '48': 0.34285714285714286, '53': 0.2532467532467533, '29': 0.41233766233766234, '24': 0.34285714285714286, '49': 0.5, '51': 0.34285714285714286, '47': 0.3872180451127819}";0.0;0.4507850241545893;0.4165140415140415;0.4270833333333333;0.238731811191293;0.3007294044809039;0.2683796107859281;0.4982455931313764;0.5608401417434526;0.5079763603711106;0.2324294546122299;0.315252921309057;0.2332365131079292;0.4764293924420304;0.5718018474022559;0.4663786264825375;0.0021;0.0549;0.008;"['50', '48', '53', '29', '24', '49', '51', '47']";"[('interA', ('38', '49')), ('interD', ('29', '37')), ('intraA', ('49', '50')), ('interD', ('24', '52')), ('interA', ('33', '48')), ('interD', ('53', '57')), ('intraD', ('48', '51')), ('intraA', ('49', '51'))]";"[('intraD', ('50', '53')), ('intraD', ('29', '50')), ('intraD', ('24', '50')), ('intraD', ('50', '51')), ('intraD', ('47', '50')), ('intraD', ('48', '53')), ('intraD', ('29', '48')), ('intraD', ('24', '48'))]";"[('interA', ('32', '50')), ('interA', ('39', '50')), ('interA', ('1', '50')), ('interA', ('37', '53')), ('interA', ('21', '48')), ('interA', ('24', '61')), ('interA', ('25', '49')), ('interA', ('51', '58'))]";"[['57', '3', '9', '58', '2', '4', '45', '43', '25', '46', '26', '1', '11', '31', '23', '52', '41', '24', '42', '15', '55', '47', '40'], ['8', '21', '22', '5', '18', '17'], ['27', '19', '6', '20'], ['14', '28', '36', '44', '7', '56', '12', '34', '54', '61', '16', '35', '30', '10', '59', '39', '37'], ['13', '32'], ['53', '29', '50', '49', '51', '38'], ['48', '33'], ['60']]";"[['32', '26', '13', '57', '44', '11', '16', '41', '9', '2', '42', '59', '15', '55', '40'], ['43', '46', '28', '36', '33', '7', '35', '48', '49', '30', '60', '38', '12'], ['25', '31', '52', '3', '53', '29', '24', '51', '47'], ['34', '61', '10', '45', '39', '37', '56'], ['14', '1', '23', '58', '22', '4'], ['8', '21', '5', '17', '18'], ['27', '19', '6', '20'], ['54', '50']]";"[['57', '9', '4', '45', '12', '31', '35', '52', '30', '10', '59', '28', '36', '44', '7', '3', '60', '56', '54', '16', '41', '55', '38'], ['43', '34', '14', '46', '11', '23', '33', '22', '2', '42', '15', '37', '40'], ['19', '26', '13', '27', '20', '6'], ['25', '48', '53', '29', '49', '47'], ['8', '21', '5', '17', '18'], ['39', '1', '50', '32'], ['61', '24'], ['58', '51']]";"[6, 6, 0, 2, 2, 7, 1, 2, 0, 4, 5, 1, 0, 2, 5, 0, 2, 2, 7, 7, 2, 2, 2, 3, 0, 1, 4, 1, 3, 1, 0, 1, 1, 1, 1, 1, 1, 1, 1, 5, 0, 5, 5, 0, 0, 5, 3, 3, 3, 3, 3, 0, 3, 4, 0, 4, 0, 4, 0, 6, 4]";"[0, 0, 0, 0, 1, 2, 3, 1, 0, 3, 0, 3, 4, 3, 0, 3, 1, 1, 2, 2, 1, 1, 0, 0, 0, 0, 2, 3, 5, 3, 0, 4, 6, 3, 3, 3, 3, 5, 3, 0, 0, 0, 0, 3, 0, 0, 0, 6, 5, 5, 5, 0, 5, 3, 0, 3, 0, 0, 3, 7, 3]";"[4, 0, 2, 4, 5, 6, 1, 5, 0, 3, 0, 1, 0, 4, 0, 0, 5, 5, 6, 6, 5, 4, 4, 2, 2, 0, 6, 1, 2, 1, 2, 0, 1, 3, 1, 1, 3, 1, 3, 0, 0, 0, 1, 0, 3, 1, 2, 1, 1, 7, 2, 2, 2, 7, 0, 3, 0, 4, 0, 1, 3]";"[5, 1, 0, 0, 4, 2, 0, 4, 0, 0, 1, 0, 2, 1, 1, 0, 4, 4, 2, 2, 4, 1, 1, 6, 3, 2, 2, 0, 3, 0, 0, 5, 1, 1, 0, 0, 1, 0, 5, 1, 0, 1, 1, 0, 0, 1, 3, 3, 3, 5, 7, 0, 3, 0, 0, 0, 0, 7, 0, 0, 6]"
15;3;"aucs";"pmm_h";8;0.3075;0.2332;0.1856;0.2072;"{'50': 0.21428571428571427, '48': 0.30952380952380953, '53': 0.22142857142857142, '29': 0.41233766233766234, '24': 0.30952380952380953, '49': 0.45238095238095233, '51': 0.30952380952380953, '47': 0.3872180451127819}";"{'50': 0.14285714285714285, '48': 0.22142857142857142, '53': 0.4017857142857143, '29': 0.6857142857142857, '24': 0.5, '49': 0.3571428571428571, '51': 0.30952380952380953, '47': 0.376984126984127}";"{'50': 0.07142857142857142, '48': 0.5357142857142857, '53': 0.33035714285714285, '29': 0.5178571428571428, '24': 0.42857142857142855, '49': 0.38095238095238093, '51': 0.33035714285714285, '47': 0.40476190476190477}";"{'50': 0.4017857142857143, '48': 0.34285714285714286, '53': 0.2532467532467533, '29': 0.41233766233766234, '24': 0.34285714285714286, '49': 0.5, '51': 0.34285714285714286, '47': 0.3872180451127819}";0.0;0.3981481481481481;0.255952380952381;0.5816666666666667;0.5505150505025188;0.2736403406590562;0.3231914788697667;0.7182383579029185;0.5353446665889323;0.542407314819683;0.5597776979641217;0.2833803848665683;0.3378032036613272;0.6983475791121396;0.5121030675514299;0.5623973379897009;0.0014;0.0552;0.0069;"['50', '48', '53', '29', '24', '49', '51', '47']";"[('intraD', ('24', '29')), ('intraD', ('29', '51')), ('intraD', ('29', '53')), ('intraD', ('24', '53')), ('intraA', ('49', '51')), ('interD', ('47', '52')), ('interA', ('29', '39')), ('intraA', ('48', '50'))]";"[('intraD', ('50', '53')), ('intraD', ('29', '50')), ('intraD', ('24', '50')), ('intraD', ('50', '51')), ('intraD', ('47', '50')), ('intraD', ('48', '53')), ('intraD', ('29', '48')), ('intraD', ('24', '48'))]";"[('interA', ('15', '50')), ('interA', ('19', '50')), ('interA', ('37', '50')), ('interA', ('32', '53')), ('interA', ('48', '54')), ('interA', ('24', '61')), ('interA', ('25', '49')), ('interA', ('36', '51'))]";"[['8', '21', '5', '14', '1', '23', '17', '22', '58', '4', '18'], ['3', '2', '34', '26', '39', '60', '37'], ['27', '19', '6', '20'], ['32', '28', '54', '36', '33', '7', '35', '30', '38', '12'], ['61', '57', '44', '31', '16', '41', '52', '9', '10', '59', '45', '55', '56'], ['43', '25', '46', '13', '11', '24', '42', '15', '40'], ['48', '29', '50', '47'], ['53', '49', '51']]";"[['25', '34', '14', '26', '13', '1', '32', '23', '41', '3', '9', '58', '2', '4', '45', '39', '55'], ['43', '46', '57', '11', '31', '52', '53', '29', '24', '42', '51', '15', '60', '47', '40'], ['8', '21', '5', '61', '44', '16', '17', '22', '10', '56', '18'], ['28', '36', '37', '33', '35', '7', '59', '30', '38', '12'], ['27', '19', '6', '20'], ['48', '49'], ['50'], ['54']]";"[['43', '46', '1', '57', '44', '11', '16', '31', '9', '2', '42', '10', '59', '56', '40'], ['8', '21', '5', '14', '23', '17', '22', '58', '4', '18'], ['34', '32', '26', '13', '28', '41', '53', '45', '39', '55'], ['36', '33', '7', '35', '30', '60', '38', '12'], ['25', '27', '3', '20', '49', '6'], ['54', '52', '48', '29', '51', '47'], ['15', '37', '19', '50'], ['61', '24']]";"[6, 6, 0, 2, 2, 7, 1, 2, 0, 4, 5, 1, 0, 2, 5, 0, 2, 2, 7, 7, 2, 2, 2, 3, 0, 1, 4, 1, 3, 1, 0, 1, 1, 1, 1, 1, 1, 1, 1, 5, 0, 5, 5, 0, 0, 5, 3, 3, 3, 3, 3, 0, 3, 4, 0, 4, 0, 4, 0, 6, 4]";"[0, 1, 1, 0, 0, 2, 3, 0, 4, 4, 5, 3, 5, 0, 5, 4, 0, 0, 2, 2, 0, 0, 0, 5, 5, 1, 2, 3, 6, 3, 4, 3, 3, 1, 3, 3, 1, 3, 1, 5, 4, 5, 5, 4, 4, 5, 6, 6, 7, 6, 7, 4, 7, 3, 4, 4, 4, 0, 4, 1, 4]";"[0, 0, 0, 0, 2, 4, 3, 2, 0, 2, 1, 3, 0, 0, 1, 2, 2, 2, 4, 4, 2, 2, 0, 1, 0, 0, 4, 3, 1, 3, 1, 0, 3, 0, 3, 3, 3, 3, 0, 1, 0, 1, 1, 2, 0, 1, 1, 5, 5, 6, 1, 1, 1, 7, 0, 2, 1, 0, 3, 1, 2]";"[0, 0, 4, 1, 1, 4, 3, 1, 0, 0, 0, 3, 2, 1, 6, 0, 1, 1, 6, 4, 1, 1, 1, 7, 4, 2, 4, 2, 5, 3, 0, 2, 3, 2, 3, 3, 6, 3, 2, 0, 2, 0, 0, 0, 2, 0, 5, 5, 4, 6, 5, 5, 2, 5, 2, 0, 0, 1, 0, 3, 7]"
16;3;"aucs";"pmm_h";8;0.3075;0.2019;0.2227;0.1724;"{'50': 0.21428571428571427, '48': 0.30952380952380953, '53': 0.22142857142857142, '29': 0.41233766233766234, '24': 0.30952380952380953, '49': 0.45238095238095233, '51': 0.30952380952380953, '47': 0.3872180451127819}";"{'50': 0.2976190476190476, '48': 0.4017857142857143, '53': 0.34285714285714286, '29': 0.41233766233766234, '24': 0.4017857142857143, '49': 0.7285714285714285, '51': 0.30952380952380953, '47': 0.47619047619047616}";"{'50': 0.07142857142857142, '48': 0.5357142857142857, '53': 0.33035714285714285, '29': 0.5178571428571428, '24': 0.42857142857142855, '49': 0.38095238095238093, '51': 0.33035714285714285, '47': 0.40476190476190477}";"{'50': 0.4017857142857143, '48': 0.34285714285714286, '53': 0.2532467532467533, '29': 0.41233766233766234, '24': 0.34285714285714286, '49': 0.5, '51': 0.34285714285714286, '47': 0.3872180451127819}";0.0;0.59375;0.3600618131868132;0.6394230769230769;0.3109258399957401;0.3907372357649419;0.2533422793234293;0.5584556799014602;0.6008786832089609;0.4833666308591479;0.3508636308732938;0.3985297495979784;0.2845994934162071;0.5794059020868745;0.5812336896076776;0.5129037750845653;0.0014;0.0555;0.0066;"['50', '48', '53', '29', '24', '49', '51', '47']";"[('intraD', ('48', '49')), ('intraD', ('47', '49')), ('interA', ('19', '50')), ('interA', ('19', '49')), ('intraD', ('50', '53')), ('intraA', ('48', '50')), ('intraD', ('24', '48')), ('interA', ('53', '56'))]";"[('intraD', ('50', '53')), ('intraD', ('29', '50')), ('intraD', ('24', '50')), ('intraD', ('50', '51')), ('intraD', ('47', '50')), ('intraD', ('48', '53')), ('intraD', ('29', '48')), ('intraD', ('24', '48'))]";"[('interA', ('50', '7')), ('interA', ('39', '50')), ('interA', ('41', '50')), ('interA', ('30', '53')), ('interA', ('20', '48')), ('interA', ('22', '24')), ('interA', ('17', '49')), ('interA', ('51', '57'))]";"[['53', '10', '51', '61', '1', '56'], ['43', '46', '11', '16', '41', '9', '2', '42', '15', '55', '40'], ['34', '14', '28', '23', '3', '22', '58', '4', '39'], ['8', '21', '5', '18', '17'], ['19', '20', '49', '60', '27', '6'], ['32', '13', '54', '36', '33', '7', '35', '30', '37', '12'], ['25', '26', '57', '44', '31', '52', '29', '24', '59', '45', '38', '47'], ['48', '50']]";"[['25', '34', '14', '26', '28', '32', '36', '33', '35', '48', '58', '30', '45', '39', '37', '12'], ['54', '1', '57', '44', '16', '31', '7', '3', '52', '4', '59', '60', '38'], ['8', '21', '5', '13', '23', '17', '41', '9', '22', '2', '49', '55', '18'], ['43', '46', '11', '42', '15', '40'], ['53', '29', '24', '51', '47'], ['27', '19', '6', '20'], ['61', '56', '10'], ['50']]";"[['34', '32', '28', '13', '26', '54', '36', '31', '44', '37', '35', '59', '45', '30', '38', '55', '12'], ['25', '19', '14', '27', '52', '3', '9', '29', '48', '58', '20', '6', '47'], ['43', '46', '11', '17', '23', '33', '2', '42', '49', '15', '60', '40'], ['8', '21', '5', '1', '16', '4', '18'], ['39', '50', '7', '41'], ['61', '56', '10'], ['53', '57', '51'], ['22', '24']]";"[6, 6, 0, 2, 2, 7, 1, 2, 0, 4, 5, 1, 0, 2, 5, 0, 2, 2, 7, 7, 2, 2, 2, 3, 0, 1, 4, 1, 3, 1, 0, 1, 1, 1, 1, 1, 1, 1, 1, 5, 0, 5, 5, 0, 0, 5, 3, 3, 3, 3, 3, 0, 3, 4, 0, 4, 0, 4, 0, 6, 4]";"[0, 1, 2, 2, 3, 4, 5, 3, 1, 0, 1, 5, 5, 2, 1, 1, 3, 3, 4, 4, 3, 2, 2, 6, 6, 6, 4, 2, 6, 5, 6, 5, 5, 2, 5, 5, 5, 6, 2, 1, 1, 1, 1, 6, 6, 1, 6, 7, 4, 7, 0, 6, 0, 5, 1, 0, 6, 2, 6, 4, 0]";"[1, 2, 1, 1, 2, 5, 1, 2, 2, 6, 3, 0, 2, 0, 3, 1, 2, 2, 5, 5, 2, 2, 2, 4, 0, 0, 5, 0, 4, 0, 1, 0, 0, 0, 0, 0, 0, 1, 0, 3, 2, 3, 3, 1, 0, 3, 4, 0, 2, 7, 4, 1, 4, 1, 2, 6, 1, 0, 1, 1, 6]";"[3, 2, 1, 3, 3, 1, 4, 3, 1, 5, 2, 0, 0, 1, 2, 3, 2, 3, 1, 1, 3, 7, 2, 7, 1, 0, 1, 0, 1, 0, 0, 0, 2, 0, 0, 0, 0, 0, 4, 2, 4, 2, 2, 0, 0, 2, 1, 1, 2, 4, 6, 1, 6, 0, 0, 5, 6, 1, 0, 2, 5]"
17;3;"aucs";"pmm_h";8;0.3075;0.263;0.2213;0.1623;"{'50': 0.21428571428571427, '48': 0.30952380952380953, '53': 0.22142857142857142, '29': 0.41233766233766234, '24': 0.30952380952380953, '49': 0.45238095238095233, '51': 0.30952380952380953, '47': 0.3872180451127819}";"{'50': 0.2976190476190476, '48': 0.34285714285714286, '53': 0.22142857142857142, '29': 0.41233766233766234, '24': 0.22142857142857142, '49': 0.18253968253968253, '51': 0.30952380952380953, '47': 0.365546218487395}";"{'50': 0.07142857142857142, '48': 0.5357142857142857, '53': 0.33035714285714285, '29': 0.5178571428571428, '24': 0.42857142857142855, '49': 0.38095238095238093, '51': 0.33035714285714285, '47': 0.40476190476190477}";"{'50': 0.4017857142857143, '48': 0.34285714285714286, '53': 0.2532467532467533, '29': 0.41233766233766234, '24': 0.34285714285714286, '49': 0.5, '51': 0.34285714285714286, '47': 0.3872180451127819}";0.0;0.2767857142857143;0.3392857142857143;0.6341666666666667;0.4958581072340589;0.3888937744957063;0.2062375255065062;0.665198796867323;0.6066216007024333;0.4544900293624854;0.4519378452582999;0.3877624457483605;0.2085961304344835;0.611981800822755;0.5923541109921397;0.4668236930234499;0.0014;0.055;0.0071;"['50', '48', '53', '29', '24', '49', '51', '47']";"[('interD', ('18', '47')), ('interA', ('48', '54')), ('intraA', ('49', '51')), ('intraA', ('49', '50')), ('intraD', ('50', '51')), ('interD', ('47', '52')), ('interA', ('32', '50')), ('intraA', ('24', '49'))]";"[('intraD', ('50', '53')), ('intraD', ('29', '50')), ('intraD', ('24', '50')), ('intraD', ('50', '51')), ('intraD', ('47', '50')), ('intraD', ('48', '53')), ('intraD', ('29', '48')), ('intraD', ('24', '48'))]";"[('interA', ('40', '50')), ('interA', ('39', '50')), ('interA', ('50', '8')), ('interA', ('33', '53')), ('interA', ('23', '48')), ('interA', ('24', '34')), ('interA', ('30', '49')), ('interA', ('51', '56'))]";"[['10', '61', '1', '57', '44', '16', '56'], ['2'], ['3', '48', '25', '4', '45', '54', '52'], ['8', '21', '5', '14', '23', '17', '22', '58', '37', '18'], ['27', '19', '6', '20'], ['28', '13', '36', '7', '9', '60', '12', '34', '32', '26', '31', '33', '35', '30', '59', '39', '38'], ['43', '46', '41', '11', '42', '15', '55', '40'], ['53', '29', '24', '50', '49', '51', '47']]";"[['34', '32', '28', '54', '36', '16', '44', '33', '7', '35', '9', '4', '30', '45', '39', '37', '12'], ['43', '46', '13', '41', '11', '2', '42', '15', '55', '40'], ['8', '21', '5', '1', '23', '17', '22', '60', '18'], ['25', '50', '26', '57', '31', '3', '59', '38'], ['14', '52', '53', '58', '29', '24', '51', '47'], ['27', '19', '6', '20'], ['61', '56', '10'], ['48', '49']]";"[['57', '9', '4', '45', '46', '26', '11', '42', '59', '15', '28', '44', '43', '54', '16', '41', '55', '38', '40'], ['21', '25', '5', '14', '34', '1', '17', '3', '22', '58', '2', '37', '18'], ['32', '13', '36', '33', '7', '35', '53', '49', '30', '12'], ['31', '52', '29', '24', '60', '47'], ['27', '19', '6', '20'], ['61', '56', '10', '51'], ['8', '39', '50'], ['48', '23']]";"[6, 6, 0, 2, 2, 7, 1, 2, 0, 4, 5, 1, 0, 2, 5, 0, 2, 2, 7, 7, 2, 2, 2, 3, 0, 1, 4, 1, 3, 1, 0, 1, 1, 1, 1, 1, 1, 1, 1, 5, 0, 5, 5, 0, 0, 5, 3, 3, 3, 3, 3, 0, 3, 4, 0, 4, 0, 4, 0, 6, 4]";"[0, 1, 2, 2, 3, 4, 5, 3, 5, 0, 6, 5, 5, 3, 6, 0, 3, 3, 4, 4, 3, 3, 3, 7, 2, 5, 4, 5, 7, 5, 5, 5, 5, 5, 5, 5, 3, 5, 5, 6, 6, 6, 6, 0, 2, 6, 7, 2, 7, 7, 7, 2, 7, 2, 6, 0, 0, 3, 5, 5, 0]";"[2, 1, 3, 0, 2, 5, 0, 2, 0, 6, 1, 0, 1, 4, 1, 0, 2, 2, 5, 5, 2, 2, 2, 4, 3, 3, 5, 0, 4, 0, 3, 0, 0, 0, 0, 0, 0, 3, 0, 1, 1, 1, 1, 0, 0, 1, 4, 7, 7, 3, 4, 4, 4, 0, 1, 6, 3, 4, 3, 2, 6]";"[1, 1, 1, 0, 1, 4, 2, 6, 0, 5, 0, 2, 2, 1, 0, 0, 1, 1, 4, 4, 1, 1, 7, 3, 1, 0, 4, 0, 3, 2, 3, 2, 2, 1, 2, 2, 1, 0, 6, 0, 0, 0, 0, 0, 0, 0, 3, 7, 2, 6, 5, 3, 2, 0, 0, 5, 0, 1, 0, 3, 5]"
18;3;"aucs";"pmm_h";8;0.3075;0.2748;0.2567;0.2115;"{'50': 0.21428571428571427, '48': 0.30952380952380953, '53': 0.22142857142857142, '29': 0.41233766233766234, '24': 0.30952380952380953, '49': 0.45238095238095233, '51': 0.30952380952380953, '47': 0.3872180451127819}";"{'50': 0.21428571428571427, '48': 0.22142857142857142, '53': 0.30952380952380953, '29': 0.5064935064935066, '24': 0.5, '49': 0.3571428571428571, '51': 0.26785714285714285, '47': 0.5672268907563025}";"{'50': 0.07142857142857142, '48': 0.5357142857142857, '53': 0.33035714285714285, '29': 0.5178571428571428, '24': 0.42857142857142855, '49': 0.38095238095238093, '51': 0.33035714285714285, '47': 0.40476190476190477}";"{'50': 0.4017857142857143, '48': 0.34285714285714286, '53': 0.2532467532467533, '29': 0.41233766233766234, '24': 0.34285714285714286, '49': 0.5, '51': 0.34285714285714286, '47': 0.3872180451127819}";0.0;0.6609981684981685;0.3824829931972789;0.7296296296296296;0.4671849635282848;0.5024703047802975;0.3107269017267481;0.6032245468556566;0.6655798366199708;0.5218734159332159;0.5441485038090017;0.5258604681645894;0.3641383464685507;0.651272396758769;0.6759575520261278;0.5765012343894071;0.0014;0.054;0.0067;"['50', '48', '53', '29', '24', '49', '51', '47']";"[('interD', ('51', '52')), ('intraA', ('49', '50')), ('intraD', ('24', '50')), ('intraD', ('24', '29')), ('interA', ('29', '46')), ('intraA', ('48', '50')), ('intraD', ('47', '53')), ('intraD', ('47', '50'))]";"[('intraD', ('50', '53')), ('intraD', ('29', '50')), ('intraD', ('24', '50')), ('intraD', ('50', '51')), ('intraD', ('47', '50')), ('intraD', ('48', '53')), ('intraD', ('29', '48')), ('intraD', ('24', '48'))]";"[('interA', ('34', '50')), ('interA', ('50', '56')), ('interA', ('25', '50')), ('interA', ('46', '53')), ('interA', ('42', '48')), ('interA', ('24', '25')), ('interA', ('23', '49')), ('interA', ('38', '51'))]";"[['1'], ['43', '46', '11', '41', '53', '29', '2', '42', '15', '40'], ['8', '21', '5', '14', '23', '17', '3', '22', '38', '18'], ['25', '28', '57', '44', '16', '31', '52', '9', '58', '4', '59', '45', '60', '47'], ['27', '19', '6', '20'], ['34', '32', '26', '13', '36', '33', '7', '35', '39', '24', '30', '37', '12'], ['61', '10', '51', '54', '55', '56'], ['48', '50', '49']]";"[['43', '25', '46', '54', '57', '44', '11', '16', '41', '9', '42', '45', '55', '60', '15', '40'], ['50', '34', '32', '28', '26', '13', '36', '37', '33', '7', '35', '30', '39', '38', '12'], ['31', '52', '53', '29', '24', '51', '47'], ['14', '23', '3', '22', '58', '59'], ['8', '21', '5', '17', '4', '18'], ['19', '27', '2', '20', '6'], ['48', '1', '49'], ['61', '56', '10']]";"[['32', '14', '13', '1', '28', '36', '33', '7', '35', '2', '30', '39', '37', '12'], ['19', '54', '27', '53', '3', '29', '58', '20', '45', '55', '60', '6'], ['26', '57', '44', '16', '31', '52', '4', '51', '59', '38'], ['43', '46', '11', '41', '48', '9', '42', '15', '40'], ['8', '21', '5', '17', '22', '18'], ['50', '34', '61', '10', '56'], ['25', '24', '47'], ['23', '49']]";"[6, 6, 0, 2, 2, 7, 1, 2, 0, 4, 5, 1, 0, 2, 5, 0, 2, 2, 7, 7, 2, 2, 2, 3, 0, 1, 4, 1, 3, 1, 0, 1, 1, 1, 1, 1, 1, 1, 1, 5, 0, 5, 5, 0, 0, 5, 3, 3, 3, 3, 3, 0, 3, 4, 0, 4, 0, 4, 0, 6, 4]";"[0, 1, 2, 3, 2, 4, 5, 2, 3, 6, 1, 5, 5, 2, 1, 3, 2, 2, 4, 4, 2, 2, 2, 5, 3, 5, 4, 3, 1, 5, 3, 5, 5, 5, 5, 5, 5, 2, 5, 1, 1, 1, 1, 3, 3, 1, 3, 7, 7, 7, 6, 3, 1, 6, 6, 6, 3, 3, 3, 3, 6]";"[6, 5, 3, 4, 4, 5, 1, 4, 0, 7, 0, 1, 1, 3, 0, 0, 4, 4, 5, 5, 4, 3, 3, 2, 0, 1, 5, 1, 2, 1, 2, 1, 1, 1, 1, 1, 1, 1, 1, 0, 0, 0, 0, 0, 0, 0, 2, 6, 6, 1, 2, 2, 2, 0, 0, 7, 0, 3, 3, 0, 7]";"[0, 0, 1, 2, 4, 1, 0, 4, 3, 5, 3, 0, 0, 0, 3, 2, 4, 4, 1, 1, 4, 4, 7, 6, 6, 2, 1, 0, 1, 0, 2, 0, 0, 5, 0, 0, 0, 2, 0, 3, 3, 3, 3, 2, 1, 3, 6, 3, 7, 5, 2, 2, 1, 1, 1, 5, 2, 1, 2, 1, 5]"
19;3;"aucs";"pmm_h";8;0.3075;0.2584;0.2017;0.2656;"{'50': 0.21428571428571427, '48': 0.30952380952380953, '53': 0.22142857142857142, '29': 0.41233766233766234, '24': 0.30952380952380953, '49': 0.45238095238095233, '51': 0.30952380952380953, '47': 0.3872180451127819}";"{'50': 0.14285714285714285, '48': 0.4017857142857143, '53': 0.22142857142857142, '29': 0.5, '24': 0.13392857142857142, '49': 0.30952380952380953, '51': 0.30952380952380953, '47': 0.3872180451127819}";"{'50': 0.07142857142857142, '48': 0.5357142857142857, '53': 0.33035714285714285, '29': 0.5178571428571428, '24': 0.42857142857142855, '49': 0.38095238095238093, '51': 0.33035714285714285, '47': 0.40476190476190477}";"{'50': 0.4017857142857143, '48': 0.34285714285714286, '53': 0.2532467532467533, '29': 0.41233766233766234, '24': 0.34285714285714286, '49': 0.5, '51': 0.34285714285714286, '47': 0.3872180451127819}";0.0;0.4004629629629629;0.3928571428571428;0.5625;0.483422764471357;0.2261417580618759;0.4091174283080294;0.667520183055769;0.5025256488352159;0.5775158751041205;0.4884146388138304;0.2021109005233781;0.4792963717368304;0.6530834348716036;0.4709247033997145;0.6276678193327577;0.0017;0.056;0.0069;"['50', '48', '53', '29', '24', '49', '51', '47']";"[('interA', ('28', '29')), ('intraA', ('49', '50')), ('intraD', ('29', '48')), ('interA', ('49', '7')), ('interD', ('24', '52')), ('interD', ('24', '5')), ('interD', ('26', '29')), ('intraA', ('24', '49'))]";"[('intraD', ('50', '53')), ('intraD', ('29', '50')), ('intraD', ('24', '50')), ('intraD', ('50', '51')), ('intraD', ('47', '50')), ('intraD', ('48', '53')), ('intraD', ('29', '48')), ('intraD', ('24', '48'))]";"[('interA', ('50', '8')), ('interA', ('12', '50')), ('interA', ('44', '50')), ('interA', ('46', '53')), ('interA', ('34', '48')), ('interA', ('24', '57')), ('interA', ('28', '49')), ('interA', ('44', '51'))]";"[['25', '26', '13', '1', '57', '31', '52', '3', '9', '58', '4', '59', '38'], ['43', '2', '46', '42', '15', '11', '40'], ['8', '21', '5', '14', '44', '16', '17', '23', '22', '18'], ['27', '19', '6', '20'], ['34', '32', '36', '33', '7', '35', '39', '30', '60', '37', '12'], ['54', '61', '41', '53', '10', '51', '45', '55', '56'], ['48', '24', '50', '49', '47'], ['29', '28']]";"[['14', '45', '12', '34', '35', '22', '10', '37', '36', '44', '7', '3', '58', '56', '54', '61', '33', '30', '38'], ['43', '46', '1', '11', '41', '9', '4', '42', '15', '55', '60', '40'], ['8', '21', '25', '5', '16', '17', '2', '18'], ['57', '23', '31', '53', '29', '24', '51', '59'], ['27', '19', '6', '20'], ['13', '39', '32', '26'], ['48', '47', '49', '52'], ['50', '28']]";"[['54', '57', '16', '31', '41', '52', '48', '29', '24', '4', '10', '59', '45', '55', '56', '47'], ['34', '32', '26', '13', '36', '37', '33', '7', '35', '58', '30', '39', '38', '12'], ['21', '25', '5', '14', '61', '23', '17', '3', '9', '22', '2', '60', '18'], ['43', '46', '1', '11', '53', '42', '15', '40'], ['27', '19', '6', '20'], ['8', '50'], ['49', '28'], ['44', '51']]";"[6, 6, 0, 2, 2, 7, 1, 2, 0, 4, 5, 1, 0, 2, 5, 0, 2, 2, 7, 7, 2, 2, 2, 3, 0, 1, 4, 1, 3, 1, 0, 1, 1, 1, 1, 1, 1, 1, 1, 5, 0, 5, 5, 0, 0, 5, 3, 3, 3, 3, 3, 0, 3, 4, 0, 4, 0, 4, 0, 6, 4]";"[0, 1, 0, 0, 2, 3, 4, 2, 0, 5, 1, 4, 0, 2, 1, 2, 2, 2, 3, 3, 2, 2, 2, 6, 0, 0, 3, 7, 7, 4, 0, 4, 4, 4, 4, 4, 4, 0, 4, 1, 5, 1, 1, 2, 5, 1, 6, 6, 6, 6, 5, 0, 5, 5, 5, 5, 0, 0, 0, 4, 5]";"[1, 2, 0, 1, 2, 4, 0, 2, 1, 0, 1, 0, 5, 0, 1, 2, 2, 2, 4, 4, 2, 0, 3, 3, 2, 5, 4, 7, 3, 0, 3, 5, 0, 0, 0, 0, 0, 0, 5, 1, 1, 1, 1, 0, 0, 1, 6, 6, 6, 7, 3, 6, 3, 0, 1, 0, 3, 0, 3, 1, 0]";"[3, 2, 2, 0, 2, 4, 1, 5, 2, 0, 3, 1, 1, 2, 3, 0, 2, 2, 4, 4, 2, 2, 2, 0, 2, 1, 4, 6, 0, 1, 0, 1, 1, 1, 1, 1, 1, 1, 1, 3, 0, 3, 3, 7, 0, 3, 0, 0, 6, 5, 7, 0, 3, 0, 0, 0, 0, 1, 0, 2, 2]"
0;4;"aucs";"pmm_h";8;0.3075;0.202;0.2676;0.2349;"{'43': 0.18333333333333335, '46': 0.2875, '11': 0.35, '42': 0.2875, '15': 0.4214285714285715, '40': 0.4076923076923077}";"{'43': 0.30000000000000004, '46': 0.41428571428571426, '11': 0.35, '42': 0.45, '15': 0.5333333333333333, '40': 0.4076923076923077}";"{'43': 0.6, '46': 0.775, '11': 0.5125, '42': 0.45, '15': 0.575, '40': 0.43333333333333335}";"{'43': 0.35, '46': 0.35, '11': 0.35, '42': 0.35, '15': 0.4214285714285715, '40': 0.4076923076923077}";0.0;0.5819088319088319;0.3656565656565657;0.6081495098039216;0.2683166026272908;0.5017086843130789;0.4247464627223087;0.5140737252287316;0.6867850169909036;0.6116824842789419;0.2951162406199499;0.5181584996396649;0.4912898865483043;0.5237497774941265;0.6992117935850414;0.6565197823650344;0.0013;0.0478;0.0049;"['43', '46', '11', '42', '15', '40']";"[('interD', ('15', '26')), ('interA', ('23', '42')), ('intraD', ('15', '46')), ('interA', ('15', '23')), ('interD', ('27', '46')), ('interD', ('15', '3')), ('interA', ('39', '46')), ('intraD', ('42', '43'))]";"[('intraD', ('43', '46')), ('intraD', ('11', '43')), ('intraD', ('42', '43')), ('intraD', ('15', '43')), ('intraD', ('40', '43')), ('intraD', ('11', '46')), ('intraD', ('42', '46')), ('intraD', ('15', '46'))]";"[('interA', ('21', '43')), ('interA', ('12', '43')), ('interA', ('43', '53')), ('interA', ('45', '46')), ('interA', ('19', '42')), ('interA', ('43', '8')), ('interA', ('32', '46')), ('interA', ('16', '42'))]";"[['28', '61', '1', '41', '9', '10', '49', '56'], ['2', '19', '20', '27', '6'], ['25', '34', '46', '26', '3', '58', '45', '39', '37'], ['8', '21', '43', '5', '57', '44', '11', '16', '4', '59', '55', '18', '40'], ['32', '13', '54', '36', '33', '7', '35', '30', '38', '12'], ['22', '17', '14'], ['15', '23', '42'], ['50', '31', '52', '48', '53', '29', '24', '51', '60', '47']]";"[['54', '61', '44', '16', '41', '52', '4', '10', '59', '45', '55', '56'], ['50', '57', '31', '48', '53', '29', '24', '58', '49', '51', '60', '47'], ['34', '46', '28', '36', '37', '33', '7', '35', '30', '38', '12'], ['8', '21', '5', '14', '23', '17', '22', '18'], ['1', '11', '2', '42', '15', '40'], ['25', '32', '26', '13', '9', '39'], ['3', '19', '6', '20'], ['43', '27']]";"[['25', '61', '57', '44', '11', '31', '41', '3', '9', '2', '10', '59', '15', '55', '60', '56', '40'], ['50', '54', '1', '52', '48', '53', '29', '24', '49', '51', '47'], ['34', '28', '36', '37', '33', '7', '35', '30', '38', '12'], ['46', '32', '26', '13', '58', '4', '45', '39'], ['5', '14', '23', '17', '22', '18'], ['27', '19', '6', '20'], ['8', '21', '43'], ['16', '42']]";"[6, 6, 0, 2, 2, 7, 1, 2, 0, 4, 5, 1, 0, 2, 5, 0, 2, 2, 7, 7, 2, 2, 2, 3, 0, 1, 4, 1, 3, 1, 0, 1, 1, 1, 1, 1, 1, 1, 1, 5, 0, 5, 5, 0, 0, 5, 3, 3, 3, 3, 3, 0, 3, 4, 0, 4, 0, 4, 0, 6, 4]";"[0, 1, 2, 3, 3, 1, 4, 3, 0, 0, 3, 4, 4, 5, 6, 3, 5, 3, 1, 1, 3, 5, 6, 7, 2, 2, 1, 0, 7, 4, 7, 4, 4, 2, 4, 4, 2, 4, 2, 3, 0, 6, 3, 3, 2, 2, 7, 7, 0, 7, 7, 7, 7, 4, 3, 0, 3, 2, 3, 7, 0]";"[4, 4, 6, 0, 3, 6, 2, 3, 5, 0, 4, 2, 5, 3, 4, 0, 3, 3, 6, 6, 3, 3, 3, 1, 5, 5, 7, 2, 1, 2, 1, 5, 2, 2, 2, 2, 2, 2, 5, 4, 0, 4, 7, 0, 0, 2, 1, 1, 1, 1, 1, 0, 1, 0, 0, 0, 1, 1, 0, 1, 0]";"[1, 0, 0, 3, 4, 5, 2, 6, 0, 0, 0, 2, 3, 4, 0, 7, 4, 4, 5, 5, 6, 4, 4, 1, 0, 3, 5, 2, 1, 2, 0, 3, 2, 2, 2, 2, 2, 2, 3, 0, 0, 7, 6, 0, 3, 3, 1, 1, 1, 1, 1, 1, 1, 1, 0, 0, 0, 3, 0, 0, 0]"
1;4;"aucs";"pmm_h";8;0.3075;0.215;0.1995;0.2061;"{'43': 0.18333333333333335, '46': 0.2875, '11': 0.35, '42': 0.2875, '15': 0.4214285714285715, '40': 0.4076923076923077}";"{'43': 0.24285714285714285, '46': 0.45, '11': 0.5181818181818182, '42': 0.41428571428571426, '15': 0.5461538461538462, '40': 0.6499999999999999}";"{'43': 0.6, '46': 0.775, '11': 0.5125, '42': 0.45, '15': 0.575, '40': 0.43333333333333335}";"{'43': 0.35, '46': 0.35, '11': 0.35, '42': 0.35, '15': 0.4214285714285715, '40': 0.4076923076923077}";0.0;0.7164035087719298;0.3685185185185186;0.6416666666666667;0.3739610883419811;0.4364837311100042;0.3574753000734874;0.5493919447778868;0.6587712399409879;0.5562581946458095;0.4206847082659552;0.4387465431036061;0.374060554004724;0.5980856343356199;0.6502922783078872;0.5715604635351083;0.0013;0.0495;0.006;"['43', '46', '11', '42', '15', '40']";"[('interD', ('40', '44')), ('interA', ('11', '57')), ('interA', ('43', '6')), ('interA', ('46', '8')), ('interA', ('11', '29')), ('intraD', ('40', '46')), ('intraD', ('15', '42')), ('intraD', ('11', '40'))]";"[('intraD', ('43', '46')), ('intraD', ('11', '43')), ('intraD', ('42', '43')), ('intraD', ('15', '43')), ('intraD', ('40', '43')), ('intraD', ('11', '46')), ('intraD', ('42', '46')), ('intraD', ('15', '46'))]";"[('interA', ('43', '45')), ('interA', ('34', '43')), ('interA', ('33', '43')), ('interA', ('46', '8')), ('interA', ('34', '42')), ('interA', ('1', '43')), ('interA', ('46', '6')), ('interA', ('42', '9'))]";"[['36', '7', '3', '9', '58', '45', '12', '25', '34', '32', '26', '1', '33', '35', '39', '38', '42', '30', '37'], ['13', '54', '44', '16', '41', '2', '59', '15', '55', '40'], ['50', '31', '52', '48', '53', '29', '24', '4', '49', '51', '47'], ['8', '21', '5', '46'], ['43', '19', '20', '60', '27', '6'], ['14', '61', '23', '17', '22', '10', '56', '18'], ['57', '11'], ['28']]";"[['25', '28', '54', '61', '36', '16', '33', '7', '35', '2', '10', '45', '30', '38', '56', '12'], ['8', '21', '5', '14', '23', '17', '3', '22', '18'], ['46', '57', '31', '41', '52', '9', '59', '55', '60'], ['43', '34', '32', '26', '13', '44', '39', '37'], ['50', '48', '53', '29', '24', '49', '51', '47'], ['27', '19', '6', '20'], ['15', '11', '42', '40'], ['58', '1', '4']]";"[['25', '14', '28', '61', '16', '52', '3', '22', '58', '4', '10', '59', '45', '56'], ['50', '57', '23', '17', '31', '48', '53', '29', '24', '49', '51', '60', '18', '47'], ['34', '32', '26', '36', '37', '7', '35', '30', '39', '38', '12'], ['8', '21', '5', '54', '13', '44', '41', '15', '55', '40'], ['27', '2', '11', '46'], ['43', '1', '33'], ['19', '6', '20'], ['9', '42']]";"[6, 6, 0, 2, 2, 7, 1, 2, 0, 4, 5, 1, 0, 2, 5, 0, 2, 2, 7, 7, 2, 2, 2, 3, 0, 1, 4, 1, 3, 1, 0, 1, 1, 1, 1, 1, 1, 1, 1, 5, 0, 5, 5, 0, 0, 5, 3, 3, 3, 3, 3, 0, 3, 4, 0, 4, 0, 4, 0, 6, 4]";"[0, 1, 0, 2, 3, 4, 0, 3, 0, 5, 6, 0, 1, 5, 1, 1, 5, 5, 4, 4, 3, 5, 5, 2, 0, 0, 4, 7, 2, 0, 2, 0, 0, 0, 0, 0, 0, 0, 0, 1, 1, 0, 4, 1, 0, 3, 2, 2, 2, 2, 2, 2, 2, 1, 1, 5, 6, 0, 1, 4, 5]";"[7, 0, 1, 7, 1, 5, 0, 1, 2, 0, 6, 0, 3, 1, 6, 0, 1, 1, 5, 5, 1, 1, 1, 4, 0, 3, 5, 0, 4, 0, 2, 3, 0, 3, 0, 0, 3, 0, 3, 6, 2, 6, 3, 3, 0, 2, 4, 4, 4, 4, 4, 2, 4, 0, 2, 0, 2, 7, 2, 2, 0]";"[5, 4, 0, 0, 3, 6, 2, 3, 7, 0, 4, 2, 3, 0, 3, 0, 1, 1, 6, 6, 3, 0, 1, 1, 0, 2, 4, 0, 1, 2, 1, 2, 5, 2, 2, 2, 2, 2, 2, 3, 3, 7, 5, 3, 0, 4, 1, 1, 1, 1, 1, 0, 1, 3, 3, 0, 1, 0, 0, 1, 0]"
2;4;"aucs";"pmm_h";8;0.3075;0.2335;0.2765;0.1872;"{'43': 0.18333333333333335, '46': 0.2875, '11': 0.35, '42': 0.2875, '15': 0.4214285714285715, '40': 0.4076923076923077}";"{'43': 0.3666666666666667, '46': 0.3666666666666667, '11': 0.3222222222222222, '42': 0.2875, '15': 0.4076923076923077, '40': 0.35}";"{'43': 0.6, '46': 0.775, '11': 0.5125, '42': 0.45, '15': 0.575, '40': 0.43333333333333335}";"{'43': 0.35, '46': 0.35, '11': 0.35, '42': 0.35, '15': 0.4214285714285715, '40': 0.4076923076923077}";0.0;0.2083333333333333;0.3071428571428571;0.4953703703703704;0.4390439875343108;0.5054978830652908;0.2550669161441447;0.6344682135956645;0.697663657157254;0.5005350032506383;0.4066862202785615;0.5133329672295807;0.2497514918689451;0.5791627929949594;0.6974961181351305;0.4932303587395221;0.0017;0.0493;0.0059;"['43', '46', '11', '42', '15', '40']";"[('interA', ('43', '61')), ('interD', ('10', '40')), ('interD', ('11', '2')), ('interD', ('40', '41')), ('interD', ('20', '46')), ('interD', ('15', '26')), ('interD', ('40', '44')), ('intraD', ('43', '46'))]";"[('intraD', ('43', '46')), ('intraD', ('11', '43')), ('intraD', ('42', '43')), ('intraD', ('15', '43')), ('intraD', ('40', '43')), ('intraD', ('11', '46')), ('intraD', ('42', '46')), ('intraD', ('15', '46'))]";"[('interA', ('38', '43')), ('interA', ('24', '43')), ('interA', ('22', '43')), ('interA', ('46', '5')), ('interA', ('16', '42')), ('interA', ('23', '43')), ('interA', ('24', '46')), ('interA', ('42', '54'))]";"[['25', '34', '1', '57', '44', '16', '31', '41', '52', '9', '10', '59', '45', '55', '56'], ['14', '36', '7', '3', '58', '2', '4', '12', '54', '23', '37', '33', '35', '22', '30', '38'], ['8', '21', '5', '18', '17'], ['19', '20', '28', '27', '6'], ['46', '42', '15', '11', '40'], ['13', '39', '32', '26'], ['50', '48', '53', '29', '24', '49', '51', '60', '47'], ['43', '61']]";"[['43', '19', '54', '61', '27', '9', '20', '10', '45', '55', '56', '6'], ['25', '57', '44', '16', '31', '52', '3', '2', '4', '59'], ['8', '21', '5', '14', '23', '17', '22', '18'], ['36', '33', '7', '35', '30', '60', '38', '12'], ['50', '48', '53', '29', '24', '49', '51', '47'], ['46', '28', '11', '41', '42', '15', '40'], ['34', '32', '26', '13', '58', '39', '37'], ['1']]";"[['34', '14', '61', '36', '33', '7', '35', '58', '4', '10', '45', '30', '37', '56', '12'], ['25', '32', '26', '13', '57', '44', '31', '17', '3', '2', '59', '39', '60', '18'], ['46', '1', '11', '41', '9', '24', '15', '55', '40'], ['50', '52', '48', '53', '29', '49', '51', '47'], ['19', '28', '27', '20', '6'], ['43', '22', '38', '23'], ['8', '21', '5'], ['54', '16', '42']]";"[6, 6, 0, 2, 2, 7, 1, 2, 0, 4, 5, 1, 0, 2, 5, 0, 2, 2, 7, 7, 2, 2, 2, 3, 0, 1, 4, 1, 3, 1, 0, 1, 1, 1, 1, 1, 1, 1, 1, 5, 0, 5, 5, 0, 0, 5, 3, 3, 3, 3, 3, 0, 3, 4, 0, 4, 0, 4, 0, 6, 4]";"[0, 1, 1, 1, 2, 3, 1, 2, 0, 0, 4, 1, 5, 1, 4, 0, 2, 2, 3, 3, 2, 1, 1, 6, 0, 5, 3, 3, 6, 1, 0, 5, 1, 0, 1, 1, 1, 1, 5, 4, 0, 4, 7, 0, 0, 4, 6, 6, 6, 6, 6, 0, 6, 1, 0, 0, 0, 1, 0, 6, 7]";"[7, 1, 1, 1, 2, 0, 3, 2, 0, 0, 5, 3, 6, 2, 5, 1, 2, 2, 0, 0, 2, 2, 2, 4, 1, 6, 0, 5, 4, 3, 1, 6, 3, 6, 3, 3, 6, 3, 6, 5, 5, 5, 0, 1, 0, 5, 4, 4, 4, 4, 4, 1, 4, 0, 0, 0, 1, 6, 1, 3, 0]";"[2, 1, 1, 0, 6, 4, 0, 6, 2, 0, 2, 0, 1, 0, 2, 7, 1, 1, 4, 4, 6, 5, 5, 2, 1, 1, 4, 4, 3, 0, 1, 1, 0, 0, 0, 0, 0, 5, 1, 2, 2, 7, 5, 1, 0, 2, 3, 3, 3, 3, 3, 3, 3, 7, 2, 0, 1, 0, 1, 1, 0]"
3;4;"aucs";"pmm_h";8;0.3075;0.2356;0.217;0.2529;"{'43': 0.18333333333333335, '46': 0.2875, '11': 0.35, '42': 0.2875, '15': 0.4214285714285715, '40': 0.4076923076923077}";"{'43': 0.24285714285714285, '46': 0.2875, '11': 0.5, '42': 0.3222222222222222, '15': 0.43333333333333335, '40': 0.5181818181818182}";"{'43': 0.6, '46': 0.775, '11': 0.5125, '42': 0.45, '15': 0.575, '40': 0.43333333333333335}";"{'43': 0.35, '46': 0.35, '11': 0.35, '42': 0.35, '15': 0.4214285714285715, '40': 0.4076923076923077}";0.0;0.5986111111111111;0.3466666666666667;0.7127976190476191;0.5382335847080012;0.3353364590900086;0.3180411936212699;0.6934572876557532;0.5830059745271491;0.5004176730079184;0.5796468915396161;0.3464418811002662;0.3638763328553495;0.7367723680190144;0.5722113972159375;0.5396153765803173;0.0014;0.0497;0.0058;"['43', '46', '11', '42', '15', '40']";"[('interA', ('11', '54')), ('intraD', ('11', '40')), ('interA', ('43', '7')), ('interD', ('40', '45')), ('interA', ('42', '56')), ('interA', ('46', '56')), ('interA', ('15', '53')), ('interD', ('20', '46'))]";"[('intraD', ('43', '46')), ('intraD', ('11', '43')), ('intraD', ('42', '43')), ('intraD', ('15', '43')), ('intraD', ('40', '43')), ('intraD', ('11', '46')), ('intraD', ('42', '46')), ('intraD', ('15', '46'))]";"[('interA', ('43', '50')), ('interA', ('31', '43')), ('interA', ('38', '43')), ('interA', ('3', '46')), ('interA', ('42', '60')), ('interA', ('22', '43')), ('interA', ('10', '46')), ('interA', ('23', '42'))]";"[['1', '2', '28'], ['14', '27', '44', '57', '3', '9', '58', '4', '45', '25', '16', '23', '31', '41', '52', '59', '55'], ['8', '21', '22', '5', '18', '17'], ['19', '32', '26', '13', '20', '15', '39', '60', '6'], ['43', '34', '36', '33', '7', '35', '38', '30', '37', '12'], ['46', '42', '10', '61', '56', '40'], ['54', '11'], ['50', '48', '53', '29', '24', '49', '51', '47']]";"[['43', '25', '34', '14', '46', '57', '44', '23', '16', '31', '22', '49', '59', '39', '37'], ['28', '13', '1', '41', '3', '9', '58', '4', '45'], ['32', '36', '33', '35', '7', '30', '38', '12'], ['50', '52', '48', '53', '29', '24', '51', '47'], ['54', '61', '10', '55', '60', '56'], ['11', '2', '42', '15', '40'], ['8', '21', '5', '17', '18'], ['19', '26', '27', '20', '6']]";"[['34', '32', '14', '13', '36', '11', '37', '33', '7', '35', '58', '4', '30', '39', '38', '12'], ['8', '21', '25', '5', '1', '44', '16', '17', '22', '2', '59', '15', '18', '40'], ['54', '52', '53', '48', '29', '24', '49', '51', '47'], ['61', '57', '41', '9', '45', '55', '56'], ['19', '28', '26', '27', '20', '6'], ['3', '46', '10'], ['60', '23', '42'], ['43', '31', '50']]";"[6, 6, 0, 2, 2, 7, 1, 2, 0, 4, 5, 1, 0, 2, 5, 0, 2, 2, 7, 7, 2, 2, 2, 3, 0, 1, 4, 1, 3, 1, 0, 1, 1, 1, 1, 1, 1, 1, 1, 5, 0, 5, 5, 0, 0, 5, 3, 3, 3, 3, 3, 0, 3, 4, 0, 4, 0, 4, 0, 6, 4]";"[0, 0, 1, 1, 2, 3, 4, 2, 1, 5, 6, 4, 3, 1, 3, 1, 2, 2, 3, 3, 2, 2, 1, 7, 1, 3, 1, 0, 7, 4, 1, 3, 4, 4, 4, 4, 4, 4, 3, 5, 1, 5, 4, 1, 1, 5, 7, 7, 7, 7, 7, 1, 7, 6, 1, 5, 1, 1, 1, 3, 5]";"[1, 5, 1, 1, 6, 7, 2, 6, 1, 4, 5, 2, 1, 0, 5, 0, 6, 6, 7, 7, 6, 0, 0, 3, 0, 7, 7, 1, 3, 2, 0, 2, 2, 0, 2, 2, 0, 2, 0, 5, 1, 5, 0, 0, 1, 0, 3, 3, 0, 3, 3, 3, 3, 4, 4, 4, 0, 1, 0, 4, 4]";"[1, 1, 5, 0, 1, 4, 0, 1, 3, 5, 0, 0, 0, 0, 1, 1, 1, 1, 4, 4, 1, 1, 6, 2, 1, 4, 4, 4, 2, 0, 7, 0, 0, 0, 0, 0, 0, 0, 0, 1, 3, 6, 7, 1, 3, 5, 2, 2, 2, 7, 2, 2, 2, 2, 3, 3, 3, 0, 1, 6, 3]"
4;4;"aucs";"pmm_h";8;0.3075;0.1562;0.2317;0.2315;"{'43': 0.18333333333333335, '46': 0.2875, '11': 0.35, '42': 0.2875, '15': 0.4214285714285715, '40': 0.4076923076923077}";"{'43': 0.18333333333333335, '46': 0.41428571428571426, '11': 0.4777777777777778, '42': 0.3222222222222222, '15': 0.3916666666666667, '40': 0.4076923076923077}";"{'43': 0.6, '46': 0.775, '11': 0.5125, '42': 0.45, '15': 0.575, '40': 0.43333333333333335}";"{'43': 0.35, '46': 0.35, '11': 0.35, '42': 0.35, '15': 0.4214285714285715, '40': 0.4076923076923077}";0.0;0.34375;0.3056277056277056;0.7034848484848486;0.261367121654149;0.4351519783643953;0.3951380744215801;0.5128315972598447;0.6275043559217448;0.5665097291067496;0.2332654437573264;0.4311468189481038;0.4288926912735272;0.4783765898914464;0.6149107929635494;0.6065869195558053;0.0013;0.0505;0.006;"['43', '46', '11', '42', '15', '40']";"[('interA', ('37', '42')), ('intraD', ('11', '46')), ('interD', ('15', '5')), ('interD', ('35', '42')), ('interD', ('15', '19')), ('interA', ('42', '56')), ('interD', ('15', '32')), ('interA', ('15', '38'))]";"[('intraD', ('43', '46')), ('intraD', ('11', '43')), ('intraD', ('42', '43')), ('intraD', ('15', '43')), ('intraD', ('40', '43')), ('intraD', ('11', '46')), ('intraD', ('42', '46')), ('intraD', ('15', '46'))]";"[('interA', ('28', '43')), ('interA', ('43', '57')), ('interA', ('20', '43')), ('interA', ('14', '46')), ('interA', ('17', '42')), ('interA', ('39', '43')), ('interA', ('10', '46')), ('interA', ('16', '42'))]";"[['34', '14', '1', '23', '17', '22', '58', '2', '49', '18'], ['26', '36', '16', '31', '33', '7', '3', '35', '52', '4', '30', '12'], ['8', '21', '25', '5', '28', '54', '61', '44', '41', '9', '10', '45', '55', '60'], ['27', '19', '6', '20'], ['43', '46', '57', '11', '59', '15', '38', '40'], ['13', '39', '32'], ['48', '53', '29', '24', '50', '51', '47'], ['37', '42', '56']]";"[['25', '14', '57', '44', '16', '31', '37', '35', '3', '58', '4', '59', '45', '55', '38'], ['43', '34', '26', '54', '27', '36', '33', '7', '30', '39', '12'], ['50', '52', '48', '53', '29', '24', '49', '51', '60', '47'], ['46', '1', '11', '41', '42', '15', '40'], ['8', '21', '5', '23', '17', '22', '18'], ['19', '28', '2', '20', '6'], ['61', '9', '56', '10'], ['13', '32']]";"[['25', '34', '32', '26', '54', '36', '31', '37', '33', '7', '3', '35', '59', '45', '30', '38', '12'], ['13', '61', '44', '41', '9', '2', '15', '55', '60', '56', '40'], ['8', '21', '5', '1', '23', '22', '58', '4', '18'], ['50', '52', '48', '53', '29', '24', '49', '51', '47'], ['19', '27', '11', '20', '6'], ['43', '39', '57', '28'], ['46', '10', '14'], ['17', '16', '42']]";"[6, 6, 0, 2, 2, 7, 1, 2, 0, 4, 5, 1, 0, 2, 5, 0, 2, 2, 7, 7, 2, 2, 2, 3, 0, 1, 4, 1, 3, 1, 0, 1, 1, 1, 1, 1, 1, 1, 1, 5, 0, 5, 5, 0, 0, 5, 3, 3, 3, 3, 3, 0, 3, 4, 0, 4, 0, 4, 0, 6, 4]";"[0, 0, 1, 1, 2, 3, 1, 2, 2, 2, 4, 1, 5, 0, 4, 1, 0, 0, 3, 3, 2, 0, 0, 6, 2, 1, 3, 2, 6, 1, 1, 5, 1, 0, 1, 1, 7, 4, 5, 4, 2, 7, 4, 2, 2, 4, 6, 6, 0, 6, 6, 1, 6, 2, 2, 7, 4, 0, 4, 2, 2]";"[3, 5, 0, 0, 4, 5, 1, 4, 6, 6, 3, 1, 7, 0, 3, 0, 4, 4, 5, 5, 4, 4, 4, 2, 0, 1, 1, 5, 2, 1, 0, 7, 1, 1, 0, 1, 0, 0, 1, 3, 3, 3, 1, 0, 0, 3, 2, 2, 2, 2, 2, 2, 2, 1, 0, 6, 0, 0, 0, 2, 6]";"[2, 1, 0, 2, 2, 4, 0, 2, 1, 6, 4, 0, 1, 6, 1, 7, 7, 2, 4, 4, 2, 2, 2, 3, 0, 0, 4, 5, 3, 0, 0, 0, 0, 0, 0, 0, 0, 0, 5, 1, 1, 7, 5, 1, 0, 6, 3, 3, 3, 3, 3, 3, 3, 0, 1, 1, 5, 2, 0, 1, 1]"
5;4;"aucs";"pmm_h";8;0.3075;0.2096;0.2419;0.1442;"{'43': 0.18333333333333335, '46': 0.2875, '11': 0.35, '42': 0.2875, '15': 0.4214285714285715, '40': 0.4076923076923077}";"{'43': 0.18333333333333335, '46': 0.2875, '11': 0.35, '42': 0.24285714285714285, '15': 0.4214285714285715, '40': 0.3916666666666667}";"{'43': 0.6, '46': 0.775, '11': 0.5125, '42': 0.45, '15': 0.575, '40': 0.43333333333333335}";"{'43': 0.35, '46': 0.35, '11': 0.35, '42': 0.35, '15': 0.4214285714285715, '40': 0.4076923076923077}";0.0;0.5158730158730158;0.336969696969697;0.7041666666666667;0.4353459458506396;0.4388812556763932;0.1600881219019644;0.6313174717612938;0.6684928802636021;0.4198296515589279;0.4645260019524551;0.4515612204299444;0.1652476225172222;0.6504365858451863;0.6676603477954425;0.4289084143131952;0.0015;0.0494;0.0051;"['43', '46', '11', '42', '15', '40']";"[('interD', ('15', '32')), ('interD', ('20', '46')), ('interA', ('46', '7')), ('interD', ('2', '42')), ('interD', ('35', '42')), ('interA', ('41', '42')), ('interA', ('15', '27')), ('interD', ('40', '45'))]";"[('intraD', ('43', '46')), ('intraD', ('11', '43')), ('intraD', ('42', '43')), ('intraD', ('15', '43')), ('intraD', ('40', '43')), ('intraD', ('11', '46')), ('intraD', ('42', '46')), ('intraD', ('15', '46'))]";"[('interA', ('33', '43')), ('interA', ('43', '56')), ('interA', ('35', '43')), ('interA', ('34', '46')), ('interA', ('42', '7')), ('interA', ('43', '59')), ('interA', ('21', '46')), ('interA', ('17', '42'))]";"[['38', '4', '32', '26', '13', '1', '36'], ['61', '56', '2', '10'], ['50', '3', '48', '29', '24', '53', '58', '49', '51', '60', '47'], ['8', '21', '5', '14', '23', '17', '22', '18'], ['43', '19', '46', '27', '11', '20', '15', '6'], ['25', '54', '57', '44', '16', '31', '7', '35', '52', '59', '45', '30', '55', '40'], ['9', '41', '42'], ['34', '28', '39', '37', '33', '12']]";"[['25', '14', '28', '13', '26', '35', '3', '58', '49', '30', '38'], ['43', '50', '46', '54', '27', '48', '53', '29', '24', '51', '47'], ['8', '21', '5', '1', '23', '17', '22', '4', '18'], ['34', '32', '36', '33', '7', '39', '60', '37', '12'], ['61', '41', '9', '10', '45', '55', '56'], ['57', '44', '16', '31', '52', '59'], ['11', '2', '42', '15', '40'], ['19', '6', '20']]";"[['19', '14', '28', '54', '26', '27', '23', '31', '3', '22', '58', '2', '20', '6'], ['50', '61', '57', '44', '41', '52', '53', '29', '24', '10', '51', '45', '55', '47'], ['8', '21', '25', '5', '16', '9', '4', '15', '18', '40'], ['32', '13', '36', '30', '39', '37', '12'], ['34', '46', '11', '48', '49', '60'], ['43', '33', '35', '59', '38', '56'], ['17', '42', '7'], ['1']]";"[6, 6, 0, 2, 2, 7, 1, 2, 0, 4, 5, 1, 0, 2, 5, 0, 2, 2, 7, 7, 2, 2, 2, 3, 0, 1, 4, 1, 3, 1, 0, 1, 1, 1, 1, 1, 1, 1, 1, 5, 0, 5, 5, 0, 0, 5, 3, 3, 3, 3, 3, 0, 3, 4, 0, 4, 0, 4, 0, 6, 4]";"[0, 1, 2, 0, 3, 4, 5, 3, 6, 1, 4, 7, 0, 3, 4, 5, 3, 3, 4, 4, 3, 3, 3, 2, 5, 0, 4, 7, 2, 5, 5, 0, 7, 7, 5, 0, 7, 0, 7, 5, 6, 6, 4, 5, 5, 4, 2, 2, 2, 2, 2, 5, 2, 5, 5, 1, 5, 2, 5, 2, 1]";"[2, 6, 0, 2, 2, 7, 3, 2, 4, 4, 6, 3, 0, 0, 6, 5, 2, 2, 7, 7, 2, 2, 2, 1, 0, 0, 1, 0, 1, 0, 5, 3, 3, 3, 0, 3, 3, 0, 3, 6, 4, 6, 1, 5, 4, 1, 1, 1, 0, 1, 1, 5, 1, 1, 4, 4, 5, 0, 5, 3, 4]";"[7, 0, 0, 2, 2, 0, 6, 2, 2, 1, 4, 3, 3, 0, 2, 2, 6, 2, 0, 0, 2, 0, 0, 1, 2, 0, 0, 0, 1, 3, 0, 3, 5, 4, 5, 3, 3, 5, 3, 2, 1, 6, 5, 1, 1, 4, 1, 4, 4, 1, 1, 1, 1, 0, 1, 5, 1, 0, 5, 4, 1]"
6;4;"aucs";"pmm_h";8;0.3075;0.2302;0.2607;0.1833;"{'43': 0.18333333333333335, '46': 0.2875, '11': 0.35, '42': 0.2875, '15': 0.4214285714285715, '40': 0.4076923076923077}";"{'43': 0.24285714285714285, '46': 0.2875, '11': 0.3222222222222222, '42': 0.3666666666666667, '15': 0.5461538461538462, '40': 0.4076923076923077}";"{'43': 0.6, '46': 0.775, '11': 0.5125, '42': 0.45, '15': 0.575, '40': 0.43333333333333335}";"{'43': 0.35, '46': 0.35, '11': 0.35, '42': 0.35, '15': 0.4214285714285715, '40': 0.4076923076923077}";0.0;0.5854166666666667;0.2818181818181818;0.642094017094017;0.4254895688950492;0.5223335965393222;0.3836086356687423;0.6004014708066446;0.6917811852333509;0.5732606489057077;0.4781643970401705;0.5223269880804128;0.437677000944005;0.6365921959630594;0.6807186383033639;0.6072651355451131;0.0012;0.0478;0.0051;"['43', '46', '11', '42', '15', '40']";"[('interD', ('32', '40')), ('interD', ('35', '42')), ('interA', ('33', '43')), ('intraD', ('15', '42')), ('interD', ('11', '20')), ('interA', ('1', '11')), ('interD', ('11', '2')), ('interA', ('40', '52'))]";"[('intraD', ('43', '46')), ('intraD', ('11', '43')), ('intraD', ('42', '43')), ('intraD', ('15', '43')), ('intraD', ('40', '43')), ('intraD', ('11', '46')), ('intraD', ('42', '46')), ('intraD', ('15', '46'))]";"[('interA', ('43', '57')), ('interA', ('10', '43')), ('interA', ('43', '52')), ('interA', ('46', '55')), ('interA', ('20', '42')), ('interA', ('18', '43')), ('interA', ('29', '46')), ('interA', ('42', '8'))]";"[['1', '11'], ['25', '54', '57', '44', '16', '41', '52', '9', '2', '10', '59', '45', '55', '56', '40'], ['46', '28', '27', '31', '7', '3', '35', '4', '42', '15', '60', '38'], ['8', '21', '5', '61', '23', '17', '22', '18'], ['19', '6', '20'], ['34', '14', '26', '13', '32', '36', '39', '30', '37', '12'], ['50', '48', '53', '29', '24', '58', '49', '51', '47'], ['43', '33']]";"[['43', '25', '57', '44', '31', '16', '23', '52', '3', '59', '38'], ['34', '32', '26', '36', '33', '35', '30', '39', '37', '12'], ['14', '28', '61', '22', '58', '4', '10', '45', '56'], ['13', '1', '54', '41', '7', '9', '55', '60'], ['50', '48', '53', '29', '24', '49', '51', '47'], ['46', '11', '2', '42', '15', '40'], ['8', '21', '5', '17', '18'], ['27', '19', '6', '20']]";"[['43', '25', '46', '57', '44', '11', '16', '31', '41', '3', '52', '4', '55'], ['50', '1', '23', '48', '53', '29', '24', '2', '49', '51', '47'], ['19', '28', '54', '36', '33', '7', '35', '20', '30', '12'], ['8', '21', '5', '17', '22', '42', '15', '18'], ['34', '32', '26', '13', '14', '58', '39', '37'], ['61', '9', '10', '45', '56', '40'], ['27', '38', '6', '59'], ['60']]";"[6, 6, 0, 2, 2, 7, 1, 2, 0, 4, 5, 1, 0, 2, 5, 0, 2, 2, 7, 7, 2, 2, 2, 3, 0, 1, 4, 1, 3, 1, 0, 1, 1, 1, 1, 1, 1, 1, 1, 5, 0, 5, 5, 0, 0, 5, 3, 3, 3, 3, 3, 0, 3, 4, 0, 4, 0, 4, 0, 6, 4]";"[0, 1, 2, 2, 3, 4, 2, 3, 1, 1, 0, 5, 5, 5, 2, 1, 3, 3, 4, 4, 3, 3, 3, 6, 1, 5, 2, 2, 6, 5, 2, 5, 7, 5, 2, 5, 5, 2, 5, 1, 1, 2, 7, 1, 1, 2, 6, 6, 6, 6, 6, 1, 6, 1, 1, 1, 1, 6, 1, 2, 3]";"[3, 5, 0, 2, 6, 7, 3, 6, 3, 2, 5, 1, 3, 2, 5, 0, 6, 6, 7, 7, 6, 2, 0, 4, 0, 1, 7, 2, 4, 1, 0, 1, 1, 1, 1, 1, 1, 0, 1, 5, 3, 5, 0, 0, 2, 5, 4, 4, 4, 4, 4, 0, 4, 3, 3, 2, 0, 2, 0, 3, 2]";"[1, 1, 0, 0, 3, 6, 2, 3, 5, 5, 0, 2, 4, 4, 3, 0, 3, 3, 2, 2, 3, 3, 1, 1, 0, 4, 6, 2, 1, 2, 0, 4, 2, 4, 2, 2, 4, 6, 4, 5, 0, 3, 0, 0, 5, 0, 1, 1, 1, 1, 1, 0, 1, 2, 0, 5, 0, 4, 6, 7, 5]"
7;4;"aucs";"pmm_h";8;0.3075;0.2178;0.234;0.2035;"{'43': 0.18333333333333335, '46': 0.2875, '11': 0.35, '42': 0.2875, '15': 0.4214285714285715, '40': 0.4076923076923077}";"{'43': 0.18333333333333335, '46': 0.41428571428571426, '11': 0.35, '42': 0.18333333333333335, '15': 0.44375, '40': 0.5181818181818182}";"{'43': 0.6, '46': 0.775, '11': 0.5125, '42': 0.45, '15': 0.575, '40': 0.43333333333333335}";"{'43': 0.35, '46': 0.35, '11': 0.35, '42': 0.35, '15': 0.4214285714285715, '40': 0.4076923076923077}";0.0;0.4523809523809524;0.24;0.4861111111111111;0.3955487653998688;0.5766649145287759;0.3750111366511644;0.6198588451272007;0.7370103769960187;0.6119777656905472;0.4285531041559774;0.573759565659465;0.3704553070708457;0.638516663342351;0.7273213789925614;0.6194849289212615;0.0013;0.0493;0.0053;"['43', '46', '11', '42', '15', '40']";"[('interA', ('15', '54')), ('intraD', ('40', '46')), ('interD', ('11', '27')), ('interA', ('11', '4')), ('interD', ('40', '44')), ('interD', ('35', '42')), ('interD', ('3', '42')), ('interA', ('15', '45'))]";"[('intraD', ('43', '46')), ('intraD', ('11', '43')), ('intraD', ('42', '43')), ('intraD', ('15', '43')), ('intraD', ('40', '43')), ('intraD', ('11', '46')), ('intraD', ('42', '46')), ('intraD', ('15', '46'))]";"[('interA', ('22', '43')), ('interA', ('31', '43')), ('interA', ('43', '7')), ('interA', ('29', '46')), ('interA', ('42', '54')), ('interA', ('43', '60')), ('interA', ('46', '48')), ('interA', ('42', '6'))]";"[['1', '57', '44', '31', '16', '52', '2', '10', '59'], ['28', '36', '7', '3', '9', '58', '45', '56', '12', '25', '26', '61', '37', '33', '35', '30', '38'], ['11', '4'], ['8', '21', '5', '14', '23', '17', '22', '60', '18'], ['27', '19', '6', '20'], ['13', '39', '34', '32'], ['15', '54'], ['43', '50', '46', '41', '48', '53', '29', '24', '42', '49', '51', '55', '47', '40']]";"[['34', '32', '26', '54', '1', '36', '37', '33', '7', '35', '30', '39', '60', '38', '12'], ['25', '14', '13', '57', '23', '31', '41', '3', '9', '58', '4', '59', '55'], ['50', '48', '53', '29', '2', '24', '49', '51', '47'], ['61', '44', '16', '52', '10', '45', '56'], ['8', '21', '5', '17', '22', '18'], ['28', '11', '42', '15', '40'], ['19', '6', '20'], ['43', '27', '46']]";"[['14', '57', '9', '4', '45', '12', '34', '26', '1', '35', '52', '30', '59', '37', '28', '13', '36', '44', '3', '58', '32', '16', '23', '33', '39', '38'], ['25', '46', '11', '41', '2', '15', '55', '40'], ['50', '48', '53', '29', '24', '49', '51', '47'], ['8', '21', '5', '17', '22', '18'], ['43', '60', '31', '7'], ['54', '42', '6'], ['61', '56', '10'], ['27', '19', '20']]";"[6, 6, 0, 2, 2, 7, 1, 2, 0, 4, 5, 1, 0, 2, 5, 0, 2, 2, 7, 7, 2, 2, 2, 3, 0, 1, 4, 1, 3, 1, 0, 1, 1, 1, 1, 1, 1, 1, 1, 5, 0, 5, 5, 0, 0, 5, 3, 3, 3, 3, 3, 0, 3, 4, 0, 4, 0, 4, 0, 6, 4]";"[0, 0, 1, 2, 3, 4, 1, 3, 1, 0, 2, 1, 5, 3, 6, 0, 3, 3, 4, 4, 3, 3, 3, 7, 1, 1, 4, 1, 7, 1, 0, 5, 1, 5, 1, 1, 1, 1, 5, 7, 7, 7, 7, 0, 1, 7, 7, 7, 7, 7, 7, 0, 7, 6, 7, 1, 0, 1, 0, 3, 1]";"[0, 2, 1, 1, 4, 6, 0, 4, 1, 3, 5, 0, 1, 1, 5, 3, 4, 4, 6, 6, 4, 4, 1, 2, 1, 0, 7, 5, 2, 0, 1, 0, 0, 0, 0, 0, 0, 0, 0, 5, 1, 5, 7, 3, 3, 7, 2, 2, 2, 2, 2, 3, 2, 0, 1, 3, 1, 1, 1, 0, 3]";"[0, 1, 0, 0, 3, 5, 4, 3, 0, 6, 1, 0, 0, 0, 1, 0, 3, 3, 7, 7, 3, 3, 0, 2, 1, 0, 7, 0, 2, 0, 4, 0, 0, 0, 0, 0, 0, 0, 0, 1, 1, 5, 4, 0, 0, 1, 2, 2, 2, 2, 2, 0, 2, 5, 1, 6, 0, 0, 0, 4, 6]"
8;4;"aucs";"pmm_h";8;0.3075;0.2383;0.2209;0.1526;"{'43': 0.18333333333333335, '46': 0.2875, '11': 0.35, '42': 0.2875, '15': 0.4214285714285715, '40': 0.4076923076923077}";"{'43': 0.425, '46': 0.41428571428571426, '11': 0.7571428571428571, '42': 0.5857142857142856, '15': 0.5571428571428572, '40': 0.8}";"{'43': 0.6, '46': 0.775, '11': 0.5125, '42': 0.45, '15': 0.575, '40': 0.43333333333333335}";"{'43': 0.35, '46': 0.35, '11': 0.35, '42': 0.35, '15': 0.4214285714285715, '40': 0.4076923076923077}";0.0;0.375;0.365925925925926;0.6971212121212121;0.3928306066086274;0.4594487934733473;0.2425991259017429;0.6310418575529877;0.642452204339421;0.4648853967291759;0.376548036539515;0.4722840425061533;0.2562874251497006;0.6022026585035934;0.6322466593174644;0.4860025509282389;0.0016;0.0481;0.0059;"['43', '46', '11', '42', '15', '40']";"[('intraD', ('11', '42')), ('interA', ('39', '42')), ('intraD', ('42', '43')), ('intraD', ('40', '43')), ('intraD', ('40', '46')), ('intraD', ('11', '15')), ('interA', ('15', '29')), ('intraD', ('11', '40'))]";"[('intraD', ('43', '46')), ('intraD', ('11', '43')), ('intraD', ('42', '43')), ('intraD', ('15', '43')), ('intraD', ('40', '43')), ('intraD', ('11', '46')), ('intraD', ('42', '46')), ('intraD', ('15', '46'))]";"[('interA', ('14', '43')), ('interA', ('31', '43')), ('interA', ('33', '43')), ('interA', ('23', '46')), ('interA', ('33', '42')), ('interA', ('41', '43')), ('interA', ('39', '46')), ('interA', ('42', '61'))]";"[['57', '44', '9', '2', '4', '49', '45', '56', '25', '61', '1', '54', '31', '16', '41', '52', '48', '10', '55'], ['34', '14', '28', '35', '3', '58', '59', '60', '37'], ['8', '21', '22', '5', '18', '23', '17'], ['19', '6', '20'], ['32', '26', '13', '36', '33', '7', '30', '38', '12'], ['43', '27', '11', '46'], ['15', '39', '42', '40'], ['53', '29', '24', '50', '51', '47']]";"[['43', '25', '61', '57', '44', '16', '31', '33', '7', '3', '9', '35', '41', '52', '59', '55', '60', '38'], ['32', '28', '13', '1', '26', '36', '4', '30', '39', '12'], ['50', '48', '53', '29', '24', '49', '51', '47'], ['8', '21', '5', '23', '17', '22', '18'], ['34', '14', '58', '2', '37'], ['19', '46', '27', '20', '6'], ['45', '54', '56', '10'], ['15', '11', '42', '40']]";"[['57', '9', '49', '12', '25', '34', '26', '1', '11', '35', '30', '59', '37', '28', '36', '44', '7', '2', '54', '16', '55', '38'], ['50', '52', '3', '48', '29', '24', '4', '53', '10', '51', '45', '58', '56', '47'], ['8', '21', '5', '17', '22', '18'], ['32', '13', '15', '60', '40'], ['27', '19', '6', '20'], ['43', '31', '14', '41'], ['39', '23', '46'], ['61', '42', '33']]";"[6, 6, 0, 2, 2, 7, 1, 2, 0, 4, 5, 1, 0, 2, 5, 0, 2, 2, 7, 7, 2, 2, 2, 3, 0, 1, 4, 1, 3, 1, 0, 1, 1, 1, 1, 1, 1, 1, 1, 5, 0, 5, 5, 0, 0, 5, 3, 3, 3, 3, 3, 0, 3, 4, 0, 4, 0, 4, 0, 6, 4]";"[0, 0, 1, 0, 2, 3, 4, 2, 0, 0, 5, 4, 4, 1, 6, 0, 2, 2, 3, 3, 2, 2, 2, 7, 0, 4, 5, 1, 7, 4, 0, 4, 4, 1, 1, 4, 1, 4, 6, 6, 0, 6, 5, 0, 0, 5, 7, 0, 0, 7, 7, 0, 7, 0, 0, 0, 0, 1, 1, 1, 0]";"[1, 4, 0, 1, 3, 5, 0, 3, 0, 6, 7, 1, 1, 4, 7, 0, 3, 3, 5, 5, 3, 3, 3, 2, 0, 1, 5, 1, 2, 1, 0, 1, 0, 4, 0, 1, 4, 0, 1, 7, 0, 7, 0, 0, 6, 5, 2, 2, 2, 2, 2, 0, 2, 6, 0, 6, 0, 4, 0, 0, 0]";"[0, 0, 1, 1, 2, 4, 0, 2, 0, 1, 0, 0, 3, 5, 3, 0, 2, 2, 4, 4, 2, 2, 6, 1, 0, 0, 4, 0, 1, 0, 5, 3, 7, 0, 0, 0, 0, 0, 6, 3, 5, 7, 5, 0, 1, 6, 1, 1, 0, 1, 1, 1, 1, 0, 0, 1, 0, 1, 0, 3, 7]"
9;4;"aucs";"pmm_h";8;0.3075;0.2081;0.2341;0.1874;"{'43': 0.18333333333333335, '46': 0.2875, '11': 0.35, '42': 0.2875, '15': 0.4214285714285715, '40': 0.4076923076923077}";"{'43': 0.30000000000000004, '46': 0.35, '11': 0.5181818181818182, '42': 0.41428571428571426, '15': 0.5571428571428572, '40': 0.3916666666666667}";"{'43': 0.6, '46': 0.775, '11': 0.5125, '42': 0.45, '15': 0.575, '40': 0.43333333333333335}";"{'43': 0.35, '46': 0.35, '11': 0.35, '42': 0.35, '15': 0.4214285714285715, '40': 0.4076923076923077}";0.0;0.6448863636363636;0.2523809523809524;0.5753205128205128;0.4811134671334878;0.4075385999742905;0.2523845894243237;0.6389835095158763;0.6226793439928727;0.5066930680424505;0.5180397035754855;0.3893262010614219;0.2652310964848055;0.6656533460818278;0.5813096450848074;0.5203902240491037;0.0012;0.0497;0.0059;"['43', '46', '11', '42', '15', '40']";"[('intraD', ('11', '15')), ('interA', ('11', '22')), ('interA', ('1', '15')), ('interD', ('32', '40')), ('interA', ('46', '50')), ('intraD', ('42', '43')), ('interA', ('34', '46')), ('interA', ('11', '36'))]";"[('intraD', ('43', '46')), ('intraD', ('11', '43')), ('intraD', ('42', '43')), ('intraD', ('15', '43')), ('intraD', ('40', '43')), ('intraD', ('11', '46')), ('intraD', ('42', '46')), ('intraD', ('15', '46'))]";"[('interA', ('20', '43')), ('interA', ('19', '43')), ('interA', ('21', '43')), ('interA', ('46', '59')), ('interA', ('42', '57')), ('interA', ('33', '43')), ('interA', ('24', '46')), ('interA', ('42', '49'))]";"[['15', '1', '40'], ['2', '19', '6', '20'], ['28', '61', '36', '11', '33', '7', '3', '35', '30', '60', '38', '12'], ['43', '34', '32', '14', '13', '26', '54', '58', '4', '39', '37'], ['8', '21', '5', '27', '23', '17', '22', '18'], ['25', '57', '44', '31', '16', '41', '52', '9', '10', '59', '45', '55', '56'], ['48', '53', '29', '24', '49', '51', '47'], ['50', '42', '46']]";"[['19', '26', '13', '61', '27', '23', '41', '3', '9', '58', '2', '4', '20', '45', '6'], ['43', '34', '32', '14', '28', '36', '33', '7', '35', '22', '30', '39', '37', '12'], ['50', '52', '48', '53', '29', '24', '49', '51', '47'], ['25', '54', '44', '10', '55', '56'], ['57', '16', '31', '59', '60', '38'], ['8', '21', '5', '17', '18'], ['46', '11', '42', '15', '40'], ['1']]";"[['9', '4', '51', '45', '52', '10', '28', '13', '3', '53', '60', '56', '50', '54', '41', '48', '29', '55', '47'], ['25', '1', '44', '16', '11', '31', '7', '35', '2', '15', '30', '38', '40'], ['8', '21', '5', '14', '61', '23', '17', '22', '58', '18'], ['34', '32', '26', '36', '39', '37', '12'], ['27', '19', '6', '20'], ['24', '46', '59'], ['57', '42', '49'], ['43', '33']]";"[6, 6, 0, 2, 2, 7, 1, 2, 0, 4, 5, 1, 0, 2, 5, 0, 2, 2, 7, 7, 2, 2, 2, 3, 0, 1, 4, 1, 3, 1, 0, 1, 1, 1, 1, 1, 1, 1, 1, 5, 0, 5, 5, 0, 0, 5, 3, 3, 3, 3, 3, 0, 3, 4, 0, 4, 0, 4, 0, 6, 4]";"[0, 1, 2, 3, 4, 1, 2, 4, 5, 5, 2, 2, 3, 3, 0, 5, 4, 4, 1, 1, 4, 4, 4, 6, 5, 3, 4, 2, 6, 2, 5, 3, 2, 3, 2, 2, 3, 2, 3, 0, 5, 7, 3, 5, 5, 7, 6, 6, 6, 7, 6, 5, 6, 3, 5, 5, 5, 3, 5, 2, 2]";"[7, 0, 0, 0, 5, 0, 1, 5, 0, 3, 6, 1, 0, 1, 6, 4, 5, 5, 0, 0, 5, 1, 0, 2, 3, 0, 0, 1, 2, 1, 4, 1, 1, 1, 1, 1, 1, 4, 1, 6, 0, 6, 1, 3, 0, 6, 2, 2, 2, 2, 2, 2, 2, 3, 3, 3, 4, 0, 4, 4, 0]";"[1, 1, 0, 0, 2, 4, 1, 2, 0, 0, 1, 3, 0, 2, 1, 1, 2, 2, 4, 4, 2, 2, 2, 5, 1, 3, 4, 0, 0, 1, 1, 3, 7, 3, 1, 3, 3, 1, 3, 1, 0, 6, 7, 1, 0, 5, 0, 0, 6, 0, 0, 0, 0, 0, 0, 0, 6, 2, 5, 0, 2]"
10;4;"aucs";"pmm_h";8;0.3075;0.2818;0.2152;0.2107;"{'43': 0.18333333333333335, '46': 0.2875, '11': 0.35, '42': 0.2875, '15': 0.4214285714285715, '40': 0.4076923076923077}";"{'43': 0.30000000000000004, '46': 0.3666666666666667, '11': 0.45, '42': 0.5, '15': 0.5461538461538462, '40': 0.4076923076923077}";"{'43': 0.6, '46': 0.775, '11': 0.5125, '42': 0.45, '15': 0.575, '40': 0.43333333333333335}";"{'43': 0.35, '46': 0.35, '11': 0.35, '42': 0.35, '15': 0.4214285714285715, '40': 0.4076923076923077}";0.0;0.4514652014652014;0.3885714285714285;0.5677083333333334;0.5091424089037454;0.4436164349533856;0.3708204792620984;0.6666568755642996;0.6246599022541907;0.57295185650798;0.5572177668106107;0.4504962009613893;0.3766638776907279;0.6866064752429449;0.624024472608162;0.5884545206263899;0.0013;0.0499;0.0051;"['43', '46', '11', '42', '15', '40']";"[('interA', ('15', '23')), ('interD', ('37', '46')), ('intraD', ('42', '43')), ('interD', ('11', '3')), ('interD', ('15', '2')), ('interD', ('35', '42')), ('intraD', ('15', '42')), ('intraD', ('11', '46'))]";"[('intraD', ('43', '46')), ('intraD', ('11', '43')), ('intraD', ('42', '43')), ('intraD', ('15', '43')), ('intraD', ('40', '43')), ('intraD', ('11', '46')), ('intraD', ('42', '46')), ('intraD', ('15', '46'))]";"[('interA', ('37', '43')), ('interA', ('43', '61')), ('interA', ('43', '60')), ('interA', ('46', '56')), ('interA', ('24', '42')), ('interA', ('39', '43')), ('interA', ('14', '46')), ('interA', ('42', '45'))]";"[['43', '46', '54', '1', '44', '16', '11', '41', '9', '42', '45', '55', '40'], ['34', '32', '26', '13', '28', '36', '33', '7', '35', '39', '2', '38', '30', '37', '12'], ['3', '58', '25', '4', '59'], ['8', '21', '5'], ['27', '19', '6', '20'], ['61', '56', '10'], ['22', '14', '15', '60', '18', '23', '17'], ['50', '57', '31', '52', '48', '53', '29', '24', '49', '51', '47']]";"[['25', '26', '54', '1', '16', '52', '3', '4', '59', '45', '55'], ['14', '28', '36', '37', '33', '7', '35', '2', '30', '38', '12'], ['50', '57', '31', '48', '53', '29', '24', '49', '51', '47'], ['8', '21', '5', '23', '17', '22', '18'], ['46', '32', '13', '44', '9', '58', '60'], ['43', '34', '61', '27', '10', '39', '56'], ['11', '41', '42', '15', '40'], ['19', '6', '20']]";"[['9', '4', '12', '25', '34', '26', '1', '35', '52', '30', '59', '37', '28', '36', '44', '7', '3', '58', '32', '16', '23', '33', '39', '38'], ['50', '57', '31', '48', '53', '29', '49', '51', '47'], ['19', '27', '11', '2', '20', '15', '6', '40'], ['8', '21', '5', '17', '22', '18'], ['13', '54', '41', '45', '55'], ['56', '46', '10', '14'], ['43', '60', '61'], ['24', '42']]";"[6, 6, 0, 2, 2, 7, 1, 2, 0, 4, 5, 1, 0, 2, 5, 0, 2, 2, 7, 7, 2, 2, 2, 3, 0, 1, 4, 1, 3, 1, 0, 1, 1, 1, 1, 1, 1, 1, 1, 5, 0, 5, 5, 0, 0, 5, 3, 3, 3, 3, 3, 0, 3, 4, 0, 4, 0, 4, 0, 6, 4]";"[0, 1, 2, 2, 3, 4, 1, 3, 0, 5, 0, 1, 1, 6, 6, 0, 6, 6, 4, 4, 3, 6, 6, 7, 2, 1, 4, 1, 7, 1, 7, 1, 1, 1, 1, 1, 1, 1, 1, 0, 0, 0, 0, 0, 0, 0, 7, 7, 7, 7, 7, 7, 7, 0, 0, 5, 7, 2, 2, 6, 5]";"[0, 1, 0, 0, 3, 7, 1, 3, 4, 5, 6, 1, 4, 1, 6, 0, 3, 3, 7, 7, 3, 3, 3, 2, 0, 0, 5, 1, 2, 1, 2, 4, 1, 5, 1, 1, 1, 1, 5, 6, 6, 6, 5, 4, 0, 4, 2, 2, 2, 2, 2, 0, 2, 0, 0, 5, 2, 4, 0, 4, 5]";"[0, 2, 0, 0, 3, 2, 0, 3, 0, 5, 2, 0, 4, 5, 2, 0, 3, 3, 2, 2, 3, 3, 0, 7, 0, 0, 2, 0, 1, 0, 1, 0, 0, 0, 0, 0, 0, 0, 0, 2, 4, 7, 6, 0, 4, 5, 1, 1, 1, 1, 1, 0, 1, 4, 4, 5, 1, 0, 0, 6, 6]"
11;4;"aucs";"pmm_h";8;0.3075;0.2444;0.2809;0.1946;"{'43': 0.18333333333333335, '46': 0.2875, '11': 0.35, '42': 0.2875, '15': 0.4214285714285715, '40': 0.4076923076923077}";"{'43': 0.425, '46': 0.5, '11': 0.35, '42': 0.55, '15': 0.5461538461538462, '40': 0.8166666666666667}";"{'43': 0.6, '46': 0.775, '11': 0.5125, '42': 0.45, '15': 0.575, '40': 0.43333333333333335}";"{'43': 0.35, '46': 0.35, '11': 0.35, '42': 0.35, '15': 0.4214285714285715, '40': 0.4076923076923077}";0.0;0.6024305555555556;0.2733333333333334;0.5;0.3415205170262578;0.5989296636085627;0.2585775802194749;0.563578174730513;0.7407889831343644;0.4801554227927453;0.3680399443845264;0.6030228254164096;0.2655178956278916;0.5880794365011915;0.7373704895147954;0.4777894201797349;0.0012;0.0501;0.0051;"['43', '46', '11', '42', '15', '40']";"[('intraD', ('15', '40')), ('interD', ('27', '46')), ('intraD', ('43', '46')), ('interA', ('40', '60')), ('intraD', ('42', '46')), ('intraD', ('40', '43')), ('intraD', ('40', '42')), ('interA', ('26', '40'))]";"[('intraD', ('43', '46')), ('intraD', ('11', '43')), ('intraD', ('42', '43')), ('intraD', ('15', '43')), ('intraD', ('40', '43')), ('intraD', ('11', '46')), ('intraD', ('42', '46')), ('intraD', ('15', '46'))]";"[('interA', ('24', '43')), ('interA', ('22', '43')), ('interA', ('43', '50')), ('interA', ('23', '46')), ('interA', ('42', '6')), ('interA', ('43', '52')), ('interA', ('46', '5')), ('interA', ('42', '5'))]";"[['43', '2', '42', '54', '1', '11'], ['50', '57', '44', '52', '3', '48', '29', '24', '53', '49', '51', '47'], ['9', '4', '59', '61', '16', '31'], ['8', '21', '5', '23', '17', '22', '15', '18'], ['19', '20', '28', '27', '6'], ['14', '36', '7', '58', '45', '55', '56', '12', '34', '46', '41', '37', '33', '35', '30', '10', '39', '38'], ['13', '25', '32', '26'], ['60', '40']]";"[['34', '32', '28', '13', '26', '36', '33', '35', '30', '39', '37', '12'], ['25', '61', '57', '16', '31', '7', '3', '9', '52', '59', '38'], ['54', '44', '41', '58', '4', '10', '45', '55', '56'], ['8', '21', '5', '14', '23', '17', '22', '60', '18'], ['50', '48', '53', '29', '24', '49', '51', '47'], ['11', '2', '42', '15', '40'], ['43', '1', '27', '46'], ['19', '6', '20']]";"[['32', '28', '13', '1', '26', '36', '33', '7', '35', '58', '4', '59', '45', '30', '38', '12'], ['25', '54', '57', '31', '52', '3', '48', '29', '24', '53', '49', '51', '47'], ['34', '14', '46', '44', '23', '11', '16', '15', '39', '60', '37', '40'], ['61', '41', '9', '2', '10', '55', '56'], ['8', '21', '18', '17'], ['5', '42', '6'], ['27', '19', '20'], ['43', '22', '50']]";"[6, 6, 0, 2, 2, 7, 1, 2, 0, 4, 5, 1, 0, 2, 5, 0, 2, 2, 7, 7, 2, 2, 2, 3, 0, 1, 4, 1, 3, 1, 0, 1, 1, 1, 1, 1, 1, 1, 1, 5, 0, 5, 5, 0, 0, 5, 3, 3, 3, 3, 3, 0, 3, 4, 0, 4, 0, 4, 0, 6, 4]";"[0, 0, 1, 2, 3, 4, 5, 3, 2, 5, 0, 5, 6, 5, 3, 2, 3, 3, 4, 4, 3, 3, 3, 1, 6, 6, 4, 4, 1, 5, 2, 6, 5, 5, 5, 5, 5, 5, 5, 7, 5, 0, 0, 1, 5, 5, 1, 1, 1, 1, 1, 1, 1, 0, 5, 5, 1, 5, 2, 7, 2]";"[6, 5, 1, 2, 3, 7, 1, 3, 1, 2, 5, 0, 0, 3, 5, 1, 3, 3, 7, 7, 3, 3, 3, 4, 1, 0, 6, 0, 4, 0, 1, 0, 0, 0, 0, 0, 0, 1, 0, 5, 2, 5, 6, 2, 2, 6, 4, 4, 4, 4, 4, 1, 4, 2, 2, 2, 1, 2, 1, 3, 1]";"[0, 3, 1, 0, 5, 5, 0, 4, 3, 3, 2, 0, 0, 2, 2, 2, 4, 4, 6, 6, 4, 7, 2, 1, 1, 0, 6, 0, 1, 0, 1, 0, 0, 2, 0, 0, 2, 0, 2, 2, 3, 5, 7, 2, 0, 2, 1, 1, 1, 7, 1, 1, 1, 1, 3, 3, 1, 0, 0, 2, 3]"
12;4;"aucs";"pmm_h";8;0.3075;0.2008;0.2548;0.1846;"{'43': 0.18333333333333335, '46': 0.2875, '11': 0.35, '42': 0.2875, '15': 0.4214285714285715, '40': 0.4076923076923077}";"{'43': 0.18333333333333335, '46': 0.5857142857142856, '11': 0.6125, '42': 0.45, '15': 0.675, '40': 0.5}";"{'43': 0.6, '46': 0.775, '11': 0.5125, '42': 0.45, '15': 0.575, '40': 0.43333333333333335}";"{'43': 0.35, '46': 0.35, '11': 0.35, '42': 0.35, '15': 0.4214285714285715, '40': 0.4076923076923077}";0.0;0.4861111111111111;0.2777777777777778;0.6458333333333334;0.3910305636614959;0.5465445302383579;0.3371820402906912;0.5989633018214876;0.7109361661733914;0.5680620365091013;0.4075904689782009;0.5416545817480763;0.3761096863286644;0.6084327415186124;0.7013542593830983;0.6038136206095964;0.0012;0.0485;0.0059;"['43', '46', '11', '42', '15', '40']";"[('interD', ('32', '40')), ('intraD', ('11', '46')), ('interA', ('42', '52')), ('interA', ('26', '46')), ('intraD', ('11', '40')), ('intraD', ('15', '42')), ('interD', ('35', '40')), ('intraD', ('15', '46'))]";"[('intraD', ('43', '46')), ('intraD', ('11', '43')), ('intraD', ('42', '43')), ('intraD', ('15', '43')), ('intraD', ('40', '43')), ('intraD', ('11', '46')), ('intraD', ('42', '46')), ('intraD', ('15', '46'))]";"[('interA', ('38', '43')), ('interA', ('19', '43')), ('interA', ('39', '43')), ('interA', ('18', '46')), ('interA', ('42', '5')), ('interA', ('26', '43')), ('interA', ('46', '53')), ('interA', ('14', '42'))]";"[['8', '21', '5', '14', '61', '1', '23', '17', '9', '22', '4', '10', '56', '18'], ['43', '41', '11', '2', '15', '55', '60', '40'], ['25', '57', '31', '35', '3', '52', '58', '42', '59', '45', '30', '38'], ['27', '19', '6', '20'], ['34', '28', '36', '16', '44', '33', '7', '37', '12'], ['13', '39', '32'], ['50', '54', '48', '53', '29', '24', '49', '51', '47'], ['46', '26']]";"[['14', '28', '26', '57', '44', '16', '23', '31', '41', '3', '9', '52', '58', '4', '59', '45', '55', '60'], ['25', '34', '32', '13', '36', '37', '33', '7', '35', '30', '39', '38', '12'], ['43', '50', '48', '53', '29', '24', '49', '51', '47'], ['46', '11', '2', '42', '15', '40'], ['8', '21', '5', '17', '22', '18'], ['61', '1', '56', '10'], ['27', '19', '6', '20'], ['54']]";"[['13', '23', '17', '41', '3', '9', '22', '58', '4', '45', '55', '40'], ['34', '32', '54', '36', '33', '7', '35', '30', '37', '12'], ['61', '57', '44', '31', '16', '52', '10', '59', '56'], ['46', '28', '11', '48', '53', '49', '15', '60', '18'], ['25', '19', '1', '27', '20', '6'], ['8', '21', '5', '14', '2', '42'], ['50', '29', '24', '51', '47'], ['43', '39', '38', '26']]";"[6, 6, 0, 2, 2, 7, 1, 2, 0, 4, 5, 1, 0, 2, 5, 0, 2, 2, 7, 7, 2, 2, 2, 3, 0, 1, 4, 1, 3, 1, 0, 1, 1, 1, 1, 1, 1, 1, 1, 5, 0, 5, 5, 0, 0, 5, 3, 3, 3, 3, 3, 0, 3, 4, 0, 4, 0, 4, 0, 6, 4]";"[0, 1, 2, 0, 0, 3, 4, 0, 0, 0, 1, 4, 5, 0, 1, 4, 0, 0, 3, 3, 0, 0, 0, 6, 2, 7, 3, 4, 6, 2, 2, 5, 4, 4, 2, 4, 4, 2, 5, 1, 1, 2, 1, 4, 2, 7, 6, 6, 6, 6, 6, 2, 6, 6, 1, 0, 2, 2, 2, 1, 0]";"[5, 3, 0, 0, 4, 6, 1, 4, 0, 5, 3, 1, 1, 0, 3, 0, 4, 4, 6, 6, 4, 4, 0, 2, 1, 0, 6, 0, 2, 1, 0, 1, 1, 1, 1, 1, 1, 1, 1, 3, 0, 3, 2, 0, 0, 3, 2, 2, 2, 2, 2, 0, 2, 7, 0, 5, 0, 0, 0, 0, 5]";"[4, 5, 0, 0, 5, 4, 1, 5, 0, 2, 3, 1, 0, 5, 3, 2, 0, 3, 4, 4, 5, 0, 0, 6, 4, 7, 4, 3, 6, 1, 2, 1, 1, 1, 1, 1, 1, 7, 7, 0, 0, 5, 7, 2, 0, 3, 6, 3, 3, 6, 6, 2, 3, 1, 0, 2, 2, 0, 2, 3, 2]"
13;4;"aucs";"pmm_h";8;0.3075;0.2345;0.2288;0.1919;"{'43': 0.18333333333333335, '46': 0.2875, '11': 0.35, '42': 0.2875, '15': 0.4214285714285715, '40': 0.4076923076923077}";"{'43': 0.2, '46': 0.6125, '11': 0.3727272727272727, '42': 0.45, '15': 0.43333333333333335, '40': 0.4076923076923077}";"{'43': 0.6, '46': 0.775, '11': 0.5125, '42': 0.45, '15': 0.575, '40': 0.43333333333333335}";"{'43': 0.35, '46': 0.35, '11': 0.35, '42': 0.35, '15': 0.4214285714285715, '40': 0.4076923076923077}";0.0;0.45;0.3733333333333334;0.7308333333333334;0.4084428206952809;0.4406342535103639;0.2555106267567434;0.6236972395709497;0.6405696246191113;0.4796813836804907;0.3980894227152242;0.4682246712695071;0.294374735654871;0.614838991688519;0.6482462903736106;0.5178043707982152;0.0013;0.0504;0.0049;"['43', '46', '11', '42', '15', '40']";"[('interA', ('46', '7')), ('interA', ('33', '46')), ('intraD', ('42', '46')), ('interA', ('15', '48')), ('interA', ('27', '42')), ('intraD', ('43', '46')), ('interA', ('10', '11')), ('interD', ('27', '43'))]";"[('intraD', ('43', '46')), ('intraD', ('11', '43')), ('intraD', ('42', '43')), ('intraD', ('15', '43')), ('intraD', ('40', '43')), ('intraD', ('11', '46')), ('intraD', ('42', '46')), ('intraD', ('15', '46'))]";"[('interA', ('35', '43')), ('interA', ('43', '48')), ('interA', ('3', '43')), ('interA', ('46', '47')), ('interA', ('42', '55')), ('interA', ('30', '43')), ('interA', ('28', '46')), ('interA', ('42', '6'))]";"[['14', '28', '57', '44', '3', '9', '58', '2', '4', '49', '45', '56', '25', '61', '1', '31', '16', '23', '52', '41', '22', '59'], ['8', '21', '5', '15', '18', '17'], ['27', '19', '6', '20'], ['46', '33', '7'], ['43', '42', '10', '11', '40'], ['34', '32', '26', '13', '36', '35', '39', '38', '30', '37', '12'], ['48', '53', '29', '24', '50', '51', '47'], ['54', '55', '60']]";"[['43', '46', '1', '27', '44', '16', '41', '52', '9', '58', '4', '10', '45', '55', '56'], ['34', '14', '32', '28', '36', '37', '33', '7', '35', '39', '38', '12'], ['25', '26', '61', '57', '31', '3', '48', '2', '49', '59', '30'], ['8', '21', '5', '23', '17', '22', '18'], ['13', '11', '42', '15', '60', '40'], ['50', '53', '29', '24', '51', '47'], ['19', '6', '20'], ['54']]";"[['54', '61', '44', '16', '31', '33', '7', '41', '9', '10', '59', '15', '60', '38', '56', '40'], ['50', '1', '57', '52', '53', '29', '24', '49', '51', '47'], ['34', '32', '26', '13', '36', '45', '39', '37', '12'], ['8', '21', '5', '23', '17', '22', '18'], ['25', '19', '27', '11', '2', '20'], ['43', '35', '48', '3', '30'], ['46', '14', '28', '58', '4'], ['55', '42', '6']]";"[6, 6, 0, 2, 2, 7, 1, 2, 0, 4, 5, 1, 0, 2, 5, 0, 2, 2, 7, 7, 2, 2, 2, 3, 0, 1, 4, 1, 3, 1, 0, 1, 1, 1, 1, 1, 1, 1, 1, 5, 0, 5, 5, 0, 0, 5, 3, 3, 3, 3, 3, 0, 3, 4, 0, 4, 0, 4, 0, 6, 4]";"[0, 0, 0, 0, 1, 2, 3, 1, 0, 4, 4, 5, 5, 0, 1, 0, 1, 1, 2, 2, 1, 0, 0, 6, 0, 5, 2, 0, 6, 5, 0, 5, 3, 5, 5, 5, 5, 5, 5, 4, 0, 4, 4, 0, 0, 3, 6, 6, 0, 6, 6, 0, 6, 7, 7, 0, 0, 0, 0, 7, 0]";"[0, 2, 2, 0, 3, 6, 1, 3, 0, 0, 4, 1, 4, 1, 4, 0, 3, 3, 6, 6, 3, 3, 3, 5, 2, 2, 0, 1, 5, 2, 2, 1, 1, 1, 1, 1, 1, 1, 1, 4, 0, 4, 0, 0, 0, 0, 5, 2, 2, 5, 5, 0, 5, 7, 0, 0, 2, 0, 2, 4, 2]";"[1, 4, 5, 6, 3, 7, 0, 3, 0, 0, 4, 2, 2, 6, 0, 0, 3, 3, 4, 4, 3, 3, 3, 1, 4, 2, 4, 6, 1, 5, 0, 2, 0, 2, 5, 2, 2, 0, 2, 0, 0, 7, 5, 0, 2, 6, 1, 5, 1, 1, 1, 1, 1, 0, 7, 0, 1, 6, 0, 0, 0]"
14;4;"aucs";"pmm_h";8;0.3075;0.299;0.2321;0.2494;"{'43': 0.18333333333333335, '46': 0.2875, '11': 0.35, '42': 0.2875, '15': 0.4214285714285715, '40': 0.4076923076923077}";"{'43': 0.3666666666666667, '46': 0.3222222222222222, '11': 0.3222222222222222, '42': 0.3222222222222222, '15': 0.5461538461538462, '40': 0.3916666666666667}";"{'43': 0.6, '46': 0.775, '11': 0.5125, '42': 0.45, '15': 0.575, '40': 0.43333333333333335}";"{'43': 0.35, '46': 0.35, '11': 0.35, '42': 0.35, '15': 0.4214285714285715, '40': 0.4076923076923077}";0.0;0.4513888888888889;0.24;0.3611111111111111;0.5200790484358104;0.4308905849963597;0.3042536469415531;0.6684865584883344;0.6555845232080428;0.5274551495568176;0.5331009628387515;0.4623957409050577;0.275280827353242;0.6754989442472747;0.6558967208858836;0.4690306708350737;0.0013;0.05;0.0053;"['43', '46', '11', '42', '15', '40']";"[('interA', ('29', '42')), ('interA', ('46', '48')), ('intraD', ('15', '43')), ('interD', ('11', '19')), ('interD', ('40', '41')), ('interA', ('43', '60')), ('interD', ('15', '3')), ('interA', ('15', '54'))]";"[('intraD', ('43', '46')), ('intraD', ('11', '43')), ('intraD', ('42', '43')), ('intraD', ('15', '43')), ('intraD', ('40', '43')), ('intraD', ('11', '46')), ('intraD', ('42', '46')), ('intraD', ('15', '46'))]";"[('interA', ('19', '43')), ('interA', ('43', '48')), ('interA', ('25', '43')), ('interA', ('45', '46')), ('interA', ('4', '42')), ('interA', ('29', '43')), ('interA', ('17', '46')), ('interA', ('27', '42'))]";"[['61', '1', '41', '9', '2', '10', '55', '56'], ['25', '28', '57', '44', '16', '31', '52', '3', '58', '4', '59', '45', '38'], ['8', '21', '22', '5', '18', '23', '17'], ['27', '19', '6', '20'], ['34', '14', '26', '13', '32', '36', '33', '7', '35', '39', '30', '37', '12'], ['48', '46', '54', '11', '15', '40'], ['50', '53', '29', '24', '42', '49', '51', '47'], ['43', '60']]";"[['43', '46', '27', '57', '11', '16', '31', '3', '9', '58', '4', '42', '59', '15', '40'], ['25', '50', '1', '48', '53', '29', '2', '24', '49', '51', '47'], ['34', '14', '36', '37', '33', '7', '35', '30', '38', '12'], ['54', '44', '41', '52', '10', '45', '55', '60', '56'], ['8', '21', '5', '23', '17', '22', '18'], ['19', '6', '20', '26'], ['13', '39', '32', '28'], ['61']]";"[['14', '12', '34', '26', '1', '35', '30', '59', '37', '13', '36', '7', '3', '58', '60', '32', '33', '39', '38'], ['8', '21', '50', '5', '54', '57', '44', '16', '31', '52', '53', '29', '2', '24', '49', '51', '47'], ['28', '61', '41', '9', '10', '45', '55', '56'], ['27', '19', '6', '20'], ['15', '11', '46', '40'], ['22', '18', '23', '17'], ['43', '25', '48'], ['4', '42']]";"[6, 6, 0, 2, 2, 7, 1, 2, 0, 4, 5, 1, 0, 2, 5, 0, 2, 2, 7, 7, 2, 2, 2, 3, 0, 1, 4, 1, 3, 1, 0, 1, 1, 1, 1, 1, 1, 1, 1, 5, 0, 5, 5, 0, 0, 5, 3, 3, 3, 3, 3, 0, 3, 4, 0, 4, 0, 4, 0, 6, 4]";"[0, 0, 1, 1, 2, 3, 4, 2, 0, 0, 5, 4, 4, 4, 5, 1, 2, 2, 3, 3, 2, 2, 2, 6, 1, 4, 3, 1, 6, 4, 1, 4, 4, 4, 4, 4, 4, 1, 4, 5, 0, 6, 7, 1, 1, 5, 6, 5, 6, 6, 6, 1, 6, 5, 0, 0, 1, 1, 1, 7, 0]";"[1, 1, 0, 0, 4, 5, 2, 4, 0, 3, 0, 2, 6, 2, 0, 0, 4, 4, 5, 5, 4, 4, 4, 1, 1, 5, 0, 6, 1, 2, 0, 6, 2, 2, 2, 2, 2, 2, 6, 0, 3, 0, 0, 3, 3, 0, 1, 1, 1, 1, 1, 3, 1, 3, 3, 3, 0, 0, 0, 3, 7]";"[0, 1, 0, 7, 1, 3, 0, 1, 2, 2, 4, 0, 0, 0, 4, 1, 5, 5, 3, 3, 1, 5, 5, 1, 6, 0, 3, 2, 1, 0, 1, 0, 0, 0, 0, 0, 0, 0, 0, 4, 2, 7, 6, 1, 2, 4, 1, 6, 1, 1, 1, 1, 1, 1, 2, 2, 1, 0, 0, 0, 2]"
15;4;"aucs";"pmm_h";8;0.3075;0.253;0.2089;0.1704;"{'43': 0.18333333333333335, '46': 0.2875, '11': 0.35, '42': 0.2875, '15': 0.4214285714285715, '40': 0.4076923076923077}";"{'43': 0.5, '46': 0.45, '11': 0.35, '42': 0.2875, '15': 0.5461538461538462, '40': 0.675}";"{'43': 0.6, '46': 0.775, '11': 0.5125, '42': 0.45, '15': 0.575, '40': 0.43333333333333335}";"{'43': 0.35, '46': 0.35, '11': 0.35, '42': 0.35, '15': 0.4214285714285715, '40': 0.4076923076923077}";0.0;0.3020833333333333;0.3777777777777778;0.5878623188405797;0.47913792460569;0.388701085202265;0.1945355328043255;0.6646178818004078;0.631596927737413;0.4910770994006154;0.4743112333467217;0.398890019998243;0.2270257710882819;0.6526353145181624;0.6232855601925789;0.5166585839704249;0.0013;0.0506;0.0054;"['43', '46', '11', '42', '15', '40']";"[('interA', ('11', '32')), ('interD', ('11', '3')), ('intraD', ('15', '43')), ('interA', ('16', '40')), ('interA', ('39', '46')), ('intraD', ('40', '46')), ('intraD', ('40', '43')), ('interA', ('1', '43'))]";"[('intraD', ('43', '46')), ('intraD', ('11', '43')), ('intraD', ('42', '43')), ('intraD', ('15', '43')), ('intraD', ('40', '43')), ('intraD', ('11', '46')), ('intraD', ('42', '46')), ('intraD', ('15', '46'))]";"[('interA', ('36', '43')), ('interA', ('43', '55')), ('interA', ('10', '43')), ('interA', ('46', '50')), ('interA', ('38', '42')), ('interA', ('29', '43')), ('interA', ('17', '46')), ('interA', ('42', '49'))]";"[['43', '1'], ['27', '44', '16', '31', '57', '52', '3', '2', '4', '59', '45', '60'], ['8', '21', '22', '5', '18', '17'], ['19', '6', '20'], ['34', '14', '26', '36', '23', '33', '7', '35', '58', '38', '30', '37', '12'], ['28', '54', '61', '41', '9', '10', '55', '56'], ['46', '32', '13', '11', '42', '15', '39', '40'], ['25', '50', '48', '53', '29', '24', '49', '51', '47']]";"[['25', '34', '14', '46', '54', '1', '16', '52', '3', '58', '2', '10', '59', '45', '56'], ['43', '26', '61', '28', '27', '44', '31', '57', '9', '49'], ['8', '21', '5', '23', '17', '22', '4', '18'], ['36', '37', '33', '7', '35', '30', '38', '12'], ['50', '48', '53', '29', '24', '51', '47'], ['32', '13', '41', '39', '60', '55'], ['15', '11', '42', '40'], ['19', '6', '20']]";"[['14', '9', '4', '45', '1', '11', '35', '22', '15', '28', '7', '3', '58', '2', '56', '54', '61', '23', '41', '33', '30', '38', '40'], ['8', '21', '25', '5', '57', '44', '16', '31', '52', '59', '18'], ['34', '32', '26', '13', '36', '39', '60', '37', '12'], ['48', '53', '29', '24', '51', '47'], ['27', '19', '6', '20'], ['43', '55', '10'], ['50', '17', '46'], ['42', '49']]";"[6, 6, 0, 2, 2, 7, 1, 2, 0, 4, 5, 1, 0, 2, 5, 0, 2, 2, 7, 7, 2, 2, 2, 3, 0, 1, 4, 1, 3, 1, 0, 1, 1, 1, 1, 1, 1, 1, 1, 5, 0, 5, 5, 0, 0, 5, 3, 3, 3, 3, 3, 0, 3, 4, 0, 4, 0, 4, 0, 6, 4]";"[0, 1, 1, 1, 2, 3, 4, 2, 5, 5, 6, 4, 6, 4, 6, 1, 2, 2, 3, 3, 2, 2, 4, 7, 7, 4, 1, 5, 7, 4, 1, 6, 4, 4, 4, 4, 4, 4, 6, 6, 5, 6, 0, 1, 1, 6, 7, 7, 7, 7, 7, 1, 7, 5, 5, 5, 1, 4, 1, 1, 5]";"[0, 0, 0, 2, 2, 7, 3, 2, 1, 0, 6, 3, 5, 0, 6, 0, 2, 2, 7, 7, 2, 2, 2, 4, 0, 1, 1, 1, 4, 3, 1, 5, 3, 0, 3, 3, 3, 3, 5, 6, 5, 6, 1, 1, 0, 0, 4, 4, 1, 4, 4, 0, 4, 0, 5, 0, 1, 0, 0, 5, 1]";"[0, 0, 0, 0, 1, 4, 0, 1, 0, 5, 0, 2, 2, 0, 0, 1, 6, 1, 4, 4, 1, 0, 0, 3, 1, 2, 4, 0, 3, 0, 1, 2, 0, 2, 0, 2, 2, 0, 2, 0, 0, 7, 5, 1, 0, 6, 3, 3, 7, 6, 3, 1, 3, 0, 5, 0, 1, 0, 1, 2, 0]"
16;4;"aucs";"pmm_h";8;0.3075;0.2335;0.2016;0.1569;"{'43': 0.18333333333333335, '46': 0.2875, '11': 0.35, '42': 0.2875, '15': 0.4214285714285715, '40': 0.4076923076923077}";"{'43': 0.18333333333333335, '46': 0.3222222222222222, '11': 0.45, '42': 0.55, '15': 0.6846153846153846, '40': 0.5333333333333333}";"{'43': 0.6, '46': 0.775, '11': 0.5125, '42': 0.45, '15': 0.575, '40': 0.43333333333333335}";"{'43': 0.35, '46': 0.35, '11': 0.35, '42': 0.35, '15': 0.4214285714285715, '40': 0.4076923076923077}";0.0;0.5222222222222223;0.2153846153846154;0.6323067632850241;0.5018148820326679;0.4083706707034132;0.1623567459349854;0.648378649218894;0.6181540559122273;0.4310862221627983;0.5561924526020994;0.4190300913043239;0.2000317251409177;0.6719308232967324;0.6058892734705997;0.4605872704502982;0.0012;0.0497;0.0052;"['43', '46', '11', '42', '15', '40']";"[('interD', ('11', '20')), ('intraD', ('40', '42')), ('intraD', ('11', '15')), ('interD', ('11', '19')), ('interA', ('15', '24')), ('intraD', ('15', '42')), ('interA', ('34', '46')), ('interA', ('11', '22'))]";"[('intraD', ('43', '46')), ('intraD', ('11', '43')), ('intraD', ('42', '43')), ('intraD', ('15', '43')), ('intraD', ('40', '43')), ('intraD', ('11', '46')), ('intraD', ('42', '46')), ('intraD', ('15', '46'))]";"[('interA', ('38', '43')), ('interA', ('17', '43')), ('interA', ('26', '43')), ('interA', ('18', '46')), ('interA', ('42', '53')), ('interA', ('31', '43')), ('interA', ('46', '52')), ('interA', ('42', '9'))]";"[['19', '20', '1', '27', '6'], ['25', '57', '44', '16', '31', '41', '52', '9', '2', '10', '59', '45', '55'], ['8', '21', '43', '5', '14', '11', '17', '23', '3', '22', '58', '4', '42', '60', '18'], ['28', '61', '36', '33', '7', '35', '30', '38', '56', '12'], ['32', '26', '13', '39', '37'], ['15', '24', '40'], ['50', '54', '48', '53', '29', '49', '51', '47'], ['34', '46']]";"[['43', '46', '54', '11', '3', '58', '42', '49', '15', '39', '60', '37', '40'], ['34', '61', '36', '33', '7', '35', '9', '2', '30', '12'], ['57', '44', '16', '31', '41', '52', '48', '59', '55'], ['8', '21', '5', '14', '23', '17', '22', '18'], ['50', '53', '29', '24', '10', '51', '56', '47'], ['25', '32', '26', '13', '28', '45', '38'], ['27', '19', '6', '20'], ['1', '4']]";"[['14', '57', '49', '45', '12', '34', '11', '35', '22', '30', '10', '15', '37', '36', '44', '7', '56', '61', '23', '41', '33', '55', '40'], ['25', '46', '1', '16', '52', '3', '58', '4', '59'], ['50', '54', '48', '53', '29', '24', '51', '47'], ['19', '27', '2', '20', '6'], ['32', '28', '13', '39', '60'], ['43', '26', '31', '17', '38'], ['8', '21', '18', '5'], ['9', '42']]";"[6, 6, 0, 2, 2, 7, 1, 2, 0, 4, 5, 1, 0, 2, 5, 0, 2, 2, 7, 7, 2, 2, 2, 3, 0, 1, 4, 1, 3, 1, 0, 1, 1, 1, 1, 1, 1, 1, 1, 5, 0, 5, 5, 0, 0, 5, 3, 3, 3, 3, 3, 0, 3, 4, 0, 4, 0, 4, 0, 6, 4]";"[0, 1, 2, 2, 2, 0, 3, 2, 1, 1, 2, 3, 4, 2, 5, 1, 2, 2, 0, 0, 2, 2, 2, 5, 1, 4, 0, 3, 6, 3, 1, 4, 3, 7, 3, 3, 4, 3, 4, 5, 1, 2, 2, 1, 1, 7, 6, 6, 6, 6, 6, 1, 6, 6, 1, 3, 1, 2, 1, 2, 3]";"[7, 1, 0, 7, 3, 6, 1, 3, 1, 4, 0, 1, 5, 3, 0, 2, 3, 3, 6, 6, 3, 3, 3, 4, 5, 5, 6, 5, 4, 1, 2, 5, 1, 1, 1, 1, 0, 5, 0, 0, 2, 0, 0, 2, 5, 0, 4, 2, 0, 4, 4, 2, 4, 0, 2, 4, 2, 0, 2, 0, 1]";"[1, 3, 1, 1, 6, 3, 0, 6, 7, 0, 0, 0, 4, 0, 0, 1, 5, 6, 3, 3, 6, 0, 0, 2, 1, 5, 3, 4, 2, 0, 5, 4, 0, 0, 0, 0, 0, 5, 4, 0, 0, 7, 5, 0, 0, 1, 2, 2, 0, 2, 2, 1, 2, 2, 0, 0, 0, 1, 1, 4, 0]"
17;4;"aucs";"pmm_h";8;0.3075;0.2071;0.1907;0.2307;"{'43': 0.18333333333333335, '46': 0.2875, '11': 0.35, '42': 0.2875, '15': 0.4214285714285715, '40': 0.4076923076923077}";"{'43': 0.45, '46': 0.45, '11': 0.3222222222222222, '42': 0.3222222222222222, '15': 0.4214285714285715, '40': 0.4214285714285715}";"{'43': 0.6, '46': 0.775, '11': 0.5125, '42': 0.45, '15': 0.575, '40': 0.43333333333333335}";"{'43': 0.35, '46': 0.35, '11': 0.35, '42': 0.35, '15': 0.4214285714285715, '40': 0.4076923076923077}";0.0;0.5744047619047619;0.1666666666666666;0.6416666666666667;0.4318941637214634;0.3512481631502783;0.276307905499184;0.5863683749061683;0.6556171188697862;0.4926366023736525;0.4576928178749871;0.3115376531146163;0.280421971065434;0.6052500618885877;0.6043372045245611;0.4963527784915211;0.0015;0.0519;0.0887;"['43', '46', '11', '42', '15', '40']";"[('interA', ('42', '45')), ('interA', ('46', '61')), ('interA', ('19', '43')), ('interA', ('35', '43')), ('interA', ('40', '9')), ('interA', ('43', '58')), ('intraD', ('43', '46')), ('interD', ('11', '2'))]";"[('intraD', ('43', '46')), ('intraD', ('11', '43')), ('intraD', ('42', '43')), ('intraD', ('15', '43')), ('intraD', ('40', '43')), ('intraD', ('11', '46')), ('intraD', ('42', '46')), ('intraD', ('15', '46'))]";"[('interA', ('29', '43')), ('interA', ('43', '59')), ('interA', ('37', '43')), ('interA', ('16', '46')), ('interA', ('26', '42')), ('interA', ('10', '43')), ('interA', ('46', '5')), ('interA', ('31', '42'))]";"[['8', '21', '5', '14', '1', '23', '17', '22', '37', '18'], ['25', '34', '32', '26', '13', '54', '36', '7', '3', '39', '2', '30', '38', '12'], ['28', '57', '44', '16', '31', '41', '52', '4', '42', '10', '59', '45', '55', '56'], ['27', '19', '6', '20'], ['9', '40'], ['46', '15', '61', '60', '11', '33'], ['50', '48', '53', '29', '24', '49', '51', '47'], ['43', '58', '35']]";"[['14', '57', '4', '34', '26', '1', '31', '35', '52', '59', '37', '28', '13', '44', '58', '2', '54', '16', '23', '39', '30'], ['32', '36', '33', '7', '3', '60', '38', '12'], ['25', '61', '41', '9', '10', '45', '55', '56'], ['50', '48', '53', '29', '24', '49', '51', '47'], ['8', '21', '5', '17', '22', '18'], ['46', '11', '42', '15', '40'], ['19', '6', '20'], ['43', '27']]";"[['14', '12', '25', '34', '1', '35', '37', '13', '36', '44', '7', '3', '58', '60', '32', '54', '23', '33', '39', '30', '38'], ['50', '57', '52', '48', '53', '29', '24', '4', '49', '51', '47'], ['61', '41', '9', '2', '10', '45', '55', '56', '15', '40'], ['8', '21', '28', '17', '22', '18'], ['27', '19', '6', '20'], ['11', '42', '31', '26'], ['16', '5', '46'], ['43', '59']]";"[6, 6, 0, 2, 2, 7, 1, 2, 0, 4, 5, 1, 0, 2, 5, 0, 2, 2, 7, 7, 2, 2, 2, 3, 0, 1, 4, 1, 3, 1, 0, 1, 1, 1, 1, 1, 1, 1, 1, 5, 0, 5, 5, 0, 0, 5, 3, 3, 3, 3, 3, 0, 3, 4, 0, 4, 0, 4, 0, 6, 4]";"[0, 1, 1, 2, 0, 3, 1, 0, 4, 2, 5, 1, 1, 0, 5, 2, 0, 0, 3, 3, 0, 0, 0, 6, 1, 1, 3, 2, 6, 1, 2, 1, 5, 1, 7, 1, 0, 1, 1, 4, 2, 2, 7, 2, 2, 5, 6, 6, 6, 6, 6, 2, 6, 1, 2, 2, 2, 7, 2, 5, 5]";"[0, 0, 1, 0, 4, 6, 1, 4, 2, 2, 5, 1, 0, 0, 5, 0, 4, 4, 6, 6, 4, 4, 0, 3, 2, 0, 7, 0, 3, 0, 0, 1, 1, 0, 0, 1, 0, 1, 0, 5, 2, 5, 7, 0, 2, 5, 3, 3, 3, 3, 3, 0, 3, 0, 2, 2, 0, 0, 0, 1, 2]";"[0, 2, 0, 1, 6, 4, 0, 3, 2, 2, 5, 0, 0, 0, 2, 6, 3, 3, 4, 4, 3, 3, 0, 1, 0, 5, 4, 3, 1, 0, 5, 0, 0, 0, 0, 0, 0, 0, 0, 2, 2, 5, 7, 0, 2, 6, 1, 1, 1, 1, 1, 1, 1, 0, 2, 2, 1, 0, 7, 0, 2]"
18;4;"aucs";"pmm_h";8;0.3075;0.2258;0.1931;0.2109;"{'43': 0.18333333333333335, '46': 0.2875, '11': 0.35, '42': 0.2875, '15': 0.4214285714285715, '40': 0.4076923076923077}";"{'43': 0.3666666666666667, '46': 0.41428571428571426, '11': 0.45, '42': 0.41428571428571426, '15': 0.3916666666666667, '40': 0.4076923076923077}";"{'43': 0.6, '46': 0.775, '11': 0.5125, '42': 0.45, '15': 0.575, '40': 0.43333333333333335}";"{'43': 0.35, '46': 0.35, '11': 0.35, '42': 0.35, '15': 0.4214285714285715, '40': 0.4076923076923077}";0.0;0.6671875;0.3675213675213675;0.693640350877193;0.4162245128834406;0.2645649139664244;0.1939324698206444;0.6056884374707191;0.5534877747219042;0.4288500457654304;0.4720068682033404;0.2537305305280387;0.2210302722200815;0.649294853714722;0.543340122792021;0.4517693403112326;0.0014;0.0497;0.0051;"['43', '46', '11', '42', '15', '40']";"[('intraD', ('11', '46')), ('interD', ('15', '32')), ('interD', ('15', '37')), ('interD', ('40', '45')), ('interA', ('24', '43')), ('interD', ('11', '27')), ('interA', ('40', '60')), ('intraD', ('42', '43'))]";"[('intraD', ('43', '46')), ('intraD', ('11', '43')), ('intraD', ('42', '43')), ('intraD', ('15', '43')), ('intraD', ('40', '43')), ('intraD', ('11', '46')), ('intraD', ('42', '46')), ('intraD', ('15', '46'))]";"[('interA', ('43', '44')), ('interA', ('43', '45')), ('interA', ('43', '52')), ('interA', ('46', '61')), ('interA', ('1', '42')), ('interA', ('37', '43')), ('interA', ('46', '59')), ('interA', ('42', '59'))]";"[['1'], ['28', '13', '36', '7', '3', '58', '2', '45', '12', '34', '32', '26', '11', '33', '35', '39', '38', '42', '30', '37'], ['8', '21', '5', '14', '57', '44', '4', '18', '46', '54', '16', '17', '23', '31', '22', '59'], ['27', '19', '6', '20'], ['25', '50', '41', '52', '48', '9', '29', '53', '49', '51', '55', '47'], ['61', '56', '10'], ['15', '60', '40'], ['43', '24']]";"[['34', '14', '54', '61', '36', '23', '33', '7', '35', '22', '58', '4', '10', '45', '30', '37', '56', '12'], ['25', '46', '31', '41', '3', '9', '48', '49', '59', '55', '60', '38', '47'], ['50', '28', '57', '44', '16', '52', '53', '29', '24', '51'], ['1', '11', '2', '42', '15', '40'], ['8', '21', '5', '17', '18'], ['13', '39', '32', '26'], ['19', '6', '20'], ['43', '27']]";"[['8', '6', '25', '11', '17', '22', '10', '15', '21', '5', '28', '3', '2', '20', '56', '18', '19', '16', '23'], ['27', '57', '31', '7', '48', '58', '49', '30', '38'], ['34', '14', '32', '26', '36', '33', '39', '37', '12'], ['50', '54', '53', '29', '24', '4', '51', '47'], ['13', '41', '35', '9', '45', '55', '60', '40'], ['43', '44', '52'], ['61', '46', '59'], ['1', '42']]";"[6, 6, 0, 2, 2, 7, 1, 2, 0, 4, 5, 1, 0, 2, 5, 0, 2, 2, 7, 7, 2, 2, 2, 3, 0, 1, 4, 1, 3, 1, 0, 1, 1, 1, 1, 1, 1, 1, 1, 5, 0, 5, 5, 0, 0, 5, 3, 3, 3, 3, 3, 0, 3, 4, 0, 4, 0, 4, 0, 6, 4]";"[0, 1, 1, 2, 2, 3, 1, 2, 4, 5, 1, 1, 1, 2, 6, 2, 2, 2, 3, 3, 2, 2, 2, 7, 4, 1, 3, 1, 4, 1, 2, 1, 1, 1, 1, 1, 1, 1, 1, 6, 4, 1, 7, 2, 1, 2, 4, 4, 4, 4, 4, 4, 4, 2, 4, 5, 2, 1, 2, 6, 5]";"[3, 3, 1, 0, 4, 6, 0, 4, 1, 0, 3, 0, 5, 0, 3, 2, 4, 4, 6, 6, 4, 0, 0, 2, 1, 5, 7, 2, 2, 0, 1, 5, 0, 0, 0, 0, 0, 1, 5, 3, 1, 3, 7, 2, 0, 1, 1, 1, 1, 2, 2, 2, 2, 0, 1, 0, 2, 0, 1, 1, 0]";"[7, 0, 0, 3, 0, 0, 1, 0, 4, 0, 0, 2, 4, 2, 0, 0, 0, 0, 0, 0, 0, 0, 0, 3, 0, 2, 1, 0, 3, 1, 1, 2, 2, 2, 4, 2, 2, 1, 2, 4, 4, 7, 5, 5, 4, 6, 3, 1, 1, 3, 3, 5, 3, 3, 4, 0, 1, 1, 6, 4, 6]"
19;4;"aucs";"pmm_h";8;0.3075;0.1801;0.2253;0.2092;"{'43': 0.18333333333333335, '46': 0.2875, '11': 0.35, '42': 0.2875, '15': 0.4214285714285715, '40': 0.4076923076923077}";"{'43': 0.3, '46': 0.2875, '11': 0.3727272727272727, '42': 0.3666666666666667, '15': 0.43333333333333335, '40': 0.5333333333333333}";"{'43': 0.6, '46': 0.775, '11': 0.5125, '42': 0.45, '15': 0.575, '40': 0.43333333333333335}";"{'43': 0.35, '46': 0.35, '11': 0.35, '42': 0.35, '15': 0.4214285714285715, '40': 0.4076923076923077}";0.0;0.4015151515151515;0.3305555555555555;0.6967261904761906;0.2844933456978871;0.3613191639543547;0.4441178199776588;0.5348486426855688;0.601743879449546;0.6349602116323843;0.2670187158543841;0.3613768165007164;0.508038484820628;0.4921958630676218;0.5963569644752815;0.6856163683032745;0.0012;0.0503;0.0058;"['43', '46', '11', '42', '15', '40']";"[('interD', ('3', '42')), ('intraD', ('40', '43')), ('interD', ('2', '42')), ('interA', ('11', '36')), ('interA', ('42', '50')), ('interA', ('15', '34')), ('intraD', ('42', '43')), ('interD', ('27', '43'))]";"[('intraD', ('43', '46')), ('intraD', ('11', '43')), ('intraD', ('42', '43')), ('intraD', ('15', '43')), ('intraD', ('40', '43')), ('intraD', ('11', '46')), ('intraD', ('42', '46')), ('intraD', ('15', '46'))]";"[('interA', ('43', '48')), ('interA', ('19', '43')), ('interA', ('30', '43')), ('interA', ('32', '46')), ('interA', ('39', '42')), ('interA', ('43', '50')), ('interA', ('46', '61')), ('interA', ('42', '47'))]";"[['19', '20', '1', '27', '38', '6', '33'], ['34', '26', '57', '31', '41', '35', '9', '2', '30', '55', '40'], ['52', '3', '48', '29', '24', '53', '49', '51', '47'], ['54', '61', '36', '7', '4', '10', '45', '60', '37', '56', '12'], ['8', '21', '25', '5', '14', '44', '16', '17', '23', '22', '59', '18'], ['15', '11', '46', '43'], ['58', '32', '28', '13', '39'], ['50', '42']]";"[['34', '14', '61', '22', '58', '4', '10', '45', '39', '37', '56'], ['28', '13', '1', '41', '23', '9', '49', '55', '60'], ['46', '54', '27', '11', '3', '2', '42', '15', '40'], ['25', '32', '36', '33', '7', '35', '30', '38', '12'], ['43', '26', '57', '44', '16', '31', '52', '59'], ['50', '48', '53', '29', '24', '51', '47'], ['8', '21', '5', '17', '18'], ['19', '6', '20']]";"[['25', '28', '13', '26', '54', '11', '41', '3', '9', '59', '45', '39', '55', '15'], ['8', '21', '5', '14', '1', '23', '17', '22', '4', '60', '18'], ['57', '44', '16', '31', '52', '2', '42', '10', '56', '40'], ['34', '32', '36', '37', '33', '7', '35', '58', '38', '12'], ['53', '29', '24', '49', '51', '47'], ['27', '19', '6', '20'], ['43', '30', '50', '48'], ['61', '46']]";"[6, 6, 0, 2, 2, 7, 1, 2, 0, 4, 5, 1, 0, 2, 5, 0, 2, 2, 7, 7, 2, 2, 2, 3, 0, 1, 4, 1, 3, 1, 0, 1, 1, 1, 1, 1, 1, 1, 1, 5, 0, 5, 5, 0, 0, 5, 3, 3, 3, 3, 3, 0, 3, 4, 0, 4, 0, 4, 0, 6, 4]";"[0, 1, 2, 3, 4, 0, 3, 4, 1, 3, 5, 3, 6, 4, 5, 4, 4, 4, 0, 0, 4, 4, 4, 2, 4, 1, 0, 6, 2, 1, 1, 6, 0, 1, 1, 3, 3, 0, 6, 1, 1, 7, 5, 4, 3, 5, 2, 2, 2, 7, 2, 2, 2, 3, 1, 3, 1, 6, 4, 3, 3]";"[1, 2, 2, 0, 6, 7, 3, 6, 1, 0, 2, 3, 1, 0, 2, 4, 6, 6, 7, 7, 6, 0, 1, 5, 3, 4, 2, 1, 5, 3, 4, 3, 3, 0, 3, 3, 0, 3, 0, 2, 1, 2, 4, 4, 0, 2, 5, 5, 1, 5, 5, 4, 5, 2, 1, 0, 4, 0, 4, 1, 0]";"[1, 2, 0, 1, 1, 5, 3, 1, 0, 2, 0, 3, 0, 1, 0, 2, 1, 1, 5, 5, 1, 1, 1, 4, 0, 0, 5, 0, 4, 6, 2, 3, 3, 3, 3, 3, 3, 3, 0, 2, 0, 2, 6, 2, 0, 7, 4, 6, 4, 6, 4, 2, 4, 0, 0, 2, 2, 3, 0, 1, 7]"
0;5;"aucs";"pmm_h";8;0.3075;0.2401;0.2494;0.2419;"{'19': 0.6388888888888888, '6': 0.6388888888888888, '20': 0.6911764705882353}";"{'19': 0.6944444444444444, '6': 0.7, '20': 0.75}";"{'19': 0.75, '6': 0.75, '20': 0.75}";"{'19': 0.6730769230769231, '6': 0.6730769230769231, '20': 0.6911764705882353}";0.0;0.3125;0.0;0.701388888888889;0.3985921274891819;0.4554122902986015;0.490658996053026;0.5917105595750426;0.6477808806591195;0.6712774451417045;0.3965306323743597;0.4808492571471776;0.5033088934404217;0.5881538142697138;0.6621795073422045;0.686868091170834;0.0014;0.0435;0.003;"['19', '6', '20']";"[('interA', ('43', '6')), ('interA', ('19', '37')), ('interA', ('55', '6')), ('interD', ('20', '29')), ('intraD', ('19', '20')), ('interA', ('20', '54')), ('intraD', ('20', '6')), ('interD', ('20', '28'))]";"[('intraD', ('19', '6')), ('intraD', ('19', '20')), ('intraD', ('20', '6')), ('interA', ('19', '34')), ('interA', ('19', '32')), ('interA', ('19', '28')), ('interA', ('19', '26')), ('interA', ('19', '36'))]";"[('interA', ('19', '38')), ('interA', ('41', '6')), ('interA', ('19', '45')), ('interA', ('25', '6')), ('interA', ('19', '24')), ('interA', ('35', '6')), ('interA', ('19', '54')), ('interA', ('47', '6'))]";"[['28', '13', '57', '44', '3', '2', '25', '46', '26', '1', '11', '31', '16', '23', '41', '42', '59', '15', '40'], ['9', '4', '45', '10', '61', '56', '52'], ['8', '21', '22', '5', '18', '17'], ['43', '55', '27', '6'], ['34', '32', '14', '36', '33', '7', '35', '39', '58', '30', '60', '38', '12'], ['37', '19'], ['54', '20'], ['50', '48', '53', '29', '24', '49', '51', '47']]";"[['43', '46', '27', '44', '11', '41', '42', '20', '15', '55', '6', '40'], ['25', '54', '57', '31', '16', '52', '3', '58', '4', '59', '45'], ['32', '14', '36', '37', '33', '7', '35', '30', '39', '38', '12'], ['61', '23', '17', '9', '22', '2', '10', '60', '56', '18'], ['50', '48', '53', '29', '24', '49', '51', '47'], ['26', '19', '34', '28'], ['8', '21', '5'], ['13', '1']]";"[['61', '57', '16', '52', '3', '9', '58', '4', '10', '59', '45', '55', '60', '56'], ['28', '44', '36', '31', '33', '7', '35', '30', '37', '12'], ['34', '32', '26', '13', '1', '27', '20', '39'], ['8', '21', '5', '14', '23', '17', '22', '18'], ['50', '48', '53', '29', '24', '49', '51', '47'], ['43', '46', '11', '2', '42', '15', '40'], ['25', '41', '6'], ['54', '38', '19']]";"[6, 6, 0, 2, 2, 7, 1, 2, 0, 4, 5, 1, 0, 2, 5, 0, 2, 2, 7, 7, 2, 2, 2, 3, 0, 1, 4, 1, 3, 1, 0, 1, 1, 1, 1, 1, 1, 1, 1, 5, 0, 5, 5, 0, 0, 5, 3, 3, 3, 3, 3, 0, 3, 4, 0, 4, 0, 4, 0, 6, 4]";"[0, 0, 0, 1, 2, 3, 4, 2, 1, 1, 0, 4, 0, 4, 0, 0, 2, 2, 5, 6, 2, 2, 0, 7, 0, 0, 3, 0, 7, 4, 0, 4, 4, 4, 4, 4, 5, 4, 4, 0, 0, 0, 3, 0, 1, 0, 7, 7, 7, 7, 7, 1, 7, 6, 3, 1, 0, 4, 0, 4, 1]";"[7, 3, 1, 1, 6, 0, 2, 6, 3, 3, 0, 2, 7, 2, 0, 1, 3, 3, 5, 0, 6, 3, 3, 4, 1, 5, 0, 5, 4, 2, 1, 2, 2, 5, 2, 2, 2, 2, 2, 0, 0, 0, 0, 0, 1, 0, 4, 4, 4, 4, 4, 1, 4, 1, 0, 3, 1, 1, 1, 3, 3]";"[2, 5, 0, 0, 3, 6, 1, 3, 0, 0, 5, 1, 2, 3, 5, 0, 3, 3, 7, 2, 3, 3, 3, 4, 6, 2, 2, 1, 4, 1, 1, 2, 1, 2, 1, 1, 1, 7, 2, 5, 6, 5, 5, 1, 0, 5, 4, 4, 4, 4, 4, 0, 4, 7, 0, 0, 0, 0, 0, 0, 0]"
1;5;"aucs";"pmm_h";8;0.3075;0.2187;0.1409;0.2404;"{'19': 0.6388888888888888, '6': 0.6388888888888888, '20': 0.6911764705882353}";"{'19': 0.75, '6': 0.75, '20': 0.75}";"{'19': 0.75, '6': 0.75, '20': 0.75}";"{'19': 0.6730769230769231, '6': 0.6730769230769231, '20': 0.6911764705882353}";0.0;0.0;0.0;0.5208333333333334;0.4307365250004408;0.2365372559753481;0.4002996161168503;0.6109711611142543;0.5466756771451662;0.5750463761013577;0.443488112698817;0.2531008814887365;0.4111755116826662;0.6087732248760678;0.5644503941070939;0.5753289674011391;0.0015;0.0426;0.0032;"['19', '6', '20']";"[('interA', ('20', '40')), ('intraD', ('19', '20')), ('interA', ('17', '20')), ('interA', ('12', '20')), ('intraD', ('20', '6')), ('intraD', ('19', '6')), ('interD', ('15', '19')), ('interD', ('20', '27'))]";"[('intraD', ('19', '6')), ('intraD', ('19', '20')), ('intraD', ('20', '6')), ('interA', ('19', '34')), ('interA', ('19', '32')), ('interA', ('19', '28')), ('interA', ('19', '26')), ('interA', ('19', '36'))]";"[('interA', ('19', '46')), ('interA', ('24', '6')), ('interA', ('19', '43')), ('interA', ('11', '6')), ('interA', ('19', '25')), ('interA', ('21', '6')), ('interA', ('19', '39')), ('interA', ('6', '9'))]";"[['8', '21', '5', '1', '18', '31', '17'], ['34', '32', '26', '13', '28', '36', '33', '7', '35', '39', '2', '20', '30', '12'], ['3', '58', '4', '14'], ['27', '19', '6'], ['25', '61', '41', '52', '9', '10', '49', '45', '60', '56'], ['43', '46', '42', '15', '11', '40'], ['54', '57', '44', '23', '16', '22', '38', '59', '55', '37'], ['48', '53', '29', '24', '50', '51', '47']]";"[['14', '4', '49', '45', '55', '25', '22', '15', '37', '13', '44', '3', '58', '2', '20', '60', '23', '41', '48', '39', '30', '40'], ['26', '1', '57', '16', '31', '52', '9', '59'], ['43', '46', '54', '27', '11', '42', '6'], ['32', '36', '33', '7', '35', '38', '12'], ['50', '53', '29', '24', '51', '47'], ['8', '21', '5', '17', '18'], ['61', '56', '10'], ['19', '34', '28']]";"[['14', '27', '44', '31', '16', '57', '52', '3', '58', '4', '49'], ['34', '26', '36', '37', '33', '7', '35', '42', '30', '38', '12'], ['61', '1', '41', '10', '45', '55', '56', '40'], ['43', '25', '19', '46', '2', '20', '15', '39'], ['8', '21', '5', '23', '17', '22', '60', '18'], ['50', '48', '53', '29', '24', '51', '47'], ['32', '28', '13', '54', '59'], ['9', '11', '6']]";"[6, 6, 0, 2, 2, 7, 1, 2, 0, 4, 5, 1, 0, 2, 5, 0, 2, 2, 7, 7, 2, 2, 2, 3, 0, 1, 4, 1, 3, 1, 0, 1, 1, 1, 1, 1, 1, 1, 1, 5, 0, 5, 5, 0, 0, 5, 3, 3, 3, 3, 3, 0, 3, 4, 0, 4, 0, 4, 0, 6, 4]";"[0, 1, 2, 2, 0, 3, 1, 0, 4, 4, 5, 1, 1, 2, 5, 6, 0, 0, 3, 1, 0, 6, 6, 7, 4, 1, 3, 1, 7, 1, 0, 1, 1, 1, 1, 1, 6, 6, 1, 5, 4, 5, 5, 6, 4, 5, 7, 7, 4, 7, 7, 4, 7, 6, 6, 4, 6, 2, 6, 4, 4]";"[1, 0, 0, 0, 5, 2, 3, 5, 1, 6, 2, 3, 0, 0, 0, 1, 5, 5, 7, 0, 5, 0, 0, 4, 0, 1, 2, 7, 4, 0, 1, 3, 3, 7, 3, 3, 0, 3, 0, 0, 0, 2, 2, 0, 0, 2, 4, 0, 0, 4, 4, 1, 4, 2, 0, 6, 1, 0, 1, 0, 6]";"[2, 3, 0, 0, 4, 7, 1, 4, 7, 2, 7, 1, 6, 0, 3, 0, 4, 4, 3, 3, 4, 4, 4, 5, 3, 1, 0, 6, 5, 1, 0, 6, 1, 1, 1, 1, 1, 1, 3, 2, 2, 1, 3, 0, 2, 3, 5, 5, 0, 5, 5, 0, 5, 6, 2, 2, 0, 0, 6, 4, 2]"
2;5;"aucs";"pmm_h";8;0.3075;0.2269;0.1967;0.1647;"{'19': 0.6388888888888888, '6': 0.6388888888888888, '20': 0.6911764705882353}";"{'19': 0.75, '6': 0.75, '20': 0.75}";"{'19': 0.75, '6': 0.75, '20': 0.75}";"{'19': 0.6730769230769231, '6': 0.6730769230769231, '20': 0.6911764705882353}";0.0;0.0;0.0;0.4583333333333333;0.4063537044632536;0.2682522194477648;0.1711220447965327;0.5771784977706849;0.5410662149419554;0.4733618874086835;0.4095294343677286;0.2729002540354068;0.1618407188152575;0.575228228392316;0.5457737265463273;0.4556804469963464;0.0011;0.0434;0.0039;"['19', '6', '20']";"[('intraD', ('19', '20')), ('intraD', ('20', '6')), ('interA', ('20', '39')), ('intraD', ('19', '6')), ('interD', ('2', '6')), ('interA', ('19', '32')), ('interA', ('19', '23')), ('interD', ('11', '19'))]";"[('intraD', ('19', '6')), ('intraD', ('19', '20')), ('intraD', ('20', '6')), ('interA', ('19', '34')), ('interA', ('19', '32')), ('interA', ('19', '28')), ('interA', ('19', '26')), ('interA', ('19', '36'))]";"[('interA', ('19', '46')), ('interA', ('32', '6')), ('interA', ('10', '19')), ('interA', ('49', '6')), ('interA', ('19', '37')), ('interA', ('11', '6')), ('interA', ('19', '52')), ('interA', ('10', '6'))]";"[['34', '32', '1', '36', '33', '7', '35', '38', '30', '37', '12'], ['61', '11', '41', '9', '2', '42', '10', '15', '55', '56', '40'], ['43', '25', '46', '14', '27', '17', '3', '22', '58', '18'], ['26', '13', '57', '44', '31', '16', '52', '4', '59', '45', '60'], ['8', '21', '5', '28', '54', '6'], ['23', '19'], ['39', '20'], ['50', '48', '53', '29', '24', '49', '51', '47']]";"[['4', '51', '45', '12', '1', '52', '37', '7', '3', '53', '58', '60', '50', '54', '33', '48', '29', '24', '55', '47'], ['25', '32', '26', '13', '57', '36', '16', '31', '35', '30', '20', '49', '59', '39', '38'], ['8', '21', '5', '14', '23', '17', '22', '18'], ['43', '46', '44', '11', '42', '15', '40'], ['61', '41', '9', '10', '56'], ['19', '34', '28'], ['27', '6'], ['2']]";"[['14', '9', '4', '45', '34', '26', '35', '22', '42', '30', '15', '28', '3', '58', '56', '43', '61', '23', '41', '55', '40'], ['25', '50', '57', '31', '52', '48', '53', '29', '24', '51', '47'], ['36', '16', '33', '7', '59', '38', '12'], ['19', '46', '44', '10', '20', '37'], ['1', '27', '11', '2', '60'], ['8', '21', '5', '17', '18'], ['13', '39', '54', '32'], ['6', '49']]";"[6, 6, 0, 2, 2, 7, 1, 2, 0, 4, 5, 1, 0, 2, 5, 0, 2, 2, 7, 7, 2, 2, 2, 3, 0, 1, 4, 1, 3, 1, 0, 1, 1, 1, 1, 1, 1, 1, 1, 5, 0, 5, 5, 0, 0, 5, 3, 3, 3, 3, 3, 0, 3, 4, 0, 4, 0, 4, 0, 6, 4]";"[0, 1, 2, 3, 4, 4, 0, 4, 1, 1, 1, 0, 3, 2, 1, 3, 2, 2, 5, 6, 4, 2, 5, 7, 2, 3, 2, 4, 7, 0, 3, 0, 0, 0, 0, 0, 0, 0, 6, 1, 1, 1, 2, 3, 3, 2, 7, 7, 7, 7, 7, 3, 7, 4, 1, 1, 3, 2, 3, 3, 1]";"[0, 7, 0, 0, 2, 6, 0, 2, 4, 4, 3, 0, 1, 2, 3, 1, 2, 2, 5, 1, 2, 2, 2, 0, 1, 1, 6, 5, 0, 1, 1, 1, 0, 5, 1, 1, 0, 1, 1, 3, 4, 3, 3, 3, 0, 3, 0, 0, 1, 0, 0, 0, 0, 0, 0, 4, 1, 0, 1, 0, 4]";"[4, 4, 0, 0, 5, 7, 2, 5, 0, 3, 4, 2, 6, 0, 0, 2, 5, 5, 3, 3, 5, 0, 0, 1, 1, 0, 4, 0, 1, 0, 1, 6, 2, 0, 0, 2, 3, 2, 6, 0, 0, 0, 0, 3, 0, 3, 1, 1, 7, 1, 1, 1, 1, 6, 0, 0, 1, 0, 2, 4, 0]"
3;5;"aucs";"pmm_h";8;0.3075;0.2517;0.2619;0.2354;"{'19': 0.6388888888888888, '6': 0.6388888888888888, '20': 0.6911764705882353}";"{'19': 0.7, '6': 0.6875, '20': 0.75}";"{'19': 0.75, '6': 0.75, '20': 0.75}";"{'19': 0.6730769230769231, '6': 0.6730769230769231, '20': 0.6911764705882353}";0.0;0.3725198412698413;0.0;0.7305555555555556;0.3675782884380222;0.4964842555793335;0.5074615549855318;0.5767495005645126;0.6740281947265041;0.6455152106614022;0.3864691109178539;0.5146228362216809;0.530649895178197;0.5949110167442385;0.6915275656942198;0.6648882472313683;0.0011;0.0437;0.0031;"['19', '6', '20']";"[('intraD', ('19', '20')), ('interD', ('14', '20')), ('interD', ('11', '20')), ('interD', ('20', '29')), ('interD', ('20', '3')), ('interA', ('19', '54')), ('intraD', ('20', '6')), ('interA', ('19', '59'))]";"[('intraD', ('19', '6')), ('intraD', ('19', '20')), ('intraD', ('20', '6')), ('interA', ('19', '34')), ('interA', ('19', '32')), ('interA', ('19', '28')), ('interA', ('19', '26')), ('interA', ('19', '36'))]";"[('interA', ('19', '23')), ('interA', ('22', '6')), ('interA', ('19', '56')), ('interA', ('42', '6')), ('interA', ('19', '28')), ('interA', ('30', '6')), ('interA', ('19', '60')), ('interA', ('39', '6'))]";"[['1', '2'], ['3', '58', '25', '4', '14', '28', '45'], ['8', '21', '17', '5'], ['34', '32', '26', '13', '36', '33', '7', '35', '39', '38', '30', '37', '6', '12'], ['27', '57', '9', '56', '18', '43', '46', '61', '11', '23', '41', '22', '42', '10', '15', '55', '40'], ['44', '31', '16', '52', '48', '20', '49', '60'], ['54', '19', '59'], ['53', '29', '24', '50', '51', '47']]";"[['32', '13', '54', '36', '37', '33', '7', '3', '35', '30', '39', '60', '38', '12'], ['43', '46', '57', '11', '31', '41', '9', '2', '42', '20', '15', '40'], ['50', '1', '48', '53', '29', '24', '58', '49', '51', '47'], ['8', '21', '5', '14', '23', '17', '22', '4', '18'], ['61', '10', '45', '55', '56'], ['25', '44', '16', '52', '59'], ['26', '19', '34', '28'], ['27', '6']]";"[['8', '21', '5', '61', '1', '44', '16', '17', '22', '2', '10', '18'], ['25', '26', '13', '57', '31', '41', '52', '9', '20', '59', '45', '55'], ['34', '32', '54', '36', '37', '33', '7', '35', '38', '12'], ['50', '48', '53', '29', '24', '49', '51', '47'], ['43', '46', '27', '11', '42', '15', '40'], ['19', '28', '23', '60', '56'], ['3', '58', '4', '14'], ['30', '6', '39']]";"[6, 6, 0, 2, 2, 7, 1, 2, 0, 4, 5, 1, 0, 2, 5, 0, 2, 2, 7, 7, 2, 2, 2, 3, 0, 1, 4, 1, 3, 1, 0, 1, 1, 1, 1, 1, 1, 1, 1, 5, 0, 5, 5, 0, 0, 5, 3, 3, 3, 3, 3, 0, 3, 4, 0, 4, 0, 4, 0, 6, 4]";"[0, 0, 1, 1, 2, 3, 3, 2, 4, 4, 4, 3, 3, 1, 4, 5, 2, 4, 6, 5, 2, 4, 4, 7, 1, 3, 4, 1, 7, 3, 5, 3, 3, 3, 3, 3, 3, 3, 3, 4, 4, 4, 4, 5, 1, 4, 7, 5, 5, 7, 7, 5, 7, 6, 4, 4, 4, 1, 6, 5, 4]";"[2, 1, 0, 3, 3, 7, 0, 3, 1, 4, 1, 0, 0, 3, 1, 5, 3, 3, 6, 1, 3, 3, 3, 2, 5, 6, 7, 6, 2, 0, 1, 0, 0, 6, 0, 0, 0, 0, 0, 1, 1, 1, 1, 5, 4, 1, 2, 2, 2, 2, 2, 5, 2, 0, 4, 4, 1, 2, 5, 0, 4]";"[0, 0, 6, 6, 0, 7, 2, 0, 1, 0, 4, 2, 1, 6, 4, 0, 0, 0, 5, 1, 0, 0, 5, 3, 1, 1, 4, 5, 3, 7, 1, 2, 2, 2, 2, 2, 2, 2, 7, 4, 1, 4, 4, 0, 1, 4, 3, 3, 3, 3, 3, 1, 3, 2, 1, 5, 1, 6, 1, 5, 0]"
4;5;"aucs";"pmm_h";8;0.3075;0.171;0.2405;0.2381;"{'19': 0.6388888888888888, '6': 0.6388888888888888, '20': 0.6911764705882353}";"{'19': 0.75, '6': 0.75, '20': 0.75}";"{'19': 0.75, '6': 0.75, '20': 0.75}";"{'19': 0.6730769230769231, '6': 0.6730769230769231, '20': 0.6911764705882353}";0.0;0.0;0.0;0.4166666666666667;0.280933911324055;0.4050577607586641;0.4688488467142908;0.5160820323131712;0.6323915253808529;0.6359354655307435;0.2867242450353686;0.4162910428938114;0.4670790087534644;0.5141163553640973;0.6450886047998384;0.6274347511670597;0.0011;0.0431;0.0035;"['19', '6', '20']";"[('interD', ('15', '20')), ('intraD', ('19', '20')), ('intraD', ('20', '6')), ('intraD', ('19', '6')), ('interD', ('20', '45')), ('interD', ('26', '6')), ('interA', ('19', '48')), ('interA', ('54', '6'))]";"[('intraD', ('19', '6')), ('intraD', ('19', '20')), ('intraD', ('20', '6')), ('interA', ('19', '34')), ('interA', ('19', '32')), ('interA', ('19', '28')), ('interA', ('19', '26')), ('interA', ('19', '36'))]";"[('interA', ('19', '47')), ('interA', ('23', '6')), ('interA', ('19', '3')), ('interA', ('51', '6')), ('interA', ('19', '25')), ('interA', ('6', '61')), ('interA', ('19', '40')), ('interA', ('16', '6'))]";"[['43', '25', '46', '26', '13', '1', '27', '11', '31', '2', '4', '42', '15', '39', '40'], ['32', '36', '33', '7', '3', '9', '35', '58', '20', '49', '30', '60', '38', '12'], ['8', '21', '5'], ['54', '6'], ['28', '61', '57', '44', '41', '16', '52', '10', '59', '45', '55', '56'], ['22', '34', '14', '18', '37', '23', '17'], ['48', '19'], ['53', '29', '24', '50', '51', '47']]";"[['54', '61', '41', '33', '7', '35', '9', '10', '55', '37', '56', '12'], ['57', '44', '16', '31', '52', '3', '2', '49', '59', '60', '38'], ['25', '13', '1', '58', '4', '30', '45', '39'], ['8', '21', '5', '14', '23', '17', '22', '18'], ['43', '46', '11', '42', '20', '15', '40'], ['50', '48', '53', '29', '24', '51', '47'], ['19', '34', '32', '26', '28', '36'], ['27', '6']]";"[['34', '32', '28', '13', '26', '36', '37', '33', '7', '35', '9', '30', '59', '39', '38', '12'], ['43', '46', '54', '57', '44', '41', '11', '42', '10', '45', '55', '56', '15', '40'], ['1', '27', '16', '23', '31', '52', '51'], ['50', '48', '53', '29', '24', '49', '47'], ['8', '21', '5', '17', '60', '18'], ['14', '58', '22', '2', '4'], ['3', '25', '19', '20'], ['61', '6']]";"[6, 6, 0, 2, 2, 7, 1, 2, 0, 4, 5, 1, 0, 2, 5, 0, 2, 2, 7, 7, 2, 2, 2, 3, 0, 1, 4, 1, 3, 1, 0, 1, 1, 1, 1, 1, 1, 1, 1, 5, 0, 5, 5, 0, 0, 5, 3, 3, 3, 3, 3, 0, 3, 4, 0, 4, 0, 4, 0, 6, 4]";"[0, 0, 1, 0, 2, 3, 1, 2, 1, 4, 0, 1, 0, 5, 0, 4, 5, 5, 6, 1, 2, 5, 5, 7, 0, 0, 0, 4, 7, 1, 0, 1, 1, 5, 1, 1, 5, 1, 0, 0, 4, 0, 0, 4, 4, 0, 7, 6, 1, 7, 7, 4, 7, 3, 4, 4, 4, 1, 4, 1, 4]";"[2, 1, 1, 2, 3, 7, 0, 3, 0, 0, 4, 0, 2, 3, 4, 1, 3, 3, 6, 4, 3, 3, 3, 5, 2, 6, 7, 6, 5, 2, 1, 6, 0, 6, 0, 6, 0, 1, 2, 4, 0, 4, 4, 1, 2, 4, 5, 5, 1, 5, 5, 1, 5, 0, 0, 0, 1, 2, 1, 1, 0]";"[2, 5, 6, 5, 4, 7, 0, 4, 0, 1, 1, 0, 0, 5, 1, 2, 4, 4, 6, 6, 4, 5, 2, 3, 6, 0, 2, 0, 3, 0, 2, 0, 0, 0, 0, 0, 0, 0, 0, 1, 1, 1, 1, 1, 1, 1, 3, 3, 3, 3, 2, 2, 3, 1, 1, 1, 1, 5, 0, 4, 7]"
5;5;"aucs";"pmm_h";8;0.3075;0.2183;0.2498;0.2011;"{'19': 0.6388888888888888, '6': 0.6388888888888888, '20': 0.6911764705882353}";"{'19': 0.75, '6': 0.75, '20': 0.75}";"{'19': 0.75, '6': 0.75, '20': 0.75}";"{'19': 0.6730769230769231, '6': 0.6730769230769231, '20': 0.6911764705882353}";0.0;0.0;0.0;0.5992063492063493;0.3911124205649729;0.580475690132773;0.3218339062585256;0.629727426104522;0.7439075158365512;0.5426416003821644;0.4079257716881947;0.6134470373248756;0.3291007131675074;0.6360071949407207;0.7717449214948819;0.5372517242352962;0.0011;0.0443;0.0035;"['19', '6', '20']";"[('intraD', ('20', '6')), ('interD', ('11', '19')), ('interD', ('15', '19')), ('intraD', ('19', '20')), ('interD', ('14', '20')), ('interD', ('18', '20')), ('intraD', ('19', '6')), ('interA', ('20', '51'))]";"[('intraD', ('19', '6')), ('intraD', ('19', '20')), ('intraD', ('20', '6')), ('interA', ('19', '34')), ('interA', ('19', '32')), ('interA', ('19', '28')), ('interA', ('19', '26')), ('interA', ('19', '36'))]";"[('interA', ('19', '61')), ('interA', ('16', '6')), ('interA', ('19', '33')), ('interA', ('10', '6')), ('interA', ('19', '42')), ('interA', ('30', '6')), ('interA', ('19', '34')), ('interA', ('24', '6'))]";"[['19', '26', '28', '1', '27', '31', '3', '2', '4', '60', '6'], ['8', '21', '5', '18', '17'], ['32', '36', '33', '7', '35', '30', '38', '12'], ['25', '46', '54', '61', '57', '44', '16', '52', '9', '10', '59', '45', '56'], ['43', '13', '41', '11', '42', '15', '55', '40'], ['22', '58', '34', '14', '39', '37', '23'], ['20', '51'], ['48', '53', '29', '24', '50', '49', '47']]";"[['25', '61', '54', '57', '13', '44', '16', '31', '41', '52', '3', '9', '10', '20', '45', '55', '59', '56'], ['50', '48', '53', '29', '24', '58', '49', '51', '47'], ['43', '46', '11', '2', '42', '15', '60', '40'], ['14', '1', '23', '22', '4', '39', '37'], ['36', '33', '7', '35', '30', '38', '12'], ['8', '21', '5', '17', '18'], ['19', '34', '32', '26', '28'], ['27', '6']]";"[['34', '32', '14', '13', '26', '36', '3', '58', '30', '20', '49', '39', '37', '12'], ['25', '28', '44', '16', '7', '35', '9', '52', '4', '10', '59', '45', '38', '56'], ['43', '46', '27', '57', '11', '31', '41', '2', '42', '15', '55', '60', '40'], ['50', '54', '48', '53', '29', '24', '51', '47'], ['8', '21', '5', '23', '17', '22', '18'], ['61', '19', '33'], ['1'], ['6']]";"[6, 6, 0, 2, 2, 7, 1, 2, 0, 4, 5, 1, 0, 2, 5, 0, 2, 2, 7, 7, 2, 2, 2, 3, 0, 1, 4, 1, 3, 1, 0, 1, 1, 1, 1, 1, 1, 1, 1, 5, 0, 5, 5, 0, 0, 5, 3, 3, 3, 3, 3, 0, 3, 4, 0, 4, 0, 4, 0, 6, 4]";"[0, 0, 0, 0, 1, 0, 2, 1, 3, 3, 4, 2, 4, 5, 4, 3, 1, 1, 0, 6, 1, 5, 5, 7, 3, 0, 0, 0, 7, 2, 0, 2, 2, 5, 2, 2, 5, 2, 5, 4, 4, 4, 4, 3, 3, 3, 7, 7, 7, 7, 6, 3, 7, 3, 4, 3, 3, 5, 3, 0, 3]";"[3, 2, 0, 3, 5, 7, 4, 5, 0, 0, 2, 4, 0, 3, 2, 0, 5, 5, 6, 0, 5, 3, 3, 1, 0, 6, 7, 6, 1, 4, 0, 6, 4, 6, 4, 4, 3, 4, 3, 2, 0, 2, 2, 0, 0, 2, 1, 1, 1, 1, 1, 0, 1, 0, 0, 0, 0, 1, 0, 2, 0]";"[6, 2, 0, 1, 4, 7, 1, 4, 1, 1, 2, 0, 0, 0, 2, 1, 4, 4, 5, 0, 4, 4, 4, 3, 1, 0, 2, 1, 3, 0, 2, 0, 5, 0, 1, 0, 0, 1, 0, 2, 2, 2, 2, 1, 1, 2, 3, 3, 0, 3, 3, 1, 3, 3, 2, 1, 2, 0, 1, 2, 5]"
6;5;"aucs";"pmm_h";8;0.3075;0.2576;0.2088;0.2433;"{'19': 0.6388888888888888, '6': 0.6388888888888888, '20': 0.6911764705882353}";"{'19': 0.75, '6': 0.75, '20': 0.75}";"{'19': 0.75, '6': 0.75, '20': 0.75}";"{'19': 0.6730769230769231, '6': 0.6730769230769231, '20': 0.6911764705882353}";0.0;0.0;0.0;0.712962962962963;0.3413821459465809;0.427481493816134;0.4374320362289914;0.5900051729324274;0.6381076618811178;0.5941299474474895;0.3554589082183563;0.4420053396618214;0.4586903304773562;0.5983089819655287;0.6541369263759044;0.6083452312681243;0.0011;0.0414;0.0031;"['19', '6', '20']";"[('intraD', ('20', '6')), ('intraD', ('19', '20')), ('interA', ('19', '60')), ('interD', ('19', '27')), ('interD', ('19', '5')), ('intraD', ('19', '6')), ('interD', ('19', '31')), ('interD', ('20', '32'))]";"[('intraD', ('19', '6')), ('intraD', ('19', '20')), ('intraD', ('20', '6')), ('interA', ('19', '34')), ('interA', ('19', '32')), ('interA', ('19', '28')), ('interA', ('19', '26')), ('interA', ('19', '36'))]";"[('interA', ('19', '49')), ('interA', ('39', '6')), ('interA', ('19', '35')), ('interA', ('13', '6')), ('interA', ('19', '36')), ('interA', ('18', '6')), ('interA', ('19', '44')), ('interA', ('21', '6'))]";"[['1'], ['28', '57', '44', '7', '3', '58', '2', '4', '20', '43', '46', '54', '11', '31', '16', '33', '42', '59', '15', '38', '40'], ['8', '21', '5', '14', '23', '17', '22', '18'], ['27', '6'], ['34', '32', '26', '13', '36', '35', '9', '39', '30', '37', '12'], ['45', '10', '61', '55', '56', '41'], ['60', '19'], ['25', '50', '52', '48', '53', '29', '24', '49', '51', '47']]";"[['14', '61', '57', '23', '16', '31', '52', '3', '9', '22', '2', '58', '59'], ['32', '1', '36', '37', '33', '7', '35', '4', '30', '38', '12'], ['43', '25', '46', '13', '11', '42', '20', '15', '39', '40'], ['50', '48', '53', '29', '24', '49', '51', '47'], ['54', '44', '41', '10', '45', '55', '56'], ['8', '21', '5', '17', '18'], ['26', '19', '34', '28'], ['60', '27', '6']]";"[['34', '32', '28', '14', '26', '61', '36', '37', '33', '7', '3', '35', '58', '20', '30', '60', '38', '12'], ['54', '1', '57', '16', '41', '52', '9', '4', '10', '59', '45', '55', '56'], ['8', '21', '25', '5', '23', '17', '31', '22', '18'], ['50', '48', '53', '29', '24', '51', '47'], ['15', '2', '42', '40'], ['43', '27', '11', '46'], ['13', '39', '6'], ['44', '19', '49']]";"[6, 6, 0, 2, 2, 7, 1, 2, 0, 4, 5, 1, 0, 2, 5, 0, 2, 2, 7, 7, 2, 2, 2, 3, 0, 1, 4, 1, 3, 1, 0, 1, 1, 1, 1, 1, 1, 1, 1, 5, 0, 5, 5, 0, 0, 5, 3, 3, 3, 3, 3, 0, 3, 4, 0, 4, 0, 4, 0, 6, 4]";"[0, 1, 1, 1, 2, 3, 1, 2, 4, 5, 1, 4, 4, 2, 1, 1, 2, 2, 6, 1, 2, 2, 2, 7, 7, 4, 3, 1, 7, 4, 1, 4, 1, 4, 4, 4, 4, 1, 4, 1, 5, 1, 1, 1, 5, 1, 7, 7, 7, 7, 7, 7, 7, 1, 5, 5, 1, 1, 1, 6, 5]";"[1, 0, 0, 1, 5, 7, 1, 5, 0, 4, 2, 1, 2, 0, 2, 0, 5, 5, 6, 2, 5, 0, 0, 3, 2, 6, 7, 6, 3, 1, 0, 1, 1, 6, 1, 1, 1, 1, 2, 2, 4, 2, 2, 4, 4, 2, 3, 3, 3, 3, 3, 0, 3, 4, 4, 4, 0, 0, 0, 7, 0]";"[1, 4, 0, 1, 2, 6, 0, 2, 1, 1, 5, 0, 6, 0, 4, 1, 2, 2, 7, 0, 2, 2, 2, 3, 2, 0, 5, 0, 3, 0, 2, 0, 0, 0, 0, 0, 0, 0, 6, 4, 1, 4, 5, 7, 1, 5, 3, 3, 7, 3, 3, 1, 3, 1, 1, 1, 1, 0, 1, 0, 0]"
7;5;"aucs";"pmm_h";8;0.3075;0.2411;0.2277;0.2492;"{'19': 0.6388888888888888, '6': 0.6388888888888888, '20': 0.6911764705882353}";"{'19': 0.6875, '6': 0.75, '20': 0.71875}";"{'19': 0.75, '6': 0.75, '20': 0.75}";"{'19': 0.6730769230769231, '6': 0.6730769230769231, '20': 0.6911764705882353}";0.0;0.2951388888888889;0.0;0.7111111111111111;0.3284265398021941;0.4203541961893761;0.4063377062556218;0.5497161839743511;0.63494538133033;0.5700214068374182;0.330725467252335;0.4348534729979457;0.4245921295215284;0.5412040772491562;0.6495662058714273;0.5805579864757314;0.0011;0.1238;0.0029;"['19', '6', '20']";"[('interA', ('20', '33')), ('interD', ('20', '52')), ('intraD', ('20', '6')), ('intraD', ('19', '6')), ('interD', ('27', '6')), ('interA', ('20', '36')), ('interD', ('3', '6')), ('interD', ('20', '25'))]";"[('intraD', ('19', '6')), ('intraD', ('19', '20')), ('intraD', ('20', '6')), ('interA', ('19', '34')), ('interA', ('19', '32')), ('interA', ('19', '28')), ('interA', ('19', '26')), ('interA', ('19', '36'))]";"[('interA', ('17', '19')), ('interA', ('18', '6')), ('interA', ('19', '57')), ('interA', ('59', '6')), ('interA', ('19', '61')), ('interA', ('31', '6')), ('interA', ('19', '30')), ('interA', ('34', '6'))]";"[['34', '14', '26', '13', '1', '28', '32', '39', '58', '4', '30', '37', '12'], ['43', '46', '27', '11', '2', '42', '15', '40'], ['25', '50', '57', '31', '52', '3', '48', '29', '24', '53', '51', '60', '38', '47'], ['8', '21', '5', '23', '17', '22', '18', '6'], ['54', '44', '41', '16', '35', '7', '59', '55'], ['9', '45', '10', '49', '61', '56'], ['19'], ['36', '33', '20']]";"[['61', '1', '57', '44', '16', '31', '2', '10', '59', '15', '38', '56', '40'], ['43', '46', '54', '11', '35', '42', '30', '39', '60', '37'], ['19', '34', '32', '28', '26', '36', '33', '7', '12'], ['8', '21', '5', '14', '23', '17', '22', '18'], ['50', '48', '53', '29', '24', '49', '51', '47'], ['25', '52', '3', '58', '4', '20'], ['13', '41', '9', '45', '55'], ['27', '6']]";"[['32', '26', '13', '54', '36', '37', '33', '7', '35', '30', '20', '39', '60', '38', '12'], ['25', '50', '1', '52', '48', '53', '29', '24', '49', '51', '45', '47'], ['34', '14', '28', '44', '16', '3', '58', '4'], ['41', '9', '2', '10', '55', '56', '40'], ['8', '21', '5', '23', '17', '22', '18'], ['43', '46', '27', '11', '42', '15'], ['31', '6', '59'], ['61', '57', '19']]";"[6, 6, 0, 2, 2, 7, 1, 2, 0, 4, 5, 1, 0, 2, 5, 0, 2, 2, 7, 7, 2, 2, 2, 3, 0, 1, 4, 1, 3, 1, 0, 1, 1, 1, 1, 1, 1, 1, 1, 5, 0, 5, 5, 0, 0, 5, 3, 3, 3, 3, 3, 0, 3, 4, 0, 4, 0, 4, 0, 6, 4]";"[0, 1, 2, 0, 3, 3, 4, 3, 5, 5, 1, 0, 0, 0, 1, 4, 3, 3, 6, 7, 3, 3, 3, 2, 2, 0, 1, 0, 2, 0, 2, 0, 7, 0, 4, 7, 0, 2, 0, 1, 4, 1, 1, 4, 5, 1, 2, 2, 5, 2, 2, 2, 2, 4, 4, 5, 2, 0, 4, 2, 5]";"[0, 0, 5, 5, 3, 7, 2, 3, 6, 0, 1, 2, 6, 3, 0, 0, 3, 3, 2, 5, 3, 3, 3, 4, 5, 2, 7, 2, 4, 1, 0, 2, 2, 2, 1, 2, 1, 0, 1, 0, 6, 1, 1, 0, 6, 1, 4, 4, 4, 4, 4, 5, 4, 1, 6, 0, 0, 5, 0, 1, 0]";"[1, 3, 2, 2, 4, 6, 0, 4, 3, 3, 5, 0, 0, 2, 5, 2, 4, 4, 7, 0, 4, 4, 4, 1, 1, 0, 5, 2, 1, 0, 6, 0, 0, 2, 0, 0, 0, 0, 0, 3, 3, 5, 5, 2, 1, 5, 1, 1, 1, 1, 1, 1, 1, 0, 3, 3, 7, 2, 6, 0, 7]"
8;5;"aucs";"pmm_h";8;0.3075;0.2083;0.2594;0.2187;"{'19': 0.6388888888888888, '6': 0.6388888888888888, '20': 0.6911764705882353}";"{'19': 0.9285714285714286, '6': 0.9285714285714286, '20': 0.6875}";"{'19': 0.75, '6': 0.75, '20': 0.75}";"{'19': 0.6730769230769231, '6': 0.6730769230769231, '20': 0.6911764705882353}";0.0;0.375;0.0;0.5208333333333334;0.2928504917226855;0.4268744299513192;0.395384387790325;0.5458106613699356;0.68262181064246;0.5967627034502145;0.2810071162704468;0.4533360067912775;0.4001195448755808;0.520939224316183;0.7017559527171395;0.5968000010958127;0.0012;0.0453;0.0031;"['19', '6', '20']";"[('interD', ('20', '5')), ('interA', ('20', '59')), ('interD', ('5', '6')), ('intraD', ('19', '6')), ('interD', ('2', '6')), ('interA', ('6', '60')), ('interD', ('19', '27')), ('interD', ('20', '32'))]";"[('intraD', ('19', '6')), ('intraD', ('19', '20')), ('intraD', ('20', '6')), ('interA', ('19', '34')), ('interA', ('19', '32')), ('interA', ('19', '28')), ('interA', ('19', '26')), ('interA', ('19', '36'))]";"[('interA', ('19', '7')), ('interA', ('33', '6')), ('interA', ('19', '26')), ('interA', ('22', '6')), ('interA', ('19', '35')), ('interA', ('1', '6')), ('interA', ('19', '61')), ('interA', ('21', '6'))]";"[['53', '9', '2', '51', '45', '56', '50', '34', '61', '1', '41', '29', '24', '10', '55', '47'], ['57', '36', '44', '7', '3', '58', '4', '49', '12', '25', '26', '31', '16', '33', '35', '52', '48', '38', '30', '37'], ['8', '21', '5', '14', '23', '17', '22', '18'], ['60', '6'], ['43', '46', '54', '27', '11', '42', '15', '40'], ['13', '39', '32'], ['59', '19', '20'], ['28']]";"[['14', '9', '45', '55', '12', '25', '35', '37', '13', '36', '7', '3', '58', '2', '20', '60', '32', '41', '33', '39', '30', '38'], ['50', '48', '53', '29', '24', '49', '51', '47'], ['8', '21', '5', '23', '17', '22', '18'], ['54', '57', '44', '16', '31', '52', '59'], ['19', '34', '26', '28', '27', '6'], ['43', '46', '11', '42', '15', '40'], ['61', '56', '10'], ['1', '4']]";"[['34', '32', '14', '28', '36', '37', '33', '3', '58', '30', '39', '38', '12'], ['8', '5', '13', '23', '17', '41', '9', '2', '55', '60', '18'], ['43', '46', '57', '44', '31', '11', '16', '42', '59', '15', '40'], ['50', '52', '48', '53', '29', '24', '49', '51', '47'], ['25', '54', '4', '10', '45', '56'], ['19', '26', '61', '35', '7', '20'], ['1', '21', '6', '22'], ['27']]";"[6, 6, 0, 2, 2, 7, 1, 2, 0, 4, 5, 1, 0, 2, 5, 0, 2, 2, 7, 7, 2, 2, 2, 3, 0, 1, 4, 1, 3, 1, 0, 1, 1, 1, 1, 1, 1, 1, 1, 5, 0, 5, 5, 0, 0, 5, 3, 3, 3, 3, 3, 0, 3, 4, 0, 4, 0, 4, 0, 6, 4]";"[0, 0, 1, 1, 2, 3, 1, 2, 0, 0, 4, 1, 5, 2, 4, 1, 2, 2, 6, 6, 2, 2, 2, 0, 1, 1, 4, 7, 0, 1, 1, 5, 1, 0, 1, 1, 1, 1, 5, 4, 0, 4, 4, 1, 0, 4, 0, 1, 1, 0, 0, 1, 0, 4, 0, 0, 1, 1, 6, 3, 0]";"[7, 0, 0, 7, 2, 4, 0, 2, 0, 6, 5, 0, 0, 0, 5, 3, 2, 2, 4, 0, 2, 2, 2, 1, 0, 4, 4, 4, 1, 0, 3, 0, 0, 4, 0, 0, 0, 0, 0, 5, 0, 5, 5, 3, 0, 5, 1, 1, 1, 1, 1, 3, 1, 3, 0, 6, 3, 0, 3, 0, 6]";"[6, 1, 0, 4, 1, 6, 5, 1, 1, 4, 2, 0, 1, 0, 2, 2, 1, 1, 5, 5, 6, 6, 1, 3, 4, 5, 7, 0, 3, 0, 2, 0, 0, 0, 5, 0, 0, 0, 0, 2, 1, 2, 2, 2, 4, 2, 3, 3, 3, 3, 3, 3, 3, 4, 1, 4, 2, 0, 2, 1, 5]"
9;5;"aucs";"pmm_h";8;0.3075;0.1936;0.2487;0.2429;"{'19': 0.6388888888888888, '6': 0.6388888888888888, '20': 0.6911764705882353}";"{'19': 0.6944444444444444, '6': 0.75, '20': 0.7222222222222222}";"{'19': 0.75, '6': 0.75, '20': 0.75}";"{'19': 0.6730769230769231, '6': 0.6730769230769231, '20': 0.6911764705882353}";0.0;0.2083333333333333;0.0;0.7232905982905984;0.271331758561978;0.4209388511426806;0.4105795227459739;0.5382062524505793;0.640518934038557;0.5699382175567419;0.2620478913784743;0.450272836138746;0.4259004020018049;0.5192654883693668;0.666277755807048;0.581938153991187;0.0011;0.0433;0.0032;"['19', '6', '20']";"[('intraD', ('19', '6')), ('interA', ('25', '6')), ('interA', ('2', '20')), ('interD', ('19', '27')), ('interA', ('20', '38')), ('interA', ('14', '19')), ('interA', ('19', '37')), ('intraD', ('20', '6'))]";"[('intraD', ('19', '6')), ('intraD', ('19', '20')), ('intraD', ('20', '6')), ('interA', ('19', '34')), ('interA', ('19', '32')), ('interA', ('19', '28')), ('interA', ('19', '26')), ('interA', ('19', '36'))]";"[('interA', ('19', '34')), ('interA', ('46', '6')), ('interA', ('19', '51')), ('interA', ('54', '6')), ('interA', ('19', '8')), ('interA', ('1', '6')), ('interA', ('19', '44')), ('interA', ('6', '7'))]";"[['1'], ['38', '2', '19', '20'], ['14', '54', '36', '16', '33', '7', '3', '35', '52', '58', '4', '59', '30', '60', '55'], ['8', '21', '22', '5', '18', '23', '17'], ['25', '6'], ['34', '32', '26', '13', '28', '61', '44', '9', '10', '45', '39', '37', '56', '12'], ['43', '27', '11', '46'], ['50', '57', '31', '41', '48', '53', '29', '24', '42', '49', '51', '15', '47', '40']]";"[['32', '14', '13', '41', '52', '3', '9', '58', '4', '20', '49', '45', '39', '55'], ['43', '25', '46', '1', '11', '2', '42', '15', '40'], ['8', '21', '5', '27', '23', '17', '22', '18', '6'], ['54', '36', '37', '33', '7', '35', '30', '38', '12'], ['50', '48', '53', '29', '24', '51', '47'], ['57', '44', '16', '31', '59', '60'], ['26', '19', '34', '28'], ['61', '56', '10']]";"[['21', '25', '5', '14', '57', '16', '17', '23', '3', '22', '58', '2', '4', '59', '18'], ['34', '28', '26', '36', '31', '37', '33', '35', '30', '20', '39', '38', '12'], ['61', '41', '9', '42', '10', '45', '55', '60', '56', '15', '40'], ['50', '52', '48', '53', '29', '24', '49', '51', '47'], ['54', '1', '6', '7'], ['43', '27', '11', '46'], ['8', '44', '19'], ['13', '32']]";"[6, 6, 0, 2, 2, 7, 1, 2, 0, 4, 5, 1, 0, 2, 5, 0, 2, 2, 7, 7, 2, 2, 2, 3, 0, 1, 4, 1, 3, 1, 0, 1, 1, 1, 1, 1, 1, 1, 1, 5, 0, 5, 5, 0, 0, 5, 3, 3, 3, 3, 3, 0, 3, 4, 0, 4, 0, 4, 0, 6, 4]";"[0, 1, 2, 2, 3, 4, 2, 3, 5, 5, 6, 5, 5, 2, 7, 2, 3, 3, 1, 1, 3, 3, 3, 7, 4, 5, 6, 5, 7, 2, 7, 5, 2, 5, 2, 2, 5, 1, 5, 7, 7, 7, 6, 5, 5, 6, 7, 7, 7, 7, 7, 2, 7, 2, 2, 5, 7, 2, 2, 2, 5]";"[1, 1, 0, 0, 2, 2, 3, 2, 0, 7, 1, 3, 0, 0, 1, 5, 2, 2, 6, 0, 2, 2, 2, 4, 1, 6, 2, 6, 4, 3, 5, 0, 3, 6, 3, 3, 3, 3, 0, 1, 0, 1, 1, 5, 0, 1, 4, 4, 0, 4, 4, 0, 4, 3, 0, 7, 5, 0, 5, 5, 7]";"[4, 0, 0, 0, 0, 4, 4, 6, 2, 2, 5, 1, 7, 0, 2, 0, 0, 0, 6, 1, 0, 0, 0, 3, 0, 1, 5, 1, 3, 1, 1, 7, 1, 1, 1, 1, 1, 1, 1, 2, 2, 2, 5, 6, 2, 5, 3, 3, 3, 3, 3, 3, 3, 4, 2, 2, 0, 0, 0, 2, 2]"
10;5;"aucs";"pmm_h";8;0.3075;0.2223;0.1962;0.2472;"{'19': 0.6388888888888888, '6': 0.6388888888888888, '20': 0.6911764705882353}";"{'19': 0.9166666666666667, '6': 0.9375, '20': 0.6785714285714286}";"{'19': 0.75, '6': 0.75, '20': 0.75}";"{'19': 0.6730769230769231, '6': 0.6730769230769231, '20': 0.6911764705882353}";0.0;0.46875;0.0;0.6833333333333333;0.3632537909956506;0.4091101651133475;0.3922976531621701;0.5767675784932863;0.62660608018067;0.5964773777179595;0.3628283035940106;0.4372184359477879;0.4062275494384996;0.5673110139294095;0.6520807893630312;0.606366677010468;0.0011;0.0439;0.0032;"['19', '6', '20']";"[('interD', ('11', '19')), ('interD', ('15', '19')), ('interD', ('14', '20')), ('interD', ('20', '45')), ('interD', ('19', '2')), ('interA', ('19', '33')), ('intraD', ('19', '6')), ('interD', ('20', '28'))]";"[('intraD', ('19', '6')), ('intraD', ('19', '20')), ('intraD', ('20', '6')), ('interA', ('19', '34')), ('interA', ('19', '32')), ('interA', ('19', '28')), ('interA', ('19', '26')), ('interA', ('19', '36'))]";"[('interA', ('19', '60')), ('interA', ('54', '6')), ('interA', ('19', '47')), ('interA', ('14', '6')), ('interA', ('14', '19')), ('interA', ('50', '6')), ('interA', ('19', '8')), ('interA', ('11', '6'))]";"[['43', '46', '13', '1', '44', '11', '41', '9', '2', '42', '15', '55', '40'], ['14', '23', '17', '3', '22', '48', '58', '49', '18'], ['36', '7', '4', '45', '56', '12', '34', '32', '26', '61', '37', '35', '30', '10', '39', '38'], ['8', '21', '25', '5', '28', '54', '27', '6'], ['59', '57', '16', '31', '52'], ['33', '19', '20'], ['53', '29', '24', '50', '51', '47'], ['60']]";"[['25', '13', '61', '57', '16', '31', '41', '9', '2', '20', '39', '55'], ['50', '1', '48', '53', '29', '24', '49', '51', '60', '47'], ['14', '54', '44', '23', '17', '22', '10', '37', '18', '56'], ['27', '33', '35', '7', '30', '38', '6', '12'], ['52', '3', '58', '4', '59', '45'], ['43', '46', '11', '42', '15', '40'], ['19', '34', '32', '26', '28', '36'], ['8', '21', '5']]";"[['32', '26', '13', '61', '41', '3', '9', '58', '20', '10', '45', '39', '59', '55', '56'], ['25', '34', '1', '27', '36', '37', '33', '7', '35', '4', '30', '38', '12'], ['50', '57', '31', '52', '48', '53', '29', '24', '49', '51', '47'], ['21', '5', '14', '23', '17', '22', '2', '18'], ['43', '46', '44', '11', '16', '42', '15', '40'], ['8', '60', '19'], ['54', '6'], ['28']]";"[6, 6, 0, 2, 2, 7, 1, 2, 0, 4, 5, 1, 0, 2, 5, 0, 2, 2, 7, 7, 2, 2, 2, 3, 0, 1, 4, 1, 3, 1, 0, 1, 1, 1, 1, 1, 1, 1, 1, 5, 0, 5, 5, 0, 0, 5, 3, 3, 3, 3, 3, 0, 3, 4, 0, 4, 0, 4, 0, 6, 4]";"[0, 0, 1, 2, 3, 3, 2, 3, 0, 2, 0, 2, 0, 1, 0, 4, 1, 1, 5, 5, 3, 1, 1, 6, 3, 2, 3, 3, 6, 2, 4, 2, 5, 2, 2, 2, 2, 2, 2, 0, 0, 0, 0, 0, 2, 0, 6, 1, 1, 6, 6, 4, 6, 3, 0, 2, 4, 1, 4, 7, 2]";"[1, 0, 4, 4, 7, 3, 3, 7, 0, 2, 5, 3, 0, 2, 5, 0, 2, 2, 6, 0, 7, 2, 2, 1, 0, 6, 3, 6, 1, 3, 0, 6, 3, 6, 3, 6, 2, 3, 0, 5, 0, 5, 5, 2, 4, 5, 1, 1, 1, 1, 1, 4, 1, 2, 0, 2, 0, 4, 4, 1, 0]";"[1, 3, 0, 1, 3, 6, 1, 5, 0, 0, 4, 1, 0, 3, 4, 4, 3, 3, 5, 0, 3, 3, 3, 2, 1, 0, 1, 7, 2, 1, 2, 0, 1, 1, 1, 1, 1, 1, 0, 4, 0, 4, 4, 4, 0, 4, 2, 2, 2, 2, 2, 2, 2, 6, 0, 0, 2, 0, 0, 5, 0]"
11;5;"aucs";"pmm_h";8;0.3075;0.2623;0.1933;0.2025;"{'19': 0.6388888888888888, '6': 0.6388888888888888, '20': 0.6911764705882353}";"{'19': 0.6071428571428572, '6': 0.9444444444444444, '20': 0.9642857142857143}";"{'19': 0.75, '6': 0.75, '20': 0.75}";"{'19': 0.6730769230769231, '6': 0.6730769230769231, '20': 0.6911764705882353}";0.0;0.3333333333333333;0.0;0.7242063492063493;0.5622084763603619;0.3457963578247887;0.3261450644336431;0.6983415173210115;0.5839969884534001;0.5750449443913334;0.5593101340118839;0.358849779730287;0.3394456685999882;0.6824549641712684;0.5969161864669417;0.587890198557857;0.0011;0.0441;0.0031;"['19', '6', '20']";"[('interA', ('22', '6')), ('interD', ('19', '5')), ('interD', ('20', '25')), ('interD', ('19', '27')), ('intraD', ('20', '6')), ('interD', ('20', '46')), ('interA', ('15', '6')), ('interD', ('26', '6'))]";"[('intraD', ('19', '6')), ('intraD', ('19', '20')), ('intraD', ('20', '6')), ('interA', ('19', '34')), ('interA', ('19', '32')), ('interA', ('19', '28')), ('interA', ('19', '26')), ('interA', ('19', '36'))]";"[('interA', ('19', '44')), ('interA', ('47', '6')), ('interA', ('19', '42')), ('interA', ('56', '6')), ('interA', ('19', '3')), ('interA', ('6', '61')), ('interA', ('19', '59')), ('interA', ('45', '6'))]";"[['43', '46', '1', '11', '2', '42', '15', '40'], ['26', '13', '28', '57', '16', '31', '52', '3', '9', '4', '59', '45'], ['8', '21', '25', '5', '14', '23', '17', '58', '18'], ['22', '27', '6'], ['34', '32', '54', '36', '44', '33', '7', '35', '39', '38', '30', '60', '37', '12'], ['10', '61', '55', '56', '41'], ['19', '20'], ['50', '48', '53', '29', '24', '49', '51', '47']]";"[['25', '50', '1', '23', '31', '3', '48', '29', '24', '2', '53', '49', '51', '47'], ['13', '54', '57', '44', '16', '41', '52', '58', '4', '20', '45', '39', '55'], ['43', '12', '46', '11', '37', '33', '7', '35', '42', '15', '30', '38', '40'], ['14', '61', '9', '22', '10', '59', '56'], ['19', '34', '32', '26', '28', '36'], ['8', '21', '5', '17', '18'], ['27', '6'], ['60']]";"[['32', '28', '13', '54', '26', '36', '41', '7', '4', '20', '45', '30', '55', '12'], ['8', '21', '25', '5', '57', '16', '17', '23', '31', '52', '9', '38', '18'], ['34', '14', '33', '35', '22', '58', '10', '39', '37', '40'], ['50', '48', '53', '29', '24', '49', '51', '47'], ['43', '46', '27', '11', '42', '15', '60'], ['3', '44', '19', '59'], ['61', '56', '6'], ['1', '2']]";"[6, 6, 0, 2, 2, 7, 1, 2, 0, 4, 5, 1, 0, 2, 5, 0, 2, 2, 7, 7, 2, 2, 2, 3, 0, 1, 4, 1, 3, 1, 0, 1, 1, 1, 1, 1, 1, 1, 1, 5, 0, 5, 5, 0, 0, 5, 3, 3, 3, 3, 3, 0, 3, 4, 0, 4, 0, 4, 0, 6, 4]";"[0, 0, 1, 1, 2, 3, 4, 2, 1, 5, 0, 4, 1, 2, 0, 1, 2, 2, 6, 6, 2, 3, 2, 7, 2, 1, 3, 1, 7, 4, 1, 4, 4, 4, 4, 4, 4, 4, 4, 0, 5, 0, 0, 4, 1, 0, 7, 7, 7, 7, 7, 1, 7, 4, 5, 5, 1, 2, 1, 4, 5]";"[0, 0, 0, 1, 5, 6, 2, 5, 3, 3, 2, 2, 1, 3, 2, 1, 5, 5, 4, 1, 5, 3, 0, 0, 0, 4, 6, 4, 0, 2, 0, 4, 2, 4, 2, 4, 2, 2, 1, 2, 1, 2, 2, 1, 1, 2, 0, 0, 0, 0, 0, 1, 0, 1, 1, 3, 1, 1, 3, 7, 3]";"[7, 7, 5, 0, 1, 6, 0, 1, 1, 2, 4, 0, 0, 2, 4, 1, 1, 1, 5, 0, 1, 2, 1, 3, 1, 0, 4, 0, 3, 0, 1, 0, 2, 2, 2, 0, 2, 1, 2, 2, 0, 4, 4, 5, 0, 4, 3, 3, 3, 3, 3, 1, 3, 0, 0, 6, 1, 2, 5, 4, 6]"
12;5;"aucs";"pmm_h";8;0.3075;0.2034;0.1762;0.1432;"{'19': 0.6388888888888888, '6': 0.6388888888888888, '20': 0.6911764705882353}";"{'19': 0.75, '6': 0.75, '20': 0.75}";"{'19': 0.75, '6': 0.75, '20': 0.75}";"{'19': 0.6730769230769231, '6': 0.6730769230769231, '20': 0.6911764705882353}";0.0;0.0;0.0;0.525;0.2669973349460557;0.3122706655462009;0.3385661575121677;0.5323169655360659;0.5781324769212011;0.5605814111419741;0.2800932452771744;0.3293585789719326;0.3396337685208335;0.5404184144609266;0.5958359217724886;0.557319072829382;0.0012;0.0469;0.0031;"['19', '6', '20']";"[('interA', ('51', '6')), ('interA', ('25', '6')), ('interA', ('20', '35')), ('interD', ('28', '6')), ('interA', ('19', '55')), ('intraD', ('19', '6')), ('intraD', ('19', '20')), ('intraD', ('20', '6'))]";"[('intraD', ('19', '6')), ('intraD', ('19', '20')), ('intraD', ('20', '6')), ('interA', ('19', '34')), ('interA', ('19', '32')), ('interA', ('19', '28')), ('interA', ('19', '26')), ('interA', ('19', '36'))]";"[('interA', ('17', '19')), ('interA', ('32', '6')), ('interA', ('19', '25')), ('interA', ('51', '6')), ('interA', ('19', '49')), ('interA', ('42', '6')), ('interA', ('19', '38')), ('interA', ('43', '6'))]";"[['28', '36', '7', '2', '20', '60', '12', '43', '34', '46', '54', '1', '11', '33', '35', '42', '15', '30', '38', '40'], ['32', '26', '13', '3', '58', '4', '59', '45', '39'], ['8', '21', '5'], ['25', '27', '6', '51'], ['9', '41', '10', '61', '44', '16', '56'], ['22', '14', '18', '37', '23', '17'], ['55', '19'], ['50', '57', '31', '52', '48', '53', '29', '24', '49', '47']]";"[['61', '1', '57', '44', '16', '31', '52', '2', '4', '10', '59', '56'], ['43', '46', '13', '41', '11', '9', '20', '45', '30', '60', '55'], ['50', '48', '53', '29', '24', '49', '51', '47'], ['14', '23', '7', '58', '22', '37', '12'], ['33', '35', '42', '15', '39', '38', '40'], ['19', '34', '32', '26', '28', '36'], ['25', '54', '27', '3', '6'], ['8', '21', '5', '17', '18']]";"[['28', '54', '57', '36', '16', '31', '41', '7', '3', '9', '35', '44', '52', '59', '45', '30', '55', '12'], ['34', '61', '23', '17', '33', '22', '2', '10', '15', '37', '56', '40'], ['50', '48', '53', '29', '24', '51', '47'], ['32', '26', '13', '1', '39', '60'], ['43', '46', '27', '11', '42', '6'], ['25', '19', '20', '49', '38'], ['8', '21', '18', '5'], ['58', '4', '14']]";"[6, 6, 0, 2, 2, 7, 1, 2, 0, 4, 5, 1, 0, 2, 5, 0, 2, 2, 7, 7, 2, 2, 2, 3, 0, 1, 4, 1, 3, 1, 0, 1, 1, 1, 1, 1, 1, 1, 1, 5, 0, 5, 5, 0, 0, 5, 3, 3, 3, 3, 3, 0, 3, 4, 0, 4, 0, 4, 0, 6, 4]";"[0, 0, 1, 1, 2, 3, 0, 2, 4, 4, 0, 0, 1, 5, 0, 4, 5, 5, 6, 0, 2, 5, 5, 7, 3, 1, 3, 0, 7, 0, 7, 1, 0, 0, 0, 0, 5, 0, 1, 0, 4, 0, 0, 4, 1, 0, 7, 7, 7, 7, 3, 7, 7, 0, 6, 4, 7, 1, 1, 0, 4]";"[0, 0, 6, 0, 7, 6, 3, 7, 1, 0, 1, 3, 1, 3, 4, 0, 7, 7, 5, 1, 7, 3, 3, 2, 6, 5, 6, 5, 2, 1, 0, 5, 4, 5, 4, 5, 3, 4, 4, 4, 1, 4, 1, 0, 1, 1, 2, 2, 2, 2, 2, 0, 2, 6, 1, 0, 0, 3, 0, 1, 0]";"[3, 1, 0, 7, 6, 4, 0, 6, 0, 1, 4, 0, 3, 7, 1, 0, 1, 6, 5, 5, 6, 1, 1, 2, 5, 3, 4, 0, 2, 0, 0, 3, 1, 1, 0, 0, 1, 5, 3, 1, 0, 4, 4, 0, 0, 4, 2, 2, 5, 2, 2, 0, 2, 0, 0, 1, 0, 7, 0, 3, 1]"
13;5;"aucs";"pmm_h";8;0.3075;0.232;0.2241;0.2907;"{'19': 0.6388888888888888, '6': 0.6388888888888888, '20': 0.6911764705882353}";"{'19': 0.75, '6': 0.75, '20': 0.75}";"{'19': 0.75, '6': 0.75, '20': 0.75}";"{'19': 0.6730769230769231, '6': 0.6730769230769231, '20': 0.6911764705882353}";0.0;0.0;0.0;0.4833333333333333;0.4141369520330368;0.3883172866352648;0.5946715605619541;0.5890745212023338;0.5995367337476715;0.697627913569599;0.431763492609144;0.4132073030953018;0.6025120162397488;0.6025148190903248;0.6205982359846687;0.7020775720938712;0.0011;0.0423;0.0031;"['19', '6', '20']";"[('interA', ('19', '54')), ('intraD', ('19', '20')), ('interA', ('14', '6')), ('interA', ('19', '28')), ('intraD', ('20', '6')), ('intraD', ('19', '6')), ('interD', ('2', '6')), ('interA', ('19', '55'))]";"[('intraD', ('19', '6')), ('intraD', ('19', '20')), ('intraD', ('20', '6')), ('interA', ('19', '34')), ('interA', ('19', '32')), ('interA', ('19', '28')), ('interA', ('19', '26')), ('interA', ('19', '36'))]";"[('interA', ('19', '52')), ('interA', ('41', '6')), ('interA', ('14', '19')), ('interA', ('36', '6')), ('interA', ('19', '46')), ('interA', ('55', '6')), ('interA', ('19', '24')), ('interA', ('48', '6'))]";"[['8', '21', '5', '1', '23', '17', '9', '22', '18'], ['61', '56', '2', '10'], ['44', '16', '52', '3', '4', '59', '45', '60'], ['27', '6', '14'], ['34', '32', '26', '13', '36', '33', '7', '39', '58', '20', '30', '37', '12'], ['43', '25', '46', '57', '11', '31', '41', '35', '42', '49', '15', '38', '40'], ['54', '55', '19', '28'], ['48', '53', '29', '24', '50', '51', '47']]";"[['32', '13', '54', '36', '37', '33', '7', '35', '4', '20', '30', '38', '12'], ['25', '50', '48', '53', '29', '24', '49', '51', '39', '47'], ['43', '46', '1', '11', '41', '2', '42', '15', '40'], ['14', '27', '23', '3', '22', '58', '60', '6'], ['61', '57', '31', '9', '10', '45', '55', '56'], ['8', '21', '5', '17', '18'], ['44', '16', '59', '52'], ['26', '19', '34', '28']]";"[['34', '32', '28', '13', '26', '36', '31', '37', '33', '7', '35', '2', '30', '39', '38', '12'], ['25', '1', '57', '44', '16', '52', '3', '58', '4', '59', '45'], ['43', '54', '11', '42', '10', '15', '56', '40'], ['50', '48', '53', '29', '24', '49', '51', '47'], ['8', '21', '5', '23', '17', '22', '18'], ['19', '46', '14', '27', '20'], ['55', '41', '6'], ['61', '9', '60']]";"[6, 6, 0, 2, 2, 7, 1, 2, 0, 4, 5, 1, 0, 2, 5, 0, 2, 2, 7, 7, 2, 2, 2, 3, 0, 1, 4, 1, 3, 1, 0, 1, 1, 1, 1, 1, 1, 1, 1, 5, 0, 5, 5, 0, 0, 5, 3, 3, 3, 3, 3, 0, 3, 4, 0, 4, 0, 4, 0, 6, 4]";"[0, 1, 2, 2, 0, 3, 4, 0, 0, 1, 5, 4, 4, 3, 5, 2, 0, 0, 6, 4, 0, 0, 0, 7, 5, 4, 3, 6, 7, 4, 5, 4, 4, 4, 5, 4, 4, 5, 4, 5, 5, 5, 5, 2, 2, 5, 7, 7, 5, 7, 7, 2, 7, 6, 6, 1, 5, 4, 2, 2, 1]";"[2, 2, 3, 0, 5, 3, 0, 5, 4, 4, 2, 0, 0, 3, 2, 6, 5, 5, 7, 0, 5, 3, 3, 1, 1, 7, 3, 7, 1, 0, 4, 0, 0, 7, 0, 0, 0, 0, 1, 2, 2, 2, 2, 6, 4, 2, 1, 1, 1, 1, 1, 6, 1, 0, 4, 4, 4, 3, 6, 3, 4]";"[1, 0, 1, 1, 4, 6, 0, 4, 7, 2, 2, 0, 0, 5, 2, 1, 4, 4, 5, 5, 4, 4, 4, 3, 1, 0, 5, 0, 3, 0, 0, 0, 0, 0, 0, 0, 0, 0, 0, 2, 6, 2, 2, 1, 1, 5, 3, 3, 3, 3, 3, 1, 3, 2, 6, 2, 1, 1, 1, 7, 7]"
14;5;"aucs";"pmm_h";8;0.3075;0.1937;0.1759;0.2029;"{'19': 0.6388888888888888, '6': 0.6388888888888888, '20': 0.6911764705882353}";"{'19': 0.75, '6': 0.75, '20': 0.75}";"{'19': 0.75, '6': 0.75, '20': 0.75}";"{'19': 0.6730769230769231, '6': 0.6730769230769231, '20': 0.6911764705882353}";0.0;0.0;0.0;0.5729166666666667;0.3134210999281093;0.2546988443906114;0.2802440001781023;0.5239423713797615;0.5501867171055693;0.5288061288425663;0.3256238611901473;0.2630608515697239;0.3045712404658187;0.5282413015022994;0.5553045541657105;0.5374292291901159;0.0013;0.0608;0.0031;"['19', '6', '20']";"[('interA', ('19', '34')), ('intraD', ('19', '20')), ('interD', ('20', '3')), ('intraD', ('20', '6')), ('interA', ('19', '48')), ('intraD', ('19', '6')), ('interA', ('19', '40')), ('interD', ('20', '46'))]";"[('intraD', ('19', '6')), ('intraD', ('19', '20')), ('intraD', ('20', '6')), ('interA', ('19', '34')), ('interA', ('19', '32')), ('interA', ('19', '28')), ('interA', ('19', '26')), ('interA', ('19', '36'))]";"[('interA', ('14', '19')), ('interA', ('51', '6')), ('interA', ('19', '55')), ('interA', ('12', '6')), ('interA', ('19', '53')), ('interA', ('48', '6')), ('interA', ('19', '47')), ('interA', ('6', '9'))]";"[['8', '21', '5', '1', '57', '16', '31', '2', '4', '59', '18'], ['13', '36', '7', '3', '20', '45', '56', '12', '25', '32', '26', '61', '37', '33', '35', '30', '39', '38'], ['27', '6'], ['43', '46', '28', '44', '11', '41', '9', '58', '42', '15', '55', '40'], ['22', '14', '10', '49', '60', '23', '17'], ['48', '19', '34'], ['53', '29', '24', '50', '51', '47', '52'], ['54']]";"[['25', '54', '61', '36', '33', '7', '3', '9', '35', '2', '48', '58', '49', '45', '30', '60', '38', '12'], ['43', '46', '27', '11', '41', '42', '20', '15', '55', '6', '40'], ['14', '1', '23', '22', '4', '10', '39', '37', '56'], ['57', '44', '16', '31', '52', '59'], ['50', '53', '29', '24', '51', '47'], ['8', '21', '5', '17', '18'], ['26', '19', '34', '28'], ['13', '32']]";"[['25', '50', '19', '14', '28', '57', '31', '52', '53', '29', '2', '20', '49', '59', '55', '47'], ['43', '34', '46', '1', '11', '42', '15', '37', '40'], ['8', '21', '5', '16', '17', '23', '22', '18'], ['36', '33', '35', '7', '24', '30', '38', '12'], ['54', '61', '44', '41', '10', '45', '60', '56'], ['3', '58', '27', '4'], ['48', '9', '6', '51'], ['13', '39', '32', '26']]";"[6, 6, 0, 2, 2, 7, 1, 2, 0, 4, 5, 1, 0, 2, 5, 0, 2, 2, 7, 7, 2, 2, 2, 3, 0, 1, 4, 1, 3, 1, 0, 1, 1, 1, 1, 1, 1, 1, 1, 5, 0, 5, 5, 0, 0, 5, 3, 3, 3, 3, 3, 0, 3, 4, 0, 4, 0, 4, 0, 6, 4]";"[0, 0, 1, 0, 0, 2, 1, 0, 3, 4, 3, 1, 1, 4, 3, 0, 4, 0, 5, 1, 0, 4, 4, 6, 1, 1, 2, 3, 6, 1, 0, 1, 1, 5, 1, 1, 1, 1, 1, 3, 3, 3, 3, 3, 1, 3, 6, 5, 4, 6, 6, 6, 6, 7, 3, 1, 0, 3, 0, 4, 1]";"[2, 0, 0, 2, 5, 1, 0, 5, 0, 2, 1, 0, 7, 2, 1, 3, 5, 5, 6, 1, 5, 2, 2, 4, 0, 6, 1, 6, 4, 0, 3, 7, 0, 6, 0, 0, 2, 0, 2, 1, 1, 1, 1, 3, 0, 1, 4, 0, 0, 4, 4, 3, 4, 0, 1, 2, 3, 0, 3, 0, 0]";"[1, 0, 5, 5, 2, 6, 3, 2, 6, 4, 1, 3, 7, 0, 1, 2, 2, 2, 0, 0, 2, 2, 2, 3, 0, 7, 5, 0, 0, 3, 0, 7, 3, 1, 3, 3, 1, 3, 7, 1, 4, 1, 1, 4, 4, 1, 0, 6, 0, 0, 6, 0, 0, 4, 0, 4, 0, 5, 0, 4, 4]"
15;5;"aucs";"pmm_h";8;0.3075;0.2324;0.2131;0.2435;"{'19': 0.6388888888888888, '6': 0.6388888888888888, '20': 0.6911764705882353}";"{'19': 0.75, '6': 0.75, '20': 0.75}";"{'19': 0.75, '6': 0.75, '20': 0.75}";"{'19': 0.6730769230769231, '6': 0.6730769230769231, '20': 0.6911764705882353}";0.0;0.0;0.0;0.4833333333333333;0.3517787966023386;0.3756404769183736;0.5691785052501545;0.6093088430126494;0.6028235346493286;0.6736036284682675;0.3806388944267468;0.4003247744142256;0.576988283601404;0.6232831296413799;0.627008933197044;0.6757569477563374;0.0011;0.044;0.0032;"['19', '6', '20']";"[('interD', ('20', '29')), ('interA', ('19', '43')), ('interD', ('20', '52')), ('intraD', ('19', '6')), ('intraD', ('20', '6')), ('intraD', ('19', '20')), ('interD', ('18', '20')), ('interA', ('19', '35'))]";"[('intraD', ('19', '6')), ('intraD', ('19', '20')), ('intraD', ('20', '6')), ('interA', ('19', '34')), ('interA', ('19', '32')), ('interA', ('19', '28')), ('interA', ('19', '26')), ('interA', ('19', '36'))]";"[('interA', ('19', '45')), ('interA', ('48', '6')), ('interA', ('19', '4')), ('interA', ('44', '6')), ('interA', ('19', '46')), ('interA', ('50', '6')), ('interA', ('12', '19')), ('interA', ('13', '6'))]";"[['10', '59', '1', '44', '16', '56', '52'], ['25', '46', '57', '11', '31', '3', '58', '2', '42', '15', '40'], ['8', '21', '22', '4', '5', '18', '17'], ['14', '28', '13', '9', '20', '45', '55', '6', '34', '32', '26', '54', '61', '23', '41', '39', '37'], ['12', '38', '7', '30', '36', '33', '35'], ['43', '27', '19'], ['50', '48', '53', '29', '24', '49', '51', '47'], ['60']]";"[['13', '54', '36', '41', '33', '7', '35', '24', '30', '51', '39', '60', '37', '55', '12'], ['25', '57', '44', '16', '31', '52', '3', '9', '4', '20', '59', '38'], ['50', '1', '27', '48', '53', '29', '2', '49', '6', '47'], ['43', '46', '11', '42', '15', '40'], ['14', '23', '17', '58', '22', '18'], ['19', '34', '32', '26', '28'], ['45', '61', '10', '56'], ['8', '21', '5']]";"[['34', '32', '26', '36', '37', '33', '7', '35', '30', '39', '38', '12'], ['25', '54', '1', '57', '16', '31', '41', '52', '9', '59', '55'], ['50', '28', '48', '53', '29', '2', '24', '49', '51', '47'], ['43', '27', '11', '23', '3', '58', '42', '15', '60', '40'], ['19', '46', '4', '20', '45'], ['8', '21', '5', '17', '18'], ['14', '61', '22', '10', '56'], ['13', '44', '6']]";"[6, 6, 0, 2, 2, 7, 1, 2, 0, 4, 5, 1, 0, 2, 5, 0, 2, 2, 7, 7, 2, 2, 2, 3, 0, 1, 4, 1, 3, 1, 0, 1, 1, 1, 1, 1, 1, 1, 1, 5, 0, 5, 5, 0, 0, 5, 3, 3, 3, 3, 3, 0, 3, 4, 0, 4, 0, 4, 0, 6, 4]";"[0, 1, 1, 2, 2, 3, 4, 2, 3, 0, 1, 4, 3, 3, 1, 0, 2, 2, 5, 3, 2, 2, 3, 6, 1, 3, 5, 3, 6, 4, 1, 3, 4, 3, 4, 4, 3, 4, 3, 1, 3, 1, 5, 0, 3, 1, 6, 6, 6, 6, 6, 0, 6, 3, 3, 0, 1, 1, 0, 7, 3]";"[2, 2, 1, 1, 7, 2, 0, 7, 1, 6, 3, 0, 0, 4, 3, 1, 4, 4, 5, 1, 7, 4, 4, 0, 1, 5, 2, 5, 2, 0, 1, 5, 0, 5, 0, 0, 0, 1, 0, 3, 0, 3, 3, 1, 6, 3, 2, 2, 2, 2, 0, 1, 2, 0, 0, 6, 1, 4, 1, 0, 6]";"[1, 2, 3, 4, 5, 7, 0, 5, 1, 6, 3, 0, 7, 6, 3, 1, 5, 5, 4, 4, 5, 6, 3, 2, 1, 0, 3, 2, 2, 0, 1, 0, 0, 0, 0, 0, 0, 0, 0, 3, 1, 3, 3, 7, 4, 4, 2, 2, 2, 2, 2, 1, 2, 1, 1, 6, 1, 3, 1, 3, 6]"
16;5;"aucs";"pmm_h";8;0.3075;0.1896;0.2904;0.1662;"{'19': 0.6388888888888888, '6': 0.6388888888888888, '20': 0.6911764705882353}";"{'19': 0.75, '6': 0.6785714285714286, '20': 0.7222222222222222}";"{'19': 0.75, '6': 0.75, '20': 0.75}";"{'19': 0.6730769230769231, '6': 0.6730769230769231, '20': 0.6911764705882353}";0.0;0.3547619047619048;0.0;0.7232905982905984;0.2910758076554003;0.4733338911751953;0.3073233807452686;0.5608598286309668;0.6742616246454285;0.5390819149544123;0.2994529082823301;0.4870412169223878;0.3174091393879727;0.5708063880624179;0.6908501221495978;0.5483062241761233;0.0013;0.0441;0.0031;"['19', '6', '20']";"[('interA', ('20', '8')), ('intraD', ('19', '20')), ('interD', ('15', '19')), ('interA', ('20', '40')), ('interD', ('5', '6')), ('interA', ('35', '6')), ('interD', ('2', '6')), ('intraD', ('19', '6'))]";"[('intraD', ('19', '6')), ('intraD', ('19', '20')), ('intraD', ('20', '6')), ('interA', ('19', '34')), ('interA', ('19', '32')), ('interA', ('19', '28')), ('interA', ('19', '26')), ('interA', ('19', '36'))]";"[('interA', ('19', '28')), ('interA', ('6', '7')), ('interA', ('19', '37')), ('interA', ('15', '6')), ('interA', ('19', '43')), ('interA', ('16', '6')), ('interA', ('19', '40')), ('interA', ('30', '6'))]";"[['14', '36', '7', '58', '4', '45', '18', '12', '34', '1', '23', '17', '33', '41', '22', '55', '37'], ['25', '28', '57', '31', '35', '3', '2', '30', '38', '6'], ['8', '21', '5'], ['61', '44', '16', '52', '9', '10', '59', '56'], ['43', '46', '42', '20', '15', '11', '40'], ['13', '39', '32', '26'], ['27', '19'], ['50', '54', '48', '53', '29', '24', '49', '51', '60', '47']]";"[['8', '21', '25', '5', '14', '1', '23', '17', '3', '22', '58', '2', '4', '18'], ['50', '13', '54', '48', '53', '29', '24', '49', '51', '47'], ['61', '41', '9', '10', '45', '55', '60', '56'], ['36', '33', '7', '35', '30', '37', '12'], ['43', '46', '11', '42', '20', '15', '40'], ['57', '44', '16', '31', '52', '59', '38'], ['19', '34', '32', '26', '28', '39'], ['27', '6']]";"[['25', '34', '32', '26', '13', '36', '41', '52', '3', '9', '58', '4', '45', '39', '12'], ['43', '54', '44', '33', '35', '2', '42', '20', '15', '55', '60', '38', '40'], ['8', '21', '5', '14', '61', '23', '17', '22', '10', '56', '18'], ['50', '48', '53', '29', '24', '49', '51', '47'], ['46', '27', '57', '11', '31', '59'], ['30', '16', '6', '7'], ['37', '19', '28'], ['1']]";"[6, 6, 0, 2, 2, 7, 1, 2, 0, 4, 5, 1, 0, 2, 5, 0, 2, 2, 7, 7, 2, 2, 2, 3, 0, 1, 4, 1, 3, 1, 0, 1, 1, 1, 1, 1, 1, 1, 1, 5, 0, 5, 5, 0, 0, 5, 3, 3, 3, 3, 3, 0, 3, 4, 0, 4, 0, 4, 0, 6, 4]";"[0, 1, 1, 0, 2, 1, 0, 2, 3, 3, 4, 0, 5, 0, 4, 3, 0, 0, 6, 4, 2, 0, 0, 7, 1, 5, 6, 1, 7, 1, 1, 5, 0, 0, 1, 0, 0, 1, 5, 4, 0, 4, 4, 3, 0, 4, 7, 7, 7, 7, 7, 3, 7, 7, 0, 3, 1, 0, 3, 7, 3]";"[0, 0, 0, 0, 0, 7, 3, 0, 2, 2, 4, 3, 1, 0, 4, 5, 0, 0, 6, 4, 0, 0, 0, 1, 0, 6, 7, 6, 1, 3, 5, 6, 3, 6, 3, 3, 3, 5, 6, 4, 2, 4, 4, 5, 2, 4, 1, 1, 1, 1, 1, 5, 1, 1, 2, 2, 5, 0, 5, 2, 2]";"[7, 1, 0, 0, 2, 5, 5, 2, 0, 2, 4, 0, 0, 2, 1, 5, 2, 2, 6, 1, 2, 2, 2, 3, 0, 0, 4, 6, 3, 5, 4, 0, 1, 0, 1, 0, 6, 1, 0, 1, 0, 1, 1, 1, 0, 4, 3, 3, 3, 3, 3, 0, 3, 1, 1, 2, 4, 0, 4, 1, 2]"
17;5;"aucs";"pmm_h";8;0.3075;0.2307;0.2078;0.2228;"{'19': 0.6388888888888888, '6': 0.6388888888888888, '20': 0.6911764705882353}";"{'19': 0.75, '6': 0.75, '20': 0.75}";"{'19': 0.75, '6': 0.75, '20': 0.75}";"{'19': 0.6730769230769231, '6': 0.6730769230769231, '20': 0.6911764705882353}";0.0;0.0;0.0;0.6856725146198831;0.3898843705050009;0.368729264335717;0.3902295281141339;0.5971277769200961;0.6114008956670655;0.5881254406822939;0.3862176308119573;0.3845808278346309;0.4082966537625285;0.5918262182312748;0.6300156275365176;0.5987705028795415;0.0013;0.0431;0.0038;"['19', '6', '20']";"[('interA', ('17', '6')), ('intraD', ('19', '6')), ('interA', ('19', '7')), ('intraD', ('19', '20')), ('interD', ('15', '19')), ('intraD', ('20', '6')), ('interA', ('2', '20')), ('interA', ('55', '6'))]";"[('intraD', ('19', '6')), ('intraD', ('19', '20')), ('intraD', ('20', '6')), ('interA', ('19', '34')), ('interA', ('19', '32')), ('interA', ('19', '28')), ('interA', ('19', '26')), ('interA', ('19', '36'))]";"[('interA', ('19', '59')), ('interA', ('57', '6')), ('interA', ('19', '46')), ('interA', ('24', '6')), ('interA', ('19', '32')), ('interA', ('23', '6')), ('interA', ('19', '56')), ('interA', ('39', '6'))]";"[['43', '46', '1', '27', '11', '42', '15', '40'], ['2', '20'], ['13', '57', '36', '3', '58', '60', '12', '34', '32', '26', '31', '37', '33', '35', '30', '59', '39', '38'], ['50', '14', '23', '52', '48', '22', '29', '24', '4', '53', '49', '51', '47'], ['8', '21', '18', '5'], ['55', '17', '6'], ['19', '7'], ['25', '28', '54', '61', '44', '16', '41', '9', '10', '45', '56']]";"[['25', '1', '57', '44', '16', '31', '7', '35', '52', '2', '4', '59', '45', '30', '38', '12'], ['43', '46', '13', '41', '11', '9', '42', '20', '49', '15', '39', '55', '40'], ['8', '21', '5', '14', '23', '17', '33', '22', '37', '18'], ['50', '48', '53', '29', '24', '51', '47'], ['19', '34', '32', '26', '28', '36'], ['54', '61', '10', '56'], ['60', '27', '6'], ['3', '58']]";"[['14', '9', '49', '45', '25', '46', '11', '42', '15', '13', '27', '3', '58', '2', '20', '60', '43', '54', '55'], ['12', '34', '32', '28', '26', '36', '37', '33', '7', '35', '30', '38', '40'], ['57', '44', '16', '31', '52', '24', '4'], ['8', '21', '5', '17', '22', '18'], ['50', '48', '53', '29', '51', '47'], ['61', '1', '41', '10', '56'], ['39', '23', '6'], ['19', '59']]";"[6, 6, 0, 2, 2, 7, 1, 2, 0, 4, 5, 1, 0, 2, 5, 0, 2, 2, 7, 7, 2, 2, 2, 3, 0, 1, 4, 1, 3, 1, 0, 1, 1, 1, 1, 1, 1, 1, 1, 5, 0, 5, 5, 0, 0, 5, 3, 3, 3, 3, 3, 0, 3, 4, 0, 4, 0, 4, 0, 6, 4]";"[0, 1, 2, 3, 4, 5, 6, 4, 7, 7, 0, 2, 2, 3, 0, 7, 5, 4, 6, 1, 4, 3, 3, 3, 7, 2, 0, 7, 3, 2, 2, 2, 2, 2, 2, 2, 2, 2, 2, 0, 7, 0, 0, 7, 7, 0, 3, 3, 3, 3, 3, 3, 3, 7, 5, 7, 2, 2, 2, 2, 7]";"[0, 0, 7, 0, 2, 6, 0, 2, 1, 5, 1, 0, 1, 2, 1, 0, 2, 2, 4, 1, 2, 2, 2, 3, 0, 4, 6, 4, 3, 0, 0, 4, 2, 4, 0, 4, 2, 0, 1, 1, 1, 1, 1, 0, 0, 1, 3, 3, 1, 3, 3, 0, 3, 5, 1, 5, 0, 7, 0, 6, 5]";"[5, 0, 0, 2, 3, 6, 1, 3, 0, 5, 0, 1, 0, 0, 0, 2, 3, 3, 7, 0, 3, 3, 6, 2, 0, 1, 0, 1, 4, 1, 2, 1, 1, 1, 1, 1, 1, 1, 6, 1, 5, 0, 0, 2, 0, 0, 4, 4, 0, 4, 4, 2, 4, 0, 0, 5, 2, 0, 7, 0, 5]"
18;5;"aucs";"pmm_h";8;0.3075;0.2804;0.2243;0.2425;"{'19': 0.6388888888888888, '6': 0.6388888888888888, '20': 0.6911764705882353}";"{'19': 0.75, '6': 0.75, '20': 0.75}";"{'19': 0.75, '6': 0.75, '20': 0.75}";"{'19': 0.6730769230769231, '6': 0.6730769230769231, '20': 0.6911764705882353}";0.0;0.0;0.0;0.7047619047619048;0.4386840208662228;0.3679414450432207;0.6117927050618707;0.5975251110895209;0.6187231879720393;0.7178384381377475;0.4571945665061551;0.3723476791043862;0.6418966986061952;0.6126650577496024;0.6280946768324899;0.7415539819102489;0.0011;0.0439;0.0031;"['19', '6', '20']";"[('interA', ('20', '48')), ('interD', ('14', '20')), ('intraD', ('19', '20')), ('interA', ('46', '6')), ('intraD', ('20', '6')), ('interD', ('20', '52')), ('interA', ('20', '38')), ('intraD', ('19', '6'))]";"[('intraD', ('19', '6')), ('intraD', ('19', '20')), ('intraD', ('20', '6')), ('interA', ('19', '34')), ('interA', ('19', '32')), ('interA', ('19', '28')), ('interA', ('19', '26')), ('interA', ('19', '36'))]";"[('interA', ('19', '37')), ('interA', ('53', '6')), ('interA', ('19', '58')), ('interA', ('11', '6')), ('interA', ('19', '33')), ('interA', ('6', '8')), ('interA', ('10', '19')), ('interA', ('43', '6'))]";"[['1'], ['8', '21', '5', '23', '17', '22', '2', '60', '18'], ['25', '50', '52', '3', '53', '29', '24', '4', '58', '49', '51', '47'], ['27', '6', '46'], ['34', '14', '26', '13', '28', '32', '36', '33', '7', '35', '39', '30', '37', '12'], ['57', '44', '9', '45', '56', '43', '19', '61', '11', '16', '31', '41', '42', '10', '59', '15', '55', '40'], ['48', '38', '20'], ['54']]";"[['25', '54', '61', '41', '37', '33', '7', '35', '9', '2', '30', '10', '45', '39', '38', '55', '56', '12'], ['14', '57', '44', '16', '31', '52', '3', '58', '4', '49', '59'], ['8', '21', '5', '23', '17', '22', '18'], ['50', '48', '53', '29', '24', '51', '47'], ['46', '11', '42', '20', '15', '40'], ['43', '26', '13', '1', '60'], ['19', '34', '32', '28', '36'], ['27', '6']]";"[['25', '57', '44', '16', '31', '41', '52', '3', '9', '4', '20', '59', '45', '55'], ['34', '36', '37', '33', '7', '35', '39', '60', '38', '12'], ['46', '61', '1', '2', '42', '10', '15', '56', '40'], ['8', '21', '5', '14', '23', '17', '22', '18'], ['50', '54', '48', '29', '24', '49', '51', '47'], ['43', '27', '11', '53', '6'], ['32', '26', '13', '28', '30'], ['58', '19']]";"[6, 6, 0, 2, 2, 7, 1, 2, 0, 4, 5, 1, 0, 2, 5, 0, 2, 2, 7, 7, 2, 2, 2, 3, 0, 1, 4, 1, 3, 1, 0, 1, 1, 1, 1, 1, 1, 1, 1, 5, 0, 5, 5, 0, 0, 5, 3, 3, 3, 3, 3, 0, 3, 4, 0, 4, 0, 4, 0, 6, 4]";"[0, 1, 2, 2, 1, 3, 4, 1, 5, 5, 5, 4, 4, 4, 5, 5, 1, 1, 5, 6, 1, 1, 1, 2, 2, 4, 3, 4, 2, 4, 5, 4, 4, 4, 4, 4, 4, 6, 4, 5, 5, 5, 5, 5, 5, 3, 2, 6, 2, 2, 2, 2, 2, 7, 5, 5, 5, 2, 5, 1, 5]";"[5, 0, 1, 1, 2, 7, 0, 2, 0, 0, 4, 0, 5, 1, 4, 1, 2, 2, 6, 4, 2, 2, 2, 3, 0, 5, 7, 6, 3, 0, 1, 6, 0, 6, 0, 6, 0, 0, 0, 4, 0, 4, 5, 1, 0, 4, 3, 3, 1, 3, 3, 1, 3, 0, 0, 0, 1, 1, 1, 5, 0]";"[2, 2, 0, 0, 3, 5, 1, 3, 0, 2, 5, 1, 6, 3, 2, 0, 3, 3, 7, 0, 3, 3, 3, 4, 0, 6, 5, 6, 4, 6, 0, 6, 1, 1, 1, 1, 1, 1, 1, 2, 0, 2, 5, 0, 0, 2, 4, 4, 4, 4, 4, 0, 5, 4, 0, 2, 0, 7, 0, 1, 2]"
19;5;"aucs";"pmm_h";8;0.3075;0.2304;0.1994;0.1816;"{'19': 0.6388888888888888, '6': 0.6388888888888888, '20': 0.6911764705882353}";"{'19': 0.75, '6': 0.75, '20': 0.75}";"{'19': 0.75, '6': 0.75, '20': 0.75}";"{'19': 0.6730769230769231, '6': 0.6730769230769231, '20': 0.6911764705882353}";0.0;0.0;0.0;0.5519607843137255;0.3158352721105272;0.4370898118910198;0.2653232983786712;0.5426380756933773;0.6242595435290428;0.505371647972516;0.3384928173542657;0.4601334130689927;0.276619324478696;0.559889404662034;0.6452926732297288;0.5046683087212016;0.0011;0.0445;0.0032;"['19', '6', '20']";"[('intraD', ('19', '6')), ('intraD', ('19', '20')), ('interD', ('20', '28')), ('interA', ('22', '6')), ('interA', ('51', '6')), ('interD', ('20', '27')), ('intraD', ('20', '6')), ('interD', ('29', '6'))]";"[('intraD', ('19', '6')), ('intraD', ('19', '20')), ('intraD', ('20', '6')), ('interA', ('19', '34')), ('interA', ('19', '32')), ('interA', ('19', '28')), ('interA', ('19', '26')), ('interA', ('19', '36'))]";"[('interA', ('19', '35')), ('interA', ('40', '6')), ('interA', ('19', '59')), ('interA', ('11', '6')), ('interA', ('10', '19')), ('interA', ('14', '6')), ('interA', ('17', '19')), ('interA', ('25', '6'))]";"[['4', '59', '1', '44', '16', '52'], ['43', '19', '46', '61', '11', '9', '2', '42', '15', '40'], ['25', '34', '14', '26', '13', '28', '32', '3', '39', '58', '20', '30'], ['8', '21', '5', '18', '17'], ['22', '27', '6', '51'], ['12', '38', '7', '36', '37', '33', '35'], ['54', '23', '41', '10', '45', '55', '60', '56'], ['50', '57', '31', '48', '53', '29', '24', '49', '47']]";"[['43', '46', '11', '9', '58', '4', '42', '20', '45', '39', '15', '40'], ['54', '36', '37', '33', '7', '35', '48', '49', '30', '60', '38', '12'], ['13', '57', '44', '16', '31', '41', '52', '2', '59', '55'], ['8', '21', '5', '14', '17', '22', '18'], ['50', '53', '29', '24', '51', '47'], ['25', '27', '23', '3', '6'], ['19', '34', '32', '26', '28'], ['61', '1', '56', '10']]";"[['19', '34', '14', '28', '36', '31', '33', '7', '3', '35', '58', '4', '59', '45', '30', '38', '12'], ['61', '1', '57', '44', '16', '2', '42', '10', '56', '40'], ['50', '52', '48', '53', '29', '24', '49', '51', '47'], ['54', '23', '17', '22', '60', '37', '18'], ['43', '46', '41', '9', '15', '55'], ['25', '27', '11', '20', '6'], ['13', '39', '32', '26'], ['8', '21', '5']]";"[6, 6, 0, 2, 2, 7, 1, 2, 0, 4, 5, 1, 0, 2, 5, 0, 2, 2, 7, 7, 2, 2, 2, 3, 0, 1, 4, 1, 3, 1, 0, 1, 1, 1, 1, 1, 1, 1, 1, 5, 0, 5, 5, 0, 0, 5, 3, 3, 3, 3, 3, 0, 3, 4, 0, 4, 0, 4, 0, 6, 4]";"[0, 1, 2, 0, 3, 4, 5, 3, 1, 6, 1, 5, 2, 2, 1, 0, 3, 3, 1, 2, 3, 4, 6, 7, 2, 2, 4, 2, 7, 2, 7, 2, 5, 2, 5, 5, 5, 5, 2, 1, 6, 1, 1, 0, 6, 1, 7, 7, 7, 7, 4, 0, 7, 6, 6, 6, 7, 2, 0, 6, 1]";"[7, 2, 5, 0, 3, 5, 1, 3, 0, 7, 0, 1, 2, 3, 0, 2, 3, 3, 6, 0, 3, 3, 5, 4, 5, 6, 5, 6, 4, 1, 2, 6, 1, 6, 1, 1, 1, 1, 0, 0, 2, 0, 0, 2, 0, 0, 4, 1, 1, 4, 4, 2, 4, 1, 2, 7, 2, 0, 2, 1, 7]";"[1, 1, 0, 0, 7, 5, 0, 7, 4, 1, 5, 0, 6, 0, 4, 1, 3, 3, 0, 5, 7, 3, 3, 2, 5, 6, 5, 0, 2, 0, 0, 6, 0, 0, 0, 0, 3, 0, 6, 1, 4, 1, 4, 1, 0, 4, 2, 2, 2, 2, 2, 2, 2, 3, 4, 1, 1, 0, 0, 3, 1]"
0;6;"aucs";"pmm_h";8;0.3075;0.2238;0.212;0.2266;"{'54': 0.7, '61': 0.675, '27': 0.6, '58': 0.6, '10': 0.7642857142857142, '56': 0.35}";"{'54': 0.6, '61': 0.6, '27': 0.8375, '58': 0.6, '10': 0.8615384615384616, '56': 0.6}";"{'54': 0.6, '61': 0.6, '27': 0.6, '58': 0.6, '10': 0.6, '56': 0.6}";"{'54': 0.7, '61': 0.7, '27': 0.6, '58': 0.6, '10': 0.7642857142857142, '56': 0.48461538461538467}";0.0;0.4345679012345679;0.0;0.4069318181818182;0.3451939843068875;0.37108648874633;0.3801211146860361;0.6346649621127132;0.5924873392089768;0.6044553875745837;0.3750637624974495;0.420900837513711;0.4267247682274149;0.6468877884301271;0.6488556888731962;0.6483208746164489;0.0015;0.0514;0.0036;"['54', '61', '27', '58', '10', '56']";"[('interD', ('54', '55')), ('intraA', ('10', '54')), ('interD', ('19', '27')), ('intraD', ('10', '56')), ('interA', ('27', '33')), ('interD', ('27', '29')), ('intraA', ('27', '61')), ('interD', ('10', '35'))]";"[('intraD', ('54', '56')), ('intraD', ('56', '61')), ('intraD', ('10', '56')), ('interA', ('34', '54')), ('interA', ('32', '54')), ('interA', ('28', '54')), ('interA', ('26', '54')), ('interA', ('37', '54'))]";"[('interA', ('12', '56')), ('interA', ('22', '56')), ('interA', ('49', '56')), ('interA', ('36', '56')), ('interA', ('40', '56')), ('interA', ('25', '56')), ('interA', ('57', '61')), ('interA', ('11', '56'))]";"[['14', '57', '44', '3', '58', '2', '4', '56', '18', '43', '25', '46', '1', '11', '17', '31', '52', '16', '22', '23', '41', '42', '59', '15', '55', '38', '40'], ['8', '21', '5'], ['19', '6', '20'], ['34', '32', '26', '13', '28', '36', '7', '35', '9', '39', '45', '30', '37', '12'], ['54', '10'], ['50', '48', '53', '29', '24', '49', '51', '47'], ['61', '27', '33'], ['60']]";"[['14', '12', '46', '26', '11', '35', '42', '30', '37', '36', '7', '3', '58', '43', '32', '23', '33', '39', '38'], ['25', '61', '1', '9', '2', '10', '49', '45'], ['57', '44', '16', '31', '52', '4', '59', '56'], ['50', '48', '53', '29', '24', '51', '47'], ['8', '21', '5', '17', '22', '18'], ['13', '41', '15', '55', '60', '40'], ['27', '19', '6', '20'], ['54', '34', '28']]";"[['14', '9', '4', '45', '46', '11', '22', '42', '59', '15', '44', '3', '58', '2', '60', '43', '54', '16', '23', '41', '55', '40'], ['34', '32', '28', '13', '26', '36', '31', '37', '33', '7', '35', '30', '39', '38'], ['50', '52', '48', '53', '29', '24', '51', '47'], ['8', '21', '5', '17', '18'], ['25', '10', '49', '56', '12'], ['27', '19', '6', '20'], ['61', '57'], ['1']]";"[6, 6, 0, 2, 2, 7, 1, 2, 0, 4, 5, 1, 0, 2, 5, 0, 2, 2, 7, 7, 2, 2, 2, 3, 0, 1, 4, 1, 3, 1, 0, 1, 1, 1, 1, 1, 1, 1, 1, 5, 0, 5, 5, 0, 0, 5, 3, 3, 3, 3, 3, 0, 3, 4, 0, 4, 0, 4, 0, 6, 4]";"[0, 0, 0, 0, 1, 2, 3, 1, 3, 4, 0, 3, 3, 0, 0, 0, 0, 0, 2, 2, 1, 0, 0, 5, 0, 3, 6, 3, 5, 3, 0, 3, 6, 3, 3, 3, 3, 0, 3, 0, 0, 0, 0, 0, 3, 0, 5, 5, 5, 5, 5, 0, 5, 4, 0, 0, 0, 0, 0, 7, 6]";"[1, 1, 0, 2, 4, 6, 0, 4, 1, 1, 0, 0, 5, 0, 5, 2, 4, 4, 6, 6, 4, 4, 0, 3, 1, 0, 6, 7, 3, 0, 2, 0, 0, 7, 0, 0, 0, 0, 0, 5, 5, 0, 0, 2, 1, 0, 3, 3, 1, 3, 3, 2, 3, 7, 5, 2, 2, 0, 2, 5, 1]";"[7, 0, 0, 0, 3, 5, 1, 3, 0, 4, 0, 4, 1, 0, 0, 0, 3, 3, 5, 5, 3, 0, 0, 2, 4, 1, 5, 1, 2, 1, 1, 1, 1, 1, 1, 1, 1, 1, 1, 0, 0, 0, 0, 0, 0, 0, 2, 2, 4, 2, 2, 2, 2, 0, 0, 4, 6, 0, 0, 0, 6]"
1;6;"aucs";"pmm_h";8;0.3075;0.2313;0.2183;0.229;"{'54': 0.7, '61': 0.675, '27': 0.6, '58': 0.6, '10': 0.7642857142857142, '56': 0.35}";"{'54': 0.575, '61': 0.575, '27': 0.5375, '58': 0.5285714285714286, '10': 0.6, '56': 0.43333333333333335}";"{'54': 0.6, '61': 0.6, '27': 0.6, '58': 0.6, '10': 0.6, '56': 0.6}";"{'54': 0.7, '61': 0.7, '27': 0.6, '58': 0.6, '10': 0.7642857142857142, '56': 0.48461538461538467}";0.0;0.3494318181818182;0.0;0.4428146853146853;0.3861061590660762;0.3818482173677203;0.4108351478748974;0.5984168808440343;0.6281427915068528;0.6208813073382904;0.3901960924589179;0.4512647941996333;0.4854225482177251;0.5960425302940585;0.6736698283510061;0.6892297850163869;0.0013;0.0498;0.0045;"['54', '61', '27', '58', '10', '56']";"[('interD', ('10', '29')), ('interD', ('14', '27')), ('interA', ('11', '56')), ('intraD', ('10', '56')), ('intraA', ('27', '58')), ('interA', ('10', '2')), ('interA', ('10', '23')), ('interD', ('45', '54'))]";"[('intraD', ('54', '56')), ('intraD', ('56', '61')), ('intraD', ('10', '56')), ('interA', ('34', '54')), ('interA', ('32', '54')), ('interA', ('28', '54')), ('interA', ('26', '54')), ('interA', ('37', '54'))]";"[('interA', ('56', '6')), ('interA', ('48', '56')), ('interA', ('16', '56')), ('interA', ('49', '56')), ('interA', ('20', '56')), ('interA', ('25', '56')), ('interA', ('48', '61')), ('interA', ('40', '56'))]";"[['14', '57', '36', '44', '7', '4', '12', '43', '34', '46', '26', '32', '1', '16', '33', '35', '39', '38', '42', '15', '30', '37'], ['22', '2', '23', '10'], ['25', '13', '54', '41', '3', '9', '59', '45', '55', '60', '40'], ['8', '21', '5', '18', '17'], ['19', '6', '20', '28'], ['61', '56', '11'], ['50', '31', '52', '48', '53', '29', '24', '49', '51', '47'], ['58', '27']]";"[['14', '1', '27', '23', '33', '7', '3', '35', '58', '4', '49', '30', '37', '56'], ['25', '61', '57', '44', '31', '16', '41', '52', '10', '59', '55', '60', '38'], ['32', '26', '13', '36', '9', '45', '39', '12'], ['43', '46', '11', '2', '42', '15', '40'], ['50', '48', '53', '29', '24', '51', '47'], ['8', '21', '5', '17', '22', '18'], ['19', '6', '20'], ['54', '34', '28']]";"[['25', '44', '16', '31', '41', '52', '9', '4', '10', '49', '45', '59', '56'], ['32', '26', '13', '36', '33', '7', '3', '35', '58', '30', '38', '12'], ['50', '54', '1', '57', '53', '29', '24', '51', '55', '60', '47'], ['43', '46', '27', '11', '2', '42', '15', '40'], ['34', '14', '28', '23', '22', '39', '37'], ['8', '21', '5', '17', '18'], ['19', '6', '20'], ['48', '61']]";"[6, 6, 0, 2, 2, 7, 1, 2, 0, 4, 5, 1, 0, 2, 5, 0, 2, 2, 7, 7, 2, 2, 2, 3, 0, 1, 4, 1, 3, 1, 0, 1, 1, 1, 1, 1, 1, 1, 1, 5, 0, 5, 5, 0, 0, 5, 3, 3, 3, 3, 3, 0, 3, 4, 0, 4, 0, 4, 0, 6, 4]";"[0, 1, 2, 0, 3, 4, 0, 3, 2, 1, 5, 0, 2, 0, 0, 0, 3, 3, 4, 4, 3, 1, 1, 6, 2, 0, 7, 4, 6, 0, 6, 0, 0, 0, 0, 0, 0, 0, 0, 2, 2, 0, 0, 0, 2, 0, 6, 6, 6, 6, 6, 6, 6, 2, 2, 5, 0, 7, 2, 2, 5]";"[0, 3, 0, 0, 5, 6, 0, 5, 2, 1, 3, 2, 2, 0, 3, 1, 5, 5, 6, 6, 5, 5, 0, 4, 1, 2, 0, 7, 4, 0, 1, 2, 0, 7, 0, 2, 0, 1, 2, 3, 1, 3, 3, 1, 2, 3, 4, 4, 0, 4, 4, 1, 4, 7, 1, 0, 1, 0, 1, 1, 1]";"[2, 3, 1, 0, 5, 6, 1, 5, 0, 0, 3, 1, 1, 4, 3, 0, 5, 5, 6, 6, 5, 4, 4, 2, 0, 1, 3, 4, 2, 1, 0, 1, 1, 4, 1, 1, 4, 1, 4, 3, 0, 3, 3, 0, 0, 3, 2, 7, 0, 2, 2, 0, 2, 2, 2, 0, 2, 1, 0, 2, 7]"
2;6;"aucs";"pmm_h";8;0.3075;0.2211;0.2515;0.2362;"{'54': 0.7, '61': 0.675, '27': 0.6, '58': 0.6, '10': 0.7642857142857142, '56': 0.35}";"{'54': 0.6, '61': 0.6, '27': 0.6, '58': 0.6, '10': 0.6, '56': 0.6}";"{'54': 0.6, '61': 0.6, '27': 0.6, '58': 0.6, '10': 0.6, '56': 0.6}";"{'54': 0.7, '61': 0.7, '27': 0.6, '58': 0.6, '10': 0.7642857142857142, '56': 0.48461538461538467}";0.0;0.0;0.0;0.4878174603174603;0.3830858533462578;0.4166365120040173;0.4636224749618061;0.6008377852179436;0.638934269453606;0.608677053276178;0.4652573691084055;0.4706971005552128;0.5267408803854758;0.6676774387460259;0.7089451626891669;0.6784752086698601;0.0012;0.0508;0.0041;"['54', '61', '27', '58', '10', '56']";"[('interD', ('20', '27')), ('intraD', ('56', '61')), ('intraD', ('54', '56')), ('interA', ('27', '39')), ('interD', ('55', '56')), ('intraD', ('10', '56')), ('interD', ('14', '27')), ('interD', ('54', '55'))]";"[('intraD', ('54', '56')), ('intraD', ('56', '61')), ('intraD', ('10', '56')), ('interA', ('34', '54')), ('interA', ('32', '54')), ('interA', ('28', '54')), ('interA', ('26', '54')), ('interA', ('37', '54'))]";"[('interA', ('46', '56')), ('interA', ('43', '56')), ('interA', ('35', '56')), ('interA', ('29', '56')), ('interA', ('36', '56')), ('interA', ('50', '56')), ('interA', ('18', '61')), ('interA', ('1', '56'))]";"[['14', '13', '36', '7', '3', '58', '4', '56', '12', '32', '26', '1', '33', '35', '30', '38'], ['43', '2', '46', '42', '15', '11', '40'], ['8', '21', '18', '5'], ['19', '6', '20'], ['57', '44', '9', '49', '45', '61', '16', '17', '23', '31', '41', '22', '52', '10', '59', '55'], ['25', '50', '54', '48', '53', '29', '24', '51', '47'], ['39', '27', '37', '34'], ['60', '28']]";"[['50', '52', '3', '9', '29', '24', '4', '48', '49', '51', '45', '53', '58', '47'], ['43', '25', '46', '57', '44', '31', '11', '16', '42', '59', '15', '40'], ['8', '21', '5', '14', '23', '17', '22', '2', '10', '18'], ['34', '32', '26', '61', '1', '39', '37'], ['36', '33', '7', '35', '30', '38', '12'], ['13', '41', '55', '60', '56'], ['27', '19', '6', '20'], ['54', '28']]";"[['34', '32', '28', '14', '26', '36', '23', '44', '33', '7', '35', '22', '37', '30', '10', '39', '38', '12'], ['8', '21', '25', '5', '54', '57', '16', '17', '31', '41', '9', '2', '59', '55'], ['50', '48', '53', '29', '24', '49', '51', '60', '47'], ['43', '46', '1', '11', '42', '56'], ['52', '3', '58', '4', '45'], ['27', '19', '6', '20'], ['13', '15', '40'], ['61', '18']]";"[6, 6, 0, 2, 2, 7, 1, 2, 0, 4, 5, 1, 0, 2, 5, 0, 2, 2, 7, 7, 2, 2, 2, 3, 0, 1, 4, 1, 3, 1, 0, 1, 1, 1, 1, 1, 1, 1, 1, 5, 0, 5, 5, 0, 0, 5, 3, 3, 3, 3, 3, 0, 3, 4, 0, 4, 0, 4, 0, 6, 4]";"[0, 1, 0, 0, 2, 3, 0, 2, 4, 4, 1, 0, 0, 0, 1, 4, 4, 2, 3, 3, 2, 4, 4, 5, 5, 0, 6, 7, 5, 0, 4, 0, 0, 6, 0, 0, 6, 0, 6, 1, 4, 1, 1, 4, 4, 1, 5, 5, 4, 5, 5, 4, 5, 5, 4, 0, 4, 0, 4, 7, 4]";"[3, 2, 0, 0, 2, 6, 4, 2, 0, 2, 1, 4, 5, 2, 1, 1, 2, 2, 6, 6, 2, 2, 2, 0, 1, 3, 6, 7, 0, 4, 1, 3, 4, 3, 4, 4, 3, 4, 3, 1, 5, 1, 1, 1, 0, 1, 0, 0, 0, 0, 0, 0, 0, 7, 5, 5, 1, 0, 1, 5, 3]";"[3, 1, 4, 4, 1, 5, 0, 1, 1, 0, 3, 0, 6, 0, 6, 1, 1, 7, 5, 5, 1, 0, 0, 2, 1, 0, 5, 0, 2, 0, 1, 0, 0, 0, 0, 0, 0, 0, 0, 6, 1, 3, 3, 0, 4, 3, 2, 2, 2, 2, 2, 4, 2, 1, 1, 3, 1, 4, 1, 2, 7]"
3;6;"aucs";"pmm_h";8;0.3075;0.2077;0.2794;0.2172;"{'54': 0.7, '61': 0.675, '27': 0.6, '58': 0.6, '10': 0.7642857142857142, '56': 0.35}";"{'54': 0.5, '61': 0.6, '27': 0.5375, '58': 0.6, '10': 0.6, '56': 0.6}";"{'54': 0.6, '61': 0.6, '27': 0.6, '58': 0.6, '10': 0.6, '56': 0.6}";"{'54': 0.7, '61': 0.7, '27': 0.6, '58': 0.6, '10': 0.7642857142857142, '56': 0.48461538461538467}";0.0;0.1149999999999999;0.0;0.4394761904761904;0.365908727449689;0.4776303109025391;0.340104453774738;0.6304349170796484;0.6682349779069692;0.5789473274373598;0.4033300818360713;0.5578893309168587;0.3888370802537167;0.6552087079559493;0.7421070039915157;0.640193695979788;0.0015;0.0524;0.0037;"['54', '61', '27', '58', '10', '56']";"[('interA', ('3', '61')), ('intraD', ('10', '56')), ('interD', ('27', '46')), ('interA', ('35', '56')), ('intraA', ('27', '54')), ('intraD', ('56', '61')), ('interD', ('45', '56')), ('intraD', ('54', '56'))]";"[('intraD', ('54', '56')), ('intraD', ('56', '61')), ('intraD', ('10', '56')), ('interA', ('34', '54')), ('interA', ('32', '54')), ('interA', ('28', '54')), ('interA', ('26', '54')), ('interA', ('37', '54'))]";"[('interA', ('28', '56')), ('interA', ('23', '56')), ('interA', ('30', '56')), ('interA', ('43', '56')), ('interA', ('11', '56')), ('interA', ('20', '56')), ('interA', ('44', '61')), ('interA', ('4', '56'))]";"[['1', '60', '4'], ['28', '13', '57', '36', '44', '7', '9', '58', '2', '45', '12', '25', '34', '46', '26', '32', '31', '16', '41', '33', '39', '38', '42', '10', '59', '15', '55', '30', '37', '40'], ['3', '61'], ['8', '21', '5', '14', '23', '17', '22', '18'], ['19', '6', '20'], ['43', '50', '11', '52', '48', '53', '29', '24', '49', '51', '47'], ['54', '27'], ['56', '35']]";"[['43', '46', '27', '11', '41', '42', '10', '45', '55', '15', '40'], ['32', '13', '61', '36', '33', '7', '35', '30', '38', '12'], ['25', '1', '57', '44', '16', '31', '9', '59', '56'], ['50', '52', '48', '53', '29', '24', '49', '51', '47'], ['8', '21', '5', '23', '17', '22', '18'], ['34', '26', '54', '28', '39', '37'], ['14', '3', '58', '4', '60'], ['2', '19', '6', '20']]";"[['9', '45', '6', '12', '34', '26', '1', '35', '37', '13', '27', '36', '7', '20', '60', '19', '32', '41', '33', '39', '55'], ['25', '14', '57', '16', '31', '52', '3', '58', '59', '38'], ['50', '54', '48', '53', '29', '24', '49', '51', '47'], ['43', '28', '11', '23', '4', '10', '30', '56'], ['8', '21', '5', '17', '22', '18'], ['15', '40', '42', '46'], ['61', '44'], ['2']]";"[6, 6, 0, 2, 2, 7, 1, 2, 0, 4, 5, 1, 0, 2, 5, 0, 2, 2, 7, 7, 2, 2, 2, 3, 0, 1, 4, 1, 3, 1, 0, 1, 1, 1, 1, 1, 1, 1, 1, 5, 0, 5, 5, 0, 0, 5, 3, 3, 3, 3, 3, 0, 3, 4, 0, 4, 0, 4, 0, 6, 4]";"[0, 1, 2, 0, 3, 4, 1, 3, 1, 1, 5, 1, 1, 3, 1, 1, 3, 3, 4, 4, 3, 3, 3, 5, 1, 1, 6, 1, 5, 1, 1, 1, 1, 1, 7, 1, 1, 1, 1, 1, 1, 1, 5, 1, 1, 1, 5, 5, 5, 5, 5, 5, 5, 6, 1, 7, 1, 1, 1, 0, 2]";"[2, 7, 6, 6, 4, 7, 1, 4, 2, 0, 0, 1, 1, 6, 0, 2, 4, 4, 7, 7, 4, 4, 4, 3, 2, 5, 0, 5, 3, 1, 2, 1, 1, 5, 1, 1, 5, 1, 5, 0, 0, 0, 0, 2, 0, 0, 3, 3, 3, 3, 3, 3, 3, 5, 0, 2, 2, 6, 2, 6, 1]";"[0, 7, 1, 3, 4, 0, 0, 4, 0, 3, 3, 0, 0, 1, 5, 1, 4, 4, 0, 0, 4, 4, 3, 2, 1, 0, 0, 3, 2, 3, 1, 0, 0, 0, 0, 0, 0, 1, 0, 5, 0, 5, 3, 6, 0, 5, 2, 2, 2, 2, 2, 1, 2, 2, 0, 3, 1, 1, 1, 0, 6]"
4;6;"aucs";"pmm_h";8;0.3075;0.2496;0.1786;0.169;"{'54': 0.7, '61': 0.675, '27': 0.6, '58': 0.6, '10': 0.7642857142857142, '56': 0.35}";"{'54': 0.7, '61': 0.5, '27': 0.575, '58': 0.6, '10': 0.6, '56': 0.675}";"{'54': 0.6, '61': 0.6, '27': 0.6, '58': 0.6, '10': 0.6, '56': 0.6}";"{'54': 0.7, '61': 0.7, '27': 0.6, '58': 0.6, '10': 0.7642857142857142, '56': 0.48461538461538467}";0.0;0.3578991596638656;0.0;0.43244461420932;0.3774982648154977;0.3778043599110546;0.2469822425578778;0.5904466398128716;0.5833678399964939;0.5288314812539898;0.4038781788929972;0.4367868969900863;0.279502687039876;0.6043667565119084;0.6442836621255592;0.5724136791236015;0.0012;0.0518;0.0036;"['54', '61', '27', '58', '10', '56']";"[('intraA', ('27', '54')), ('interD', ('27', '6')), ('interD', ('14', '27')), ('intraD', ('10', '56')), ('interA', ('27', '5')), ('intraD', ('54', '56')), ('intraA', ('27', '61')), ('interD', ('27', '46'))]";"[('intraD', ('54', '56')), ('intraD', ('56', '61')), ('intraD', ('10', '56')), ('interA', ('34', '54')), ('interA', ('32', '54')), ('interA', ('28', '54')), ('interA', ('26', '54')), ('interA', ('37', '54'))]";"[('interA', ('14', '56')), ('interA', ('41', '56')), ('interA', ('23', '56')), ('interA', ('48', '56')), ('interA', ('18', '56')), ('interA', ('56', '7')), ('interA', ('36', '61')), ('interA', ('13', '56'))]";"[['2', '10', '59', '1', '44', '16'], ['3', '58', '19', '20', '26', '28', '6'], ['25', '50', '57', '31', '52', '48', '53', '29', '24', '4', '49', '51', '45', '47'], ['8', '21', '5', '13', '41', '17', '55', '18'], ['14', '36', '7', '9', '60', '56', '12', '34', '32', '23', '37', '33', '35', '22', '30', '39', '38'], ['43', '46', '42', '15', '11', '40'], ['54', '27'], ['61']]";"[['8', '21', '43', '5', '23', '17', '9', '22', '42', '10', '56', '18'], ['13', '1', '57', '44', '16', '41', '52', '4', '59', '55', '40'], ['25', '46', '14', '11', '31', '3', '58', '45', '39', '38', '15'], ['50', '48', '53', '29', '2', '24', '49', '51', '47'], ['32', '61', '36', '33', '7', '35', '30', '12'], ['34', '26', '54', '28', '37'], ['27', '19', '6', '20'], ['60']]";"[['43', '12', '34', '46', '57', '27', '11', '31', '33', '35', '37', '42', '59', '15', '30', '38', '40'], ['14', '1', '23', '3', '22', '48', '58', '4', '49', '60', '18'], ['19', '32', '28', '26', '9', '20', '39', '6'], ['25', '44', '16', '52', '2', '10', '45'], ['13', '54', '41', '7', '55', '56'], ['50', '53', '29', '24', '51', '47'], ['8', '21', '5', '17'], ['61', '36']]";"[6, 6, 0, 2, 2, 7, 1, 2, 0, 4, 5, 1, 0, 2, 5, 0, 2, 2, 7, 7, 2, 2, 2, 3, 0, 1, 4, 1, 3, 1, 0, 1, 1, 1, 1, 1, 1, 1, 1, 5, 0, 5, 5, 0, 0, 5, 3, 3, 3, 3, 3, 0, 3, 4, 0, 4, 0, 4, 0, 6, 4]";"[0, 0, 1, 2, 3, 1, 4, 3, 4, 0, 5, 4, 3, 4, 5, 0, 3, 3, 1, 1, 3, 4, 4, 2, 2, 1, 6, 1, 2, 4, 2, 4, 4, 4, 4, 4, 4, 4, 4, 5, 3, 5, 5, 0, 2, 5, 2, 2, 2, 2, 2, 2, 2, 6, 3, 4, 2, 1, 0, 4, 7]";"[1, 3, 2, 1, 0, 6, 4, 0, 0, 0, 2, 4, 1, 2, 2, 1, 0, 0, 6, 6, 0, 0, 0, 3, 2, 5, 6, 5, 3, 4, 2, 4, 4, 5, 4, 4, 5, 2, 2, 1, 1, 0, 0, 1, 2, 2, 3, 3, 3, 3, 3, 1, 3, 5, 1, 0, 1, 2, 1, 7, 4]";"[1, 3, 1, 1, 6, 2, 4, 6, 2, 3, 0, 0, 4, 1, 0, 3, 6, 1, 2, 2, 6, 1, 1, 5, 3, 2, 0, 2, 5, 0, 0, 2, 0, 0, 0, 7, 0, 0, 2, 0, 4, 0, 0, 3, 3, 0, 5, 1, 1, 5, 5, 3, 5, 4, 4, 4, 0, 1, 0, 1, 7]"
5;6;"aucs";"pmm_h";8;0.3075;0.2372;0.2661;0.1789;"{'54': 0.7, '61': 0.675, '27': 0.6, '58': 0.6, '10': 0.7642857142857142, '56': 0.35}";"{'54': 0.5571428571428572, '61': 0.5333333333333333, '27': 0.6, '58': 0.5888888888888889, '10': 0.6, '56': 0.45}";"{'54': 0.6, '61': 0.6, '27': 0.6, '58': 0.6, '10': 0.6, '56': 0.6}";"{'54': 0.7, '61': 0.7, '27': 0.6, '58': 0.6, '10': 0.7642857142857142, '56': 0.48461538461538467}";0.0;0.3354166666666666;0.0;0.4369047619047619;0.5026303817844603;0.4671849635282848;0.3565369419877226;0.6876332009306171;0.7037375558091764;0.5630037588022212;0.5219579934039229;0.547038864898211;0.3984907381563451;0.7144183418253682;0.7720773040348062;0.6110321701075534;0.0012;0.0495;0.0036;"['54', '61', '27', '58', '10', '56']";"[('intraA', ('58', '61')), ('interD', ('10', '47')), ('intraA', ('54', '58')), ('intraD', ('10', '56')), ('interD', ('55', '56')), ('interA', ('24', '58')), ('interA', ('42', '54')), ('interA', ('46', '61'))]";"[('intraD', ('54', '56')), ('intraD', ('56', '61')), ('intraD', ('10', '56')), ('interA', ('34', '54')), ('interA', ('32', '54')), ('interA', ('28', '54')), ('interA', ('26', '54')), ('interA', ('37', '54'))]";"[('interA', ('40', '56')), ('interA', ('46', '56')), ('interA', ('17', '56')), ('interA', ('44', '56')), ('interA', ('31', '56')), ('interA', ('19', '56')), ('interA', ('39', '61')), ('interA', ('42', '56'))]";"[['57', '44', '7', '9', '4', '45', '25', '26', '1', '31', '16', '41', '35', '52', '33', '30', '59', '55', '38'], ['43', '2', '15', '11', '40'], ['3', '19', '20', '60', '27', '6'], ['8', '21', '5', '14', '23', '17', '22', '10', '18'], ['34', '32', '28', '13', '36', '39', '37', '12'], ['50', '48', '53', '29', '24', '49', '51', '47'], ['54', '42'], ['61', '58', '56', '46']]";"[['26', '13', '1', '36', '41', '33', '7', '35', '9', '2', '30', '39', '38', '55', '56', '12'], ['25', '61', '57', '44', '16', '31', '52', '3', '58', '4', '10', '59', '45', '60'], ['50', '48', '53', '29', '24', '49', '51', '47'], ['43', '46', '11', '42', '15', '40'], ['8', '21', '5', '17', '18'], ['34', '32', '28', '54', '37'], ['27', '19', '6', '20'], ['22', '23', '14']]";"[['43', '32', '26', '54', '36', '11', '33', '7', '35', '59', '30', '60', '38', '12'], ['8', '21', '5', '28', '13', '23', '17', '41', '9', '15', '55', '18', '40'], ['25', '57', '16', '31', '52', '3', '2', '10', '45'], ['50', '48', '53', '29', '24', '49', '51', '47'], ['14', '1', '27', '58', '22', '4', '37'], ['44', '42', '56', '46'], ['19', '6', '20'], ['61', '39', '34']]";"[6, 6, 0, 2, 2, 7, 1, 2, 0, 4, 5, 1, 0, 2, 5, 0, 2, 2, 7, 7, 2, 2, 2, 3, 0, 1, 4, 1, 3, 1, 0, 1, 1, 1, 1, 1, 1, 1, 1, 5, 0, 5, 5, 0, 0, 5, 3, 3, 3, 3, 3, 0, 3, 4, 0, 4, 0, 4, 0, 6, 4]";"[0, 1, 2, 0, 3, 2, 0, 3, 0, 3, 1, 4, 4, 3, 1, 0, 3, 3, 2, 2, 3, 3, 3, 5, 0, 0, 2, 4, 5, 0, 0, 4, 0, 4, 0, 4, 4, 0, 4, 1, 0, 6, 1, 0, 0, 7, 5, 5, 5, 5, 5, 0, 5, 6, 0, 7, 0, 7, 0, 2, 7]";"[0, 0, 1, 1, 4, 6, 0, 4, 0, 1, 3, 0, 0, 7, 3, 1, 4, 4, 6, 6, 4, 7, 7, 2, 1, 0, 6, 5, 2, 0, 1, 5, 0, 5, 0, 0, 5, 0, 0, 3, 0, 3, 3, 1, 1, 3, 2, 2, 2, 2, 2, 1, 2, 5, 0, 0, 1, 1, 1, 1, 1]";"[4, 2, 2, 4, 1, 6, 0, 1, 1, 2, 0, 0, 1, 4, 1, 2, 1, 1, 6, 6, 1, 4, 1, 3, 2, 0, 4, 1, 3, 0, 2, 0, 0, 7, 0, 0, 4, 0, 7, 1, 1, 5, 0, 5, 2, 5, 3, 3, 3, 3, 3, 2, 3, 0, 1, 5, 2, 4, 0, 0, 7]"
6;6;"aucs";"pmm_h";8;0.3075;0.241;0.1898;0.2552;"{'54': 0.7, '61': 0.675, '27': 0.6, '58': 0.6, '10': 0.7642857142857142, '56': 0.35}";"{'54': 0.6, '61': 0.43333333333333335, '27': 0.6, '58': 0.6, '10': 0.6, '56': 0.43333333333333335}";"{'54': 0.6, '61': 0.6, '27': 0.6, '58': 0.6, '10': 0.6, '56': 0.6}";"{'54': 0.7, '61': 0.7, '27': 0.6, '58': 0.6, '10': 0.7642857142857142, '56': 0.48461538461538467}";0.0;0.1167410714285714;0.0;0.4202267206477733;0.4406342535103639;0.2898823707084605;0.6000243351764977;0.6124819622731041;0.5753064257829387;0.697535439434637;0.5029605402879836;0.3308861740506995;0.6711500677692985;0.651564923230097;0.6018603290675447;0.7633800384287834;0.0012;0.0526;0.0037;"['54', '61', '27', '58', '10', '56']";"[('intraD', ('54', '56')), ('interD', ('45', '61')), ('interA', ('58', '60')), ('interD', ('55', '56')), ('interD', ('10', '37')), ('interA', ('10', '25')), ('intraD', ('10', '56')), ('interD', ('10', '35'))]";"[('intraD', ('54', '56')), ('intraD', ('56', '61')), ('intraD', ('10', '56')), ('interA', ('34', '54')), ('interA', ('32', '54')), ('interA', ('28', '54')), ('interA', ('26', '54')), ('interA', ('37', '54'))]";"[('interA', ('5', '56')), ('interA', ('34', '56')), ('interA', ('50', '56')), ('interA', ('56', '60')), ('interA', ('24', '56')), ('interA', ('11', '56')), ('interA', ('33', '61')), ('interA', ('47', '56'))]";"[['1', '23', '41', '9', '2', '15', '55', '40'], ['3', '19', '46', '20', '27', '11', '6'], ['28', '13', '57', '44', '7', '4', '45', '56', '43', '54', '61', '16', '31', '52', '42', '59'], ['8', '21', '22', '5', '18', '17'], ['25', '10'], ['34', '32', '26', '14', '36', '33', '35', '39', '38', '30', '37', '12'], ['50', '48', '53', '29', '24', '49', '51', '47'], ['58', '60']]";"[['14', '9', '4', '45', '12', '25', '1', '10', '59', '13', '36', '44', '7', '3', '58', '2', '32', '61', '16', '33', '39'], ['43', '46', '57', '11', '31', '41', '35', '42', '15', '30', '60', '38', '55', '40'], ['50', '52', '48', '53', '29', '24', '49', '51', '47'], ['8', '21', '5', '23', '17', '22', '18'], ['27', '37', '34', '26'], ['19', '6', '20'], ['54', '28'], ['56']]";"[['57', '9', '45', '25', '31', '52', '42', '59', '15', '28', '13', '44', '3', '2', '54', '16', '41', '55', '40'], ['34', '32', '14', '26', '36', '37', '7', '35', '58', '30', '39', '38', '12'], ['50', '48', '53', '29', '24', '49', '51', '47'], ['8', '21', '5', '23', '17', '22', '18'], ['43', '46', '1', '27', '4'], ['60', '56', '11', '10'], ['19', '6', '20'], ['61', '33']]";"[6, 6, 0, 2, 2, 7, 1, 2, 0, 4, 5, 1, 0, 2, 5, 0, 2, 2, 7, 7, 2, 2, 2, 3, 0, 1, 4, 1, 3, 1, 0, 1, 1, 1, 1, 1, 1, 1, 1, 5, 0, 5, 5, 0, 0, 5, 3, 3, 3, 3, 3, 0, 3, 4, 0, 4, 0, 4, 0, 6, 4]";"[0, 0, 1, 2, 3, 1, 2, 3, 0, 4, 1, 5, 2, 5, 0, 2, 3, 3, 1, 1, 3, 3, 0, 6, 4, 5, 1, 2, 6, 5, 2, 5, 5, 5, 5, 5, 5, 5, 5, 0, 0, 2, 2, 2, 2, 1, 6, 6, 6, 6, 6, 2, 6, 2, 0, 2, 2, 7, 2, 7, 2]";"[0, 0, 0, 0, 3, 5, 0, 3, 0, 0, 1, 0, 0, 0, 1, 0, 3, 3, 5, 5, 3, 3, 3, 2, 0, 4, 4, 6, 2, 1, 1, 0, 0, 4, 1, 0, 4, 1, 0, 1, 1, 1, 1, 0, 0, 1, 2, 2, 2, 2, 2, 2, 2, 6, 1, 7, 1, 0, 0, 1, 0]";"[4, 0, 0, 4, 3, 6, 1, 3, 0, 5, 5, 1, 0, 1, 0, 0, 3, 3, 6, 6, 3, 3, 3, 2, 0, 1, 4, 0, 2, 1, 0, 1, 7, 1, 1, 1, 1, 1, 1, 0, 0, 0, 4, 0, 0, 4, 2, 2, 2, 2, 2, 0, 2, 0, 0, 5, 0, 1, 0, 5, 7]"
7;6;"aucs";"pmm_h";8;0.3075;0.2976;0.2303;0.1949;"{'54': 0.7, '61': 0.675, '27': 0.6, '58': 0.6, '10': 0.7642857142857142, '56': 0.35}";"{'54': 0.5333333333333333, '61': 0.5333333333333333, '27': 0.6000000000000001, '58': 0.6, '10': 0.6, '56': 0.5571428571428572}";"{'54': 0.6, '61': 0.6, '27': 0.6, '58': 0.6, '10': 0.6, '56': 0.6}";"{'54': 0.7, '61': 0.7, '27': 0.6, '58': 0.6, '10': 0.7642857142857142, '56': 0.48461538461538467}";0.0;0.37;0.0;0.4337142857142857;0.5538615870942155;0.3761608087457388;0.2836750872392392;0.6868600657189364;0.582682528081006;0.5192934819215319;0.5978123028491681;0.4338015787256644;0.3268006904608303;0.7223699293925845;0.6370576344576888;0.5635812305988522;0.0013;0.05;0.0036;"['54', '61', '27', '58', '10', '56']";"[('intraD', ('10', '56')), ('interD', ('45', '58')), ('interA', ('47', '56')), ('interA', ('56', '8')), ('intraA', ('27', '54')), ('interA', ('57', '61')), ('intraA', ('27', '61')), ('interD', ('52', '58'))]";"[('intraD', ('54', '56')), ('intraD', ('56', '61')), ('intraD', ('10', '56')), ('interA', ('34', '54')), ('interA', ('32', '54')), ('interA', ('28', '54')), ('interA', ('26', '54')), ('interA', ('37', '54'))]";"[('interA', ('46', '56')), ('interA', ('50', '56')), ('interA', ('33', '56')), ('interA', ('20', '56')), ('interA', ('35', '56')), ('interA', ('4', '56')), ('interA', ('59', '61')), ('interA', ('56', '8'))]";"[['25', '19', '28', '1', '44', '16', '31', '3', '9', '2', '10', '20', '45', '59', '6'], ['21', '5', '14', '23', '17', '22', '58', '4', '60', '18'], ['34', '32', '26', '13', '36', '33', '7', '35', '39', '38', '30', '37', '12'], ['8', '56'], ['43', '46', '41', '11', '42', '15', '55', '40'], ['50', '52', '48', '53', '29', '24', '49', '51', '47'], ['54', '27'], ['61', '57']]";"[['34', '14', '36', '23', '37', '33', '7', '3', '22', '35', '58', '30', '60', '38', '12'], ['26', '57', '44', '16', '31', '52', '9', '4', '10', '49', '45', '39', '59', '55', '56'], ['43', '46', '32', '13', '11', '41', '42', '15', '40'], ['50', '48', '53', '29', '24', '51', '47'], ['8', '21', '5', '17', '18'], ['61', '1', '25', '2'], ['27', '19', '6', '20'], ['54', '28']]";"[['54', '23', '31', '7', '48', '22', '29', '24', '52', '53', '49', '51', '30', '47'], ['34', '32', '14', '26', '36', '16', '44', '58', '10', '39', '37', '12'], ['43', '46', '28', '1', '11', '2', '42', '15', '38', '40'], ['25', '13', '57', '41', '9', '45', '55'], ['19', '27', '3', '20', '60', '6'], ['50', '33', '35', '4', '56'], ['8', '21', '5', '17', '18'], ['61', '59']]";"[6, 6, 0, 2, 2, 7, 1, 2, 0, 4, 5, 1, 0, 2, 5, 0, 2, 2, 7, 7, 2, 2, 2, 3, 0, 1, 4, 1, 3, 1, 0, 1, 1, 1, 1, 1, 1, 1, 1, 5, 0, 5, 5, 0, 0, 5, 3, 3, 3, 3, 3, 0, 3, 4, 0, 4, 0, 4, 0, 6, 4]";"[0, 0, 0, 1, 1, 0, 2, 3, 0, 0, 4, 2, 2, 1, 4, 0, 1, 1, 0, 0, 1, 1, 1, 5, 0, 2, 6, 0, 5, 2, 0, 2, 2, 2, 2, 2, 2, 2, 2, 4, 4, 4, 4, 0, 0, 4, 5, 5, 5, 5, 5, 5, 5, 6, 4, 3, 7, 1, 0, 1, 7]";"[5, 5, 0, 1, 4, 6, 0, 4, 1, 1, 2, 0, 2, 0, 2, 1, 4, 4, 6, 6, 4, 0, 0, 3, 5, 1, 6, 7, 3, 0, 1, 2, 0, 0, 0, 0, 0, 0, 1, 2, 2, 2, 2, 1, 1, 2, 3, 3, 1, 3, 3, 1, 3, 7, 1, 1, 1, 0, 1, 0, 5]";"[2, 2, 4, 5, 6, 4, 0, 6, 3, 1, 2, 1, 3, 1, 2, 1, 6, 6, 4, 4, 6, 0, 0, 0, 3, 1, 4, 2, 0, 0, 0, 1, 5, 1, 5, 1, 1, 2, 1, 2, 3, 2, 2, 1, 3, 2, 0, 0, 0, 5, 0, 0, 0, 0, 3, 5, 3, 1, 7, 4, 7]"
8;6;"aucs";"pmm_h";8;0.3075;0.1991;0.2576;0.2935;"{'54': 0.7, '61': 0.675, '27': 0.6, '58': 0.6, '10': 0.7642857142857142, '56': 0.35}";"{'54': 0.6, '61': 0.475, '27': 0.6, '58': 0.6, '10': 0.5642857142857143, '56': 0.6}";"{'54': 0.6, '61': 0.6, '27': 0.6, '58': 0.6, '10': 0.6, '56': 0.6}";"{'54': 0.7, '61': 0.7, '27': 0.6, '58': 0.6, '10': 0.7642857142857142, '56': 0.48461538461538467}";0.0;0.1224206349206349;0.0;0.3810909090909091;0.4056146634362161;0.4821377333308764;0.5246690202025338;0.6285624560962493;0.6948611468658163;0.6826721429950883;0.4401184586990826;0.5598310276108788;0.5873420691869727;0.6513027113448573;0.7707043207483997;0.7384815755870245;0.0012;0.0483;0.0037;"['54', '61', '27', '58', '10', '56']";"[('interD', ('37', '58')), ('intraD', ('10', '56')), ('interD', ('45', '58')), ('interA', ('50', '56')), ('intraD', ('54', '56')), ('interD', ('19', '27')), ('intraA', ('10', '61')), ('intraD', ('56', '61'))]";"[('intraD', ('54', '56')), ('intraD', ('56', '61')), ('intraD', ('10', '56')), ('interA', ('34', '54')), ('interA', ('32', '54')), ('interA', ('28', '54')), ('interA', ('26', '54')), ('interA', ('37', '54'))]";"[('interA', ('29', '56')), ('interA', ('20', '56')), ('interA', ('52', '56')), ('interA', ('5', '56')), ('interA', ('19', '56')), ('interA', ('53', '56')), ('interA', ('43', '61')), ('interA', ('39', '56'))]";"[['57', '36', '44', '7', '3', '9', '45', '60', '12', '25', '54', '1', '31', '16', '33', '35', '52', '30', '59', '55', '38'], ['8', '21', '5', '14', '23', '17', '22', '2', '18'], ['43', '46', '28', '27', '41', '11', '58', '4', '42'], ['19', '6', '20'], ['61', '10'], ['34', '32', '26', '13', '15', '39', '37', '40'], ['48', '53', '29', '24', '49', '51', '47'], ['56', '50']]";"[['25', '14', '13', '1', '61', '3', '9', '58', '2', '4', '45'], ['50', '23', '52', '48', '53', '29', '24', '49', '51', '47'], ['57', '44', '16', '31', '41', '10', '59', '55', '60'], ['36', '33', '7', '35', '30', '38', '56', '12'], ['34', '32', '26', '54', '28', '39', '37'], ['8', '21', '5', '17', '22', '18'], ['43', '46', '11', '42', '15', '40'], ['27', '19', '6', '20']]";"[['14', '4', '12', '34', '26', '1', '35', '30', '37', '28', '13', '36', '7', '58', '60', '32', '23', '33', '39', '38'], ['54', '57', '44', '16', '41', '52', '9', '10', '59', '45', '55'], ['50', '31', '48', '53', '29', '24', '49', '51', '47'], ['25', '46', '11', '3', '2', '42', '15', '40'], ['8', '21', '5', '17', '22', '18'], ['27', '19', '6', '20'], ['43', '61'], ['56']]";"[6, 6, 0, 2, 2, 7, 1, 2, 0, 4, 5, 1, 0, 2, 5, 0, 2, 2, 7, 7, 2, 2, 2, 3, 0, 1, 4, 1, 3, 1, 0, 1, 1, 1, 1, 1, 1, 1, 1, 5, 0, 5, 5, 0, 0, 5, 3, 3, 3, 3, 3, 0, 3, 4, 0, 4, 0, 4, 0, 6, 4]";"[0, 1, 0, 2, 1, 3, 0, 1, 0, 4, 2, 0, 5, 1, 5, 0, 1, 1, 3, 3, 1, 1, 1, 6, 0, 5, 2, 2, 6, 0, 0, 5, 0, 5, 0, 0, 5, 0, 5, 5, 2, 2, 2, 0, 0, 2, 6, 6, 6, 7, 6, 0, 6, 0, 0, 7, 0, 2, 0, 0, 4]";"[0, 0, 0, 0, 5, 7, 3, 5, 0, 2, 6, 3, 0, 0, 6, 2, 5, 5, 7, 7, 5, 5, 1, 1, 0, 4, 7, 4, 1, 3, 2, 4, 3, 4, 3, 3, 4, 3, 4, 6, 2, 6, 6, 2, 0, 6, 1, 1, 1, 1, 1, 1, 1, 4, 2, 3, 2, 0, 2, 2, 0]";"[0, 3, 3, 0, 4, 5, 0, 4, 1, 1, 3, 0, 0, 0, 3, 1, 4, 4, 5, 5, 4, 4, 0, 2, 3, 0, 5, 0, 2, 0, 2, 0, 0, 0, 0, 0, 0, 0, 0, 3, 1, 3, 6, 1, 1, 3, 2, 2, 2, 2, 2, 1, 2, 1, 1, 7, 1, 0, 1, 0, 6]"
9;6;"aucs";"pmm_h";8;0.3075;0.2629;0.2785;0.2674;"{'54': 0.7, '61': 0.675, '27': 0.6, '58': 0.6, '10': 0.7642857142857142, '56': 0.35}";"{'54': 0.65, '61': 0.7, '27': 0.95, '58': 0.9, '10': 0.70625, '56': 0.55}";"{'54': 0.6, '61': 0.6, '27': 0.6, '58': 0.6, '10': 0.6, '56': 0.6}";"{'54': 0.7, '61': 0.7, '27': 0.6, '58': 0.6, '10': 0.7642857142857142, '56': 0.48461538461538467}";0.0;0.3333333333333333;0.0;0.4868831168831168;0.4562363811479796;0.5513582365575352;0.4979128696572403;0.6411167575963063;0.7218508269949717;0.6295723045742297;0.443797636292255;0.622147931466778;0.5673966687230105;0.5970159756973286;0.7942636701521916;0.6996706378849368;0.0014;0.0497;0.0038;"['54', '61', '27', '58', '10', '56']";"[('intraA', ('10', '58')), ('interA', ('1', '27')), ('interD', ('51', '54')), ('interD', ('37', '58')), ('intraA', ('54', '61')), ('interD', ('45', '58')), ('interD', ('36', '54')), ('intraA', ('10', '27'))]";"[('intraD', ('54', '56')), ('intraD', ('56', '61')), ('intraD', ('10', '56')), ('interA', ('34', '54')), ('interA', ('32', '54')), ('interA', ('28', '54')), ('interA', ('26', '54')), ('interA', ('37', '54'))]";"[('interA', ('56', '60')), ('interA', ('49', '56')), ('interA', ('56', '8')), ('interA', ('51', '56')), ('interA', ('30', '56')), ('interA', ('39', '56')), ('interA', ('25', '61')), ('interA', ('22', '56'))]";"[['1', '27'], ['50', '57', '31', '52', '48', '53', '29', '2', '24', '49', '51', '47'], ['3', '25', '19', '4', '20', '6'], ['8', '21', '5', '44', '16', '17', '41', '59', '18'], ['14', '28', '36', '7', '45', '55', '12', '34', '32', '26', '23', '37', '33', '35', '22', '30', '39', '38'], ['43', '46', '13', '11', '9', '42', '15', '60', '40'], ['58', '10'], ['54', '61', '56']]";"[['8', '21', '5', '14', '23', '17', '22', '2', '18'], ['25', '57', '44', '16', '31', '52', '3', '10', '59'], ['43', '46', '13', '11', '41', '42', '15', '55', '40'], ['50', '48', '53', '29', '24', '49', '51', '56', '47'], ['36', '33', '7', '35', '30', '60', '38', '12'], ['34', '32', '26', '54', '28', '39', '37'], ['61', '1', '9', '58', '4', '45'], ['27', '19', '6', '20']]";"[['34', '32', '26', '13', '1', '54', '36', '37', '33', '7', '35', '30', '38', '12'], ['8', '21', '5', '14', '23', '17', '3', '22', '58', '4', '18'], ['50', '41', '48', '9', '29', '2', '24', '53', '55', '47'], ['28', '57', '44', '16', '31', '52', '10', '49', '45', '59'], ['43', '46', '11', '42', '15', '40'], ['27', '19', '6', '20'], ['39', '60', '56', '51'], ['61', '25']]";"[6, 6, 0, 2, 2, 7, 1, 2, 0, 4, 5, 1, 0, 2, 5, 0, 2, 2, 7, 7, 2, 2, 2, 3, 0, 1, 4, 1, 3, 1, 0, 1, 1, 1, 1, 1, 1, 1, 1, 5, 0, 5, 5, 0, 0, 5, 3, 3, 3, 3, 3, 0, 3, 4, 0, 4, 0, 4, 0, 6, 4]";"[0, 1, 2, 2, 3, 2, 4, 3, 5, 6, 5, 4, 5, 4, 5, 3, 3, 3, 2, 2, 3, 4, 4, 1, 2, 4, 0, 4, 1, 4, 1, 4, 4, 4, 4, 4, 4, 4, 4, 5, 3, 5, 5, 3, 4, 5, 1, 1, 1, 1, 1, 1, 1, 7, 4, 7, 1, 6, 3, 5, 7]";"[6, 0, 1, 6, 0, 7, 4, 0, 6, 1, 2, 4, 2, 0, 2, 1, 0, 0, 7, 7, 0, 0, 0, 3, 1, 5, 7, 5, 3, 4, 1, 5, 4, 5, 4, 4, 5, 4, 5, 2, 2, 2, 2, 1, 6, 2, 3, 3, 3, 3, 3, 1, 3, 5, 2, 3, 1, 6, 1, 4, 6]";"[0, 2, 1, 1, 1, 5, 0, 1, 2, 3, 4, 0, 0, 1, 4, 3, 1, 1, 5, 5, 1, 1, 1, 2, 7, 0, 5, 3, 2, 0, 3, 0, 0, 0, 0, 0, 0, 0, 6, 4, 2, 4, 4, 3, 3, 4, 2, 2, 3, 2, 6, 3, 2, 0, 2, 6, 3, 1, 3, 6, 7]"
10;6;"aucs";"pmm_h";8;0.3075;0.2462;0.2134;0.1607;"{'54': 0.7, '61': 0.675, '27': 0.6, '58': 0.6, '10': 0.7642857142857142, '56': 0.35}";"{'54': 0.8, '61': 0.6, '27': 0.6, '58': 0.5333333333333333, '10': 0.8615384615384616, '56': 0.4}";"{'54': 0.6, '61': 0.6, '27': 0.6, '58': 0.6, '10': 0.6, '56': 0.6}";"{'54': 0.7, '61': 0.7, '27': 0.6, '58': 0.6, '10': 0.7642857142857142, '56': 0.48461538461538467}";0.0;0.47;0.0;0.4248782467532467;0.4044580929865331;0.5415137770308006;0.2677470398865062;0.6492182906923953;0.7327628230113995;0.5174819025840478;0.4238149223690033;0.6318083438506094;0.3050310811595886;0.6706319627533993;0.806120502351861;0.5546314245954557;0.0012;0.0504;0.0037;"['54', '61', '27', '58', '10', '56']";"[('interD', ('55', '56')), ('intraA', ('10', '58')), ('intraA', ('56', '58')), ('intraD', ('10', '56')), ('interA', ('56', '6')), ('interD', ('10', '37')), ('interD', ('56', '9')), ('intraA', ('58', '61'))]";"[('intraD', ('54', '56')), ('intraD', ('56', '61')), ('intraD', ('10', '56')), ('interA', ('34', '54')), ('interA', ('32', '54')), ('interA', ('28', '54')), ('interA', ('26', '54')), ('interA', ('37', '54'))]";"[('interA', ('56', '59')), ('interA', ('1', '56')), ('interA', ('5', '56')), ('interA', ('3', '56')), ('interA', ('40', '56')), ('interA', ('48', '56')), ('interA', ('35', '61')), ('interA', ('14', '56'))]";"[['43', '46', '1', '11', '41', '2', '42', '10', '15', '55', '60', '40'], ['14', '57', '44', '7', '3', '9', '4', '12', '25', '34', '26', '31', '16', '33', '35', '38', '59', '30', '37'], ['8', '21', '5', '54', '23', '17', '22', '18'], ['27', '19', '6', '20'], ['45', '32', '28', '13', '39', '36'], ['50', '52', '48', '53', '29', '24', '49', '51', '47'], ['56'], ['61', '58']]";"[['25', '61', '36', '33', '7', '35', '9', '2', '30', '38', '56', '12'], ['13', '57', '41', '31', '52', '3', '59', '45', '55'], ['50', '48', '53', '29', '24', '58', '49', '51', '47'], ['14', '1', '27', '44', '16', '4', '10', '60'], ['8', '21', '5', '23', '17', '22', '18'], ['34', '32', '26', '54', '28', '39', '37'], ['43', '46', '11', '42', '15', '40'], ['19', '6', '20']]";"[['28', '54', '26', '27', '36', '16', '31', '33', '7', '44', '57', '4', '45', '30', '38', '12'], ['43', '34', '32', '46', '13', '11', '9', '2', '42', '49', '15', '39', '37', '40'], ['25', '50', '41', '52', '53', '58', '29', '24', '51', '55', '47'], ['14', '1', '3', '48', '10', '59', '56'], ['8', '21', '5', '23', '17', '22', '18'], ['19', '6', '20'], ['61', '35'], ['60']]";"[6, 6, 0, 2, 2, 7, 1, 2, 0, 4, 5, 1, 0, 2, 5, 0, 2, 2, 7, 7, 2, 2, 2, 3, 0, 1, 4, 1, 3, 1, 0, 1, 1, 1, 1, 1, 1, 1, 1, 5, 0, 5, 5, 0, 0, 5, 3, 3, 3, 3, 3, 0, 3, 4, 0, 4, 0, 4, 0, 6, 4]";"[0, 0, 1, 1, 2, 3, 1, 2, 1, 0, 0, 1, 4, 1, 0, 1, 2, 2, 3, 3, 2, 2, 2, 5, 1, 1, 3, 4, 5, 1, 1, 4, 1, 1, 1, 4, 1, 1, 4, 0, 0, 0, 0, 1, 4, 0, 5, 5, 5, 5, 5, 5, 5, 2, 0, 6, 1, 7, 1, 0, 7]";"[3, 0, 1, 3, 4, 7, 0, 4, 0, 3, 6, 0, 1, 3, 6, 3, 4, 4, 7, 7, 4, 4, 4, 2, 0, 5, 3, 5, 2, 0, 1, 5, 0, 5, 0, 0, 5, 0, 5, 6, 1, 6, 6, 3, 1, 6, 2, 2, 2, 2, 2, 1, 2, 5, 1, 0, 1, 2, 1, 3, 0]";"[3, 1, 3, 0, 4, 5, 0, 4, 1, 3, 1, 0, 1, 3, 1, 0, 4, 4, 5, 5, 4, 4, 4, 2, 2, 0, 0, 0, 2, 0, 0, 1, 0, 1, 6, 0, 1, 0, 1, 1, 2, 1, 1, 0, 0, 1, 2, 3, 1, 2, 2, 2, 2, 0, 2, 3, 0, 2, 3, 7, 6]"
11;6;"aucs";"pmm_h";8;0.3075;0.1947;0.2338;0.2337;"{'54': 0.7, '61': 0.675, '27': 0.6, '58': 0.6, '10': 0.7642857142857142, '56': 0.35}";"{'54': 0.6, '61': 0.5, '27': 0.7375, '58': 0.6, '10': 0.7615384615384615, '56': 0.5333333333333333}";"{'54': 0.6, '61': 0.6, '27': 0.6, '58': 0.6, '10': 0.6, '56': 0.6}";"{'54': 0.7, '61': 0.7, '27': 0.6, '58': 0.6, '10': 0.7642857142857142, '56': 0.48461538461538467}";0.0;0.344;0.0;0.4833513708513708;0.3544487852735797;0.4357686855824904;0.4497919519646055;0.5954442550032484;0.6575773288802078;0.6466978054874755;0.3514937251420593;0.5007297049062089;0.5093820926576731;0.5960924363248805;0.7252380660301254;0.7218329545936462;0.0012;0.0512;0.0037;"['54', '61', '27', '58', '10', '56']";"[('interA', ('41', '58')), ('interD', ('45', '54')), ('intraD', ('54', '56')), ('interD', ('27', '43')), ('interA', ('23', '54')), ('interA', ('28', '56')), ('intraA', ('27', '61')), ('interD', ('10', '32'))]";"[('intraD', ('54', '56')), ('intraD', ('56', '61')), ('intraD', ('10', '56')), ('interA', ('34', '54')), ('interA', ('32', '54')), ('interA', ('28', '54')), ('interA', ('26', '54')), ('interA', ('37', '54'))]";"[('interA', ('38', '56')), ('interA', ('56', '6')), ('interA', ('56', '60')), ('interA', ('13', '56')), ('interA', ('34', '56')), ('interA', ('46', '56')), ('interA', ('39', '61')), ('interA', ('23', '56'))]";"[['43', '46', '1', '11', '7', '2', '42', '15', '40'], ['14', '13', '57', '36', '44', '3', '9', '4', '20', '45', '6', '12', '19', '34', '32', '26', '31', '33', '35', '52', '39', '38', '30', '55', '37'], ['8', '21', '25', '5', '16', '17', '22', '10', '59', '18'], ['54', '23'], ['50', '48', '53', '29', '24', '49', '51', '60', '47'], ['61', '27'], ['56', '28'], ['58', '41']]";"[['43', '46', '13', '11', '41', '42', '15', '55', '60', '40'], ['36', '33', '35', '7', '9', '30', '38', '56', '12'], ['61', '57', '44', '31', '16', '52', '10', '59', '45'], ['14', '1', '23', '58', '2', '4', '39', '37'], ['50', '48', '53', '29', '24', '49', '51', '47'], ['25', '19', '27', '3', '20', '6'], ['8', '21', '5', '17', '22', '18'], ['34', '32', '26', '54', '28']]";"[['9', '45', '12', '25', '34', '26', '1', '35', '30', '37', '28', '13', '36', '7', '3', '32', '54', '41', '33', '55', '38'], ['50', '44', '48', '53', '29', '2', '24', '10', '49', '51', '47'], ['43', '46', '14', '11', '58', '4', '42', '15', '40'], ['8', '21', '5', '17', '22', '18'], ['57', '16', '31', '52', '59'], ['27', '19', '6', '20'], ['60', '56', '23'], ['61', '39']]";"[6, 6, 0, 2, 2, 7, 1, 2, 0, 4, 5, 1, 0, 2, 5, 0, 2, 2, 7, 7, 2, 2, 2, 3, 0, 1, 4, 1, 3, 1, 0, 1, 1, 1, 1, 1, 1, 1, 1, 5, 0, 5, 5, 0, 0, 5, 3, 3, 3, 3, 3, 0, 3, 4, 0, 4, 0, 4, 0, 6, 4]";"[0, 0, 1, 1, 2, 1, 0, 2, 1, 2, 0, 1, 1, 1, 0, 2, 2, 2, 1, 1, 2, 2, 3, 4, 2, 1, 5, 6, 4, 1, 1, 1, 1, 1, 1, 1, 1, 1, 1, 0, 7, 0, 0, 1, 1, 0, 4, 4, 4, 4, 4, 1, 4, 3, 1, 6, 1, 7, 2, 4, 5]";"[3, 3, 5, 3, 6, 5, 1, 6, 1, 2, 0, 1, 0, 3, 0, 2, 6, 6, 5, 5, 6, 6, 3, 4, 5, 7, 5, 7, 4, 1, 2, 7, 1, 7, 1, 1, 3, 1, 3, 0, 0, 0, 0, 2, 2, 0, 4, 4, 4, 4, 4, 2, 4, 7, 0, 1, 2, 3, 2, 0, 2]";"[0, 1, 0, 2, 3, 5, 0, 3, 0, 1, 2, 0, 0, 2, 2, 4, 3, 3, 5, 5, 3, 3, 6, 1, 0, 0, 5, 0, 1, 0, 4, 0, 0, 0, 0, 0, 0, 0, 7, 2, 0, 2, 2, 1, 0, 2, 1, 1, 1, 1, 1, 4, 1, 0, 0, 6, 4, 2, 4, 6, 7]"
12;6;"aucs";"pmm_h";8;0.3075;0.2017;0.2307;0.1642;"{'54': 0.7, '61': 0.675, '27': 0.6, '58': 0.6, '10': 0.7642857142857142, '56': 0.35}";"{'54': 0.6, '61': 0.43333333333333335, '27': 0.6, '58': 0.6, '10': 0.5333333333333333, '56': 0.4}";"{'54': 0.6, '61': 0.6, '27': 0.6, '58': 0.6, '10': 0.6, '56': 0.6}";"{'54': 0.7, '61': 0.7, '27': 0.6, '58': 0.6, '10': 0.7642857142857142, '56': 0.48461538461538467}";0.0;0.2324404761904762;0.0;0.3773913043478261;0.3466803416454631;0.4493158547132887;0.3466694750144805;0.5908960849890543;0.6450459405705242;0.5842359571884981;0.3546821486785956;0.5035827529921547;0.377693056859547;0.6033385988023244;0.6894148001850978;0.6182186070507123;0.0012;0.0773;0.0035;"['54', '61', '27', '58', '10', '56']";"[('interD', ('37', '58')), ('interD', ('10', '22')), ('intraD', ('54', '56')), ('interA', ('27', '48')), ('interA', ('10', '38')), ('interA', ('47', '54')), ('intraA', ('10', '61')), ('interA', ('57', '61'))]";"[('intraD', ('54', '56')), ('intraD', ('56', '61')), ('intraD', ('10', '56')), ('interA', ('34', '54')), ('interA', ('32', '54')), ('interA', ('28', '54')), ('interA', ('26', '54')), ('interA', ('37', '54'))]";"[('interA', ('36', '56')), ('interA', ('49', '56')), ('interA', ('41', '56')), ('interA', ('56', '6')), ('interA', ('31', '56')), ('interA', ('24', '56')), ('interA', ('33', '61')), ('interA', ('12', '56'))]";"[['25', '46', '28', '1', '11', '31', '41', '7', '35', '9', '42', '15', '55', '60', '40'], ['2', '19', '6', '20'], ['43', '14', '23', '52', '3', '58', '4', '45'], ['8', '21', '5', '44', '16', '17', '22', '18'], ['61', '57', '56', '10'], ['34', '32', '26', '13', '36', '33', '39', '38', '59', '30', '37', '12'], ['53', '29', '24', '50', '51', '54', '47'], ['48', '27', '49']]";"[['57', '9', '4', '45', '25', '46', '26', '11', '31', '52', '42', '10', '59', '15', '13', '3', '58', '2', '43', '16', '41', '55', '38', '40'], ['34', '32', '44', '36', '33', '7', '35', '30', '49', '39', '37', '12'], ['50', '1', '48', '53', '29', '24', '51', '47'], ['8', '21', '5', '14', '23', '17', '22', '18'], ['27', '19', '6', '20'], ['54', '28'], ['61', '60'], ['56']]";"[['14', '57', '4', '45', '55', '25', '34', '26', '35', '52', '59', '37', '28', '44', '7', '3', '58', '2', '32', '16', '39', '30', '38'], ['8', '21', '5', '1', '23', '17', '22', '18'], ['43', '46', '13', '11', '9', '42', '15', '40'], ['54', '36', '31', '41', '24', '10', '49', '12'], ['50', '48', '53', '29', '51', '60', '47'], ['27', '19', '6', '20'], ['61', '33'], ['56']]";"[6, 6, 0, 2, 2, 7, 1, 2, 0, 4, 5, 1, 0, 2, 5, 0, 2, 2, 7, 7, 2, 2, 2, 3, 0, 1, 4, 1, 3, 1, 0, 1, 1, 1, 1, 1, 1, 1, 1, 5, 0, 5, 5, 0, 0, 5, 3, 3, 3, 3, 3, 0, 3, 4, 0, 4, 0, 4, 0, 6, 4]";"[0, 1, 2, 2, 3, 1, 0, 3, 0, 4, 0, 5, 5, 2, 0, 3, 3, 3, 1, 1, 3, 3, 2, 6, 0, 5, 7, 0, 6, 5, 0, 5, 5, 5, 0, 5, 5, 5, 5, 0, 0, 0, 2, 3, 2, 0, 6, 7, 7, 6, 6, 2, 6, 6, 0, 4, 4, 2, 5, 0, 4]";"[2, 0, 0, 0, 3, 4, 1, 3, 0, 0, 0, 1, 0, 3, 0, 0, 3, 3, 4, 4, 3, 3, 3, 2, 0, 0, 4, 5, 2, 1, 0, 1, 1, 1, 1, 1, 1, 0, 1, 0, 0, 0, 0, 1, 0, 0, 2, 2, 1, 2, 2, 0, 2, 5, 0, 7, 0, 0, 0, 6, 6]";"[1, 0, 0, 0, 1, 5, 0, 1, 2, 3, 2, 3, 2, 0, 2, 0, 1, 1, 5, 5, 1, 1, 1, 3, 0, 0, 5, 0, 4, 0, 3, 0, 6, 0, 0, 3, 0, 0, 0, 2, 3, 2, 2, 0, 0, 2, 4, 4, 3, 4, 4, 0, 4, 3, 0, 7, 0, 0, 0, 4, 6]"
13;6;"aucs";"pmm_h";8;0.3075;0.3137;0.2609;0.246;"{'54': 0.7, '61': 0.675, '27': 0.6, '58': 0.6, '10': 0.7642857142857142, '56': 0.35}";"{'54': 0.475, '61': 0.475, '27': 0.5375, '58': 0.5166666666666667, '10': 0.5642857142857143, '56': 0.43333333333333335}";"{'54': 0.6, '61': 0.6, '27': 0.6, '58': 0.6, '10': 0.6, '56': 0.6}";"{'54': 0.7, '61': 0.7, '27': 0.6, '58': 0.6, '10': 0.7642857142857142, '56': 0.48461538461538467}";0.0;0.2;0.0;0.4134978991596639;0.6005313244562517;0.4378823900189782;0.3911852769728499;0.7529106003546376;0.6837044423434401;0.6200904831718514;0.6002263793077076;0.5063317003400583;0.4455639489983276;0.7275951575834995;0.7497455558138828;0.6658374882274695;0.0012;0.0513;0.0035;"['54', '61', '27', '58', '10', '56']";"[('intraA', ('10', '58')), ('interD', ('56', '9')), ('intraA', ('27', '54')), ('interD', ('4', '58')), ('intraD', ('54', '56')), ('intraD', ('10', '56')), ('interD', ('20', '27')), ('interD', ('45', '54'))]";"[('intraD', ('54', '56')), ('intraD', ('56', '61')), ('intraD', ('10', '56')), ('interA', ('34', '54')), ('interA', ('32', '54')), ('interA', ('28', '54')), ('interA', ('26', '54')), ('interA', ('37', '54'))]";"[('interA', ('35', '56')), ('interA', ('43', '56')), ('interA', ('37', '56')), ('interA', ('28', '56')), ('interA', ('34', '56')), ('interA', ('44', '56')), ('interA', ('39', '61')), ('interA', ('16', '56'))]";"[['28', '57', '44', '3', '2', '4', '20', '45', '6', '25', '19', '1', '16', '31', '52', '59'], ['8', '21', '5', '14', '23', '17', '22', '55', '60', '18'], ['34', '32', '26', '36', '33', '7', '35', '39', '38', '30', '37', '12'], ['43', '46', '13', '11', '41', '9', '42', '15', '40'], ['58', '10'], ['50', '48', '53', '29', '24', '49', '51', '47'], ['54', '27'], ['61', '56']]";"[['32', '13', '1', '61', '36', '41', '33', '7', '35', '9', '30', '39', '60', '38', '55', '12'], ['25', '14', '57', '44', '16', '23', '31', '52', '3', '22', '58', '2', '4', '10', '59', '45'], ['50', '48', '53', '29', '24', '49', '51', '47'], ['43', '46', '11', '42', '15', '40'], ['8', '21', '5', '17', '18'], ['34', '26', '54', '28', '37'], ['27', '19', '6', '20'], ['56']]";"[['46', '32', '26', '13', '54', '11', '41', '3', '9', '58', '4', '42', '45', '55', '60', '15', '40'], ['50', '1', '48', '53', '29', '24', '49', '51', '47'], ['8', '21', '5', '14', '23', '17', '22', '2', '18'], ['36', '37', '33', '7', '35', '30', '38', '12'], ['43', '34', '28', '44', '16', '10', '56'], ['25', '57', '31', '52', '59'], ['27', '19', '6', '20'], ['61', '39']]";"[6, 6, 0, 2, 2, 7, 1, 2, 0, 4, 5, 1, 0, 2, 5, 0, 2, 2, 7, 7, 2, 2, 2, 3, 0, 1, 4, 1, 3, 1, 0, 1, 1, 1, 1, 1, 1, 1, 1, 5, 0, 5, 5, 0, 0, 5, 3, 3, 3, 3, 3, 0, 3, 4, 0, 4, 0, 4, 0, 6, 4]";"[0, 0, 0, 0, 1, 0, 2, 1, 3, 4, 3, 2, 3, 1, 3, 0, 1, 1, 0, 0, 1, 1, 1, 5, 0, 2, 6, 0, 5, 2, 0, 2, 2, 2, 2, 2, 2, 2, 2, 3, 3, 3, 3, 0, 0, 3, 5, 5, 5, 5, 5, 0, 5, 6, 1, 7, 0, 4, 0, 1, 7]";"[0, 1, 1, 1, 4, 6, 0, 4, 0, 1, 3, 0, 0, 1, 3, 1, 4, 4, 6, 6, 4, 1, 1, 2, 1, 5, 6, 5, 2, 0, 1, 0, 0, 5, 0, 0, 5, 0, 0, 3, 0, 3, 3, 1, 1, 3, 2, 2, 2, 2, 2, 1, 2, 5, 0, 7, 1, 1, 1, 0, 0]";"[1, 2, 0, 0, 2, 6, 3, 2, 0, 4, 0, 3, 0, 2, 0, 4, 2, 2, 6, 6, 2, 2, 2, 1, 5, 0, 6, 4, 1, 3, 5, 0, 3, 4, 3, 3, 3, 3, 7, 0, 0, 0, 4, 4, 0, 0, 1, 1, 1, 1, 1, 5, 1, 0, 0, 4, 5, 0, 5, 0, 7]"
14;6;"aucs";"pmm_h";8;0.3075;0.174;0.219;0.198;"{'54': 0.7, '61': 0.675, '27': 0.6, '58': 0.6, '10': 0.7642857142857142, '56': 0.35}";"{'54': 0.6000000000000001, '61': 0.4, '27': 0.6, '58': 0.5375, '10': 0.5615384615384615, '56': 0.575}";"{'54': 0.6, '61': 0.6, '27': 0.6, '58': 0.6, '10': 0.6, '56': 0.6}";"{'54': 0.7, '61': 0.7, '27': 0.6, '58': 0.6, '10': 0.7642857142857142, '56': 0.48461538461538467}";0.0;0.32825;0.0;0.4755339105339105;0.2535001022289889;0.3125029974581554;0.3922976531621701;0.5490378666033109;0.5798910637791623;0.5586258178880645;0.2545110111295288;0.3659798657828755;0.4422192072687003;0.5275843418020112;0.618555840916476;0.6129296276972246;0.0013;0.051;0.0037;"['54', '61', '27', '58', '10', '56']";"[('intraD', ('10', '56')), ('interD', ('19', '27')), ('intraA', ('10', '58')), ('intraA', ('54', '61')), ('interD', ('10', '14')), ('interD', ('27', '43')), ('intraD', ('54', '56')), ('interA', ('12', '58'))]";"[('intraD', ('54', '56')), ('intraD', ('56', '61')), ('intraD', ('10', '56')), ('interA', ('34', '54')), ('interA', ('32', '54')), ('interA', ('28', '54')), ('interA', ('26', '54')), ('interA', ('37', '54'))]";"[('interA', ('34', '56')), ('interA', ('24', '56')), ('interA', ('2', '56')), ('interA', ('31', '56')), ('interA', ('22', '56')), ('interA', ('16', '56')), ('interA', ('11', '61')), ('interA', ('52', '56'))]";"[['14', '28', '57', '44', '53', '9', '49', '51', '45', '56', '25', '50', '34', '26', '1', '31', '16', '23', '52', '48', '22', '29', '24', '39', '47'], ['2', '13', '55', '41', '15', '40'], ['32', '36', '33', '7', '3', '35', '38', '59', '30', '60', '37', '12'], ['43', '4', '46', '42', '11'], ['8', '21', '5', '18', '17'], ['27', '19', '6', '20'], ['58', '10'], ['54', '61']]";"[['25', '19', '14', '26', '13', '61', '27', '36', '7', '3', '58', '20', '45', '39', '55', '6', '12'], ['57', '44', '16', '31', '33', '35', '52', '4', '10', '59', '30', '60', '38'], ['43', '46', '11', '41', '9', '2', '42', '15', '40'], ['50', '48', '53', '29', '24', '49', '51', '47'], ['8', '21', '5', '23', '17', '22', '18'], ['34', '32', '28', '54', '37'], ['1'], ['56']]";"[['43', '46', '28', '57', '44', '16', '31', '41', '52', '3', '4', '42', '10', '59', '45', '55', '60', '40'], ['8', '21', '5', '14', '23', '17', '22', '58', '49', '15', '18'], ['25', '34', '37', '33', '35', '7', '30', '38', '12'], ['19', '26', '1', '27', '9', '20', '6'], ['50', '48', '53', '29', '24', '51', '47'], ['32', '13', '54', '36', '39'], ['2', '56'], ['61', '11']]";"[6, 6, 0, 2, 2, 7, 1, 2, 0, 4, 5, 1, 0, 2, 5, 0, 2, 2, 7, 7, 2, 2, 2, 3, 0, 1, 4, 1, 3, 1, 0, 1, 1, 1, 1, 1, 1, 1, 1, 5, 0, 5, 5, 0, 0, 5, 3, 3, 3, 3, 3, 0, 3, 4, 0, 4, 0, 4, 0, 6, 4]";"[0, 1, 2, 3, 4, 5, 2, 4, 0, 6, 3, 2, 1, 0, 1, 0, 4, 4, 5, 5, 4, 0, 0, 0, 0, 0, 5, 0, 0, 2, 0, 2, 2, 0, 2, 2, 2, 2, 0, 1, 1, 3, 3, 0, 0, 3, 0, 0, 0, 0, 0, 0, 0, 7, 1, 0, 0, 6, 2, 2, 7]";"[6, 2, 0, 1, 4, 0, 0, 4, 2, 1, 2, 0, 0, 0, 2, 1, 4, 4, 0, 0, 4, 4, 4, 3, 0, 0, 0, 5, 3, 1, 1, 5, 1, 5, 1, 0, 5, 1, 0, 2, 2, 2, 2, 1, 0, 2, 3, 3, 3, 3, 3, 1, 3, 5, 0, 7, 1, 0, 1, 1, 0]";"[3, 6, 0, 0, 1, 3, 2, 1, 3, 0, 7, 2, 5, 1, 1, 0, 1, 1, 3, 3, 1, 1, 1, 4, 2, 3, 3, 0, 4, 2, 0, 5, 2, 2, 2, 5, 2, 2, 5, 0, 0, 0, 0, 0, 0, 0, 4, 4, 1, 4, 4, 0, 4, 5, 0, 6, 0, 1, 0, 0, 7]"
15;6;"aucs";"pmm_h";8;0.3075;0.2408;0.2253;0.2319;"{'54': 0.7, '61': 0.675, '27': 0.6, '58': 0.6, '10': 0.7642857142857142, '56': 0.35}";"{'54': 0.6, '61': 0.475, '27': 0.6, '58': 0.6, '10': 0.6, '56': 0.475}";"{'54': 0.6, '61': 0.6, '27': 0.6, '58': 0.6, '10': 0.6, '56': 0.6}";"{'54': 0.7, '61': 0.7, '27': 0.6, '58': 0.6, '10': 0.7642857142857142, '56': 0.48461538461538467}";0.0;0.1378643578643578;0.0;0.4453571428571428;0.3310966933409918;0.3312116114102224;0.4431843328169949;0.5435691855759255;0.5848394320336937;0.6384663498994843;0.3576507270886714;0.3861639534576924;0.5115973951861077;0.5784024403368617;0.6473315085406355;0.7045125078996767;0.0012;0.0503;0.0037;"['54', '61', '27', '58', '10', '56']";"[('intraD', ('10', '56')), ('intraD', ('54', '56')), ('interA', ('15', '58')), ('interD', ('45', '61')), ('interD', ('37', '58')), ('interD', ('45', '54')), ('interA', ('47', '58')), ('interA', ('34', '61'))]";"[('intraD', ('54', '56')), ('intraD', ('56', '61')), ('intraD', ('10', '56')), ('interA', ('34', '54')), ('interA', ('32', '54')), ('interA', ('28', '54')), ('interA', ('26', '54')), ('interA', ('37', '54'))]";"[('interA', ('49', '56')), ('interA', ('38', '56')), ('interA', ('41', '56')), ('interA', ('31', '56')), ('interA', ('30', '56')), ('interA', ('25', '56')), ('interA', ('61', '8')), ('interA', ('53', '56'))]";"[['57', '44', '53', '9', '2', '49', '51', '50', '1', '41', '52', '48', '29', '24', '42', '55', '47', '40'], ['25', '14', '16', '17', '23', '31', '3', '22', '10', '59', '18'], ['43', '19', '46', '28', '27', '11', '4', '20', '6'], ['8', '21', '5'], ['32', '26', '13', '54', '36', '33', '7', '35', '39', '38', '45', '30', '37', '12'], ['15', '58'], ['61', '56', '34'], ['60']]";"[['12', '61', '13', '36', '41', '33', '7', '35', '9', '2', '45', '30', '55', '15', '40'], ['8', '21', '5', '14', '23', '17', '3', '22', '58', '4', '60', '18'], ['25', '31', '52', '48', '10', '49', '38', '47'], ['34', '32', '26', '54', '28', '39', '37'], ['43', '46', '27', '11', '42', '56'], ['50', '53', '29', '24', '51'], ['1', '19', '6', '20'], ['57', '44', '16', '59']]";"[['54', '1', '57', '44', '16', '52', '48', '2', '4', '10', '59', '45', '55', '60'], ['34', '32', '28', '13', '26', '36', '33', '7', '35', '39', '37', '12'], ['14', '23', '17', '3', '9', '22', '58', '18'], ['25', '31', '41', '49', '30', '38', '56'], ['43', '46', '11', '42', '15', '40'], ['50', '53', '29', '24', '51', '47'], ['8', '21', '61', '5'], ['27', '19', '6', '20']]";"[6, 6, 0, 2, 2, 7, 1, 2, 0, 4, 5, 1, 0, 2, 5, 0, 2, 2, 7, 7, 2, 2, 2, 3, 0, 1, 4, 1, 3, 1, 0, 1, 1, 1, 1, 1, 1, 1, 1, 5, 0, 5, 5, 0, 0, 5, 3, 3, 3, 3, 3, 0, 3, 4, 0, 4, 0, 4, 0, 6, 4]";"[0, 0, 1, 2, 3, 2, 4, 3, 0, 1, 2, 4, 4, 1, 5, 1, 1, 1, 2, 2, 3, 1, 1, 0, 1, 4, 2, 2, 0, 4, 1, 4, 4, 6, 4, 4, 4, 4, 4, 0, 0, 0, 2, 0, 4, 2, 0, 0, 0, 0, 0, 0, 0, 4, 0, 6, 0, 5, 1, 7, 6]";"[6, 0, 1, 1, 1, 6, 0, 1, 0, 2, 4, 0, 0, 1, 0, 7, 1, 1, 6, 6, 1, 1, 1, 5, 2, 3, 4, 3, 5, 0, 2, 3, 0, 3, 0, 0, 3, 2, 3, 0, 0, 4, 4, 7, 0, 4, 2, 2, 2, 5, 5, 2, 5, 3, 0, 4, 7, 1, 7, 1, 0]";"[0, 0, 2, 0, 6, 7, 1, 6, 2, 0, 4, 1, 1, 2, 4, 0, 2, 2, 7, 7, 6, 2, 2, 5, 3, 1, 7, 1, 5, 3, 3, 1, 1, 1, 1, 1, 1, 3, 1, 4, 3, 4, 4, 0, 0, 4, 5, 0, 3, 5, 5, 0, 5, 0, 0, 3, 0, 2, 0, 0, 6]"
16;6;"aucs";"pmm_h";8;0.3075;0.213;0.2467;0.2364;"{'54': 0.7, '61': 0.675, '27': 0.6, '58': 0.6, '10': 0.7642857142857142, '56': 0.35}";"{'54': 0.5, '61': 0.6, '27': 0.5444444444444444, '58': 0.6, '10': 0.6, '56': 0.6}";"{'54': 0.6, '61': 0.6, '27': 0.6, '58': 0.6, '10': 0.6, '56': 0.6}";"{'54': 0.7, '61': 0.7, '27': 0.6, '58': 0.6, '10': 0.7642857142857142, '56': 0.48461538461538467}";0.0;0.1182692307692307;0.0;0.4308846153846153;0.3902743406382523;0.3805294064956139;0.4288102635487597;0.6005073229235015;0.6284636766945656;0.6272119698074443;0.4338015787256644;0.4267247682274149;0.4979144544025825;0.6228670837694509;0.6834991341925682;0.6900046349042072;0.0014;0.0522;0.0037;"['54', '61', '27', '58', '10', '56']";"[('interA', ('10', '24')), ('interD', ('10', '41')), ('interA', ('10', '18')), ('interA', ('47', '56')), ('intraD', ('56', '61')), ('intraD', ('54', '56')), ('intraA', ('27', '54')), ('intraD', ('10', '56'))]";"[('intraD', ('54', '56')), ('intraD', ('56', '61')), ('intraD', ('10', '56')), ('interA', ('34', '54')), ('interA', ('32', '54')), ('interA', ('28', '54')), ('interA', ('26', '54')), ('interA', ('37', '54'))]";"[('interA', ('14', '56')), ('interA', ('16', '56')), ('interA', ('13', '56')), ('interA', ('32', '56')), ('interA', ('41', '56')), ('interA', ('56', '6')), ('interA', ('21', '61')), ('interA', ('40', '56'))]";"[['1'], ['19', '26', '23', '41', '3', '2', '4', '20', '55', '60'], ['8', '21', '22', '5', '18', '17'], ['53', '29', '50', '51', '6'], ['34', '14', '28', '13', '32', '36', '7', '35', '39', '58', '30', '37', '12'], ['57', '44', '9', '49', '45', '56', '25', '61', '16', '31', '33', '52', '48', '59', '38', '47'], ['54', '27', '24', '10'], ['43', '46', '42', '15', '11', '40']]";"[['9', '55', '12', '46', '11', '35', '42', '15', '13', '36', '7', '3', '58', '2', '43', '32', '41', '33', '39', '30', '38', '40'], ['25', '1', '57', '44', '16', '31', '52', '4', '10', '59', '45', '56'], ['8', '21', '5', '14', '23', '17', '22', '37', '18'], ['50', '48', '53', '29', '24', '49', '51', '47'], ['27', '19', '6', '20'], ['54', '26', '34', '28'], ['60'], ['61']]";"[['25', '14', '26', '54', '57', '44', '31', '52', '48', '58', '4', '49', '59', '45', '30', '55'], ['34', '32', '28', '36', '37', '33', '7', '35', '22', '10', '39', '38', '12'], ['43', '46', '1', '11', '2', '42', '15', '40'], ['8', '5', '23', '17', '3', '60', '18'], ['50', '53', '29', '24', '51', '47'], ['13', '16', '41', '9', '56'], ['27', '19', '6', '20'], ['61', '21']]";"[6, 6, 0, 2, 2, 7, 1, 2, 0, 4, 5, 1, 0, 2, 5, 0, 2, 2, 7, 7, 2, 2, 2, 3, 0, 1, 4, 1, 3, 1, 0, 1, 1, 1, 1, 1, 1, 1, 1, 5, 0, 5, 5, 0, 0, 5, 3, 3, 3, 3, 3, 0, 3, 4, 0, 4, 0, 4, 0, 6, 4]";"[0, 1, 1, 1, 2, 3, 4, 2, 5, 6, 7, 4, 4, 4, 7, 5, 2, 2, 1, 1, 2, 2, 1, 6, 5, 1, 6, 4, 3, 4, 5, 4, 5, 4, 4, 4, 4, 5, 4, 7, 1, 7, 7, 5, 5, 7, 5, 5, 5, 3, 3, 5, 3, 6, 1, 5, 5, 4, 5, 1, 5]";"[1, 0, 0, 1, 2, 4, 0, 2, 0, 1, 0, 0, 0, 2, 0, 1, 2, 2, 4, 4, 2, 2, 2, 3, 1, 5, 4, 5, 3, 0, 1, 0, 0, 5, 0, 0, 2, 0, 0, 0, 0, 0, 0, 1, 1, 0, 3, 3, 3, 3, 3, 1, 3, 5, 0, 1, 1, 0, 1, 6, 7]";"[2, 2, 3, 0, 3, 6, 1, 3, 5, 1, 2, 1, 5, 0, 2, 5, 3, 3, 6, 6, 7, 1, 3, 4, 0, 0, 6, 1, 4, 0, 0, 1, 1, 1, 1, 1, 1, 1, 1, 2, 5, 2, 2, 0, 0, 2, 4, 0, 0, 4, 4, 0, 4, 0, 0, 5, 0, 0, 0, 3, 7]"
17;6;"aucs";"pmm_h";8;0.3075;0.2421;0.2731;0.2253;"{'54': 0.7, '61': 0.675, '27': 0.6, '58': 0.6, '10': 0.7642857142857142, '56': 0.35}";"{'54': 0.9166666666666667, '61': 0.7571428571428571, '27': 0.9375, '58': 0.9285714285714286, '10': 0.8285714285714285, '56': 0.5}";"{'54': 0.6, '61': 0.6, '27': 0.6, '58': 0.6, '10': 0.6, '56': 0.6}";"{'54': 0.7, '61': 0.7, '27': 0.6, '58': 0.6, '10': 0.7642857142857142, '56': 0.48461538461538467}";0.0;0.5170940170940171;0.0;0.4934157509157508;0.427303854791797;0.4788859563828309;0.3185137227030658;0.5890566436460223;0.6750288309337146;0.5624399482070859;0.4588659487346688;0.560362407649064;0.3616701354967506;0.5992353391810624;0.753151824969242;0.6226693344532702;0.0018;0.0485;0.0036;"['54', '61', '27', '58', '10', '56']";"[('interD', ('10', '41')), ('interA', ('31', '54')), ('interD', ('55', '56')), ('intraA', ('27', '61')), ('interD', ('20', '27')), ('intraA', ('10', '58')), ('interA', ('17', '61')), ('interA', ('40', '61'))]";"[('intraD', ('54', '56')), ('intraD', ('56', '61')), ('intraD', ('10', '56')), ('interA', ('34', '54')), ('interA', ('32', '54')), ('interA', ('28', '54')), ('interA', ('26', '54')), ('interA', ('37', '54'))]";"[('interA', ('26', '56')), ('interA', ('48', '56')), ('interA', ('56', '57')), ('interA', ('16', '56')), ('interA', ('23', '56')), ('interA', ('14', '56')), ('interA', ('13', '61')), ('interA', ('25', '56'))]";"[['25', '1', '57', '44', '16', '52', '9', '58', '4', '10', '59', '45', '56'], ['2', '15', '55', '41', '40'], ['3', '19', '20', '60', '6'], ['8', '21', '18', '5'], ['34', '14', '26', '13', '28', '32', '36', '33', '7', '35', '22', '39', '30', '37', '12'], ['43', '50', '46', '23', '11', '48', '53', '29', '24', '42', '49', '51', '38', '47'], ['61', '27', '17'], ['54', '31']]";"[['25', '32', '26', '13', '57', '16', '41', '3', '9', '58', '2', '4', '59', '45', '39', '55', '56'], ['50', '44', '31', '52', '48', '53', '29', '24', '10', '49', '51', '60', '47'], ['8', '21', '5', '14', '23', '17', '22', '18'], ['36', '37', '33', '7', '35', '30', '38', '12'], ['43', '46', '61', '11', '42', '15', '40'], ['27', '19', '6', '20'], ['54', '34', '28'], ['1']]";"[['43', '46', '54', '36', '11', '41', '35', '7', '42', '15', '30', '38', '55', '40'], ['34', '32', '28', '14', '26', '23', '33', '22', '2', '10', '39', '37', '12'], ['50', '31', '52', '48', '53', '29', '24', '49', '51', '60', '47'], ['8', '21', '5', '1', '17', '18'], ['44', '3', '58', '4', '45'], ['25', '57', '16', '59', '56'], ['27', '19', '6', '20'], ['13', '9', '61']]";"[6, 6, 0, 2, 2, 7, 1, 2, 0, 4, 5, 1, 0, 2, 5, 0, 2, 2, 7, 7, 2, 2, 2, 3, 0, 1, 4, 1, 3, 1, 0, 1, 1, 1, 1, 1, 1, 1, 1, 5, 0, 5, 5, 0, 0, 5, 3, 3, 3, 3, 3, 0, 3, 4, 0, 4, 0, 4, 0, 6, 4]";"[0, 1, 2, 0, 3, 2, 4, 3, 0, 0, 5, 4, 4, 4, 1, 0, 6, 3, 2, 2, 3, 4, 5, 5, 0, 4, 6, 4, 5, 4, 7, 4, 4, 4, 4, 4, 4, 5, 4, 1, 1, 5, 5, 0, 0, 5, 5, 5, 5, 5, 5, 0, 5, 7, 1, 0, 0, 0, 0, 2, 6]";"[7, 0, 0, 0, 2, 5, 3, 2, 0, 1, 4, 3, 0, 2, 4, 0, 2, 2, 5, 5, 2, 2, 2, 1, 0, 0, 5, 6, 1, 3, 1, 0, 3, 6, 3, 3, 3, 3, 0, 4, 0, 4, 4, 1, 0, 4, 1, 1, 1, 1, 1, 1, 1, 6, 0, 0, 0, 0, 0, 1, 4]";"[3, 1, 4, 4, 3, 6, 0, 3, 7, 1, 0, 1, 7, 1, 0, 5, 3, 3, 6, 6, 3, 1, 1, 2, 5, 1, 6, 1, 2, 0, 2, 1, 1, 1, 0, 0, 1, 0, 1, 0, 0, 0, 0, 4, 4, 0, 2, 2, 2, 2, 2, 2, 2, 0, 0, 5, 5, 4, 5, 2, 7]"
18;6;"aucs";"pmm_h";8;0.3075;0.2171;0.2198;0.209;"{'54': 0.7, '61': 0.675, '27': 0.6, '58': 0.6, '10': 0.7642857142857142, '56': 0.35}";"{'54': 0.6, '61': 0.5, '27': 0.6000000000000001, '58': 0.6, '10': 0.7642857142857142, '56': 0.7}";"{'54': 0.6, '61': 0.6, '27': 0.6, '58': 0.6, '10': 0.6, '56': 0.6}";"{'54': 0.7, '61': 0.7, '27': 0.6, '58': 0.6, '10': 0.7642857142857142, '56': 0.48461538461538467}";0.0;0.2958333333333333;0.0;0.4134469696969697;0.2929210268437048;0.3459015801571732;0.3517584097859327;0.5615009407962835;0.6104306608556789;0.5783096285804114;0.2886476644022691;0.3854248292846748;0.3932730409587308;0.5426063947785421;0.6546857014968614;0.6142372137621248;0.0013;0.0504;0.0044;"['54', '61', '27', '58', '10', '56']";"[('interA', ('56', '7')), ('intraD', ('54', '56')), ('intraD', ('10', '56')), ('intraD', ('56', '61')), ('intraA', ('10', '61')), ('intraA', ('27', '61')), ('interA', ('55', '58')), ('intraA', ('27', '56'))]";"[('intraD', ('54', '56')), ('intraD', ('56', '61')), ('intraD', ('10', '56')), ('interA', ('34', '54')), ('interA', ('32', '54')), ('interA', ('28', '54')), ('interA', ('26', '54')), ('interA', ('37', '54'))]";"[('interA', ('11', '56')), ('interA', ('35', '56')), ('interA', ('36', '56')), ('interA', ('56', '59')), ('interA', ('56', '7')), ('interA', ('46', '56')), ('interA', ('34', '61')), ('interA', ('56', '57'))]";"[['1'], ['43', '2', '46', '42', '15', '11', '40'], ['8', '21', '5', '28', '3', '20', '18', '6', '25', '19', '26', '16', '17', '23', '41', '59', '30', '38'], ['13', '57', '44', '53', '9', '4', '49', '51', '45', '60', '50', '54', '31', '52', '48', '29', '24', '47'], ['56', '7'], ['61', '27', '10'], ['34', '32', '14', '36', '33', '35', '22', '39', '37', '12'], ['58', '55']]";"[['12', '56', '46', '13', '1', '36', '11', '41', '7', '35', '9', '4', '42', '45', '30', '55', '15', '40'], ['43', '25', '14', '27', '3', '58', '2', '10'], ['50', '48', '53', '29', '24', '49', '51', '47'], ['8', '21', '5', '23', '17', '22', '18'], ['34', '32', '26', '54', '28', '39', '37'], ['57', '44', '16', '31', '52', '59'], ['61', '60', '38', '33'], ['19', '6', '20']]";"[['46', '57', '36', '11', '16', '7', '35', '4', '10', '59', '56'], ['32', '28', '13', '26', '44', '37', '33', '30', '39', '38', '12'], ['43', '1', '41', '9', '2', '42', '15', '55', '40'], ['25', '14', '54', '23', '52', '3', '58', '45', '60'], ['50', '31', '48', '53', '29', '24', '49', '51', '47'], ['8', '21', '5', '17', '22', '18'], ['27', '19', '6', '20'], ['61', '34']]";"[6, 6, 0, 2, 2, 7, 1, 2, 0, 4, 5, 1, 0, 2, 5, 0, 2, 2, 7, 7, 2, 2, 2, 3, 0, 1, 4, 1, 3, 1, 0, 1, 1, 1, 1, 1, 1, 1, 1, 5, 0, 5, 5, 0, 0, 5, 3, 3, 3, 3, 3, 0, 3, 4, 0, 4, 0, 4, 0, 6, 4]";"[0, 1, 2, 3, 2, 2, 4, 2, 3, 5, 1, 6, 3, 6, 1, 2, 2, 2, 2, 2, 2, 6, 2, 3, 2, 2, 5, 2, 3, 2, 3, 6, 6, 6, 6, 6, 6, 2, 6, 1, 2, 1, 1, 3, 3, 1, 3, 3, 3, 3, 3, 3, 3, 3, 7, 4, 3, 7, 2, 3, 5]";"[0, 1, 1, 0, 3, 7, 0, 3, 0, 1, 0, 0, 0, 1, 0, 5, 3, 3, 7, 7, 3, 3, 3, 2, 1, 4, 1, 4, 2, 0, 5, 4, 6, 4, 0, 0, 4, 6, 4, 0, 0, 0, 1, 5, 0, 0, 2, 2, 2, 2, 2, 5, 2, 4, 0, 0, 5, 1, 5, 6, 6]";"[2, 2, 3, 0, 5, 6, 0, 5, 2, 0, 0, 1, 1, 3, 2, 0, 5, 5, 6, 6, 5, 5, 3, 4, 3, 1, 6, 1, 4, 1, 4, 1, 1, 7, 0, 0, 1, 1, 1, 2, 2, 2, 2, 1, 3, 0, 4, 4, 4, 4, 4, 3, 4, 3, 2, 0, 0, 3, 0, 3, 7]"
19;6;"aucs";"pmm_h";8;0.3075;0.2633;0.1989;0.2036;"{'54': 0.7, '61': 0.675, '27': 0.6, '58': 0.6, '10': 0.7642857142857142, '56': 0.35}";"{'54': 0.6, '61': 0.6, '27': 0.5285714285714286, '58': 0.6, '10': 0.6, '56': 0.5}";"{'54': 0.6, '61': 0.6, '27': 0.6, '58': 0.6, '10': 0.6, '56': 0.6}";"{'54': 0.7, '61': 0.7, '27': 0.6, '58': 0.6, '10': 0.7642857142857142, '56': 0.48461538461538467}";0.0;0.1401666666666666;0.0;0.3626785714285714;0.4282954119445165;0.3582643268970321;0.3544024051604755;0.5936302868960243;0.56903459739113;0.5931843979850759;0.4638980332295356;0.4162545467653809;0.3945821189710069;0.6337283488493061;0.6164340046628843;0.6294149112645996;0.0015;0.0678;0.0042;"['54', '61', '27', '58', '10', '56']";"[('interA', ('18', '54')), ('intraD', ('10', '56')), ('intraD', ('54', '56')), ('interA', ('31', '56')), ('interD', ('11', '27')), ('intraD', ('56', '61')), ('intraA', ('27', '56')), ('interD', ('27', '6'))]";"[('intraD', ('54', '56')), ('intraD', ('56', '61')), ('intraD', ('10', '56')), ('interA', ('34', '54')), ('interA', ('32', '54')), ('interA', ('28', '54')), ('interA', ('26', '54')), ('interA', ('37', '54'))]";"[('interA', ('13', '56')), ('interA', ('18', '56')), ('interA', ('41', '56')), ('interA', ('29', '56')), ('interA', ('35', '56')), ('interA', ('56', '57')), ('interA', ('3', '61')), ('interA', ('50', '56'))]";"[['25', '50', '1', '52', '48', '53', '29', '24', '49', '51', '47'], ['61', '55', '60', '2'], ['19', '28', '3', '58', '4', '20', '59', '6'], ['8', '21', '5'], ['34', '14', '26', '13', '32', '36', '33', '7', '35', '9', '39', '38', '30', '37', '12'], ['43', '45', '46', '57', '44', '11', '16', '41', '42', '10', '15', '40'], ['22', '54', '18', '23', '17'], ['27', '56', '31']]";"[['25', '13', '57', '16', '52', '3', '58', '2', '4', '59', '45', '39', '56', '15', '40'], ['50', '1', '41', '53', '29', '24', '10', '51', '55', '47'], ['32', '36', '33', '35', '7', '9', '30', '60', '38', '12'], ['43', '46', '27', '44', '11', '31', '48', '42', '49'], ['8', '21', '5', '14', '23', '17', '22', '18'], ['34', '26', '54', '28', '37'], ['19', '6', '20'], ['61']]";"[['14', '57', '23', '17', '41', '9', '22', '58', '4', '10', '59', '60', '56', '18'], ['32', '28', '13', '36', '16', '44', '33', '7', '35', '45', '30', '38', '12'], ['43', '34', '46', '11', '42', '15', '39', '37', '55', '40'], ['50', '31', '52', '48', '53', '29', '24', '49', '51', '47'], ['19', '26', '27', '20', '6'], ['54', '1', '25', '2'], ['8', '21', '5'], ['3', '61']]";"[6, 6, 0, 2, 2, 7, 1, 2, 0, 4, 5, 1, 0, 2, 5, 0, 2, 2, 7, 7, 2, 2, 2, 3, 0, 1, 4, 1, 3, 1, 0, 1, 1, 1, 1, 1, 1, 1, 1, 5, 0, 5, 5, 0, 0, 5, 3, 3, 3, 3, 3, 0, 3, 4, 0, 4, 0, 4, 0, 6, 4]";"[0, 1, 2, 2, 3, 2, 4, 3, 4, 5, 5, 4, 4, 4, 5, 5, 6, 6, 2, 2, 3, 6, 6, 0, 0, 4, 7, 2, 0, 4, 7, 4, 4, 4, 4, 4, 4, 4, 4, 5, 5, 5, 5, 5, 5, 5, 0, 0, 0, 0, 0, 0, 0, 6, 1, 7, 5, 2, 2, 1, 1]";"[1, 0, 0, 0, 4, 6, 2, 4, 2, 1, 3, 2, 0, 4, 0, 0, 4, 4, 6, 6, 4, 4, 4, 1, 0, 5, 3, 5, 1, 2, 3, 2, 2, 5, 2, 2, 5, 2, 0, 0, 1, 3, 3, 3, 0, 3, 1, 3, 3, 1, 1, 0, 1, 5, 1, 0, 0, 0, 0, 2, 7]";"[5, 5, 7, 0, 6, 4, 1, 6, 0, 0, 2, 1, 1, 0, 2, 1, 0, 0, 4, 4, 6, 0, 0, 3, 5, 4, 4, 1, 3, 1, 3, 1, 1, 2, 1, 1, 2, 1, 2, 2, 0, 2, 2, 1, 1, 2, 3, 3, 3, 3, 3, 3, 3, 5, 2, 0, 0, 0, 0, 0, 7]"
0;7;"aucs";"pmm_h";8;0.3075;0.2327;0.2325;0.2473;"{'1': 0.5, '60': 0.75, '2': 0.7083333333333333}";"{'1': 0.625, '60': 0.75, '2': 0.6785714285714286}";"{'1': 0.75, '60': 0.75, '2': 0.75}";"{'1': 0.7, '60': 0.75, '2': 0.7083333333333333}";0.0;0.3759920634920635;0.0;0.3836309523809524;0.3707793460676492;0.4222913608045094;0.4637339232405659;0.6043305671418306;0.6643437963488403;0.6507630225056533;0.3985252362588464;0.4487506252828661;0.4950240280111386;0.6270770313181133;0.6918229691099;0.6782477444299683;0.0012;0.0387;0.0026;"['1', '60', '2']";"[('interD', ('18', '2')), ('interA', ('1', '58')), ('interD', ('2', '42')), ('interD', ('14', '2')), ('interD', ('2', '52')), ('interD', ('11', '2')), ('interA', ('36', '60')), ('interA', ('1', '51'))]";"[('intraD', ('1', '2')), ('interA', ('1', '34')), ('interA', ('1', '32')), ('interA', ('1', '28')), ('interA', ('1', '26')), ('interA', ('1', '36')), ('interA', ('1', '37')), ('interA', ('1', '33'))]";"[('interA', ('1', '52')), ('interA', ('1', '51')), ('interA', ('1', '43')), ('interA', ('1', '32')), ('interA', ('1', '12')), ('interA', ('1', '15')), ('interA', ('1', '44')), ('interA', ('1', '47'))]";"[['58', '1', '51'], ['43', '25', '46', '61', '11', '41', '9', '2', '42', '15', '55', '40'], ['34', '14', '36', '23', '33', '7', '3', '22', '35', '38', '30', '60', '37', '12'], ['50', '57', '48', '53', '29', '24', '4', '49', '47'], ['8', '21', '5', '18', '17'], ['27', '19', '6', '20'], ['54', '44', '31', '16', '52', '10', '59', '45', '56'], ['39', '32', '28', '13', '26']]";"[['12', '13', '57', '31', '41', '7', '35', '9', '59', '15', '30', '38', '40'], ['25', '14', '54', '44', '16', '52', '3', '58', '2', '4', '45', '39'], ['34', '32', '26', '28', '1', '36', '33', '37'], ['50', '48', '53', '29', '24', '49', '51', '47'], ['8', '21', '5', '23', '17', '22', '18'], ['43', '46', '11', '42', '60'], ['27', '19', '6', '20'], ['61', '55', '56', '10']]";"[['34', '32', '54', '36', '33', '7', '35', '30', '45', '39', '60', '37', '55', '12'], ['25', '28', '13', '26', '57', '16', '31', '3', '58', '4', '59', '38'], ['46', '11', '41', '9', '2', '42', '15', '40'], ['8', '21', '5', '14', '23', '17', '22', '18'], ['50', '48', '53', '29', '24', '49', '47'], ['43', '1', '44', '52', '51'], ['27', '19', '6', '20'], ['61', '56', '10']]";"[6, 6, 0, 2, 2, 7, 1, 2, 0, 4, 5, 1, 0, 2, 5, 0, 2, 2, 7, 7, 2, 2, 2, 3, 0, 1, 4, 1, 3, 1, 0, 1, 1, 1, 1, 1, 1, 1, 1, 5, 0, 5, 5, 0, 0, 5, 3, 3, 3, 3, 3, 0, 3, 4, 0, 4, 0, 4, 0, 6, 4]";"[0, 1, 2, 3, 4, 5, 2, 4, 1, 6, 1, 2, 7, 2, 1, 6, 4, 4, 5, 5, 4, 2, 2, 3, 1, 7, 5, 7, 3, 2, 6, 7, 2, 2, 2, 2, 2, 2, 7, 1, 1, 1, 1, 6, 6, 1, 3, 3, 3, 3, 0, 6, 3, 6, 1, 6, 3, 0, 6, 2, 1]";"[2, 1, 1, 1, 4, 6, 0, 4, 0, 7, 5, 0, 0, 1, 0, 1, 4, 4, 6, 6, 4, 4, 4, 3, 1, 2, 6, 2, 3, 0, 0, 2, 2, 2, 0, 2, 2, 0, 1, 0, 0, 5, 5, 1, 1, 5, 3, 3, 3, 3, 3, 1, 3, 1, 7, 7, 0, 1, 0, 5, 7]";"[5, 2, 1, 1, 3, 6, 0, 3, 2, 7, 2, 0, 1, 3, 2, 1, 3, 3, 6, 6, 3, 3, 3, 4, 1, 1, 6, 1, 4, 0, 1, 0, 0, 0, 0, 0, 0, 1, 0, 2, 2, 2, 5, 5, 0, 2, 4, 4, 4, 4, 5, 5, 4, 0, 0, 7, 1, 1, 1, 0, 7]"
1;7;"aucs";"pmm_h";8;0.3075;0.2375;0.2369;0.2156;"{'1': 0.5, '60': 0.75, '2': 0.7083333333333333}";"{'1': 0.75, '60': 0.5833333333333333, '2': 0.6944444444444444}";"{'1': 0.75, '60': 0.75, '2': 0.75}";"{'1': 0.7, '60': 0.75, '2': 0.7083333333333333}";0.0;0.1875;0.0;0.3796296296296296;0.4445670768721373;0.3366265701146269;0.3491363151368342;0.6588888872001877;0.6189911792290885;0.5733378703265781;0.4394618098285339;0.3338640954192283;0.3686633866396447;0.6472889655079699;0.6046409641548771;0.5930909238549128;0.0011;0.0379;0.0028;"['1', '60', '2']";"[('interD', ('19', '2')), ('interA', ('1', '6')), ('intraD', ('1', '2')), ('intraA', ('2', '60')), ('interD', ('2', '25')), ('interA', ('2', '38')), ('interD', ('14', '2')), ('interD', ('11', '2'))]";"[('intraD', ('1', '2')), ('interA', ('1', '34')), ('interA', ('1', '32')), ('interA', ('1', '28')), ('interA', ('1', '26')), ('interA', ('1', '36')), ('interA', ('1', '37')), ('interA', ('1', '33'))]";"[('interA', ('1', '19')), ('interA', ('1', '8')), ('interA', ('1', '49')), ('interA', ('1', '59')), ('interA', ('1', '55')), ('interA', ('1', '33')), ('interA', ('1', '34')), ('interA', ('1', '51'))]";"[['1', '6'], ['38', '60', '2'], ['14', '36', '7', '3', '9', '45', '12', '25', '34', '61', '31', '33', '35', '30', '39', '37'], ['54', '57', '44', '16', '41', '52', '58', '4', '10', '59', '55', '56'], ['8', '21', '5', '28', '23', '17', '22', '18'], ['43', '46', '42', '15', '27', '11', '40'], ['19', '32', '26', '13', '20'], ['50', '48', '53', '29', '24', '49', '51', '47']]";"[['14', '57', '4', '51', '49', '25', '31', '52', '59', '13', '3', '53', '58', '50', '48', '39', '29', '24', '30', '38', '47'], ['54', '61', '44', '16', '41', '7', '9', '10', '45', '55', '56', '12'], ['34', '32', '26', '28', '1', '36', '33', '37'], ['8', '21', '5', '23', '17', '22', '18'], ['43', '46', '11', '35', '42', '15', '40'], ['27', '19', '6', '20'], ['2'], ['60']]";"[['34', '26', '57', '36', '16', '31', '33', '7', '35', '59', '30', '38', '12'], ['50', '27', '44', '52', '48', '53', '29', '24', '4', '58', '60', '47'], ['8', '21', '5', '14', '61', '23', '17', '9', '22', '10', '56', '18'], ['25', '32', '13', '54', '3', '2', '45', '39', '37'], ['43', '46', '11', '41', '42', '15', '40'], ['1', '55', '49', '51'], ['19', '6', '20'], ['28']]";"[6, 6, 0, 2, 2, 7, 1, 2, 0, 4, 5, 1, 0, 2, 5, 0, 2, 2, 7, 7, 2, 2, 2, 3, 0, 1, 4, 1, 3, 1, 0, 1, 1, 1, 1, 1, 1, 1, 1, 5, 0, 5, 5, 0, 0, 5, 3, 3, 3, 3, 3, 0, 3, 4, 0, 4, 0, 4, 0, 6, 4]";"[0, 1, 2, 3, 4, 0, 2, 4, 2, 3, 5, 2, 6, 2, 5, 3, 4, 4, 6, 6, 4, 4, 4, 7, 2, 6, 5, 4, 7, 2, 2, 6, 2, 2, 2, 2, 2, 1, 2, 5, 3, 5, 5, 3, 2, 5, 7, 7, 7, 7, 7, 3, 7, 3, 3, 3, 3, 3, 3, 1, 2]";"[2, 6, 0, 0, 3, 5, 1, 3, 1, 1, 4, 1, 0, 0, 4, 1, 3, 3, 5, 5, 3, 3, 3, 0, 0, 2, 5, 2, 0, 0, 0, 2, 2, 2, 4, 2, 2, 0, 0, 4, 1, 4, 4, 1, 1, 4, 0, 0, 0, 0, 0, 0, 0, 1, 1, 1, 0, 0, 0, 7, 1]";"[5, 3, 3, 1, 2, 6, 0, 2, 2, 2, 4, 0, 3, 2, 4, 0, 2, 2, 6, 6, 2, 2, 2, 1, 3, 0, 1, 7, 1, 0, 0, 3, 0, 0, 0, 0, 3, 0, 3, 4, 4, 4, 4, 1, 3, 4, 1, 1, 5, 1, 5, 1, 1, 3, 5, 2, 0, 1, 0, 1, 2]"
2;7;"aucs";"pmm_h";8;0.3075;0.3139;0.2251;0.192;"{'1': 0.5, '60': 0.75, '2': 0.7083333333333333}";"{'1': 0.875, '60': 0.5, '2': 0.9444444444444444}";"{'1': 0.75, '60': 0.75, '2': 0.75}";"{'1': 0.7, '60': 0.75, '2': 0.7083333333333333}";0.0;0.3333333333333333;0.0;0.3883101851851852;0.5864748926333778;0.3990209460083537;0.346278365658443;0.7194224338467172;0.6584804660049951;0.610382045835671;0.5843355468426236;0.4332663956506832;0.375660051219234;0.7059162036057255;0.6791004188831422;0.637336186226341;0.0011;0.038;0.0024;"['1', '60', '2']";"[('interD', ('2', '25')), ('interA', ('1', '43')), ('intraD', ('1', '2')), ('interD', ('2', '6')), ('interA', ('1', '28')), ('intraA', ('1', '60')), ('intraA', ('2', '60')), ('interD', ('2', '3'))]";"[('intraD', ('1', '2')), ('interA', ('1', '34')), ('interA', ('1', '32')), ('interA', ('1', '28')), ('interA', ('1', '26')), ('interA', ('1', '36')), ('interA', ('1', '37')), ('interA', ('1', '33'))]";"[('interA', ('1', '14')), ('interA', ('1', '17')), ('interA', ('1', '7')), ('interA', ('1', '34')), ('interA', ('1', '9')), ('interA', ('1', '46')), ('interA', ('1', '47')), ('interA', ('1', '41'))]";"[['43', '1', '28'], ['60', '2'], ['3', '19', '20', '27', '6'], ['25', '57', '44', '16', '31', '52', '58', '4', '10', '59', '45', '56'], ['8', '21', '5', '54', '23', '17', '22', '18'], ['34', '14', '26', '32', '36', '33', '7', '35', '39', '38', '30', '37', '12'], ['46', '13', '61', '11', '41', '9', '42', '15', '55', '40'], ['50', '48', '53', '29', '24', '49', '51', '47']]";"[['25', '14', '54', '57', '16', '23', '31', '52', '3', '22', '58', '2', '59', '60'], ['61', '44', '41', '9', '10', '49', '45', '39', '55', '56'], ['34', '32', '26', '28', '1', '33', '37'], ['36', '7', '35', '4', '30', '38', '12'], ['43', '46', '13', '11', '42', '15', '40'], ['50', '48', '53', '29', '24', '51', '47'], ['8', '21', '5', '17', '18'], ['27', '19', '6', '20']]";"[['25', '28', '61', '27', '44', '35', '3', '58', '2', '4', '10', '49', '45', '30', '55', '56'], ['54', '57', '16', '31', '33', '52', '59', '60', '38'], ['8', '21', '5', '23', '17', '22', '18'], ['32', '26', '13', '36', '39', '37', '12'], ['50', '48', '53', '29', '24', '51', '47'], ['34', '14', '1', '41', '7', '9'], ['43', '46', '11', '42', '15', '40'], ['19', '6', '20']]";"[6, 6, 0, 2, 2, 7, 1, 2, 0, 4, 5, 1, 0, 2, 5, 0, 2, 2, 7, 7, 2, 2, 2, 3, 0, 1, 4, 1, 3, 1, 0, 1, 1, 1, 1, 1, 1, 1, 1, 5, 0, 5, 5, 0, 0, 5, 3, 3, 3, 3, 3, 0, 3, 4, 0, 4, 0, 4, 0, 6, 4]";"[0, 1, 2, 3, 4, 2, 5, 4, 6, 3, 6, 5, 6, 5, 6, 3, 4, 4, 2, 2, 4, 4, 4, 7, 3, 5, 2, 0, 7, 5, 3, 5, 5, 5, 5, 5, 5, 5, 5, 6, 6, 6, 0, 3, 3, 6, 7, 7, 7, 7, 7, 3, 7, 4, 6, 3, 3, 3, 3, 1, 6]";"[2, 0, 0, 3, 6, 7, 3, 6, 1, 1, 4, 3, 4, 0, 4, 0, 6, 6, 7, 7, 6, 0, 0, 5, 0, 2, 7, 2, 5, 3, 0, 2, 2, 2, 3, 3, 2, 3, 1, 4, 1, 4, 4, 1, 1, 4, 5, 5, 1, 5, 5, 0, 5, 0, 1, 1, 0, 0, 0, 0, 1]";"[5, 0, 0, 0, 2, 7, 5, 2, 5, 0, 6, 3, 3, 5, 6, 1, 2, 2, 7, 7, 2, 2, 2, 4, 0, 3, 0, 0, 4, 0, 1, 3, 1, 5, 0, 3, 3, 1, 3, 6, 5, 6, 6, 0, 0, 6, 4, 4, 0, 4, 4, 1, 4, 1, 0, 0, 1, 0, 1, 1, 0]"
3;7;"aucs";"pmm_h";8;0.3075;0.2674;0.2337;0.2582;"{'1': 0.5, '60': 0.75, '2': 0.7083333333333333}";"{'1': 0.875, '60': 0.55, '2': 0.9642857142857143}";"{'1': 0.75, '60': 0.75, '2': 0.75}";"{'1': 0.7, '60': 0.75, '2': 0.7083333333333333}";0.0;0.4166666666666667;0.0;0.3712962962962963;0.4741620615285781;0.5113616320771356;0.5024901656962125;0.6850769877059325;0.706744291524215;0.6777410210937729;0.4698398990649027;0.5286917395196032;0.5291574515807197;0.6792807092372066;0.7283407831972162;0.702464640979661;0.0011;0.0378;0.0026;"['1', '60', '2']";"[('intraA', ('1', '60')), ('intraA', ('2', '60')), ('interA', ('16', '2')), ('intraD', ('1', '2')), ('interA', ('1', '59')), ('interA', ('2', '55')), ('interA', ('1', '12')), ('interA', ('52', '60'))]";"[('intraD', ('1', '2')), ('interA', ('1', '34')), ('interA', ('1', '32')), ('interA', ('1', '28')), ('interA', ('1', '26')), ('interA', ('1', '36')), ('interA', ('1', '37')), ('interA', ('1', '33'))]";"[('interA', ('1', '16')), ('interA', ('1', '7')), ('interA', ('1', '21')), ('interA', ('1', '35')), ('interA', ('1', '50')), ('interA', ('1', '19')), ('interA', ('1', '44')), ('interA', ('1', '29'))]";"[['1', '60', '59'], ['55', '2', '16'], ['27', '44', '3', '9', '58', '45', '56', '43', '25', '46', '61', '11', '41', '42', '10', '15', '40'], ['28', '13', '36', '7', '4', '12', '34', '32', '26', '54', '31', '37', '33', '35', '30', '39', '38'], ['8', '21', '5', '18', '17'], ['19', '6', '20'], ['22', '23', '14'], ['50', '57', '52', '48', '53', '29', '24', '49', '51', '47']]";"[['25', '32', '26', '13', '54', '57', '31', '41', '52', '3', '58', '4', '59', '45', '39', '55'], ['8', '21', '5', '14', '34', '23', '17', '22', '37', '18'], ['36', '33', '35', '7', '2', '30', '38', '12'], ['50', '48', '53', '29', '24', '49', '51', '47'], ['61', '44', '16', '9', '10', '60', '56'], ['43', '46', '11', '42', '15', '40'], ['27', '19', '6', '20'], ['1', '28']]";"[['25', '34', '32', '26', '13', '36', '37', '33', '35', '30', '39', '38', '12'], ['14', '54', '41', '52', '3', '58', '4', '45', '55', '60'], ['61', '57', '44', '31', '16', '2', '10', '59', '56'], ['8', '21', '5', '28', '23', '17', '22', '18'], ['48', '9', '29', '24', '53', '49', '51', '47'], ['43', '46', '11', '42', '15', '40'], ['27', '19', '6', '20'], ['1', '50', '7']]";"[6, 6, 0, 2, 2, 7, 1, 2, 0, 4, 5, 1, 0, 2, 5, 0, 2, 2, 7, 7, 2, 2, 2, 3, 0, 1, 4, 1, 3, 1, 0, 1, 1, 1, 1, 1, 1, 1, 1, 5, 0, 5, 5, 0, 0, 5, 3, 3, 3, 3, 3, 0, 3, 4, 0, 4, 0, 4, 0, 6, 4]";"[0, 1, 2, 3, 4, 5, 3, 4, 2, 2, 2, 3, 3, 6, 2, 1, 4, 4, 5, 5, 4, 6, 6, 7, 2, 3, 2, 3, 7, 3, 3, 3, 3, 3, 3, 3, 3, 3, 3, 2, 2, 2, 2, 2, 2, 2, 7, 7, 7, 7, 7, 7, 7, 3, 1, 2, 7, 2, 0, 0, 2]";"[7, 2, 0, 0, 1, 6, 2, 1, 4, 4, 5, 2, 0, 1, 5, 4, 1, 1, 6, 6, 1, 1, 1, 3, 0, 0, 6, 7, 3, 2, 0, 0, 2, 1, 2, 2, 1, 2, 0, 5, 0, 5, 5, 4, 0, 5, 3, 3, 3, 3, 3, 0, 3, 0, 0, 4, 0, 0, 0, 4, 4]";"[7, 2, 1, 1, 3, 6, 7, 3, 4, 2, 5, 0, 0, 1, 5, 2, 3, 3, 6, 6, 3, 3, 3, 4, 0, 0, 6, 3, 4, 0, 2, 0, 0, 0, 0, 0, 0, 0, 0, 5, 1, 5, 5, 2, 1, 5, 4, 4, 4, 7, 4, 1, 4, 1, 1, 2, 2, 1, 2, 1, 2]"
4;7;"aucs";"pmm_h";8;0.3075;0.2649;0.2391;0.2718;"{'1': 0.5, '60': 0.75, '2': 0.7083333333333333}";"{'1': 0.75, '60': 0.5833333333333333, '2': 0.9545454545454546}";"{'1': 0.75, '60': 0.75, '2': 0.75}";"{'1': 0.7, '60': 0.75, '2': 0.7083333333333333}";0.0;0.4166666666666667;0.0;0.3844627594627595;0.5588299108498913;0.4078588466845658;0.4394688079061148;0.6975834186402733;0.629022055757526;0.6567197469603948;0.5587463123596496;0.4329757390360461;0.4684381029513351;0.6932647001387999;0.6521269349415412;0.6844352908032832;0.0011;0.0367;0.0034;"['1', '60', '2']";"[('interA', ('10', '2')), ('interA', ('51', '60')), ('intraD', ('1', '2')), ('intraA', ('2', '60')), ('interD', ('14', '2')), ('intraA', ('1', '60')), ('interD', ('19', '2')), ('interA', ('33', '60'))]";"[('intraD', ('1', '2')), ('interA', ('1', '34')), ('interA', ('1', '32')), ('interA', ('1', '28')), ('interA', ('1', '26')), ('interA', ('1', '36')), ('interA', ('1', '37')), ('interA', ('1', '33'))]";"[('interA', ('1', '34')), ('interA', ('1', '24')), ('interA', ('1', '45')), ('interA', ('1', '30')), ('interA', ('1', '17')), ('interA', ('1', '61')), ('interA', ('1', '37')), ('interA', ('1', '53'))]";"[['1', '60', '33'], ['56', '2', '10'], ['25', '57', '44', '16', '31', '41', '52', '3', '9', '48', '4', '49', '59', '45', '38'], ['8', '21', '5', '14', '23', '17', '22', '58', '18'], ['27', '19', '6', '20'], ['34', '32', '26', '28', '13', '54', '36', '7', '39', '30', '37', '55', '12'], ['43', '46', '61', '11', '35', '42', '15', '40'], ['53', '29', '24', '50', '51', '47']]";"[['43', '25', '46', '54', '13', '11', '35', '42', '15', '40'], ['34', '32', '26', '28', '1', '36', '33', '39', '37'], ['14', '31', '7', '48', '49', '30', '60', '38', '12'], ['61', '44', '41', '9', '10', '45', '55', '56'], ['57', '16', '52', '3', '58', '4', '59'], ['8', '21', '5', '23', '17', '22', '18'], ['50', '53', '29', '24', '51', '47'], ['19', '27', '2', '20', '6']]";"[['50', '19', '27', '48', '53', '29', '24', '20', '49', '51', '6', '60', '47'], ['34', '14', '36', '23', '37', '33', '7', '35', '22', '30', '38', '12'], ['57', '44', '16', '31', '52', '3', '58', '4', '59'], ['43', '46', '11', '2', '42', '15', '40'], ['8', '21', '5', '1', '17', '18'], ['54', '41', '10', '45', '55', '56'], ['32', '26', '13', '28', '39'], ['61', '9', '25']]";"[6, 6, 0, 2, 2, 7, 1, 2, 0, 4, 5, 1, 0, 2, 5, 0, 2, 2, 7, 7, 2, 2, 2, 3, 0, 1, 4, 1, 3, 1, 0, 1, 1, 1, 1, 1, 1, 1, 1, 5, 0, 5, 5, 0, 0, 5, 3, 3, 3, 3, 3, 0, 3, 4, 0, 4, 0, 4, 0, 6, 4]";"[0, 1, 2, 2, 3, 4, 5, 3, 2, 1, 6, 5, 5, 3, 6, 2, 3, 3, 4, 4, 3, 3, 3, 7, 2, 5, 4, 5, 7, 5, 2, 5, 0, 5, 6, 5, 5, 2, 5, 6, 2, 6, 6, 2, 2, 6, 7, 2, 2, 7, 7, 2, 7, 5, 5, 1, 2, 3, 2, 0, 6]";"[1, 7, 4, 4, 5, 7, 2, 5, 3, 3, 0, 2, 0, 2, 0, 4, 5, 5, 7, 7, 5, 5, 5, 6, 0, 1, 7, 1, 6, 2, 2, 1, 1, 1, 0, 1, 1, 2, 1, 0, 3, 0, 0, 3, 3, 0, 6, 2, 2, 6, 6, 4, 6, 0, 3, 3, 4, 4, 4, 2, 3]";"[4, 3, 2, 2, 4, 0, 1, 4, 7, 5, 3, 1, 6, 1, 3, 2, 4, 4, 0, 0, 4, 1, 1, 0, 7, 6, 0, 6, 0, 1, 2, 6, 1, 1, 1, 1, 1, 1, 6, 3, 5, 3, 3, 2, 5, 3, 0, 0, 0, 0, 0, 2, 0, 5, 5, 5, 2, 2, 2, 0, 7]"
5;7;"aucs";"pmm_h";8;0.3075;0.1503;0.2667;0.2693;"{'1': 0.5, '60': 0.75, '2': 0.7083333333333333}";"{'1': 0.5, '60': 0.625, '2': 0.75}";"{'1': 0.75, '60': 0.75, '2': 0.75}";"{'1': 0.7, '60': 0.75, '2': 0.7083333333333333}";0.0;0.2083333333333333;0.0;0.3791666666666666;0.2731070642497651;0.4897552737237907;0.4520887678133152;0.531722402546726;0.7082321594837993;0.611301143832522;0.2635615692844528;0.522721845653453;0.4794422504057004;0.5101898424544395;0.7390288196290146;0.6330579313873563;0.0011;0.0375;0.0025;"['1', '60', '2']";"[('interD', ('19', '2')), ('intraA', ('1', '60')), ('intraD', ('1', '2')), ('interA', ('2', '35')), ('interA', ('2', '37')), ('interD', ('2', '25')), ('interD', ('2', '52')), ('interA', ('11', '60'))]";"[('intraD', ('1', '2')), ('interA', ('1', '34')), ('interA', ('1', '32')), ('interA', ('1', '28')), ('interA', ('1', '26')), ('interA', ('1', '36')), ('interA', ('1', '37')), ('interA', ('1', '33'))]";"[('interA', ('1', '51')), ('interA', ('1', '17')), ('interA', ('1', '34')), ('interA', ('1', '22')), ('interA', ('1', '35')), ('interA', ('1', '59')), ('interA', ('1', '58')), ('interA', ('1', '6'))]";"[['1', '60', '11'], ['2', '37', '35'], ['43', '25', '46', '26', '61', '57', '31', '41', '3', '9', '45', '55'], ['34', '14', '44', '16', '23', '52', '22', '58', '4', '10', '49', '59', '39', '56'], ['8', '21', '5', '18', '17'], ['19', '20', '28', '27', '6'], ['50', '32', '54', '36', '33', '7', '48', '53', '29', '24', '51', '30', '38', '47', '12'], ['13', '42', '15', '40']]";"[['43', '12', '46', '11', '35', '7', '2', '42', '15', '38', '40'], ['34', '32', '26', '28', '1', '36', '33', '39', '37'], ['14', '54', '23', '3', '22', '58', '4', '30'], ['13', '61', '41', '9', '10', '45', '55', '56'], ['50', '48', '53', '29', '24', '49', '51', '47'], ['25', '57', '44', '16', '31', '52', '59'], ['8', '21', '5', '17', '18'], ['19', '27', '20', '60', '6']]";"[['32', '14', '13', '26', '36', '37', '33', '7', '35', '30', '39', '38', '12'], ['54', '11', '41', '2', '4', '42', '45', '55', '15', '40'], ['8', '21', '43', '5', '46', '23', '17', '22', '60', '18'], ['50', '48', '53', '29', '24', '49', '47'], ['25', '19', '27', '3', '20', '6'], ['57', '44', '16', '31', '52', '59'], ['28', '61', '9', '10', '56'], ['58', '1', '34', '51']]";"[6, 6, 0, 2, 2, 7, 1, 2, 0, 4, 5, 1, 0, 2, 5, 0, 2, 2, 7, 7, 2, 2, 2, 3, 0, 1, 4, 1, 3, 1, 0, 1, 1, 1, 1, 1, 1, 1, 1, 5, 0, 5, 5, 0, 0, 5, 3, 3, 3, 3, 3, 0, 3, 4, 0, 4, 0, 4, 0, 6, 4]";"[0, 1, 2, 3, 4, 5, 6, 4, 2, 3, 0, 6, 7, 3, 7, 3, 4, 4, 5, 5, 4, 3, 3, 6, 2, 2, 5, 5, 6, 6, 2, 6, 6, 3, 1, 6, 1, 6, 3, 7, 2, 7, 2, 3, 2, 2, 6, 6, 3, 6, 6, 3, 6, 6, 2, 3, 2, 3, 3, 0, 2]";"[1, 0, 2, 2, 6, 7, 0, 6, 3, 3, 0, 0, 3, 2, 0, 5, 6, 6, 7, 7, 6, 2, 2, 4, 5, 1, 7, 1, 4, 2, 5, 1, 1, 1, 0, 1, 1, 0, 1, 0, 3, 0, 0, 5, 3, 0, 4, 4, 4, 4, 4, 5, 4, 2, 3, 3, 5, 2, 5, 7, 3]";"[7, 1, 4, 1, 2, 4, 0, 2, 6, 6, 1, 0, 0, 0, 1, 5, 2, 2, 4, 4, 2, 2, 2, 3, 4, 0, 4, 6, 3, 0, 5, 0, 0, 7, 0, 0, 0, 0, 0, 1, 1, 1, 2, 5, 1, 2, 3, 3, 3, 3, 7, 5, 3, 1, 1, 6, 5, 7, 5, 2, 6]"
6;7;"aucs";"pmm_h";8;0.3075;0.2223;0.2562;0.1974;"{'1': 0.5, '60': 0.75, '2': 0.7083333333333333}";"{'1': 0.75, '60': 0.65, '2': 0.7045454545454546}";"{'1': 0.75, '60': 0.75, '2': 0.75}";"{'1': 0.7, '60': 0.75, '2': 0.7083333333333333}";0.0;0.3055555555555556;0.0;0.3720238095238095;0.3344350854746419;0.5293313147713393;0.3823459339263024;0.539237287645057;0.7133263692894923;0.6083801063989533;0.3303318226749996;0.5752931117823896;0.3955654472270369;0.5278786582444348;0.7509233333389852;0.6253924714031459;0.0011;0.0384;0.0025;"['1', '60', '2']";"[('intraA', ('2', '60')), ('intraD', ('1', '2')), ('interA', ('10', '60')), ('interA', ('1', '18')), ('interD', ('2', '42')), ('interA', ('2', '4')), ('interD', ('2', '3')), ('interA', ('45', '60'))]";"[('intraD', ('1', '2')), ('interA', ('1', '34')), ('interA', ('1', '32')), ('interA', ('1', '28')), ('interA', ('1', '26')), ('interA', ('1', '36')), ('interA', ('1', '37')), ('interA', ('1', '33'))]";"[('interA', ('1', '3')), ('interA', ('1', '45')), ('interA', ('1', '11')), ('interA', ('1', '44')), ('interA', ('1', '6')), ('interA', ('1', '43')), ('interA', ('1', '17')), ('interA', ('1', '5'))]";"[['1', '18'], ['2', '4'], ['43', '34', '14', '46', '11', '17', '23', '3', '22', '58', '42', '37'], ['8', '21', '19', '5', '26', '28', '61', '27', '20', '6'], ['32', '13', '54', '36', '41', '33', '7', '35', '39', '40', '15', '30', '38', '55', '12'], ['25', '57', '44', '16', '31', '52', '9', '59', '56'], ['45', '60', '10'], ['50', '48', '53', '29', '24', '49', '51', '47']]";"[['25', '54', '57', '44', '31', '16', '41', '52', '3', '58', '4', '59', '45', '55', '60', '38'], ['43', '12', '46', '11', '35', '7', '2', '42', '15', '30', '40'], ['8', '21', '5', '14', '23', '17', '22', '18'], ['50', '48', '53', '29', '24', '49', '51', '47'], ['34', '26', '28', '1', '36', '33', '37'], ['27', '19', '6', '20'], ['13', '9', '32', '39'], ['61', '56', '10']]";"[['25', '14', '28', '54', '61', '27', '57', '23', '16', '31', '41', '22', '10', '59', '55', '56'], ['34', '36', '37', '33', '35', '7', '30', '38', '12'], ['50', '52', '48', '53', '29', '24', '49', '51', '47'], ['43', '1', '44', '11', '17', '3', '45'], ['32', '26', '13', '58', '4', '39', '60'], ['46', '9', '42', '15', '40'], ['2', '19', '6', '20'], ['8', '21', '18', '5']]";"[6, 6, 0, 2, 2, 7, 1, 2, 0, 4, 5, 1, 0, 2, 5, 0, 2, 2, 7, 7, 2, 2, 2, 3, 0, 1, 4, 1, 3, 1, 0, 1, 1, 1, 1, 1, 1, 1, 1, 5, 0, 5, 5, 0, 0, 5, 3, 3, 3, 3, 3, 0, 3, 4, 0, 4, 0, 4, 0, 6, 4]";"[0, 1, 2, 1, 3, 3, 4, 3, 5, 6, 2, 4, 4, 2, 4, 5, 2, 0, 3, 3, 3, 2, 2, 7, 5, 3, 3, 3, 7, 4, 5, 4, 4, 2, 4, 4, 2, 4, 4, 4, 4, 2, 2, 5, 6, 2, 7, 7, 7, 7, 7, 5, 7, 4, 4, 5, 5, 2, 5, 6, 3]";"[4, 1, 0, 0, 2, 5, 1, 2, 6, 7, 1, 1, 6, 2, 1, 0, 2, 2, 5, 5, 2, 2, 2, 3, 0, 4, 5, 4, 3, 1, 0, 6, 4, 4, 1, 4, 4, 0, 6, 1, 0, 1, 1, 0, 0, 1, 3, 3, 3, 3, 3, 0, 3, 0, 0, 7, 0, 0, 0, 0, 7]";"[3, 6, 3, 4, 7, 6, 1, 7, 5, 0, 3, 1, 4, 0, 5, 0, 3, 7, 6, 6, 7, 0, 0, 2, 0, 4, 0, 0, 2, 1, 0, 4, 1, 1, 1, 1, 1, 1, 4, 5, 0, 5, 3, 3, 3, 5, 2, 2, 2, 2, 2, 2, 2, 0, 0, 0, 0, 4, 0, 4, 0]"
7;7;"aucs";"pmm_h";8;0.3075;0.2198;0.2933;0.2483;"{'1': 0.5, '60': 0.75, '2': 0.7083333333333333}";"{'1': 0.8333333333333333, '60': 0.41666666666666663, '2': 0.9615384615384616}";"{'1': 0.75, '60': 0.75, '2': 0.75}";"{'1': 0.7, '60': 0.75, '2': 0.7083333333333333}";0.0;0.4166666666666667;0.0;0.3657407407407407;0.4801699497534092;0.559250721310992;0.4762236712554604;0.6857400896146242;0.7248395317944344;0.6566092913808255;0.4762192112163266;0.5742025004803142;0.4933169068257444;0.680051834522687;0.7354062591562529;0.6756160723207212;0.0011;0.0375;0.0025;"['1', '60', '2']";"[('interA', ('2', '39')), ('intraD', ('1', '2')), ('interD', ('18', '60')), ('intraA', ('1', '60')), ('intraA', ('2', '60')), ('interD', ('19', '2')), ('interA', ('1', '55')), ('interA', ('2', '43'))]";"[('intraD', ('1', '2')), ('interA', ('1', '34')), ('interA', ('1', '32')), ('interA', ('1', '28')), ('interA', ('1', '26')), ('interA', ('1', '36')), ('interA', ('1', '37')), ('interA', ('1', '33'))]";"[('interA', ('1', '21')), ('interA', ('1', '18')), ('interA', ('1', '11')), ('interA', ('1', '32')), ('interA', ('1', '61')), ('interA', ('1', '3')), ('interA', ('1', '7')), ('interA', ('1', '46'))]";"[['1', '60', '55'], ['43', '39', '2'], ['14', '28', '36', '7', '3', '9', '58', '4', '12', '34', '32', '54', '23', '37', '33', '35', '30', '38'], ['8', '21', '22', '5', '18', '17'], ['27', '19', '6', '20'], ['61', '56', '10'], ['13', '57', '44', '45', '25', '46', '26', '11', '16', '31', '41', '52', '42', '59', '15', '40'], ['50', '48', '53', '29', '24', '49', '51', '47']]";"[['25', '34', '32', '14', '54', '27', '36', '37', '33', '7', '35', '30', '39', '38', '12'], ['26', '13', '57', '44', '16', '31', '52', '3', '58', '4', '59'], ['43', '46', '11', '2', '42', '15', '60', '40'], ['50', '48', '53', '29', '24', '49', '51', '47'], ['8', '21', '5', '23', '17', '22', '18'], ['61', '41', '9', '10', '45', '55', '56'], ['19', '6', '20'], ['1', '28']]";"[['34', '32', '28', '13', '26', '54', '36', '33', '30', '39', '37', '12'], ['14', '57', '44', '16', '52', '58', '4', '10', '45', '55', '56'], ['43', '46', '11', '31', '35', '42', '59', '15', '38', '40'], ['50', '48', '53', '29', '24', '49', '51', '60', '47'], ['8', '21', '5', '23', '17', '22', '18'], ['3', '1', '61', '7'], ['9', '25', '2', '41'], ['27', '19', '6', '20']]";"[6, 6, 0, 2, 2, 7, 1, 2, 0, 4, 5, 1, 0, 2, 5, 0, 2, 2, 7, 7, 2, 2, 2, 3, 0, 1, 4, 1, 3, 1, 0, 1, 1, 1, 1, 1, 1, 1, 1, 5, 0, 5, 5, 0, 0, 5, 3, 3, 3, 3, 3, 0, 3, 4, 0, 4, 0, 4, 0, 6, 4]";"[0, 1, 2, 2, 3, 4, 2, 3, 2, 5, 6, 2, 6, 2, 6, 6, 3, 3, 4, 4, 3, 3, 2, 7, 6, 6, 4, 2, 7, 2, 6, 2, 2, 2, 2, 2, 2, 2, 1, 6, 6, 6, 1, 6, 6, 6, 7, 7, 7, 7, 7, 6, 7, 2, 0, 5, 6, 2, 6, 0, 5]";"[7, 2, 1, 1, 4, 6, 0, 4, 5, 5, 2, 0, 1, 0, 2, 1, 4, 4, 6, 6, 4, 4, 4, 3, 0, 1, 0, 7, 3, 0, 1, 0, 0, 0, 0, 0, 0, 0, 0, 2, 5, 2, 2, 1, 5, 2, 3, 3, 3, 3, 3, 1, 3, 0, 5, 5, 1, 1, 1, 2, 5]";"[5, 6, 5, 1, 4, 7, 5, 4, 6, 1, 2, 0, 0, 1, 2, 1, 4, 4, 7, 7, 4, 4, 4, 3, 6, 0, 7, 0, 3, 0, 2, 0, 0, 0, 2, 0, 0, 2, 0, 2, 6, 2, 2, 1, 1, 2, 3, 3, 3, 3, 3, 1, 3, 0, 1, 1, 1, 1, 2, 3, 5]"
8;7;"aucs";"pmm_h";8;0.3075;0.2621;0.2434;0.2133;"{'1': 0.5, '60': 0.75, '2': 0.7083333333333333}";"{'1': 0.75, '60': 0.25, '2': 0.9545454545454546}";"{'1': 0.75, '60': 0.75, '2': 0.75}";"{'1': 0.7, '60': 0.75, '2': 0.7083333333333333}";0.0;0.2916666666666667;0.0;0.3910383597883597;0.4203974319779884;0.4282963948816157;0.3828485812699834;0.6237765279373099;0.6408459755303036;0.632067649218908;0.4121605289844;0.4567389998834781;0.4165802127149189;0.5960298113725642;0.6664616905181716;0.6615087280882274;0.0011;0.0386;0.0029;"['1', '60', '2']";"[('intraA', ('1', '60')), ('interD', ('18', '2')), ('intraD', ('1', '2')), ('interD', ('18', '60')), ('interD', ('15', '2')), ('intraA', ('2', '60')), ('interD', ('3', '60')), ('interA', ('2', '31'))]";"[('intraD', ('1', '2')), ('interA', ('1', '34')), ('interA', ('1', '32')), ('interA', ('1', '28')), ('interA', ('1', '26')), ('interA', ('1', '36')), ('interA', ('1', '37')), ('interA', ('1', '33'))]";"[('interA', ('1', '55')), ('interA', ('1', '61')), ('interA', ('1', '52')), ('interA', ('1', '58')), ('interA', ('1', '27')), ('interA', ('1', '57')), ('interA', ('1', '17')), ('interA', ('1', '9'))]";"[['1', '60'], ['2', '31'], ['3', '25', '19', '20', '26', '27', '6'], ['45', '28', '13', '61', '41', '9', '58', '4', '42', '10', '15', '55', '56', '40'], ['8', '21', '22', '5', '18', '23', '17'], ['34', '32', '14', '54', '36', '33', '7', '35', '39', '30', '37', '12'], ['43', '46', '57', '44', '16', '11', '52', '59', '38'], ['50', '48', '53', '29', '24', '49', '51', '47']]";"[['25', '61', '57', '44', '16', '31', '41', '52', '9', '49', '59', '55', '60', '38'], ['14', '23', '3', '22', '58', '4', '10', '45', '39', '37', '56'], ['32', '13', '54', '36', '7', '35', '30', '12'], ['43', '46', '11', '2', '42', '15', '40'], ['50', '48', '53', '29', '24', '51', '47'], ['34', '26', '28', '1', '33'], ['8', '21', '5', '17', '18'], ['27', '19', '6', '20']]";"[['34', '14', '36', '23', '37', '33', '7', '35', '48', '49', '30', '60', '38', '12'], ['43', '46', '11', '31', '2', '4', '42', '15', '40'], ['61', '1', '27', '57', '52', '9', '58', '55'], ['25', '32', '26', '13', '41', '3', '45', '39'], ['8', '21', '5', '17', '22', '18'], ['54', '44', '16', '59', '10', '56'], ['50', '53', '29', '24', '51', '47'], ['19', '6', '20', '28']]";"[6, 6, 0, 2, 2, 7, 1, 2, 0, 4, 5, 1, 0, 2, 5, 0, 2, 2, 7, 7, 2, 2, 2, 3, 0, 1, 4, 1, 3, 1, 0, 1, 1, 1, 1, 1, 1, 1, 1, 5, 0, 5, 5, 0, 0, 5, 3, 3, 3, 3, 3, 0, 3, 4, 0, 4, 0, 4, 0, 6, 4]";"[0, 1, 2, 3, 4, 2, 5, 4, 3, 3, 6, 5, 3, 5, 3, 6, 4, 4, 2, 2, 4, 4, 4, 7, 2, 2, 2, 3, 7, 5, 1, 5, 5, 5, 5, 5, 5, 6, 5, 3, 3, 3, 6, 6, 3, 6, 7, 7, 7, 7, 7, 6, 7, 5, 3, 3, 6, 3, 6, 0, 3]";"[5, 3, 1, 1, 6, 7, 2, 6, 0, 1, 3, 2, 2, 1, 3, 0, 6, 6, 7, 7, 6, 1, 1, 4, 0, 5, 7, 5, 4, 2, 0, 2, 5, 5, 2, 2, 1, 0, 1, 3, 0, 3, 3, 0, 1, 3, 4, 4, 0, 4, 4, 0, 4, 2, 0, 1, 0, 1, 0, 0, 0]";"[2, 1, 3, 1, 4, 7, 0, 4, 2, 5, 1, 0, 3, 0, 1, 5, 4, 4, 7, 7, 4, 4, 0, 6, 3, 3, 2, 7, 6, 0, 1, 3, 0, 0, 0, 0, 0, 0, 3, 1, 3, 1, 1, 5, 3, 1, 6, 0, 0, 6, 6, 2, 6, 5, 2, 5, 2, 2, 5, 0, 2]"
9;7;"aucs";"pmm_h";8;0.3075;0.302;0.1874;0.2905;"{'1': 0.5, '60': 0.75, '2': 0.7083333333333333}";"{'1': 0.9, '60': 0.55, '2': 0.9545454545454546}";"{'1': 0.75, '60': 0.75, '2': 0.75}";"{'1': 0.7, '60': 0.75, '2': 0.7083333333333333}";0.0;0.2916666666666667;0.0;0.384375;0.4558410633685183;0.3472526778263605;0.5486821606997221;0.6235798087622151;0.5879967833543092;0.694247909428794;0.4481172843661232;0.3638379201376271;0.5876372948958094;0.595432288127863;0.6047595902591457;0.7262957662881924;0.0011;0.0387;0.0033;"['1', '60', '2']";"[('interA', ('1', '26')), ('intraA', ('2', '60')), ('interA', ('1', '45')), ('intraD', ('1', '2')), ('intraA', ('1', '60')), ('interA', ('1', '6')), ('interD', ('14', '2')), ('interA', ('34', '60'))]";"[('intraD', ('1', '2')), ('interA', ('1', '34')), ('interA', ('1', '32')), ('interA', ('1', '28')), ('interA', ('1', '26')), ('interA', ('1', '36')), ('interA', ('1', '37')), ('interA', ('1', '33'))]";"[('interA', ('1', '53')), ('interA', ('1', '22')), ('interA', ('1', '47')), ('interA', ('1', '37')), ('interA', ('1', '45')), ('interA', ('1', '24')), ('interA', ('1', '58')), ('interA', ('1', '55'))]";"[['1', '6'], ['60', '2'], ['43', '3', '58', '4', '45', '54', '23'], ['8', '21', '25', '5', '57', '44', '16', '17', '31', '22', '59', '18'], ['34', '14', '26', '13', '32', '36', '33', '7', '35', '39', '38', '30', '37', '12'], ['46', '28', '61', '11', '41', '9', '42', '10', '15', '55', '56', '40'], ['27', '19', '20'], ['50', '52', '48', '53', '29', '24', '49', '51', '47']]";"[['14', '57', '44', '16', '23', '31', '52', '22', '10', '59', '39'], ['25', '61', '41', '3', '9', '4', '49', '45', '55', '56'], ['34', '32', '26', '28', '1', '36', '33', '37'], ['43', '46', '54', '11', '58', '42', '60', '38'], ['50', '27', '48', '53', '29', '24', '51', '47'], ['12', '13', '35', '7', '15', '30', '40'], ['8', '21', '5', '17', '18'], ['2', '19', '6', '20']]";"[['34', '14', '28', '13', '26', '32', '36', '33', '7', '3', '35', '2', '30', '39', '37', '12'], ['50', '41', '48', '9', '29', '24', '53', '49', '51', '47'], ['25', '54', '57', '44', '16', '31', '52', '59', '38'], ['43', '46', '27', '11', '42', '15', '60', '40'], ['8', '21', '5', '23', '17', '22', '18'], ['1', '58', '4', '45', '55'], ['19', '6', '20'], ['61', '56', '10']]";"[6, 6, 0, 2, 2, 7, 1, 2, 0, 4, 5, 1, 0, 2, 5, 0, 2, 2, 7, 7, 2, 2, 2, 3, 0, 1, 4, 1, 3, 1, 0, 1, 1, 1, 1, 1, 1, 1, 1, 5, 0, 5, 5, 0, 0, 5, 3, 3, 3, 3, 3, 0, 3, 4, 0, 4, 0, 4, 0, 6, 4]";"[0, 1, 2, 2, 3, 0, 4, 3, 5, 5, 5, 4, 4, 4, 5, 3, 3, 3, 6, 6, 3, 3, 2, 7, 3, 4, 6, 5, 7, 4, 3, 4, 4, 4, 4, 4, 4, 4, 4, 5, 5, 5, 2, 3, 2, 5, 7, 7, 7, 7, 7, 7, 7, 2, 5, 5, 3, 2, 3, 1, 5]";"[2, 7, 1, 1, 6, 7, 5, 6, 1, 0, 3, 5, 5, 0, 5, 0, 6, 6, 7, 7, 6, 0, 0, 4, 1, 2, 4, 2, 4, 5, 0, 2, 2, 2, 5, 2, 2, 3, 0, 5, 1, 3, 3, 0, 1, 3, 4, 4, 1, 4, 4, 0, 4, 3, 1, 1, 0, 3, 0, 3, 1]";"[5, 0, 0, 5, 4, 6, 0, 4, 1, 7, 3, 0, 0, 0, 3, 2, 4, 4, 6, 6, 4, 4, 4, 1, 2, 0, 3, 0, 1, 0, 2, 0, 0, 0, 0, 0, 0, 2, 0, 3, 1, 3, 3, 2, 5, 3, 1, 1, 1, 1, 1, 2, 1, 2, 5, 7, 2, 5, 2, 3, 7]"
10;7;"aucs";"pmm_h";8;0.3075;0.2028;0.2029;0.3085;"{'1': 0.5, '60': 0.75, '2': 0.7083333333333333}";"{'1': 0.875, '60': 0.41666666666666663, '2': 0.95}";"{'1': 0.75, '60': 0.75, '2': 0.75}";"{'1': 0.7, '60': 0.75, '2': 0.7083333333333333}";0.0;0.2916666666666667;0.0;0.3650793650793651;0.2894307680360332;0.3793530565399682;0.6029307134531252;0.5801758552596156;0.6268971485063195;0.7164146640754379;0.2759882267925125;0.398937599797638;0.6255879984743823;0.5460165340549338;0.6367066295812136;0.740827594097205;0.0011;0.0378;0.0025;"['1', '60', '2']";"[('intraA', ('2', '60')), ('interA', ('1', '13')), ('interD', ('3', '60')), ('interD', ('2', '6')), ('intraD', ('1', '2')), ('interD', ('18', '2')), ('interA', ('1', '56')), ('intraA', ('1', '60'))]";"[('intraD', ('1', '2')), ('interA', ('1', '34')), ('interA', ('1', '32')), ('interA', ('1', '28')), ('interA', ('1', '26')), ('interA', ('1', '36')), ('interA', ('1', '37')), ('interA', ('1', '33'))]";"[('interA', ('1', '36')), ('interA', ('1', '53')), ('interA', ('1', '12')), ('interA', ('1', '45')), ('interA', ('1', '26')), ('interA', ('1', '61')), ('interA', ('1', '24')), ('interA', ('1', '31'))]";"[['13', '1'], ['60', '2'], ['25', '26', '57', '44', '16', '31', '33', '3', '4', '59', '30', '38'], ['8', '21', '22', '5', '18', '17'], ['27', '19', '6', '20'], ['14', '36', '7', '53', '58', '49', '51', '12', '50', '34', '32', '54', '23', '52', '48', '29', '24', '39', '37', '47'], ['43', '45', '46', '28', '11', '41', '35', '9', '42', '15', '55', '40'], ['61', '56', '10']]";"[['8', '21', '5', '14', '57', '23', '17', '31', '7', '35', '2', '30', '38', '18', '12'], ['25', '26', '13', '52', '3', '58', '4', '59', '45', '39'], ['54', '61', '44', '16', '41', '22', '10', '55', '56'], ['50', '48', '53', '29', '24', '49', '51', '47'], ['34', '32', '28', '1', '36', '33', '37'], ['43', '46', '11', '9', '42', '15', '40'], ['27', '19', '6', '20'], ['60']]";"[['34', '32', '26', '13', '36', '41', '37', '33', '7', '35', '30', '39', '38', '12'], ['25', '54', '57', '16', '52', '3', '58', '4', '59', '45', '55'], ['50', '48', '53', '29', '24', '49', '51', '47'], ['43', '46', '11', '2', '42', '15', '40'], ['8', '21', '5', '23', '17', '22', '18'], ['14', '28', '44', '9', '10', '60', '56'], ['27', '19', '6', '20'], ['61', '1', '31']]";"[6, 6, 0, 2, 2, 7, 1, 2, 0, 4, 5, 1, 0, 2, 5, 0, 2, 2, 7, 7, 2, 2, 2, 3, 0, 1, 4, 1, 3, 1, 0, 1, 1, 1, 1, 1, 1, 1, 1, 5, 0, 5, 5, 0, 0, 5, 3, 3, 3, 3, 3, 0, 3, 4, 0, 4, 0, 4, 0, 6, 4]";"[0, 1, 2, 2, 3, 4, 5, 3, 6, 7, 6, 5, 0, 5, 6, 2, 3, 3, 4, 4, 3, 3, 5, 5, 2, 2, 4, 6, 5, 2, 2, 5, 2, 5, 6, 5, 5, 2, 5, 6, 6, 6, 6, 2, 6, 6, 5, 5, 5, 5, 5, 5, 5, 5, 6, 7, 2, 5, 2, 1, 7]";"[4, 0, 1, 1, 0, 6, 0, 0, 5, 2, 5, 0, 1, 0, 5, 2, 0, 0, 6, 6, 0, 2, 0, 3, 1, 1, 6, 4, 3, 0, 0, 4, 4, 4, 0, 4, 4, 0, 1, 5, 2, 5, 5, 2, 1, 5, 3, 3, 3, 3, 3, 1, 3, 2, 2, 2, 0, 1, 1, 7, 2]";"[7, 3, 1, 1, 4, 6, 0, 4, 5, 5, 3, 0, 0, 5, 3, 1, 4, 4, 6, 6, 4, 4, 4, 2, 1, 0, 6, 5, 2, 0, 7, 0, 0, 0, 0, 0, 0, 0, 0, 3, 0, 3, 3, 5, 1, 3, 2, 2, 2, 2, 2, 1, 2, 1, 1, 5, 1, 1, 1, 5, 7]"
11;7;"aucs";"pmm_h";8;0.3075;0.1818;0.2526;0.1728;"{'1': 0.5, '60': 0.75, '2': 0.7083333333333333}";"{'1': 0.75, '60': 0.75, '2': 0.75}";"{'1': 0.75, '60': 0.75, '2': 0.75}";"{'1': 0.7, '60': 0.75, '2': 0.7083333333333333}";0.0;0.0;0.0;0.3852564102564103;0.3290391724664595;0.5557413160934798;0.2513079098501081;0.6238859714661714;0.7375412198552871;0.510196878029947;0.3464753310156077;0.6041384540382427;0.2714544466582141;0.6443413671471087;0.7771293125454004;0.5271323106794578;0.0016;0.036;0.0025;"['1', '60', '2']";"[('interA', ('5', '60')), ('interA', ('1', '21')), ('intraD', ('1', '2')), ('interA', ('2', '22')), ('interA', ('2', '29')), ('interA', ('13', '60')), ('interA', ('33', '60')), ('interA', ('29', '60'))]";"[('intraD', ('1', '2')), ('interA', ('1', '34')), ('interA', ('1', '32')), ('interA', ('1', '28')), ('interA', ('1', '26')), ('interA', ('1', '36')), ('interA', ('1', '37')), ('interA', ('1', '33'))]";"[('interA', ('1', '53')), ('interA', ('1', '9')), ('interA', ('1', '40')), ('interA', ('1', '59')), ('interA', ('1', '61')), ('interA', ('1', '27')), ('interA', ('1', '46')), ('interA', ('1', '34'))]";"[['1', '21'], ['8', '22', '2', '14', '18', '23', '17'], ['5', '28', '13', '57', '27', '36', '7', '3', '60', '32', '26', '54', '31', '16', '33', '35', '59', '30', '38'], ['44', '9', '58', '4', '45', '55', '56', '12', '25', '34', '61', '41', '52', '10', '39', '37'], ['19', '6', '20'], ['43', '46', '42', '15', '11', '40'], ['53', '29', '24', '50', '51'], ['48', '47', '49']]";"[['25', '61', '57', '44', '16', '31', '41', '52', '3', '9', '2', '4', '10', '59', '45', '55', '56'], ['32', '13', '54', '27', '36', '7', '35', '30', '39', '60', '38', '12'], ['50', '48', '53', '29', '24', '49', '51', '47'], ['34', '26', '28', '1', '33', '37'], ['43', '46', '11', '42', '15', '40'], ['14', '23', '17', '58', '22'], ['8', '21', '18', '5'], ['19', '6', '20']]";"[['43', '26', '41', '11', '23', '35', '3', '58', '2', '42', '15', '30', '40'], ['25', '32', '28', '13', '54', '36', '39', '60', '55', '12'], ['57', '44', '16', '31', '33', '7', '52', '4', '38'], ['34', '14', '61', '22', '10', '45', '37', '56'], ['50', '48', '53', '29', '24', '49', '51', '47'], ['46', '1', '27', '9', '59'], ['8', '21', '5', '17', '18'], ['19', '6', '20']]";"[6, 6, 0, 2, 2, 7, 1, 2, 0, 4, 5, 1, 0, 2, 5, 0, 2, 2, 7, 7, 2, 2, 2, 3, 0, 1, 4, 1, 3, 1, 0, 1, 1, 1, 1, 1, 1, 1, 1, 5, 0, 5, 5, 0, 0, 5, 3, 3, 3, 3, 3, 0, 3, 4, 0, 4, 0, 4, 0, 6, 4]";"[0, 1, 2, 3, 2, 4, 2, 1, 3, 3, 5, 3, 2, 1, 5, 2, 1, 1, 4, 4, 0, 1, 1, 6, 3, 2, 2, 2, 6, 2, 2, 2, 2, 3, 2, 2, 3, 2, 3, 5, 3, 5, 5, 3, 3, 5, 7, 7, 7, 6, 6, 3, 6, 2, 3, 3, 2, 3, 2, 2, 3]";"[3, 0, 0, 0, 6, 7, 1, 6, 0, 0, 4, 1, 1, 5, 4, 0, 5, 6, 7, 7, 6, 5, 5, 2, 0, 3, 1, 3, 2, 1, 0, 1, 3, 3, 1, 1, 3, 1, 1, 4, 0, 4, 4, 0, 0, 4, 2, 2, 2, 2, 2, 0, 2, 1, 0, 0, 0, 5, 0, 1, 0]";"[5, 0, 0, 2, 6, 7, 2, 6, 5, 3, 0, 1, 1, 3, 0, 2, 6, 6, 7, 7, 6, 3, 0, 4, 1, 0, 5, 1, 4, 0, 2, 1, 2, 3, 0, 1, 3, 2, 1, 0, 0, 0, 0, 2, 3, 5, 4, 4, 4, 4, 4, 2, 4, 1, 1, 3, 2, 0, 5, 1, 3]"
12;7;"aucs";"pmm_h";8;0.3075;0.2674;0.2353;0.2687;"{'1': 0.5, '60': 0.75, '2': 0.7083333333333333}";"{'1': 0.75, '60': 0.5, '2': 0.7045454545454546}";"{'1': 0.75, '60': 0.75, '2': 0.75}";"{'1': 0.7, '60': 0.75, '2': 0.7083333333333333}";0.0;0.1666666666666666;0.0;0.3652777777777778;0.4648285655831418;0.446402614910715;0.4811134671334878;0.6487062978189347;0.6768600197295468;0.6582746592722154;0.4589553720728629;0.4722851153039832;0.5019155438853257;0.6271253982602636;0.6999370358308543;0.6788952628619361;0.0011;0.0393;0.003;"['1', '60', '2']";"[('interD', ('2', '42')), ('intraD', ('1', '2')), ('interA', ('1', '11')), ('interD', ('3', '60')), ('intraA', ('2', '60')), ('interA', ('1', '13')), ('interD', ('1', '4')), ('interA', ('1', '6'))]";"[('intraD', ('1', '2')), ('interA', ('1', '34')), ('interA', ('1', '32')), ('interA', ('1', '28')), ('interA', ('1', '26')), ('interA', ('1', '36')), ('interA', ('1', '37')), ('interA', ('1', '33'))]";"[('interA', ('1', '59')), ('interA', ('1', '21')), ('interA', ('1', '31')), ('interA', ('1', '48')), ('interA', ('1', '40')), ('interA', ('1', '49')), ('interA', ('1', '41')), ('interA', ('1', '38'))]";"[['13', '1', '11'], ['60', '2'], ['43', '45', '46', '54', '61', '41', '3', '9', '58', '4', '42', '15', '55', '56', '40'], ['8', '21', '5', '26', '57', '16', '31', '59'], ['27', '19', '6', '20'], ['34', '32', '28', '36', '33', '7', '35', '39', '38', '30', '37', '12'], ['22', '14', '10', '18', '44', '23', '17'], ['25', '50', '52', '48', '53', '29', '24', '49', '51', '47']]";"[['43', '12', '46', '11', '35', '7', '48', '2', '42', '49', '15', '30', '38', '40'], ['25', '13', '44', '16', '52', '3', '58', '4', '59'], ['8', '21', '5', '14', '23', '17', '22', '39', '18'], ['61', '57', '31', '41', '9', '10', '45', '55', '56'], ['34', '32', '26', '28', '1', '36', '33', '37'], ['50', '53', '29', '24', '51', '47'], ['27', '19', '6', '20'], ['54', '60']]";"[['34', '32', '26', '13', '54', '36', '33', '7', '35', '4', '30', '39', '37', '55', '12'], ['14', '28', '61', '57', '44', '16', '52', '58', '10', '45', '60', '56'], ['50', '48', '53', '29', '24', '49', '51', '47'], ['8', '21', '5', '23', '17', '22', '18'], ['43', '46', '11', '9', '42', '15', '40'], ['1', '31', '41', '59', '38'], ['27', '19', '6', '20'], ['3', '25', '2']]";"[6, 6, 0, 2, 2, 7, 1, 2, 0, 4, 5, 1, 0, 2, 5, 0, 2, 2, 7, 7, 2, 2, 2, 3, 0, 1, 4, 1, 3, 1, 0, 1, 1, 1, 1, 1, 1, 1, 1, 5, 0, 5, 5, 0, 0, 5, 3, 3, 3, 3, 3, 0, 3, 4, 0, 4, 0, 4, 0, 6, 4]";"[0, 1, 2, 2, 3, 4, 5, 3, 2, 6, 0, 5, 0, 6, 2, 3, 6, 6, 4, 4, 3, 6, 6, 7, 7, 3, 4, 5, 7, 5, 3, 5, 5, 5, 5, 5, 5, 5, 5, 2, 2, 2, 2, 6, 2, 2, 7, 7, 7, 7, 7, 7, 7, 2, 2, 2, 3, 2, 3, 1, 2]";"[4, 0, 1, 1, 2, 6, 0, 2, 3, 3, 0, 0, 1, 2, 0, 1, 2, 2, 6, 6, 2, 2, 2, 5, 1, 4, 6, 4, 5, 0, 3, 4, 4, 4, 0, 4, 4, 0, 2, 0, 3, 0, 0, 1, 3, 0, 5, 0, 0, 5, 5, 1, 5, 7, 3, 3, 3, 1, 1, 7, 3]";"[5, 7, 7, 0, 3, 6, 0, 3, 4, 1, 4, 0, 0, 1, 4, 1, 3, 3, 6, 6, 3, 3, 3, 2, 7, 0, 6, 1, 2, 0, 5, 0, 0, 0, 0, 0, 0, 5, 0, 4, 5, 4, 4, 1, 1, 4, 2, 2, 2, 2, 2, 1, 2, 0, 0, 1, 1, 1, 5, 1, 1]"
13;7;"aucs";"pmm_h";8;0.3075;0.2374;0.2313;0.2342;"{'1': 0.5, '60': 0.75, '2': 0.7083333333333333}";"{'1': 0.5833333333333333, '60': 0.625, '2': 0.75}";"{'1': 0.75, '60': 0.75, '2': 0.75}";"{'1': 0.7, '60': 0.75, '2': 0.7083333333333333}";0.0;0.3472222222222222;0.0;0.2770833333333333;0.4119721276160447;0.4661932446840612;0.4586256444932803;0.6048850739228614;0.6883620495369627;0.7020393525241391;0.4254880804657545;0.5028050669280439;0.4749242784643628;0.6160540274365908;0.7104941074083553;0.7168172054984351;0.0011;0.0378;0.003;"['1', '60', '2']";"[('intraD', ('1', '2')), ('interA', ('1', '38')), ('interA', ('19', '60')), ('interD', ('14', '2')), ('intraA', ('1', '60')), ('interD', ('2', '3')), ('interD', ('15', '2')), ('interD', ('2', '25'))]";"[('intraD', ('1', '2')), ('interA', ('1', '34')), ('interA', ('1', '32')), ('interA', ('1', '28')), ('interA', ('1', '26')), ('interA', ('1', '36')), ('interA', ('1', '37')), ('interA', ('1', '33'))]";"[('interA', ('1', '6')), ('interA', ('1', '25')), ('interA', ('1', '9')), ('interA', ('1', '15')), ('interA', ('1', '11')), ('interA', ('1', '7')), ('interA', ('1', '39')), ('interA', ('1', '3'))]";"[['1', '38'], ['28', '57', '44', '16', '31', '52', '2', '4', '10', '59', '45', '56'], ['43', '25', '46', '27', '11', '3', '9', '42', '15', '40'], ['8', '21', '5'], ['60', '19', '6', '20'], ['34', '14', '26', '32', '61', '36', '33', '7', '35', '39', '58', '49', '30', '37', '12'], ['13', '54', '23', '17', '41', '22', '55', '18'], ['48', '53', '29', '24', '50', '51', '47']]";"[['25', '14', '54', '36', '7', '3', '35', '58', '2', '4', '30', '60', '38', '12'], ['32', '13', '57', '44', '16', '41', '9', '59', '45', '39', '55'], ['50', '52', '48', '53', '29', '24', '49', '51', '47'], ['8', '21', '5', '23', '17', '22', '18'], ['43', '46', '11', '31', '42', '15', '40'], ['34', '26', '28', '1', '33', '37'], ['27', '19', '6', '20'], ['61', '56', '10']]";"[['34', '14', '28', '36', '23', '33', '35', '22', '58', '4', '30', '39', '37', '12'], ['54', '61', '44', '41', '52', '10', '45', '55', '56'], ['43', '46', '11', '2', '42', '15', '60', '40'], ['32', '26', '13', '57', '16', '31', '59', '38'], ['50', '48', '53', '29', '24', '49', '51', '47'], ['25', '1', '7', '3', '9'], ['8', '21', '5', '17', '18'], ['27', '19', '6', '20']]";"[6, 6, 0, 2, 2, 7, 1, 2, 0, 4, 5, 1, 0, 2, 5, 0, 2, 2, 7, 7, 2, 2, 2, 3, 0, 1, 4, 1, 3, 1, 0, 1, 1, 1, 1, 1, 1, 1, 1, 5, 0, 5, 5, 0, 0, 5, 3, 3, 3, 3, 3, 0, 3, 4, 0, 4, 0, 4, 0, 6, 4]";"[0, 1, 2, 1, 3, 4, 5, 3, 2, 1, 2, 5, 6, 5, 2, 1, 6, 6, 4, 4, 3, 6, 6, 7, 2, 5, 2, 1, 7, 5, 1, 5, 5, 5, 5, 5, 5, 0, 5, 2, 6, 2, 2, 1, 1, 2, 7, 7, 5, 7, 7, 1, 7, 6, 6, 1, 1, 5, 1, 4, 5]";"[5, 0, 0, 0, 3, 6, 0, 3, 1, 7, 4, 0, 1, 0, 4, 1, 3, 3, 6, 6, 3, 3, 3, 2, 0, 5, 6, 5, 2, 0, 4, 1, 5, 5, 0, 0, 5, 0, 1, 4, 1, 4, 4, 1, 1, 4, 2, 2, 2, 2, 2, 2, 2, 0, 1, 7, 1, 0, 1, 0, 7]";"[5, 2, 5, 0, 6, 7, 5, 6, 5, 1, 2, 0, 3, 0, 2, 3, 6, 6, 7, 7, 6, 0, 0, 4, 5, 3, 7, 0, 4, 0, 3, 3, 0, 0, 0, 0, 0, 3, 0, 2, 1, 2, 2, 1, 1, 2, 4, 4, 4, 4, 4, 1, 4, 1, 1, 1, 3, 0, 3, 2, 1]"
14;7;"aucs";"pmm_h";8;0.3075;0.3278;0.1654;0.2626;"{'1': 0.5, '60': 0.75, '2': 0.7083333333333333}";"{'1': 0.875, '60': 0.41666666666666663, '2': 0.95}";"{'1': 0.75, '60': 0.75, '2': 0.75}";"{'1': 0.7, '60': 0.75, '2': 0.7083333333333333}";0.0;0.2916666666666667;0.0;0.3715277777777778;0.4692332687470665;0.2527298125516525;0.417192943548907;0.6411361529098385;0.5343925761386692;0.6258093524628188;0.4620641562064156;0.2625274931373719;0.4411157399021916;0.6152032921261484;0.5343773751254142;0.6464554323351771;0.0011;0.0383;0.0024;"['1', '60', '2']";"[('intraD', ('1', '2')), ('intraA', ('2', '60')), ('interD', ('14', '2')), ('intraA', ('1', '60')), ('interA', ('1', '58')), ('interD', ('11', '2')), ('interD', ('3', '60')), ('interA', ('1', '51'))]";"[('intraD', ('1', '2')), ('interA', ('1', '34')), ('interA', ('1', '32')), ('interA', ('1', '28')), ('interA', ('1', '26')), ('interA', ('1', '36')), ('interA', ('1', '37')), ('interA', ('1', '33'))]";"[('interA', ('1', '11')), ('interA', ('1', '35')), ('interA', ('1', '49')), ('interA', ('1', '40')), ('interA', ('1', '16')), ('interA', ('1', '21')), ('interA', ('1', '32')), ('interA', ('1', '20'))]";"[['58', '1'], ['60', '2'], ['43', '3', '4', '46', '42', '15', '11'], ['8', '21', '25', '5', '14', '57', '16', '17', '23', '22', '59', '38', '18'], ['27', '19', '6', '20'], ['34', '32', '26', '13', '54', '36', '33', '7', '35', '39', '30', '37', '12'], ['28', '61', '44', '41', '9', '10', '45', '55', '56', '40'], ['50', '31', '52', '48', '53', '29', '24', '49', '51', '47']]";"[['25', '14', '57', '31', '23', '35', '48', '52', '2', '49', '30', '38', '12'], ['32', '13', '41', '7', '3', '9', '58', '4', '45', '55', '15', '40'], ['43', '46', '54', '61', '44', '16', '11', '42', '10', '59', '39', '56'], ['34', '26', '28', '1', '36', '33', '37'], ['8', '21', '5', '17', '22', '18'], ['50', '53', '29', '24', '51', '47'], ['27', '19', '6', '20'], ['60']]";"[['43', '46', '61', '11', '41', '9', '42', '10', '55', '60', '56', '40'], ['34', '32', '36', '33', '7', '35', '30', '39', '37', '12'], ['50', '44', '52', '48', '53', '29', '24', '51', '47'], ['25', '14', '54', '3', '58', '2', '4', '45'], ['8', '21', '5', '23', '17', '22', '15', '18'], ['26', '13', '28', '57', '31', '59', '38'], ['27', '19', '6', '20'], ['1', '16', '49']]";"[6, 6, 0, 2, 2, 7, 1, 2, 0, 4, 5, 1, 0, 2, 5, 0, 2, 2, 7, 7, 2, 2, 2, 3, 0, 1, 4, 1, 3, 1, 0, 1, 1, 1, 1, 1, 1, 1, 1, 5, 0, 5, 5, 0, 0, 5, 3, 3, 3, 3, 3, 0, 3, 4, 0, 4, 0, 4, 0, 6, 4]";"[0, 1, 2, 2, 3, 4, 5, 3, 6, 6, 2, 5, 5, 3, 2, 3, 3, 3, 4, 4, 3, 3, 3, 7, 3, 5, 4, 6, 7, 5, 7, 5, 5, 5, 5, 5, 5, 3, 5, 6, 6, 2, 2, 6, 6, 2, 7, 7, 7, 7, 7, 7, 7, 5, 6, 6, 3, 0, 3, 1, 6]";"[3, 0, 1, 1, 4, 6, 1, 4, 1, 2, 2, 0, 1, 0, 1, 2, 4, 4, 6, 6, 4, 4, 0, 5, 0, 3, 6, 3, 5, 0, 0, 1, 3, 3, 0, 3, 3, 0, 2, 1, 1, 2, 2, 2, 1, 2, 5, 0, 0, 5, 5, 0, 5, 2, 1, 2, 0, 1, 2, 7, 2]";"[7, 3, 3, 3, 4, 6, 1, 4, 0, 0, 0, 1, 5, 3, 4, 7, 4, 4, 6, 6, 4, 4, 4, 2, 3, 5, 6, 5, 2, 1, 5, 1, 1, 1, 1, 1, 1, 5, 1, 0, 0, 0, 0, 2, 3, 0, 2, 2, 7, 2, 2, 2, 2, 3, 0, 0, 5, 3, 5, 0, 0]"
15;7;"aucs";"pmm_h";8;0.3075;0.2424;0.2889;0.1986;"{'1': 0.5, '60': 0.75, '2': 0.7083333333333333}";"{'1': 0.75, '60': 0.55, '2': 0.95}";"{'1': 0.75, '60': 0.75, '2': 0.75}";"{'1': 0.7, '60': 0.75, '2': 0.7083333333333333}";0.0;0.375;0.0;0.3866452991452991;0.3566300654882072;0.5415819511561514;0.3178458155902905;0.6217599840392867;0.740877679802734;0.5964174891326248;0.3459543673408826;0.5798024748699956;0.3444942424673216;0.6053603640155467;0.7654759814371674;0.6215089878178287;0.0011;0.0385;0.0029;"['1', '60', '2']";"[('intraD', ('1', '2')), ('interA', ('2', '44')), ('interD', ('2', '42')), ('interD', ('2', '25')), ('interD', ('15', '2')), ('intraA', ('2', '60')), ('intraA', ('1', '60')), ('interA', ('60', '9'))]";"[('intraD', ('1', '2')), ('interA', ('1', '34')), ('interA', ('1', '32')), ('interA', ('1', '28')), ('interA', ('1', '26')), ('interA', ('1', '36')), ('interA', ('1', '37')), ('interA', ('1', '33'))]";"[('interA', ('1', '24')), ('interA', ('1', '28')), ('interA', ('1', '30')), ('interA', ('1', '34')), ('interA', ('1', '6')), ('interA', ('1', '58')), ('interA', ('1', '53')), ('interA', ('1', '14'))]";"[['1', '9', '60'], ['44', '2'], ['3', '58', '19', '20', '27', '6'], ['14', '28', '13', '36', '7', '4', '45', '12', '43', '25', '34', '46', '26', '32', '11', '41', '33', '35', '39', '30', '10', '42', '15', '55', '37', '40'], ['8', '21', '22', '5', '18', '23', '17'], ['59', '54', '57', '38', '16', '31', '52'], ['50', '48', '53', '29', '24', '49', '51', '47'], ['61', '56']]";"[['25', '13', '54', '36', '7', '35', '2', '30', '60', '38', '12'], ['57', '44', '16', '31', '52', '3', '58', '4', '59'], ['34', '32', '26', '28', '1', '33', '39', '37'], ['8', '21', '5', '14', '23', '17', '22', '18'], ['50', '48', '53', '29', '24', '49', '51', '47'], ['61', '41', '9', '10', '45', '55', '56'], ['43', '46', '11', '42', '15', '40'], ['27', '19', '6', '20']]";"[['25', '50', '31', '52', '3', '48', '29', '2', '4', '53', '49', '51', '47'], ['32', '26', '13', '36', '41', '7', '35', '9', '45', '55', '60', '12'], ['34', '54', '61', '44', '33', '38', '10', '39', '37', '56'], ['43', '46', '11', '42', '15', '40'], ['14', '57', '16', '23', '22', '59'], ['28', '1', '58', '24', '30'], ['8', '21', '5', '17', '18'], ['27', '19', '6', '20']]";"[6, 6, 0, 2, 2, 7, 1, 2, 0, 4, 5, 1, 0, 2, 5, 0, 2, 2, 7, 7, 2, 2, 2, 3, 0, 1, 4, 1, 3, 1, 0, 1, 1, 1, 1, 1, 1, 1, 1, 5, 0, 5, 5, 0, 0, 5, 3, 3, 3, 3, 3, 0, 3, 4, 0, 4, 0, 4, 0, 6, 4]";"[0, 1, 2, 3, 4, 2, 3, 4, 0, 3, 3, 3, 3, 3, 3, 5, 4, 4, 2, 2, 4, 4, 4, 6, 3, 3, 2, 3, 6, 3, 5, 3, 3, 3, 3, 3, 3, 5, 3, 3, 3, 3, 3, 1, 3, 3, 6, 6, 6, 6, 6, 5, 6, 5, 3, 7, 5, 2, 5, 0, 7]";"[2, 0, 1, 1, 3, 7, 0, 3, 5, 5, 6, 0, 0, 3, 6, 1, 3, 3, 7, 7, 3, 3, 3, 4, 0, 2, 7, 2, 4, 0, 1, 2, 2, 2, 0, 0, 2, 0, 2, 6, 5, 6, 6, 1, 5, 6, 4, 4, 4, 4, 4, 1, 4, 0, 5, 5, 1, 1, 1, 0, 5]";"[5, 0, 0, 0, 6, 7, 1, 6, 1, 2, 3, 1, 1, 4, 3, 4, 6, 6, 7, 7, 6, 4, 4, 5, 0, 1, 7, 5, 0, 5, 0, 1, 2, 2, 1, 1, 2, 2, 2, 3, 1, 3, 3, 2, 1, 3, 0, 0, 0, 0, 0, 0, 0, 2, 1, 2, 4, 5, 4, 1, 2]"
16;7;"aucs";"pmm_h";8;0.3075;0.183;0.2453;0.2084;"{'1': 0.5, '60': 0.75, '2': 0.7083333333333333}";"{'1': 0.8333333333333333, '60': 0.6071428571428572, '2': 0.9545454545454546}";"{'1': 0.75, '60': 0.75, '2': 0.75}";"{'1': 0.7, '60': 0.75, '2': 0.7083333333333333}";0.0;0.5138888888888888;0.0;0.2891025641025641;0.3108577776999316;0.3828468548849659;0.3131717089556173;0.5827975384703837;0.6261815930271644;0.5776281542857091;0.3136365280420142;0.4046646216514946;0.3342235855912895;0.5805726617892839;0.6481604204575587;0.5888290527381747;0.0011;0.0383;0.0027;"['1', '60', '2']";"[('interA', ('50', '60')), ('interA', ('22', '60')), ('intraA', ('2', '60')), ('interA', ('1', '36')), ('interA', ('5', '60')), ('intraA', ('1', '60')), ('interD', ('2', '3')), ('intraD', ('1', '2'))]";"[('intraD', ('1', '2')), ('interA', ('1', '34')), ('interA', ('1', '32')), ('interA', ('1', '28')), ('interA', ('1', '26')), ('interA', ('1', '36')), ('interA', ('1', '37')), ('interA', ('1', '33'))]";"[('interA', ('1', '59')), ('interA', ('1', '46')), ('interA', ('1', '34')), ('interA', ('1', '38')), ('interA', ('1', '26')), ('interA', ('1', '28')), ('interA', ('1', '29')), ('interA', ('1', '32'))]";"[['34', '54', '1', '36', '33', '7', '4', '38', '12'], ['22', '60', '2', '5'], ['25', '19', '14', '26', '13', '28', '32', '3', '9', '58', '20', '45', '39', '6'], ['8', '21', '23', '17', '35', '15', '30', '37', '18', '40'], ['61', '56', '10'], ['43', '46', '42', '27', '11'], ['59', '57', '44', '16', '31', '52'], ['50', '41', '48', '53', '29', '24', '49', '51', '55', '47']]";"[['14', '54', '3', '58', '4', '10', '45', '39', '37', '55', '56'], ['25', '57', '44', '16', '31', '52', '48', '2', '49', '59'], ['43', '46', '11', '41', '9', '42', '15', '40'], ['8', '21', '5', '23', '17', '22', '18'], ['61', '36', '7', '35', '30', '38', '12'], ['50', '53', '29', '24', '51', '60', '47'], ['19', '32', '13', '27', '20', '6'], ['34', '26', '28', '1', '33']]";"[['34', '32', '14', '36', '23', '33', '22', '2', '10', '39', '60', '37', '12'], ['43', '46', '13', '41', '11', '35', '3', '4', '42', '15', '30', '55', '40'], ['25', '54', '57', '44', '16', '31', '7', '52', '49'], ['50', '48', '53', '29', '24', '51', '47'], ['26', '28', '1', '59', '38'], ['8', '21', '5', '17', '18'], ['61', '9', '58', '45', '56'], ['27', '19', '6', '20']]";"[6, 6, 0, 2, 2, 7, 1, 2, 0, 4, 5, 1, 0, 2, 5, 0, 2, 2, 7, 7, 2, 2, 2, 3, 0, 1, 4, 1, 3, 1, 0, 1, 1, 1, 1, 1, 1, 1, 1, 5, 0, 5, 5, 0, 0, 5, 3, 3, 3, 3, 3, 0, 3, 4, 0, 4, 0, 4, 0, 6, 4]";"[0, 1, 2, 0, 1, 2, 0, 3, 2, 4, 5, 0, 2, 2, 3, 6, 3, 3, 2, 2, 3, 1, 3, 7, 2, 2, 5, 2, 7, 3, 6, 2, 0, 0, 3, 0, 3, 0, 2, 3, 7, 5, 5, 6, 2, 5, 7, 7, 7, 7, 7, 6, 7, 0, 7, 4, 6, 2, 6, 1, 4]";"[7, 1, 0, 0, 3, 6, 4, 3, 2, 0, 2, 4, 6, 0, 2, 1, 3, 3, 6, 6, 3, 3, 3, 5, 1, 7, 6, 7, 5, 4, 1, 6, 7, 7, 4, 4, 0, 4, 0, 2, 2, 2, 2, 1, 0, 2, 5, 1, 1, 5, 5, 1, 5, 0, 0, 0, 1, 0, 1, 5, 4]";"[4, 0, 1, 1, 5, 7, 2, 5, 6, 0, 1, 0, 1, 0, 1, 2, 5, 5, 7, 7, 5, 0, 0, 3, 2, 4, 7, 4, 3, 1, 2, 0, 0, 0, 1, 0, 0, 4, 0, 1, 1, 1, 1, 2, 6, 1, 3, 3, 2, 3, 3, 2, 3, 2, 1, 6, 2, 6, 4, 0, 6]"
17;7;"aucs";"pmm_h";8;0.3075;0.281;0.2837;0.2387;"{'1': 0.5, '60': 0.75, '2': 0.7083333333333333}";"{'1': 0.75, '60': 0.5833333333333333, '2': 0.9545454545454546}";"{'1': 0.75, '60': 0.75, '2': 0.75}";"{'1': 0.7, '60': 0.75, '2': 0.7083333333333333}";0.0;0.2;0.0;0.3547101449275363;0.612376268314356;0.4316005035748619;0.4414362120261231;0.7563072362132242;0.6104085585413358;0.648565236114922;0.6124957343580766;0.4566549748480271;0.4678721070126027;0.7488885517790347;0.6349704067936625;0.6700404944471872;0.0011;0.0394;0.0029;"['1', '60', '2']";"[('intraD', ('1', '2')), ('interA', ('41', '60')), ('interA', ('14', '60')), ('intraA', ('2', '60')), ('interA', ('43', '60')), ('interD', ('18', '60')), ('interD', ('19', '2')), ('intraA', ('1', '60'))]";"[('intraD', ('1', '2')), ('interA', ('1', '34')), ('interA', ('1', '32')), ('interA', ('1', '28')), ('interA', ('1', '26')), ('interA', ('1', '36')), ('interA', ('1', '37')), ('interA', ('1', '33'))]";"[('interA', ('1', '46')), ('interA', ('1', '61')), ('interA', ('1', '14')), ('interA', ('1', '32')), ('interA', ('1', '29')), ('interA', ('1', '31')), ('interA', ('1', '24')), ('interA', ('1', '12'))]";"[['2', '14', '1', '60', '41'], ['25', '26', '13', '57', '44', '16', '31', '52', '3', '59', '38'], ['50', '48', '53', '29', '24', '4', '51', '47'], ['8', '21', '22', '5', '18', '23', '17'], ['19', '6', '20'], ['34', '32', '28', '54', '36', '33', '7', '35', '39', '30', '37', '12'], ['9', '45', '10', '49', '61', '55', '56'], ['43', '46', '27', '11', '58', '42', '15', '40']]";"[['34', '32', '14', '26', '36', '37', '33', '7', '3', '35', '58', '4', '30', '45', '39', '38', '12'], ['50', '57', '31', '52', '48', '53', '29', '2', '24', '49', '47'], ['43', '46', '13', '11', '41', '42', '15', '55', '60', '40'], ['8', '21', '25', '5', '23', '17', '22', '18'], ['28', '1', '44', '16', '59'], ['27', '19', '6', '20'], ['61', '9', '56', '10'], ['54', '51']]";"[['14', '57', '12', '25', '34', '26', '31', '35', '59', '15', '37', '28', '36', '44', '7', '2', '32', '16', '33', '39', '30', '38', '40'], ['43', '46', '54', '11', '42', '10', '45', '56'], ['50', '48', '53', '29', '24', '49', '51', '47'], ['8', '21', '5', '23', '17', '22', '18'], ['13', '41', '9', '55', '60'], ['3', '58', '4', '52'], ['27', '19', '6', '20'], ['61', '1']]";"[6, 6, 0, 2, 2, 7, 1, 2, 0, 4, 5, 1, 0, 2, 5, 0, 2, 2, 7, 7, 2, 2, 2, 3, 0, 1, 4, 1, 3, 1, 0, 1, 1, 1, 1, 1, 1, 1, 1, 5, 0, 5, 5, 0, 0, 5, 3, 3, 3, 3, 3, 0, 3, 4, 0, 4, 0, 4, 0, 6, 4]";"[0, 0, 1, 2, 3, 4, 5, 3, 6, 6, 7, 5, 1, 0, 7, 1, 3, 3, 4, 4, 3, 3, 3, 2, 1, 1, 7, 5, 2, 5, 1, 5, 5, 5, 5, 5, 5, 1, 5, 7, 0, 7, 7, 1, 6, 7, 2, 2, 6, 2, 2, 1, 2, 5, 6, 6, 1, 7, 1, 0, 6]";"[4, 1, 0, 0, 3, 5, 0, 3, 6, 6, 2, 0, 2, 0, 2, 4, 3, 3, 5, 5, 3, 3, 3, 1, 3, 0, 5, 4, 1, 0, 1, 0, 0, 0, 0, 0, 0, 0, 0, 2, 2, 2, 2, 4, 0, 2, 1, 1, 1, 1, 7, 1, 1, 7, 2, 6, 1, 0, 4, 2, 6]";"[7, 0, 5, 5, 3, 6, 0, 3, 4, 1, 1, 0, 4, 0, 0, 0, 3, 3, 6, 6, 3, 3, 3, 2, 0, 0, 6, 0, 2, 0, 0, 0, 0, 0, 0, 0, 0, 0, 0, 0, 4, 1, 1, 0, 1, 1, 2, 2, 2, 2, 2, 5, 2, 1, 4, 1, 0, 5, 0, 4, 7]"
18;7;"aucs";"pmm_h";8;0.3075;0.3054;0.2106;0.2499;"{'1': 0.5, '60': 0.75, '2': 0.7083333333333333}";"{'1': 0.5833333333333333, '60': 0.5, '2': 0.6666666666666667}";"{'1': 0.75, '60': 0.75, '2': 0.75}";"{'1': 0.7, '60': 0.75, '2': 0.7083333333333333}";0.0;0.3541666666666667;0.0;0.3806216931216931;0.4441744623982505;0.376553197077326;0.4385825504435816;0.672110773976201;0.6217997162883918;0.6465994778113501;0.4375387440314085;0.3908061200398482;0.4686989455473481;0.654819509822188;0.6417027534526218;0.6729208985018044;0.0011;0.0376;0.0025;"['1', '60', '2']";"[('intraA', ('1', '60')), ('interD', ('2', '40')), ('interA', ('1', '21')), ('interA', ('1', '28')), ('intraA', ('2', '60')), ('interD', ('1', '4')), ('interA', ('1', '40')), ('interA', ('1', '44'))]";"[('intraD', ('1', '2')), ('interA', ('1', '34')), ('interA', ('1', '32')), ('interA', ('1', '28')), ('interA', ('1', '26')), ('interA', ('1', '36')), ('interA', ('1', '37')), ('interA', ('1', '33'))]";"[('interA', ('1', '54')), ('interA', ('1', '47')), ('interA', ('1', '56')), ('interA', ('1', '33')), ('interA', ('1', '31')), ('interA', ('1', '48')), ('interA', ('1', '17')), ('interA', ('1', '38'))]";"[['1', '44', '21', '28'], ['60', '2'], ['14', '13', '36', '7', '3', '58', '4', '45', '12', '34', '32', '26', '54', '33', '35', '39', '38', '59', '30', '37'], ['8', '22', '5', '18', '23', '17'], ['27', '19', '6', '20'], ['61', '9', '56', '10'], ['43', '46', '42', '15', '11', '40'], ['25', '50', '57', '31', '16', '41', '52', '48', '53', '29', '24', '49', '51', '55', '47']]";"[['26', '13', '57', '44', '16', '31', '52', '48', '9', '30', '49', '59', '45', '39', '38', '47', '12'], ['8', '21', '5', '23', '17', '35', '22', '18'], ['34', '32', '28', '1', '36', '33', '37'], ['43', '46', '11', '7', '42', '15', '40'], ['25', '14', '3', '58', '2', '4'], ['61', '41', '10', '55', '60', '56'], ['50', '54', '53', '29', '24', '51'], ['27', '19', '6', '20']]";"[['25', '26', '57', '31', '52', '3', '9', '48', '2', '4', '58', '49', '59', '47'], ['32', '28', '13', '36', '7', '35', '30', '39', '37', '12'], ['8', '21', '5', '14', '23', '17', '22', '60', '18'], ['34', '61', '44', '16', '41', '10', '45', '55', '56'], ['43', '46', '27', '11', '42', '15', '40'], ['50', '53', '29', '24', '51'], ['54', '1', '38', '33'], ['19', '6', '20']]";"[6, 6, 0, 2, 2, 7, 1, 2, 0, 4, 5, 1, 0, 2, 5, 0, 2, 2, 7, 7, 2, 2, 2, 3, 0, 1, 4, 1, 3, 1, 0, 1, 1, 1, 1, 1, 1, 1, 1, 5, 0, 5, 5, 0, 0, 5, 3, 3, 3, 3, 3, 0, 3, 4, 0, 4, 0, 4, 0, 6, 4]";"[0, 1, 2, 2, 3, 4, 2, 3, 5, 5, 6, 2, 2, 2, 6, 7, 3, 3, 4, 4, 0, 3, 3, 7, 7, 2, 4, 0, 7, 2, 7, 2, 2, 2, 2, 2, 2, 2, 2, 6, 7, 6, 6, 0, 2, 6, 7, 7, 7, 7, 7, 7, 7, 2, 7, 5, 7, 2, 2, 1, 5]";"[2, 4, 4, 4, 1, 7, 3, 1, 0, 5, 3, 0, 0, 4, 3, 0, 1, 1, 7, 7, 1, 1, 1, 6, 4, 0, 7, 2, 6, 0, 0, 2, 2, 2, 1, 2, 2, 0, 0, 3, 5, 3, 3, 0, 0, 3, 0, 0, 0, 6, 6, 0, 6, 6, 5, 5, 0, 4, 0, 5, 5]";"[6, 0, 0, 0, 2, 7, 1, 2, 0, 3, 4, 1, 1, 2, 4, 3, 2, 2, 7, 7, 2, 2, 2, 5, 0, 0, 4, 1, 5, 1, 0, 1, 6, 3, 1, 1, 1, 6, 1, 4, 3, 4, 4, 3, 3, 4, 0, 0, 0, 5, 5, 0, 5, 6, 3, 3, 0, 0, 0, 2, 3]"
19;7;"aucs";"pmm_h";8;0.3075;0.2162;0.2093;0.2003;"{'1': 0.5, '60': 0.75, '2': 0.7083333333333333}";"{'1': 0.8333333333333333, '60': 0.6071428571428572, '2': 0.9545454545454546}";"{'1': 0.75, '60': 0.75, '2': 0.75}";"{'1': 0.7, '60': 0.75, '2': 0.7083333333333333}";0.0;0.125;0.0;0.259963768115942;0.3591134006642716;0.3737072454210258;0.4360453171629541;0.6431307103476751;0.5914624493309422;0.6920344229435317;0.3453747148207137;0.3950957746726271;0.4798748541841475;0.6180599454476838;0.6124670190439822;0.7140035652569352;0.0011;0.0373;0.003;"['1', '60', '2']";"[('interA', ('30', '60')), ('interD', ('2', '52')), ('intraA', ('1', '60')), ('intraA', ('2', '60')), ('interA', ('29', '60')), ('interA', ('1', '47')), ('intraD', ('1', '2')), ('interA', ('39', '60'))]";"[('intraD', ('1', '2')), ('interA', ('1', '34')), ('interA', ('1', '32')), ('interA', ('1', '28')), ('interA', ('1', '26')), ('interA', ('1', '36')), ('interA', ('1', '37')), ('interA', ('1', '33'))]";"[('interA', ('1', '57')), ('interA', ('1', '21')), ('interA', ('1', '34')), ('interA', ('1', '40')), ('interA', ('1', '3')), ('interA', ('1', '17')), ('interA', ('1', '29')), ('interA', ('1', '22'))]";"[['1', '60', '2', '30'], ['25', '50', '52', '3', '48', '29', '24', '53', '49', '51', '47'], ['34', '14', '61', '23', '22', '58', '4', '10', '37', '56'], ['8', '21', '5', '18', '17'], ['27', '19', '6', '20'], ['12', '38', '7', '36', '33', '35'], ['43', '46', '26', '28', '57', '44', '11', '16', '31', '9', '42', '59', '15', '40'], ['54', '45', '32', '13', '39', '55', '41']]";"[['14', '26', '23', '17', '3', '22', '58', '4', '49', '39', '60', '18'], ['61', '57', '44', '31', '16', '41', '9', '10', '59', '45', '55', '56'], ['43', '12', '46', '11', '35', '7', '42', '15', '30', '38', '40'], ['50', '52', '48', '53', '29', '24', '51', '47'], ['34', '28', '1', '36', '33', '37'], ['8', '21', '25', '5', '54', '2'], ['27', '19', '6', '20'], ['13', '32']]";"[['9', '45', '12', '25', '26', '31', '35', '52', '30', '59', '13', '36', '7', '3', '2', '60', '32', '54', '16', '41', '33', '55', '38'], ['34', '14', '28', '44', '23', '22', '58', '4', '39', '37'], ['50', '48', '53', '29', '24', '49', '51', '47'], ['43', '46', '11', '42', '15', '40'], ['8', '21', '5', '17', '18'], ['27', '19', '6', '20'], ['61', '56', '10'], ['1', '57']]";"[6, 6, 0, 2, 2, 7, 1, 2, 0, 4, 5, 1, 0, 2, 5, 0, 2, 2, 7, 7, 2, 2, 2, 3, 0, 1, 4, 1, 3, 1, 0, 1, 1, 1, 1, 1, 1, 1, 1, 5, 0, 5, 5, 0, 0, 5, 3, 3, 3, 3, 3, 0, 3, 4, 0, 4, 0, 4, 0, 6, 4]";"[0, 0, 1, 2, 3, 4, 5, 3, 6, 2, 6, 5, 7, 2, 6, 6, 3, 3, 4, 4, 3, 2, 2, 1, 1, 6, 4, 6, 1, 0, 6, 7, 5, 2, 5, 5, 2, 5, 7, 6, 7, 6, 6, 6, 7, 6, 1, 1, 1, 1, 1, 1, 1, 7, 7, 2, 6, 2, 6, 0, 2]";"[4, 5, 0, 0, 5, 6, 2, 5, 1, 1, 2, 2, 7, 0, 2, 1, 0, 0, 6, 6, 5, 0, 0, 3, 5, 0, 6, 4, 3, 2, 1, 7, 4, 4, 2, 4, 4, 2, 0, 2, 1, 2, 2, 1, 1, 2, 3, 3, 0, 3, 3, 3, 3, 5, 1, 1, 1, 0, 1, 0, 1]";"[7, 0, 0, 1, 4, 5, 0, 4, 0, 6, 3, 0, 0, 1, 3, 0, 4, 4, 5, 5, 4, 1, 1, 2, 0, 0, 5, 1, 2, 0, 0, 0, 0, 1, 0, 0, 1, 0, 1, 3, 0, 3, 3, 1, 0, 3, 2, 2, 2, 2, 2, 0, 2, 0, 0, 6, 7, 1, 0, 0, 6]"
