"run_index";"target_community_index";"dataset_name";"comm_algo";"budget";"modularity_before";"modularity_random";"modularity_after_mod";"modularity_after_saf";"safeness_before";"safeness_random";"safeness_after_mod";"safeness_after_saf";"deception_before";"deception_random";"deception_after_mod";"deception_after_saf";"ari_gen_random";"ari_gen_mod";"ari_gen_saf";"nmi_gen_random";"nmi_gen_mod";"nmi_gen_saf";"ari_spec_random";"ari_spec_mod";"ari_spec_saf";"nmi_spec_random";"nmi_spec_mod";"nmi_spec_saf";"time_random";"time_mod";"time_saf";"target_community_nodes";"edits_random";"edits_mod";"edits_saf";"communities_random";"communities_mod";"communities_saf";"community_structure_original";"community_structure_random";"community_structure_mod";"community_structure_saf"
0;0;"aucs";"scml";2;0.3492;0.3509;0.3335;0.3373;"{'44': 0.4166666666666667, '59': 0.3611111111111111, '4': 0.5833333333333333, '16': 0.3125, '1': 0.4583333333333333, '52': 0.4076086956521739, '31': 0.6151960784313726, '25': 0.44166666666666665, '57': 0.5189393939393939, '58': 0.6666666666666667, '2': 0.7083333333333333, '60': 0.75, '3': 0.5555555555555556}";"{'44': 0.3611111111111111, '59': 0.3611111111111111, '4': 0.5833333333333333, '16': 0.3125, '1': 0.4583333333333333, '52': 0.4076086956521739, '31': 0.5555555555555556, '25': 0.4226190476190476, '57': 0.5189393939393939, '58': 0.625, '2': 0.7083333333333333, '60': 0.75, '3': 0.4978070175438597}";"{'44': 0.4916666666666667, '59': 0.3611111111111111, '4': 0.5833333333333333, '16': 0.3125, '1': 0.4583333333333333, '52': 0.4076086956521739, '31': 0.6151960784313726, '25': 0.44166666666666665, '57': 0.5189393939393939, '58': 0.6666666666666667, '2': 0.7083333333333333, '60': 0.75, '3': 0.5555555555555556}";"{'44': 0.4916666666666667, '59': 0.4318181818181818, '4': 0.5833333333333333, '16': 0.45833333333333337, '1': 0.4583333333333333, '52': 0.4076086956521739, '31': 0.6151960784313726, '25': 0.44166666666666665, '57': 0.5189393939393939, '58': 0.6666666666666667, '2': 0.7083333333333333, '60': 0.75, '3': 0.5555555555555556}";0.0;0.0;0.3685897435897435;0.0;1.0;0.8671471907490471;1.0;1.0;0.9203945302848406;1.0;1.0;0.9576279675448262;1.0;1.0;0.9805918365546696;1.0;0.0054;0.0434;0.0146;"['44', '59', '4', '16', '1', '52', '31', '25', '57', '58', '2', '60', '3']";"{'1': [('interD', ('25', '5')), ('interD', ('31', '35'))], '2': [('interD', ('29', '52')), ('intraD', ('52', '59'))], '3': [('interA', ('58', '7')), ('interD', ('25', '47'))], '4': [('intraA', ('3', '44')), ('intraD', ('31', '57'))], '5': [('intraA', ('31', '58')), ('interA', ('25', '50'))]}";"{'1': [('interA', ('38', '44')), ('interA', ('32', '44'))], '2': [('intraD', ('16', '59')), ('intraD', ('52', '59'))], '3': [('interA', ('38', '44')), ('interA', ('32', '44'))], '4': [('interA', ('38', '44')), ('interA', ('32', '44'))], '5': [('interA', ('38', '44')), ('interA', ('32', '44'))]}";"{'1': [('interA', ('32', '44')), ('interA', ('16', '26'))], '2': [('interA', ('17', '59')), ('interA', ('16', '21'))], '3': [], '4': [('interA', ('16', '56')), ('interA', ('16', '40'))], '5': [('interA', ('13', '44')), ('interA', ('19', '59'))]}";"[['44', '59', '4', '16', '1', '52', '31', '25', '57', '58', '2', '60', '3'], ['38', '32', '12', '37', '13', '34', '30', '36', '33', '35', '39', '26', '7'], ['61', '45', '55', '10', '9', '41', '54', '56'], ['53', '51', '49', '50', '24', '29', '48', '47'], ['42', '43', '15', '40', '11', '46'], ['28', '20', '19', '27', '6'], ['14', '22', '23', '17', '18'], ['8', '5', '21']]";"[['44', '59', '4', '38', '16', '1', '52', '31', '25', '57', '58', '3'], ['32', '12', '37', '34', '13', '30', '36', '33', '35', '39', '26', '7'], ['61', '45', '55', '10', '9', '41', '54', '56'], ['53', '51', '49', '50', '24', '29', '48', '47'], ['28', '20', '27', '19', '2', '6'], ['42', '43', '15', '40', '11', '46'], ['14', '22', '23', '17', '60', '18'], ['8', '5', '21']]";"[['44', '59', '4', '16', '1', '52', '31', '25', '57', '58', '2', '60', '3'], ['38', '32', '12', '37', '13', '34', '30', '36', '33', '35', '39', '26', '7'], ['61', '45', '55', '10', '9', '41', '54', '56'], ['53', '51', '49', '50', '24', '29', '48', '47'], ['42', '43', '15', '40', '11', '46'], ['28', '20', '19', '27', '6'], ['14', '22', '23', '17', '18'], ['8', '5', '21']]";"[0, 0, 0, 0, 7, 5, 1, 7, 2, 2, 4, 1, 1, 6, 4, 0, 6, 6, 5, 5, 7, 6, 6, 3, 0, 1, 5, 5, 3, 1, 0, 1, 1, 1, 1, 1, 1, 1, 1, 4, 2, 4, 4, 0, 2, 4, 3, 3, 3, 3, 3, 0, 3, 2, 2, 2, 0, 0, 0, 0, 2]";"[0, 0, 0, 0, 7, 5, 1, 7, 2, 2, 4, 1, 1, 6, 4, 0, 6, 6, 5, 5, 7, 6, 6, 3, 0, 1, 5, 5, 3, 1, 0, 1, 1, 1, 1, 1, 1, 1, 1, 4, 2, 4, 4, 0, 2, 4, 3, 3, 3, 3, 3, 0, 3, 2, 2, 2, 0, 0, 0, 0, 2]";"[0, 4, 0, 0, 7, 4, 1, 7, 2, 2, 5, 1, 1, 6, 5, 0, 6, 6, 4, 4, 7, 6, 6, 3, 0, 1, 4, 4, 3, 1, 0, 1, 1, 1, 1, 1, 1, 0, 1, 5, 2, 5, 5, 0, 2, 5, 3, 3, 3, 3, 3, 0, 3, 2, 2, 2, 0, 0, 0, 6, 2]";"[0, 0, 0, 0, 7, 5, 1, 7, 2, 2, 4, 1, 1, 6, 4, 0, 6, 6, 5, 5, 7, 6, 6, 3, 0, 1, 5, 5, 3, 1, 0, 1, 1, 1, 1, 1, 1, 1, 1, 4, 2, 4, 4, 0, 2, 4, 3, 3, 3, 3, 3, 0, 3, 2, 2, 2, 0, 0, 0, 0, 2]"
1;0;"aucs";"scml";2;0.3492;0.3509;0.3344;0.3175;"{'44': 0.4166666666666667, '59': 0.3611111111111111, '4': 0.5833333333333333, '16': 0.3125, '1': 0.4583333333333333, '52': 0.4076086956521739, '31': 0.6151960784313726, '25': 0.44166666666666665, '57': 0.5189393939393939, '58': 0.6666666666666667, '2': 0.7083333333333333, '60': 0.75, '3': 0.5555555555555556}";"{'44': 0.3611111111111111, '59': 0.3125, '4': 0.606060606060606, '16': 0.3125, '1': 0.4583333333333333, '52': 0.4076086956521739, '31': 0.625, '25': 0.4226190476190476, '57': 0.5189393939393939, '58': 0.6666666666666667, '2': 0.641025641025641, '60': 0.75, '3': 0.5555555555555556}";"{'44': 0.4916666666666667, '59': 0.3611111111111111, '4': 0.5833333333333333, '16': 0.3125, '1': 0.4583333333333333, '52': 0.4076086956521739, '31': 0.6151960784313726, '25': 0.44166666666666665, '57': 0.5189393939393939, '58': 0.6666666666666667, '2': 0.7083333333333333, '60': 0.75, '3': 0.5555555555555556}";"{'44': 0.4916666666666667, '59': 0.4318181818181818, '4': 0.5833333333333333, '16': 0.45833333333333337, '1': 0.4583333333333333, '52': 0.4076086956521739, '31': 0.6151960784313726, '25': 0.44166666666666665, '57': 0.5189393939393939, '58': 0.6666666666666667, '2': 0.7083333333333333, '60': 0.75, '3': 0.5555555555555556}";0.0;0.2467948717948717;0.2660256410256409;0.3685897435897435;0.9601506359758676;0.9038927102947392;0.8671471907490471;0.9742767326878776;0.9451584518493196;0.9203945302848406;1.0;0.9576279675448262;0.9576279675448262;1.0;0.9805918365546696;0.9805918365546696;0.0063;0.0441;0.0075;"['44', '59', '4', '16', '1', '52', '31', '25', '57', '58', '2', '60', '3']";"{'1': [('intraD', ('57', '59')), ('interA', ('2', '51'))], '2': [('interA', ('22', '31')), ('interD', ('26', '59'))], '3': [('interD', ('25', '47')), ('intraA', ('2', '44'))], '4': [('intraA', ('52', '57')), ('interA', ('14', '4'))], '5': [('interA', ('30', '4')), ('interD', ('15', '2'))]}";"{'1': [('interA', ('38', '44')), ('interA', ('32', '44'))], '2': [('intraD', ('16', '59')), ('intraD', ('52', '59'))], '3': [('interA', ('38', '44')), ('interA', ('32', '44'))], '4': [('interA', ('38', '44')), ('interA', ('32', '44'))], '5': [('interA', ('38', '44')), ('interA', ('32', '44'))]}";"{'1': [('interA', ('43', '44')), ('interA', ('16', '6'))], '2': [('interA', ('50', '59')), ('interA', ('16', '49'))], '3': [], '4': [('interA', ('13', '16')), ('interA', ('16', '28'))], '5': [('interA', ('42', '44')), ('interA', ('17', '59'))]}";"[['38', '32', '12', '37', '13', '34', '30', '36', '33', '35', '39', '26', '7'], ['44', '59', '4', '16', '1', '52', '31', '25', '57', '58', '2', '3'], ['61', '45', '55', '10', '9', '41', '54', '56'], ['53', '51', '49', '50', '24', '29', '48', '47'], ['42', '43', '15', '40', '11', '46'], ['14', '22', '23', '17', '60', '18'], ['28', '20', '19', '27', '6'], ['8', '5', '21']]";"[['44', '59', '4', '38', '16', '1', '52', '31', '25', '57', '58', '2', '3'], ['32', '12', '37', '34', '13', '30', '36', '33', '35', '39', '26', '7'], ['61', '45', '55', '10', '9', '41', '54', '56'], ['53', '51', '49', '50', '24', '29', '48', '47'], ['42', '43', '15', '40', '11', '46'], ['14', '22', '23', '17', '60', '18'], ['28', '20', '19', '27', '6'], ['8', '5', '21']]";"[['44', '59', '4', '16', '1', '52', '31', '25', '57', '13', '58', '3'], ['38', '32', '12', '37', '34', '30', '36', '33', '35', '39', '26', '7'], ['61', '45', '55', '10', '9', '41', '54', '56'], ['53', '51', '49', '50', '24', '29', '48', '47'], ['28', '20', '27', '19', '2', '6'], ['42', '43', '15', '40', '11', '46'], ['14', '22', '23', '17', '60', '18'], ['8', '5', '21']]";"[0, 0, 0, 0, 7, 5, 1, 7, 2, 2, 4, 1, 1, 6, 4, 0, 6, 6, 5, 5, 7, 6, 6, 3, 0, 1, 5, 5, 3, 1, 0, 1, 1, 1, 1, 1, 1, 1, 1, 4, 2, 4, 4, 0, 2, 4, 3, 3, 3, 3, 3, 0, 3, 2, 2, 2, 0, 0, 0, 0, 2]";"[1, 1, 1, 1, 7, 6, 0, 7, 2, 2, 4, 0, 0, 5, 4, 1, 5, 5, 6, 6, 7, 5, 5, 3, 1, 0, 6, 6, 3, 0, 1, 0, 0, 0, 0, 0, 0, 0, 0, 4, 2, 4, 4, 1, 2, 4, 3, 3, 3, 3, 3, 1, 3, 2, 2, 2, 1, 1, 1, 5, 2]";"[0, 0, 0, 0, 7, 6, 1, 7, 2, 2, 4, 1, 1, 5, 4, 0, 5, 5, 6, 6, 7, 5, 5, 3, 0, 1, 6, 6, 3, 1, 0, 1, 1, 1, 1, 1, 1, 0, 1, 4, 2, 4, 4, 0, 2, 4, 3, 3, 3, 3, 3, 0, 3, 2, 2, 2, 0, 0, 0, 5, 2]";"[0, 4, 0, 0, 7, 4, 1, 7, 2, 2, 5, 1, 0, 6, 5, 0, 6, 6, 4, 4, 7, 6, 6, 3, 0, 1, 4, 4, 3, 1, 0, 1, 1, 1, 1, 1, 1, 1, 1, 5, 2, 5, 5, 0, 2, 5, 3, 3, 3, 3, 3, 0, 3, 2, 2, 2, 0, 0, 0, 6, 2]"
2;0;"aucs";"scml";2;0.3492;0.3484;0.3385;0.3364;"{'44': 0.4166666666666667, '59': 0.3611111111111111, '4': 0.5833333333333333, '16': 0.3125, '1': 0.4583333333333333, '52': 0.4076086956521739, '31': 0.6151960784313726, '25': 0.44166666666666665, '57': 0.5189393939393939, '58': 0.6666666666666667, '2': 0.7083333333333333, '60': 0.75, '3': 0.5555555555555556}";"{'44': 0.45833333333333337, '59': 0.30833333333333335, '4': 0.5189393939393939, '16': 0.3125, '1': 0.5416666666666667, '52': 0.4166666666666667, '31': 0.6151960784313726, '25': 0.4226190476190476, '57': 0.45833333333333337, '58': 0.7023809523809523, '2': 0.641025641025641, '60': 0.625, '3': 0.5555555555555556}";"{'44': 0.4916666666666667, '59': 0.3611111111111111, '4': 0.5833333333333333, '16': 0.3125, '1': 0.4583333333333333, '52': 0.4076086956521739, '31': 0.6151960784313726, '25': 0.44166666666666665, '57': 0.5189393939393939, '58': 0.6666666666666667, '2': 0.7083333333333333, '60': 0.75, '3': 0.5555555555555556}";"{'44': 0.4916666666666667, '59': 0.4318181818181818, '4': 0.5833333333333333, '16': 0.45833333333333337, '1': 0.4583333333333333, '52': 0.4076086956521739, '31': 0.6151960784313726, '25': 0.44166666666666665, '57': 0.5189393939393939, '58': 0.6666666666666667, '2': 0.7083333333333333, '60': 0.75, '3': 0.5555555555555556}";0.0;0.0;0.3725579975579976;0.0;1.0;0.865007570757464;1.0;1.0;0.9196499876636018;1.0;1.0;0.9576279675448262;1.0;1.0;0.9805918365546696;1.0;0.0061;0.0446;0.0076;"['44', '59', '4', '16', '1', '52', '31', '25', '57', '58', '2', '60', '3']";"{'1': [('interA', ('55', '58')), ('interD', ('25', '5'))], '2': [('interA', ('52', '55')), ('interA', ('1', '46'))], '3': [('intraA', ('3', '4')), ('intraA', ('2', '57'))], '4': [('intraA', ('4', '59')), ('interA', ('43', '44'))], '5': [('interA', ('26', '31')), ('intraA', ('1', '60'))]}";"{'1': [('interA', ('38', '44')), ('interA', ('32', '44'))], '2': [('intraD', ('16', '59')), ('intraD', ('52', '59'))], '3': [('interA', ('38', '44')), ('interA', ('32', '44'))], '4': [('interA', ('38', '44')), ('interA', ('32', '44'))], '5': [('interA', ('38', '44')), ('interA', ('32', '44'))]}";"{'1': [('interA', ('22', '44')), ('interA', ('16', '41'))], '2': [('interA', ('36', '59')), ('interA', ('16', '49'))], '3': [], '4': [('interA', ('16', '38')), ('interA', ('16', '37'))], '5': [('interA', ('35', '44')), ('interA', ('59', '61'))]}";"[['44', '59', '4', '16', '1', '52', '31', '25', '57', '58', '2', '60', '3'], ['38', '32', '12', '37', '13', '34', '30', '36', '33', '35', '39', '26', '7'], ['61', '45', '55', '10', '9', '41', '54', '56'], ['53', '51', '49', '50', '24', '29', '48', '47'], ['42', '43', '15', '40', '11', '46'], ['28', '20', '19', '27', '6'], ['14', '22', '23', '17', '18'], ['8', '5', '21']]";"[['44', '59', '4', '38', '16', '1', '52', '31', '25', '57', '58', '3'], ['32', '12', '37', '34', '13', '30', '36', '33', '35', '39', '26', '7'], ['61', '45', '55', '10', '9', '41', '54', '56'], ['53', '51', '49', '50', '24', '29', '48', '47'], ['42', '2', '43', '15', '40', '11', '46'], ['14', '22', '23', '17', '60', '18'], ['28', '20', '19', '27', '6'], ['8', '5', '21']]";"[['44', '59', '4', '16', '1', '52', '31', '25', '57', '58', '2', '60', '3'], ['38', '32', '12', '37', '13', '34', '30', '36', '33', '35', '39', '26', '7'], ['61', '45', '55', '10', '9', '41', '54', '56'], ['53', '51', '49', '50', '24', '29', '48', '47'], ['42', '43', '15', '40', '11', '46'], ['28', '20', '19', '27', '6'], ['14', '22', '23', '17', '18'], ['8', '5', '21']]";"[0, 0, 0, 0, 7, 5, 1, 7, 2, 2, 4, 1, 1, 6, 4, 0, 6, 6, 5, 5, 7, 6, 6, 3, 0, 1, 5, 5, 3, 1, 0, 1, 1, 1, 1, 1, 1, 1, 1, 4, 2, 4, 4, 0, 2, 4, 3, 3, 3, 3, 3, 0, 3, 2, 2, 2, 0, 0, 0, 0, 2]";"[0, 0, 0, 0, 7, 5, 1, 7, 2, 2, 4, 1, 1, 6, 4, 0, 6, 6, 5, 5, 7, 6, 6, 3, 0, 1, 5, 5, 3, 1, 0, 1, 1, 1, 1, 1, 1, 1, 1, 4, 2, 4, 4, 0, 2, 4, 3, 3, 3, 3, 3, 0, 3, 2, 2, 2, 0, 0, 0, 0, 2]";"[0, 4, 0, 0, 7, 6, 1, 7, 2, 2, 4, 1, 1, 5, 4, 0, 5, 5, 6, 6, 7, 5, 5, 3, 0, 1, 6, 6, 3, 1, 0, 1, 1, 1, 1, 1, 1, 0, 1, 4, 2, 4, 4, 0, 2, 4, 3, 3, 3, 3, 3, 0, 3, 2, 2, 2, 0, 0, 0, 5, 2]";"[0, 0, 0, 0, 7, 5, 1, 7, 2, 2, 4, 1, 1, 6, 4, 0, 6, 6, 5, 5, 7, 6, 6, 3, 0, 1, 5, 5, 3, 1, 0, 1, 1, 1, 1, 1, 1, 1, 1, 4, 2, 4, 4, 0, 2, 4, 3, 3, 3, 3, 3, 0, 3, 2, 2, 2, 0, 0, 0, 0, 2]"
3;0;"aucs";"scml";2;0.3492;0.346;0.3385;0.3368;"{'44': 0.4166666666666667, '59': 0.3611111111111111, '4': 0.5833333333333333, '16': 0.3125, '1': 0.4583333333333333, '52': 0.4076086956521739, '31': 0.6151960784313726, '25': 0.44166666666666665, '57': 0.5189393939393939, '58': 0.6666666666666667, '2': 0.7083333333333333, '60': 0.75, '3': 0.5555555555555556}";"{'44': 0.4166666666666667, '59': 0.3611111111111111, '4': 0.606060606060606, '16': 0.3125, '1': 0.4583333333333333, '52': 0.4166666666666667, '31': 0.6151960784313726, '25': 0.4807692307692308, '57': 0.5189393939393939, '58': 0.7023809523809523, '2': 0.7083333333333333, '60': 0.75, '3': 0.4978070175438597}";"{'44': 0.4916666666666667, '59': 0.3611111111111111, '4': 0.5833333333333333, '16': 0.3125, '1': 0.4583333333333333, '52': 0.4076086956521739, '31': 0.6151960784313726, '25': 0.44166666666666665, '57': 0.5189393939393939, '58': 0.6666666666666667, '2': 0.7083333333333333, '60': 0.75, '3': 0.5555555555555556}";"{'44': 0.4916666666666667, '59': 0.4318181818181818, '4': 0.5833333333333333, '16': 0.45833333333333337, '1': 0.4583333333333333, '52': 0.4076086956521739, '31': 0.6151960784313726, '25': 0.44166666666666665, '57': 0.5189393939393939, '58': 0.6666666666666667, '2': 0.7083333333333333, '60': 0.75, '3': 0.5555555555555556}";0.0;0.0;0.3725579975579976;0.0;1.0;0.865007570757464;1.0;1.0;0.9196499876636018;1.0;1.0;0.9576279675448262;1.0;1.0;0.9805918365546696;1.0;0.0055;0.0471;0.0075;"['44', '59', '4', '16', '1', '52', '31', '25', '57', '58', '2', '60', '3']";"{'1': [('intraD', ('16', '25')), ('interD', ('52', '53'))], '2': [('intraD', ('52', '57')), ('interA', ('30', '52'))], '3': [('interA', ('4', '54')), ('interD', ('25', '47'))], '4': [('intraA', ('1', '2')), ('interA', ('51', '58'))], '5': [('intraA', ('16', '3')), ('intraA', ('25', '31'))]}";"{'1': [('interA', ('38', '44')), ('interA', ('32', '44'))], '2': [('intraD', ('16', '59')), ('intraD', ('52', '59'))], '3': [('interA', ('38', '44')), ('interA', ('32', '44'))], '4': [('interA', ('38', '44')), ('interA', ('32', '44'))], '5': [('interA', ('38', '44')), ('interA', ('32', '44'))]}";"{'1': [('interA', ('33', '44')), ('interA', ('16', '49'))], '2': [('interA', ('53', '59')), ('interA', ('16', '18'))], '3': [], '4': [('interA', ('16', '50')), ('interA', ('12', '16'))], '5': [('interA', ('32', '44')), ('interA', ('23', '59'))]}";"[['44', '59', '4', '16', '1', '52', '31', '25', '57', '58', '2', '60', '3'], ['38', '32', '12', '37', '13', '34', '30', '36', '33', '35', '39', '26', '7'], ['61', '45', '55', '10', '9', '41', '54', '56'], ['53', '51', '49', '50', '24', '29', '48', '47'], ['42', '43', '15', '40', '11', '46'], ['28', '20', '19', '27', '6'], ['14', '22', '23', '17', '18'], ['8', '5', '21']]";"[['44', '59', '4', '38', '16', '1', '52', '31', '25', '57', '58', '3'], ['32', '12', '37', '34', '13', '30', '36', '33', '35', '39', '26', '7'], ['61', '45', '55', '10', '9', '41', '54', '56'], ['53', '51', '49', '50', '24', '29', '48', '47'], ['42', '2', '43', '15', '40', '11', '46'], ['14', '22', '23', '17', '60', '18'], ['28', '20', '19', '27', '6'], ['8', '5', '21']]";"[['44', '59', '4', '16', '1', '52', '31', '25', '57', '58', '2', '60', '3'], ['38', '32', '12', '37', '13', '34', '30', '36', '33', '35', '39', '26', '7'], ['61', '45', '55', '10', '9', '41', '54', '56'], ['53', '51', '49', '50', '24', '29', '48', '47'], ['42', '43', '15', '40', '11', '46'], ['28', '20', '19', '27', '6'], ['14', '22', '23', '17', '18'], ['8', '5', '21']]";"[0, 0, 0, 0, 7, 5, 1, 7, 2, 2, 4, 1, 1, 6, 4, 0, 6, 6, 5, 5, 7, 6, 6, 3, 0, 1, 5, 5, 3, 1, 0, 1, 1, 1, 1, 1, 1, 1, 1, 4, 2, 4, 4, 0, 2, 4, 3, 3, 3, 3, 3, 0, 3, 2, 2, 2, 0, 0, 0, 0, 2]";"[0, 0, 0, 0, 7, 5, 1, 7, 2, 2, 4, 1, 1, 6, 4, 0, 6, 6, 5, 5, 7, 6, 6, 3, 0, 1, 5, 5, 3, 1, 0, 1, 1, 1, 1, 1, 1, 1, 1, 4, 2, 4, 4, 0, 2, 4, 3, 3, 3, 3, 3, 0, 3, 2, 2, 2, 0, 0, 0, 0, 2]";"[0, 4, 0, 0, 7, 6, 1, 7, 2, 2, 4, 1, 1, 5, 4, 0, 5, 5, 6, 6, 7, 5, 5, 3, 0, 1, 6, 6, 3, 1, 0, 1, 1, 1, 1, 1, 1, 0, 1, 4, 2, 4, 4, 0, 2, 4, 3, 3, 3, 3, 3, 0, 3, 2, 2, 2, 0, 0, 0, 5, 2]";"[0, 0, 0, 0, 7, 5, 1, 7, 2, 2, 4, 1, 1, 6, 4, 0, 6, 6, 5, 5, 7, 6, 6, 3, 0, 1, 5, 5, 3, 1, 0, 1, 1, 1, 1, 1, 1, 1, 1, 4, 2, 4, 4, 0, 2, 4, 3, 3, 3, 3, 3, 0, 3, 2, 2, 2, 0, 0, 0, 0, 2]"
4;0;"aucs";"scml";2;0.3492;0.3469;0.3312;0.34;"{'44': 0.4166666666666667, '59': 0.3611111111111111, '4': 0.5833333333333333, '16': 0.3125, '1': 0.4583333333333333, '52': 0.4076086956521739, '31': 0.6151960784313726, '25': 0.44166666666666665, '57': 0.5189393939393939, '58': 0.6666666666666667, '2': 0.7083333333333333, '60': 0.75, '3': 0.5555555555555556}";"{'44': 0.4166666666666667, '59': 0.3611111111111111, '4': 0.5833333333333333, '16': 0.3125, '1': 0.375, '52': 0.35416666666666663, '31': 0.6151960784313726, '25': 0.44166666666666665, '57': 0.5416666666666667, '58': 0.625, '2': 0.7083333333333333, '60': 0.75, '3': 0.5555555555555556}";"{'44': 0.4916666666666667, '59': 0.3611111111111111, '4': 0.5833333333333333, '16': 0.3125, '1': 0.4583333333333333, '52': 0.4076086956521739, '31': 0.6151960784313726, '25': 0.44166666666666665, '57': 0.5189393939393939, '58': 0.6666666666666667, '2': 0.7083333333333333, '60': 0.75, '3': 0.5555555555555556}";"{'44': 0.4916666666666667, '59': 0.4, '4': 0.5833333333333333, '16': 0.45833333333333337, '1': 0.4583333333333333, '52': 0.4076086956521739, '31': 0.6151960784313726, '25': 0.44166666666666665, '57': 0.5189393939393939, '58': 0.6666666666666667, '2': 0.7083333333333333, '60': 0.75, '3': 0.5555555555555556}";0.0;0.3547008547008547;0.3884726384726384;0.2467948717948717;0.9218464883332688;0.8348828998470048;0.9601506359758676;0.9490534185199428;0.9067922369320166;0.9742767326878776;1.0;0.9576279675448262;1.0;1.0;0.9805918365546696;1.0;0.0054;0.046;0.0077;"['44', '59', '4', '16', '1', '52', '31', '25', '57', '58', '2', '60', '3']";"{'1': [('interD', ('51', '52')), ('interA', ('39', '57'))], '2': [('interA', ('2', '6')), ('intraD', ('16', '52'))], '3': [('intraA', ('44', '57')), ('intraA', ('25', '31'))], '4': [('intraA', ('1', '52')), ('interD', ('29', '57'))], '5': [('interA', ('36', '58')), ('intraA', ('1', '58'))]}";"{'1': [('interA', ('38', '44')), ('interA', ('32', '44'))], '2': [('intraD', ('16', '59')), ('intraD', ('52', '59'))], '3': [('interA', ('38', '44')), ('interA', ('32', '44'))], '4': [('interA', ('38', '44')), ('interA', ('32', '44'))], '5': [('interA', ('38', '44')), ('interA', ('32', '44'))]}";"{'1': [('interA', ('44', '6')), ('interA', ('16', '41'))], '2': [('interA', ('21', '59')), ('interA', ('16', '48'))], '3': [], '4': [('interA', ('16', '49')), ('interA', ('16', '23'))], '5': [('interA', ('32', '44')), ('interA', ('21', '59'))]}";"[['38', '32', '12', '37', '13', '34', '30', '36', '33', '35', '39', '26', '7'], ['44', '59', '4', '16', '1', '52', '31', '25', '57', '58', '3'], ['61', '45', '55', '10', '9', '41', '54', '56'], ['53', '51', '49', '50', '24', '29', '48', '47'], ['28', '20', '27', '19', '2', '6'], ['42', '43', '15', '40', '11', '46'], ['14', '22', '23', '17', '60', '18'], ['8', '5', '21']]";"[['32', '12', '37', '34', '13', '30', '36', '33', '35', '39', '26', '7'], ['44', '59', '4', '38', '16', '52', '31', '25', '57', '58', '3'], ['61', '45', '55', '10', '9', '41', '54', '56'], ['53', '51', '49', '50', '24', '29', '48', '47'], ['1', '14', '22', '23', '17', '60', '18'], ['28', '20', '27', '19', '2', '6'], ['42', '43', '15', '40', '11', '46'], ['8', '5', '21']]";"[['38', '32', '12', '37', '13', '34', '30', '36', '33', '35', '39', '26', '7'], ['44', '59', '4', '16', '1', '52', '31', '25', '57', '58', '2', '3'], ['61', '45', '55', '10', '9', '41', '54', '56'], ['53', '51', '49', '50', '24', '29', '48', '47'], ['42', '43', '15', '40', '11', '46'], ['14', '22', '23', '17', '60', '18'], ['28', '20', '19', '27', '6'], ['8', '5', '21']]";"[0, 0, 0, 0, 7, 5, 1, 7, 2, 2, 4, 1, 1, 6, 4, 0, 6, 6, 5, 5, 7, 6, 6, 3, 0, 1, 5, 5, 3, 1, 0, 1, 1, 1, 1, 1, 1, 1, 1, 4, 2, 4, 4, 0, 2, 4, 3, 3, 3, 3, 3, 0, 3, 2, 2, 2, 0, 0, 0, 0, 2]";"[1, 4, 1, 1, 7, 4, 0, 7, 2, 2, 5, 0, 0, 6, 5, 1, 6, 6, 4, 4, 7, 6, 6, 3, 1, 0, 4, 4, 3, 0, 1, 0, 0, 0, 0, 0, 0, 0, 0, 5, 2, 5, 5, 1, 2, 5, 3, 3, 3, 3, 3, 1, 3, 2, 2, 2, 1, 1, 1, 6, 2]";"[4, 5, 1, 1, 7, 5, 0, 7, 2, 2, 6, 0, 0, 4, 6, 1, 4, 4, 5, 5, 7, 4, 4, 3, 1, 0, 5, 5, 3, 0, 1, 0, 0, 0, 0, 0, 0, 1, 0, 6, 2, 6, 6, 1, 2, 6, 3, 3, 3, 3, 3, 1, 3, 2, 2, 2, 1, 1, 1, 4, 2]";"[1, 1, 1, 1, 7, 6, 0, 7, 2, 2, 4, 0, 0, 5, 4, 1, 5, 5, 6, 6, 7, 5, 5, 3, 1, 0, 6, 6, 3, 0, 1, 0, 0, 0, 0, 0, 0, 0, 0, 4, 2, 4, 4, 1, 2, 4, 3, 3, 3, 3, 3, 1, 3, 2, 2, 2, 1, 1, 1, 5, 2]"
5;0;"aucs";"scml";2;0.3492;0.3456;0.3337;0.3223;"{'44': 0.4166666666666667, '59': 0.3611111111111111, '4': 0.5833333333333333, '16': 0.3125, '1': 0.4583333333333333, '52': 0.4076086956521739, '31': 0.6151960784313726, '25': 0.44166666666666665, '57': 0.5189393939393939, '58': 0.6666666666666667, '2': 0.7083333333333333, '60': 0.75, '3': 0.5555555555555556}";"{'44': 0.4166666666666667, '59': 0.3611111111111111, '4': 0.5833333333333333, '16': 0.2638888888888889, '1': 0.4166666666666667, '52': 0.4076086956521739, '31': 0.6151960784313726, '25': 0.44166666666666665, '57': 0.5189393939393939, '58': 0.7291666666666667, '2': 0.7083333333333333, '60': 0.7083333333333333, '3': 0.5083333333333333}";"{'44': 0.4916666666666667, '59': 0.3611111111111111, '4': 0.5833333333333333, '16': 0.3125, '1': 0.4583333333333333, '52': 0.4076086956521739, '31': 0.6151960784313726, '25': 0.44166666666666665, '57': 0.5189393939393939, '58': 0.6666666666666667, '2': 0.7083333333333333, '60': 0.75, '3': 0.5555555555555556}";"{'44': 0.4916666666666667, '59': 0.4318181818181818, '4': 0.5833333333333333, '16': 0.45833333333333337, '1': 0.4583333333333333, '52': 0.4076086956521739, '31': 0.6151960784313726, '25': 0.44166666666666665, '57': 0.5189393939393939, '58': 0.6666666666666667, '2': 0.7083333333333333, '60': 0.75, '3': 0.5555555555555556}";0.0;0.0;0.0357142857142857;0.0357142857142857;1.0;0.9421859401261168;0.9541341888267876;1.0;0.9704540309019282;0.9725151728618404;1.0;0.9576279675448262;0.9755826035327296;1.0;0.9805918365546696;0.9833597794796302;0.0059;0.0451;0.008;"['44', '59', '4', '16', '1', '52', '31', '25', '57', '58', '2', '60', '3']";"{'1': [('interA', ('3', '33')), ('intraA', ('16', '4'))], '2': [('intraD', ('16', '52')), ('intraA', ('16', '3'))], '3': [('intraA', ('1', '60')), ('intraA', ('16', '4'))], '4': [('interA', ('55', '60')), ('intraD', ('16', '31'))], '5': [('interA', ('58', '9')), ('interA', ('18', '58'))]}";"{'1': [('interA', ('38', '44')), ('interA', ('32', '44'))], '2': [('intraD', ('16', '59')), ('intraD', ('52', '59'))], '3': [('interA', ('38', '44')), ('interA', ('32', '44'))], '4': [('interA', ('38', '44')), ('interA', ('32', '44'))], '5': [('interA', ('38', '44')), ('interA', ('32', '44'))]}";"{'1': [('interA', ('27', '44')), ('interA', ('16', '47'))], '2': [('interA', ('21', '59')), ('interA', ('16', '7'))], '3': [], '4': [('interA', ('16', '32')), ('interA', ('16', '49'))], '5': [('interA', ('44', '6')), ('interA', ('18', '59'))]}";"[['44', '59', '4', '16', '1', '52', '31', '25', '57', '58', '2', '60', '3'], ['38', '32', '12', '37', '13', '34', '30', '36', '33', '35', '39', '26', '7'], ['61', '45', '55', '10', '9', '41', '54', '56'], ['53', '51', '49', '50', '24', '29', '48', '47'], ['42', '43', '15', '40', '11', '46'], ['28', '20', '19', '27', '6'], ['14', '22', '23', '17', '18'], ['8', '5', '21']]";"[['44', '59', '4', '38', '16', '1', '52', '31', '25', '57', '58', '2', '60', '3'], ['32', '12', '37', '34', '13', '30', '36', '33', '35', '39', '26', '7'], ['61', '45', '55', '10', '9', '41', '54', '56'], ['53', '51', '49', '50', '24', '29', '48', '47'], ['42', '43', '15', '40', '11', '46'], ['28', '20', '19', '27', '6'], ['14', '22', '23', '17', '18'], ['8', '5', '21']]";"[['44', '59', '45', '4', '16', '1', '52', '31', '25', '57', '58', '2', '60', '3'], ['38', '32', '12', '37', '13', '34', '30', '36', '33', '35', '39', '26', '7'], ['53', '51', '49', '50', '24', '29', '48', '47'], ['61', '55', '10', '9', '41', '54', '56'], ['42', '43', '15', '40', '11', '46'], ['28', '20', '19', '27', '6'], ['14', '22', '23', '17', '18'], ['8', '5', '21']]";"[0, 0, 0, 0, 7, 5, 1, 7, 2, 2, 4, 1, 1, 6, 4, 0, 6, 6, 5, 5, 7, 6, 6, 3, 0, 1, 5, 5, 3, 1, 0, 1, 1, 1, 1, 1, 1, 1, 1, 4, 2, 4, 4, 0, 2, 4, 3, 3, 3, 3, 3, 0, 3, 2, 2, 2, 0, 0, 0, 0, 2]";"[0, 0, 0, 0, 7, 5, 1, 7, 2, 2, 4, 1, 1, 6, 4, 0, 6, 6, 5, 5, 7, 6, 6, 3, 0, 1, 5, 5, 3, 1, 0, 1, 1, 1, 1, 1, 1, 1, 1, 4, 2, 4, 4, 0, 2, 4, 3, 3, 3, 3, 3, 0, 3, 2, 2, 2, 0, 0, 0, 0, 2]";"[0, 0, 0, 0, 7, 5, 1, 7, 2, 2, 4, 1, 1, 6, 4, 0, 6, 6, 5, 5, 7, 6, 6, 3, 0, 1, 5, 5, 3, 1, 0, 1, 1, 1, 1, 1, 1, 0, 1, 4, 2, 4, 4, 0, 2, 4, 3, 3, 3, 3, 3, 0, 3, 2, 2, 2, 0, 0, 0, 0, 2]";"[0, 0, 0, 0, 7, 5, 1, 7, 3, 3, 4, 1, 1, 6, 4, 0, 6, 6, 5, 5, 7, 6, 6, 2, 0, 1, 5, 5, 2, 1, 0, 1, 1, 1, 1, 1, 1, 1, 1, 4, 3, 4, 4, 0, 0, 4, 2, 2, 2, 2, 2, 0, 2, 3, 3, 3, 0, 0, 0, 0, 3]"
6;0;"aucs";"scml";2;0.3492;0.3732;0.3337;0.3213;"{'44': 0.4166666666666667, '59': 0.3611111111111111, '4': 0.5833333333333333, '16': 0.3125, '1': 0.4583333333333333, '52': 0.4076086956521739, '31': 0.6151960784313726, '25': 0.44166666666666665, '57': 0.5189393939393939, '58': 0.6666666666666667, '2': 0.7083333333333333, '60': 0.75, '3': 0.5555555555555556}";"{'44': 0.4166666666666667, '59': 0.3611111111111111, '4': 0.5833333333333333, '16': 0.36309523809523814, '1': 0.625, '52': 0.4076086956521739, '31': 0.6151960784313726, '25': 0.44166666666666665, '57': 0.5189393939393939, '58': 0.6666666666666667, '2': 0.5773809523809523, '60': 0.625, '3': 0.5555555555555556}";"{'44': 0.4916666666666667, '59': 0.3611111111111111, '4': 0.5833333333333333, '16': 0.3125, '1': 0.4583333333333333, '52': 0.4076086956521739, '31': 0.6151960784313726, '25': 0.44166666666666665, '57': 0.5189393939393939, '58': 0.6666666666666667, '2': 0.7083333333333333, '60': 0.75, '3': 0.5555555555555556}";"{'44': 0.4916666666666667, '59': 0.4318181818181818, '4': 0.5833333333333333, '16': 0.45833333333333337, '1': 0.4583333333333333, '52': 0.4076086956521739, '31': 0.6151960784313726, '25': 0.44166666666666665, '57': 0.5189393939393939, '58': 0.6666666666666667, '2': 0.7083333333333333, '60': 0.75, '3': 0.5555555555555556}";0.0;0.2664835164835165;0.0357142857142857;0.0357142857142857;0.8444125617726765;0.9421859401261168;0.9541341888267876;0.9219837301718088;0.9704540309019282;0.9725151728618404;0.946147235749069;0.9576279675448262;0.9755826035327296;0.9585863365090924;0.9805918365546696;0.9833597794796302;0.0053;0.0446;0.0077;"['44', '59', '4', '16', '1', '52', '31', '25', '57', '58', '2', '60', '3']";"{'1': [('intraD', ('16', '25')), ('interD', ('45', '52'))], '2': [('interA', ('25', '27')), ('intraA', ('2', '4'))], '3': [('interD', ('25', '47')), ('intraA', ('16', '25'))], '4': [('interA', ('1', '17')), ('intraA', ('2', '60'))], '5': [('intraD', ('16', '4')), ('interD', ('3', '45'))]}";"{'1': [('interA', ('38', '44')), ('interA', ('32', '44'))], '2': [('intraD', ('16', '59')), ('intraD', ('52', '59'))], '3': [('interA', ('38', '44')), ('interA', ('32', '44'))], '4': [('interA', ('38', '44')), ('interA', ('32', '44'))], '5': [('interA', ('38', '44')), ('interA', ('32', '44'))]}";"{'1': [('interA', ('44', '8')), ('interA', ('16', '32'))], '2': [('interA', ('12', '59')), ('interA', ('16', '61'))], '3': [], '4': [('interA', ('16', '34')), ('interA', ('16', '42'))], '5': [('interA', ('39', '44')), ('interA', ('51', '59'))]}";"[['38', '32', '12', '37', '13', '34', '30', '36', '33', '35', '39', '26', '7'], ['61', '45', '55', '10', '9', '41', '54', '56'], ['53', '51', '49', '50', '24', '29', '48', '47'], ['4', '1', '14', '58', '2', '60', '3'], ['8', '21', '22', '17', '23', '5', '18'], ['44', '59', '16', '52', '31', '25', '57'], ['42', '43', '15', '40', '11', '46'], ['28', '20', '19', '27', '6']]";"[['44', '59', '4', '38', '16', '1', '52', '31', '25', '57', '58', '2', '60', '3'], ['32', '12', '37', '34', '13', '30', '36', '33', '35', '39', '26', '7'], ['61', '45', '55', '10', '9', '41', '54', '56'], ['53', '51', '49', '50', '24', '29', '48', '47'], ['42', '43', '15', '40', '11', '46'], ['28', '20', '19', '27', '6'], ['14', '22', '23', '17', '18'], ['8', '5', '21']]";"[['44', '59', '45', '4', '16', '1', '52', '31', '25', '57', '58', '2', '60', '3'], ['38', '32', '12', '37', '13', '34', '30', '36', '33', '35', '39', '26', '7'], ['53', '51', '49', '50', '24', '29', '48', '47'], ['61', '55', '10', '9', '41', '54', '56'], ['42', '43', '15', '40', '11', '46'], ['28', '20', '19', '27', '6'], ['14', '22', '23', '17', '18'], ['8', '5', '21']]";"[0, 0, 0, 0, 7, 5, 1, 7, 2, 2, 4, 1, 1, 6, 4, 0, 6, 6, 5, 5, 7, 6, 6, 3, 0, 1, 5, 5, 3, 1, 0, 1, 1, 1, 1, 1, 1, 1, 1, 4, 2, 4, 4, 0, 2, 4, 3, 3, 3, 3, 3, 0, 3, 2, 2, 2, 0, 0, 0, 0, 2]";"[3, 3, 3, 3, 4, 7, 0, 4, 1, 1, 6, 0, 0, 3, 6, 5, 4, 4, 7, 7, 4, 4, 4, 2, 5, 0, 7, 7, 2, 0, 5, 0, 0, 0, 0, 0, 0, 0, 0, 6, 1, 6, 6, 5, 1, 6, 2, 2, 2, 2, 2, 5, 2, 1, 1, 1, 5, 3, 5, 3, 1]";"[0, 0, 0, 0, 7, 5, 1, 7, 2, 2, 4, 1, 1, 6, 4, 0, 6, 6, 5, 5, 7, 6, 6, 3, 0, 1, 5, 5, 3, 1, 0, 1, 1, 1, 1, 1, 1, 0, 1, 4, 2, 4, 4, 0, 2, 4, 3, 3, 3, 3, 3, 0, 3, 2, 2, 2, 0, 0, 0, 0, 2]";"[0, 0, 0, 0, 7, 5, 1, 7, 3, 3, 4, 1, 1, 6, 4, 0, 6, 6, 5, 5, 7, 6, 6, 2, 0, 1, 5, 5, 2, 1, 0, 1, 1, 1, 1, 1, 1, 1, 1, 4, 3, 4, 4, 0, 0, 4, 2, 2, 2, 2, 2, 0, 2, 3, 3, 3, 0, 0, 0, 0, 3]"
7;0;"aucs";"scml";2;0.3492;0.35;0.3344;0.3272;"{'44': 0.4166666666666667, '59': 0.3611111111111111, '4': 0.5833333333333333, '16': 0.3125, '1': 0.4583333333333333, '52': 0.4076086956521739, '31': 0.6151960784313726, '25': 0.44166666666666665, '57': 0.5189393939393939, '58': 0.6666666666666667, '2': 0.7083333333333333, '60': 0.75, '3': 0.5555555555555556}";"{'44': 0.4166666666666667, '59': 0.3611111111111111, '4': 0.5833333333333333, '16': 0.3125, '1': 0.375, '52': 0.46212121212121215, '31': 0.6041666666666667, '25': 0.3666666666666667, '57': 0.5833333333333333, '58': 0.6666666666666667, '2': 0.7321428571428572, '60': 0.75, '3': 0.4978070175438597}";"{'44': 0.4916666666666667, '59': 0.3611111111111111, '4': 0.5833333333333333, '16': 0.3125, '1': 0.4583333333333333, '52': 0.4076086956521739, '31': 0.6151960784313726, '25': 0.44166666666666665, '57': 0.5189393939393939, '58': 0.6666666666666667, '2': 0.7083333333333333, '60': 0.75, '3': 0.5555555555555556}";"{'44': 0.4916666666666667, '59': 0.3611111111111111, '4': 0.5833333333333333, '16': 0.4318181818181818, '1': 0.4583333333333333, '52': 0.4076086956521739, '31': 0.6151960784313726, '25': 0.44166666666666665, '57': 0.5189393939393939, '58': 0.6666666666666667, '2': 0.7083333333333333, '60': 0.75, '3': 0.5555555555555556}";0.0;0.0;0.2660256410256409;0.0357142857142857;1.0;0.9038927102947392;0.9421859401261168;1.0;0.9451584518493196;0.9704540309019282;1.0;0.9576279675448262;0.9576279675448262;1.0;0.9805918365546696;0.9805918365546696;0.0055;0.0708;0.0084;"['44', '59', '4', '16', '1', '52', '31', '25', '57', '58', '2', '60', '3']";"{'1': [('interD', ('31', '49')), ('intraA', ('1', '3'))], '2': [('intraD', ('52', '57')), ('intraD', ('52', '59'))], '3': [('interD', ('25', '47')), ('intraA', ('1', '25'))], '4': [('intraA', ('1', '3')), ('interA', ('2', '61'))], '5': [('interA', ('13', '2')), ('intraD', ('52', '57'))]}";"{'1': [('interA', ('38', '44')), ('interA', ('32', '44'))], '2': [('intraD', ('16', '59')), ('intraD', ('52', '59'))], '3': [('interA', ('38', '44')), ('interA', ('32', '44'))], '4': [('interA', ('38', '44')), ('interA', ('32', '44'))], '5': [('interA', ('38', '44')), ('interA', ('32', '44'))]}";"{'1': [('interA', ('36', '44')), ('interA', ('16', '48'))], '2': [('interA', ('38', '59')), ('interA', ('16', '18'))], '3': [], '4': [('interA', ('16', '18')), ('interA', ('16', '54'))], '5': [('interA', ('44', '5')), ('interA', ('26', '59'))]}";"[['44', '59', '4', '16', '1', '52', '31', '25', '57', '58', '2', '60', '3'], ['38', '32', '12', '37', '13', '34', '30', '36', '33', '35', '39', '26', '7'], ['61', '45', '55', '10', '9', '41', '54', '56'], ['53', '51', '49', '50', '24', '29', '48', '47'], ['42', '43', '15', '40', '11', '46'], ['28', '20', '19', '27', '6'], ['14', '22', '23', '17', '18'], ['8', '5', '21']]";"[['44', '59', '4', '38', '16', '1', '52', '31', '25', '57', '58', '2', '3'], ['32', '12', '37', '34', '13', '30', '36', '33', '35', '39', '26', '7'], ['61', '45', '55', '10', '9', '41', '54', '56'], ['53', '51', '49', '50', '24', '29', '48', '47'], ['42', '43', '15', '40', '11', '46'], ['14', '22', '23', '17', '60', '18'], ['28', '20', '19', '27', '6'], ['8', '5', '21']]";"[['44', '59', '4', '38', '16', '1', '52', '31', '25', '57', '58', '2', '60', '3'], ['32', '12', '37', '34', '13', '30', '36', '33', '35', '39', '26', '7'], ['61', '45', '55', '10', '9', '41', '54', '56'], ['53', '51', '49', '50', '24', '29', '48', '47'], ['42', '43', '15', '40', '11', '46'], ['28', '20', '19', '27', '6'], ['14', '22', '23', '17', '18'], ['8', '5', '21']]";"[0, 0, 0, 0, 7, 5, 1, 7, 2, 2, 4, 1, 1, 6, 4, 0, 6, 6, 5, 5, 7, 6, 6, 3, 0, 1, 5, 5, 3, 1, 0, 1, 1, 1, 1, 1, 1, 1, 1, 4, 2, 4, 4, 0, 2, 4, 3, 3, 3, 3, 3, 0, 3, 2, 2, 2, 0, 0, 0, 0, 2]";"[0, 0, 0, 0, 7, 5, 1, 7, 2, 2, 4, 1, 1, 6, 4, 0, 6, 6, 5, 5, 7, 6, 6, 3, 0, 1, 5, 5, 3, 1, 0, 1, 1, 1, 1, 1, 1, 1, 1, 4, 2, 4, 4, 0, 2, 4, 3, 3, 3, 3, 3, 0, 3, 2, 2, 2, 0, 0, 0, 0, 2]";"[0, 0, 0, 0, 7, 6, 1, 7, 2, 2, 4, 1, 1, 5, 4, 0, 5, 5, 6, 6, 7, 5, 5, 3, 0, 1, 6, 6, 3, 1, 0, 1, 1, 1, 1, 1, 1, 0, 1, 4, 2, 4, 4, 0, 2, 4, 3, 3, 3, 3, 3, 0, 3, 2, 2, 2, 0, 0, 0, 5, 2]";"[0, 0, 0, 0, 7, 5, 1, 7, 2, 2, 4, 1, 1, 6, 4, 0, 6, 6, 5, 5, 7, 6, 6, 3, 0, 1, 5, 5, 3, 1, 0, 1, 1, 1, 1, 1, 1, 0, 1, 4, 2, 4, 4, 0, 2, 4, 3, 3, 3, 3, 3, 0, 3, 2, 2, 2, 0, 0, 0, 0, 2]"
8;0;"aucs";"scml";2;0.3492;0.349;0.3385;0.3346;"{'44': 0.4166666666666667, '59': 0.3611111111111111, '4': 0.5833333333333333, '16': 0.3125, '1': 0.4583333333333333, '52': 0.4076086956521739, '31': 0.6151960784313726, '25': 0.44166666666666665, '57': 0.5189393939393939, '58': 0.6666666666666667, '2': 0.7083333333333333, '60': 0.75, '3': 0.5555555555555556}";"{'44': 0.4166666666666667, '59': 0.3611111111111111, '4': 0.606060606060606, '16': 0.3611111111111111, '1': 0.4583333333333333, '52': 0.4076086956521739, '31': 0.6151960784313726, '25': 0.4226190476190476, '57': 0.5189393939393939, '58': 0.5892857142857143, '2': 0.7083333333333333, '60': 0.625, '3': 0.5555555555555556}";"{'44': 0.4916666666666667, '59': 0.3611111111111111, '4': 0.5833333333333333, '16': 0.3125, '1': 0.4583333333333333, '52': 0.4076086956521739, '31': 0.6151960784313726, '25': 0.44166666666666665, '57': 0.5189393939393939, '58': 0.6666666666666667, '2': 0.7083333333333333, '60': 0.75, '3': 0.5555555555555556}";"{'44': 0.4916666666666667, '59': 0.4318181818181818, '4': 0.5833333333333333, '16': 0.45833333333333337, '1': 0.4583333333333333, '52': 0.4076086956521739, '31': 0.6151960784313726, '25': 0.44166666666666665, '57': 0.5189393939393939, '58': 0.6666666666666667, '2': 0.7083333333333333, '60': 0.75, '3': 0.5555555555555556}";0.0;0.0;0.3725579975579976;0.0357142857142857;1.0;0.865007570757464;0.8966296366032762;1.0;0.9196499876636018;0.931822850601738;1.0;0.9576279675448262;0.8881063386568793;1.0;0.9805918365546696;0.9292818653483544;0.0063;0.0446;0.0095;"['44', '59', '4', '16', '1', '52', '31', '25', '57', '58', '2', '60', '3']";"{'1': [('interD', ('14', '4')), ('intraA', ('58', '60'))], '2': [('interD', ('29', '52')), ('interD', ('47', '52'))], '3': [('intraA', ('25', '31')), ('interD', ('25', '47'))], '4': [('interA', ('4', '54')), ('intraD', ('16', '31'))], '5': [('intraA', ('25', '59')), ('interA', ('16', '49'))]}";"{'1': [('interA', ('38', '44')), ('interA', ('32', '44'))], '2': [('intraD', ('16', '59')), ('intraD', ('52', '59'))], '3': [('interA', ('38', '44')), ('interA', ('32', '44'))], '4': [('interA', ('38', '44')), ('interA', ('32', '44'))], '5': [('interA', ('38', '44')), ('interA', ('32', '44'))]}";"{'1': [('interA', ('24', '44')), ('interA', ('16', '22'))], '2': [('interA', ('30', '59')), ('interA', ('16', '41'))], '3': [], '4': [('interA', ('16', '9')), ('interA', ('16', '48'))], '5': [('interA', ('29', '44')), ('interA', ('11', '59'))]}";"[['44', '59', '4', '16', '1', '52', '31', '25', '57', '58', '2', '60', '3'], ['38', '32', '12', '37', '13', '34', '30', '36', '33', '35', '39', '26', '7'], ['61', '45', '55', '10', '9', '41', '54', '56'], ['53', '51', '49', '50', '24', '29', '48', '47'], ['42', '43', '15', '40', '11', '46'], ['28', '20', '19', '27', '6'], ['14', '22', '23', '17', '18'], ['8', '5', '21']]";"[['44', '59', '4', '38', '16', '1', '52', '31', '25', '57', '58', '3'], ['32', '12', '37', '34', '13', '30', '36', '33', '35', '39', '26', '7'], ['61', '45', '55', '10', '9', '41', '54', '56'], ['53', '51', '49', '50', '24', '29', '48', '47'], ['42', '2', '43', '15', '40', '11', '46'], ['14', '22', '23', '17', '60', '18'], ['28', '20', '19', '27', '6'], ['8', '5', '21']]";"[['44', '59', '4', '16', '1', '14', '31', '52', '25', '57', '58', '2', '60', '3'], ['38', '32', '12', '37', '13', '34', '30', '36', '33', '35', '39', '26', '7'], ['53', '51', '49', '50', '24', '29', '48', '47'], ['8', '21', '22', '17', '23', '5', '18'], ['42', '43', '15', '40', '11', '46'], ['28', '20', '19', '27', '6'], ['9', '45', '55', '41'], ['54', '61', '10', '56']]";"[0, 0, 0, 0, 7, 5, 1, 7, 2, 2, 4, 1, 1, 6, 4, 0, 6, 6, 5, 5, 7, 6, 6, 3, 0, 1, 5, 5, 3, 1, 0, 1, 1, 1, 1, 1, 1, 1, 1, 4, 2, 4, 4, 0, 2, 4, 3, 3, 3, 3, 3, 0, 3, 2, 2, 2, 0, 0, 0, 0, 2]";"[0, 0, 0, 0, 7, 5, 1, 7, 2, 2, 4, 1, 1, 6, 4, 0, 6, 6, 5, 5, 7, 6, 6, 3, 0, 1, 5, 5, 3, 1, 0, 1, 1, 1, 1, 1, 1, 1, 1, 4, 2, 4, 4, 0, 2, 4, 3, 3, 3, 3, 3, 0, 3, 2, 2, 2, 0, 0, 0, 0, 2]";"[0, 4, 0, 0, 7, 6, 1, 7, 2, 2, 4, 1, 1, 5, 4, 0, 5, 5, 6, 6, 7, 5, 5, 3, 0, 1, 6, 6, 3, 1, 0, 1, 1, 1, 1, 1, 1, 0, 1, 4, 2, 4, 4, 0, 2, 4, 3, 3, 3, 3, 3, 0, 3, 2, 2, 2, 0, 0, 0, 5, 2]";"[0, 0, 0, 0, 3, 5, 1, 3, 6, 7, 4, 1, 1, 0, 4, 0, 3, 3, 5, 5, 3, 3, 3, 2, 0, 1, 5, 5, 2, 1, 0, 1, 1, 1, 1, 1, 1, 1, 1, 4, 6, 4, 4, 0, 6, 4, 2, 2, 2, 2, 2, 0, 2, 7, 6, 7, 0, 0, 0, 0, 7]"
9;0;"aucs";"scml";2;0.3492;0.3519;0.3337;0.342;"{'44': 0.4166666666666667, '59': 0.3611111111111111, '4': 0.5833333333333333, '16': 0.3125, '1': 0.4583333333333333, '52': 0.4076086956521739, '31': 0.6151960784313726, '25': 0.44166666666666665, '57': 0.5189393939393939, '58': 0.6666666666666667, '2': 0.7083333333333333, '60': 0.75, '3': 0.5555555555555556}";"{'44': 0.4166666666666667, '59': 0.30833333333333335, '4': 0.5189393939393939, '16': 0.3125, '1': 0.4166666666666667, '52': 0.3977272727272727, '31': 0.6041666666666667, '25': 0.4019607843137255, '57': 0.5189393939393939, '58': 0.7023809523809523, '2': 0.7083333333333333, '60': 0.75, '3': 0.5441176470588236}";"{'44': 0.4916666666666667, '59': 0.3611111111111111, '4': 0.5833333333333333, '16': 0.3125, '1': 0.4583333333333333, '52': 0.4076086956521739, '31': 0.6151960784313726, '25': 0.44166666666666665, '57': 0.5189393939393939, '58': 0.6666666666666667, '2': 0.7083333333333333, '60': 0.75, '3': 0.5555555555555556}";"{'44': 0.4916666666666667, '59': 0.4, '4': 0.5833333333333333, '16': 0.45833333333333337, '1': 0.4583333333333333, '52': 0.4076086956521739, '31': 0.6151960784313726, '25': 0.44166666666666665, '57': 0.5189393939393939, '58': 0.6666666666666667, '2': 0.7083333333333333, '60': 0.75, '3': 0.5555555555555556}";0.0;0.2554945054945055;0.0357142857142857;0.2527472527472527;0.901042873696408;0.9421859401261168;0.9578783151326054;0.9375204961599812;0.9704540309019282;0.9735669463265088;0.965862870424172;0.9576279675448262;1.0;0.969773832297086;0.9805918365546696;1.0;0.0055;0.0463;0.0087;"['44', '59', '4', '16', '1', '52', '31', '25', '57', '58', '2', '60', '3']";"{'1': [('interA', ('22', '25')), ('interD', ('31', '38'))], '2': [('intraA', ('25', '4')), ('interD', ('3', '37'))], '3': [('intraA', ('25', '4')), ('intraA', ('1', '59'))], '4': [('interD', ('19', '31')), ('interA', ('18', '58'))], '5': [('interD', ('52', '8')), ('intraA', ('25', '59'))]}";"{'1': [('interA', ('38', '44')), ('interA', ('32', '44'))], '2': [('intraD', ('16', '59')), ('intraD', ('52', '59'))], '3': [('interA', ('38', '44')), ('interA', ('32', '44'))], '4': [('interA', ('38', '44')), ('interA', ('32', '44'))], '5': [('interA', ('38', '44')), ('interA', ('32', '44'))]}";"{'1': [('interA', ('44', '7')), ('interA', ('16', '48'))], '2': [('interA', ('20', '59')), ('interA', ('16', '46'))], '3': [], '4': [('interA', ('16', '20')), ('interA', ('16', '26'))], '5': [('interA', ('30', '44')), ('interA', ('20', '59'))]}";"[['38', '32', '12', '37', '13', '34', '30', '36', '33', '35', '39', '26', '7'], ['44', '59', '4', '16', '1', '52', '31', '25', '57', '2', '3'], ['61', '45', '55', '10', '9', '41', '54', '56'], ['53', '51', '49', '50', '24', '29', '48', '47'], ['42', '27', '43', '15', '40', '11', '46'], ['14', '22', '23', '17', '58', '60', '18'], ['20', '6', '19', '28'], ['8', '5', '21']]";"[['44', '59', '4', '38', '16', '1', '52', '31', '25', '57', '58', '2', '60', '3'], ['32', '12', '37', '34', '13', '30', '36', '33', '35', '39', '26', '7'], ['61', '45', '55', '10', '9', '41', '54', '56'], ['53', '51', '49', '50', '24', '29', '48', '47'], ['42', '43', '15', '40', '11', '46'], ['28', '20', '19', '27', '6'], ['14', '22', '23', '17', '18'], ['8', '5', '21']]";"[['38', '32', '12', '37', '13', '34', '30', '36', '33', '35', '39', '26', '7'], ['44', '59', '4', '16', '1', '52', '31', '25', '57', '58', '60', '3'], ['61', '45', '55', '10', '9', '41', '54', '56'], ['53', '51', '49', '50', '24', '29', '48', '47'], ['42', '2', '43', '15', '40', '11', '46'], ['28', '20', '19', '27', '6'], ['14', '22', '23', '17', '18'], ['8', '5', '21']]";"[0, 0, 0, 0, 7, 5, 1, 7, 2, 2, 4, 1, 1, 6, 4, 0, 6, 6, 5, 5, 7, 6, 6, 3, 0, 1, 5, 5, 3, 1, 0, 1, 1, 1, 1, 1, 1, 1, 1, 4, 2, 4, 4, 0, 2, 4, 3, 3, 3, 3, 3, 0, 3, 2, 2, 2, 0, 0, 0, 0, 2]";"[1, 1, 1, 1, 7, 6, 0, 7, 2, 2, 4, 0, 0, 5, 4, 1, 5, 5, 6, 6, 7, 5, 5, 3, 1, 0, 4, 6, 3, 0, 1, 0, 0, 0, 0, 0, 0, 0, 0, 4, 2, 4, 4, 1, 2, 4, 3, 3, 3, 3, 3, 1, 3, 2, 2, 2, 1, 5, 1, 5, 2]";"[0, 0, 0, 0, 7, 5, 1, 7, 2, 2, 4, 1, 1, 6, 4, 0, 6, 6, 5, 5, 7, 6, 6, 3, 0, 1, 5, 5, 3, 1, 0, 1, 1, 1, 1, 1, 1, 0, 1, 4, 2, 4, 4, 0, 2, 4, 3, 3, 3, 3, 3, 0, 3, 2, 2, 2, 0, 0, 0, 0, 2]";"[1, 4, 1, 1, 7, 5, 0, 7, 2, 2, 4, 0, 0, 6, 4, 1, 6, 6, 5, 5, 7, 6, 6, 3, 1, 0, 5, 5, 3, 0, 1, 0, 0, 0, 0, 0, 0, 0, 0, 4, 2, 4, 4, 1, 2, 4, 3, 3, 3, 3, 3, 1, 3, 2, 2, 2, 1, 1, 1, 1, 2]"
10;0;"aucs";"scml";2;0.3492;0.3537;0.3337;0.3259;"{'44': 0.4166666666666667, '59': 0.3611111111111111, '4': 0.5833333333333333, '16': 0.3125, '1': 0.4583333333333333, '52': 0.4076086956521739, '31': 0.6151960784313726, '25': 0.44166666666666665, '57': 0.5189393939393939, '58': 0.6666666666666667, '2': 0.7083333333333333, '60': 0.75, '3': 0.5555555555555556}";"{'44': 0.3611111111111111, '59': 0.3611111111111111, '4': 0.5189393939393939, '16': 0.3125, '1': 0.4583333333333333, '52': 0.4076086956521739, '31': 0.5555555555555556, '25': 0.44166666666666665, '57': 0.4916666666666667, '58': 0.5892857142857143, '2': 0.641025641025641, '60': 0.625, '3': 0.5555555555555556}";"{'44': 0.4916666666666667, '59': 0.3611111111111111, '4': 0.5833333333333333, '16': 0.3125, '1': 0.4583333333333333, '52': 0.4076086956521739, '31': 0.6151960784313726, '25': 0.44166666666666665, '57': 0.5189393939393939, '58': 0.6666666666666667, '2': 0.7083333333333333, '60': 0.75, '3': 0.5555555555555556}";"{'44': 0.4916666666666667, '59': 0.4318181818181818, '4': 0.5833333333333333, '16': 0.45833333333333337, '1': 0.4583333333333333, '52': 0.4076086956521739, '31': 0.6151960784313726, '25': 0.44166666666666665, '57': 0.5189393939393939, '58': 0.6666666666666667, '2': 0.7083333333333333, '60': 0.75, '3': 0.5555555555555556}";0.0;0.0;0.0357142857142857;0.2660256410256409;1.0;0.9421859401261168;0.9163258566819924;1.0;0.9704540309019282;0.9471583993629064;1.0;0.9576279675448262;0.9755826035327296;1.0;0.9805918365546696;0.9833597794796302;0.0058;0.0464;0.0083;"['44', '59', '4', '16', '1', '52', '31', '25', '57', '58', '2', '60', '3']";"{'1': [('intraA', ('31', '58')), ('intraA', ('16', '4'))], '2': [('intraD', ('52', '57')), ('intraA', ('44', '60'))], '3': [('interD', ('25', '47')), ('interA', ('25', '32'))], '4': [('intraA', ('31', '44')), ('interD', ('31', '47'))], '5': [('intraA', ('2', '4')), ('interD', ('55', '57'))]}";"{'1': [('interA', ('38', '44')), ('interA', ('32', '44'))], '2': [('intraD', ('16', '59')), ('intraD', ('52', '59'))], '3': [('interA', ('38', '44')), ('interA', ('32', '44'))], '4': [('interA', ('38', '44')), ('interA', ('32', '44'))], '5': [('interA', ('38', '44')), ('interA', ('32', '44'))]}";"{'1': [('interA', ('13', '44')), ('interA', ('16', '49'))], '2': [('interA', ('47', '59')), ('interA', ('14', '16'))], '3': [], '4': [('interA', ('16', '45')), ('interA', ('16', '28'))], '5': [('interA', ('44', '5')), ('interA', ('55', '59'))]}";"[['44', '59', '4', '16', '1', '52', '31', '25', '57', '58', '2', '60', '3'], ['38', '32', '12', '37', '13', '34', '30', '36', '33', '35', '39', '26', '7'], ['61', '45', '55', '10', '9', '41', '54', '56'], ['53', '51', '49', '50', '24', '29', '48', '47'], ['42', '43', '15', '40', '11', '46'], ['28', '20', '19', '27', '6'], ['14', '22', '23', '17', '18'], ['8', '5', '21']]";"[['44', '59', '4', '38', '16', '1', '52', '31', '25', '57', '58', '2', '60', '3'], ['32', '12', '37', '34', '13', '30', '36', '33', '35', '39', '26', '7'], ['61', '45', '55', '10', '9', '41', '54', '56'], ['53', '51', '49', '50', '24', '29', '48', '47'], ['42', '43', '15', '40', '11', '46'], ['28', '20', '19', '27', '6'], ['14', '22', '23', '17', '18'], ['8', '5', '21']]";"[['44', '59', '45', '4', '16', '1', '52', '31', '25', '57', '58', '2', '3'], ['38', '32', '12', '37', '13', '34', '30', '36', '33', '35', '39', '26', '7'], ['53', '51', '49', '50', '24', '29', '48', '47'], ['61', '55', '10', '9', '41', '54', '56'], ['42', '43', '15', '40', '11', '46'], ['14', '22', '23', '17', '60', '18'], ['28', '20', '19', '27', '6'], ['8', '5', '21']]";"[0, 0, 0, 0, 7, 5, 1, 7, 2, 2, 4, 1, 1, 6, 4, 0, 6, 6, 5, 5, 7, 6, 6, 3, 0, 1, 5, 5, 3, 1, 0, 1, 1, 1, 1, 1, 1, 1, 1, 4, 2, 4, 4, 0, 2, 4, 3, 3, 3, 3, 3, 0, 3, 2, 2, 2, 0, 0, 0, 0, 2]";"[0, 0, 0, 0, 7, 5, 1, 7, 2, 2, 4, 1, 1, 6, 4, 0, 6, 6, 5, 5, 7, 6, 6, 3, 0, 1, 5, 5, 3, 1, 0, 1, 1, 1, 1, 1, 1, 1, 1, 4, 2, 4, 4, 0, 2, 4, 3, 3, 3, 3, 3, 0, 3, 2, 2, 2, 0, 0, 0, 0, 2]";"[0, 0, 0, 0, 7, 5, 1, 7, 2, 2, 4, 1, 1, 6, 4, 0, 6, 6, 5, 5, 7, 6, 6, 3, 0, 1, 5, 5, 3, 1, 0, 1, 1, 1, 1, 1, 1, 0, 1, 4, 2, 4, 4, 0, 2, 4, 3, 3, 3, 3, 3, 0, 3, 2, 2, 2, 0, 0, 0, 0, 2]";"[0, 0, 0, 0, 7, 6, 1, 7, 3, 3, 4, 1, 1, 5, 4, 0, 5, 5, 6, 6, 7, 5, 5, 2, 0, 1, 6, 6, 2, 1, 0, 1, 1, 1, 1, 1, 1, 1, 1, 4, 3, 4, 4, 0, 0, 4, 2, 2, 2, 2, 2, 0, 2, 3, 3, 3, 0, 0, 0, 5, 3]"
11;0;"aucs";"scml";2;0.3492;0.3421;0.3337;0.3245;"{'44': 0.4166666666666667, '59': 0.3611111111111111, '4': 0.5833333333333333, '16': 0.3125, '1': 0.4583333333333333, '52': 0.4076086956521739, '31': 0.6151960784313726, '25': 0.44166666666666665, '57': 0.5189393939393939, '58': 0.6666666666666667, '2': 0.7083333333333333, '60': 0.75, '3': 0.5555555555555556}";"{'44': 0.45833333333333337, '59': 0.3611111111111111, '4': 0.5833333333333333, '16': 0.3125, '1': 0.4583333333333333, '52': 0.4166666666666667, '31': 0.6151960784313726, '25': 0.4226190476190476, '57': 0.5189393939393939, '58': 0.625, '2': 0.7083333333333333, '60': 0.7083333333333333, '3': 0.5555555555555556}";"{'44': 0.4916666666666667, '59': 0.3611111111111111, '4': 0.5833333333333333, '16': 0.3125, '1': 0.4583333333333333, '52': 0.4076086956521739, '31': 0.6151960784313726, '25': 0.44166666666666665, '57': 0.5189393939393939, '58': 0.6666666666666667, '2': 0.7083333333333333, '60': 0.75, '3': 0.5555555555555556}";"{'44': 0.4916666666666667, '59': 0.4, '4': 0.5833333333333333, '16': 0.45833333333333337, '1': 0.4583333333333333, '52': 0.4076086956521739, '31': 0.6151960784313726, '25': 0.44166666666666665, '57': 0.5189393939393939, '58': 0.6666666666666667, '2': 0.7083333333333333, '60': 0.75, '3': 0.5555555555555556}";0.0;0.3447802197802198;0.0357142857142857;0.0357142857142857;0.9240841089994556;0.9421859401261168;0.9541341888267876;0.9502919609114412;0.9704540309019282;0.9725151728618404;1.0;0.9576279675448262;0.9755826035327296;1.0;0.9805918365546696;0.9833597794796302;0.0064;0.0485;0.0083;"['44', '59', '4', '16', '1', '52', '31', '25', '57', '58', '2', '60', '3']";"{'1': [('interA', ('40', '60')), ('interA', ('41', '52'))], '2': [('interA', ('58', '8')), ('intraD', ('16', '59'))], '3': [('interD', ('25', '47')), ('intraA', ('2', '52'))], '4': [('intraA', ('58', '60')), ('intraA', ('25', '59'))], '5': [('intraD', ('52', '57')), ('interA', ('36', '44'))]}";"{'1': [('interA', ('38', '44')), ('interA', ('32', '44'))], '2': [('intraD', ('16', '59')), ('intraD', ('52', '59'))], '3': [('interA', ('38', '44')), ('interA', ('32', '44'))], '4': [('interA', ('38', '44')), ('interA', ('32', '44'))], '5': [('interA', ('38', '44')), ('interA', ('32', '44'))]}";"{'1': [('interA', ('21', '44')), ('interA', ('16', '55'))], '2': [('interA', ('59', '9')), ('interA', ('16', '8'))], '3': [], '4': [('interA', ('16', '21')), ('interA', ('16', '26'))], '5': [('interA', ('23', '44')), ('interA', ('26', '59'))]}";"[['38', '32', '12', '37', '13', '34', '30', '36', '33', '35', '39', '26', '7'], ['44', '59', '4', '16', '1', '52', '31', '25', '57', '2', '3'], ['61', '45', '55', '10', '9', '41', '54', '56'], ['53', '51', '49', '50', '24', '29', '48', '47'], ['42', '43', '15', '60', '40', '11', '46'], ['28', '20', '19', '27', '6'], ['14', '22', '23', '17', '18'], ['8', '21', '5', '58']]";"[['44', '59', '4', '38', '16', '1', '52', '31', '25', '57', '58', '2', '60', '3'], ['32', '12', '37', '34', '13', '30', '36', '33', '35', '39', '26', '7'], ['61', '45', '55', '10', '9', '41', '54', '56'], ['53', '51', '49', '50', '24', '29', '48', '47'], ['42', '43', '15', '40', '11', '46'], ['28', '20', '19', '27', '6'], ['14', '22', '23', '17', '18'], ['8', '5', '21']]";"[['44', '59', '45', '4', '16', '1', '52', '31', '25', '57', '58', '2', '60', '3'], ['38', '32', '12', '37', '13', '34', '30', '36', '33', '35', '39', '26', '7'], ['53', '51', '49', '50', '24', '29', '48', '47'], ['61', '55', '10', '9', '41', '54', '56'], ['42', '43', '15', '40', '11', '46'], ['28', '20', '19', '27', '6'], ['14', '22', '23', '17', '18'], ['8', '5', '21']]";"[0, 0, 0, 0, 7, 5, 1, 7, 2, 2, 4, 1, 1, 6, 4, 0, 6, 6, 5, 5, 7, 6, 6, 3, 0, 1, 5, 5, 3, 1, 0, 1, 1, 1, 1, 1, 1, 1, 1, 4, 2, 4, 4, 0, 2, 4, 3, 3, 3, 3, 3, 0, 3, 2, 2, 2, 0, 0, 0, 0, 2]";"[1, 1, 1, 1, 7, 5, 0, 7, 2, 2, 4, 0, 0, 6, 4, 1, 6, 6, 5, 5, 7, 6, 6, 3, 1, 0, 5, 5, 3, 0, 1, 0, 0, 0, 0, 0, 0, 0, 0, 4, 2, 4, 4, 1, 2, 4, 3, 3, 3, 3, 3, 1, 3, 2, 2, 2, 1, 7, 1, 4, 2]";"[0, 0, 0, 0, 7, 5, 1, 7, 2, 2, 4, 1, 1, 6, 4, 0, 6, 6, 5, 5, 7, 6, 6, 3, 0, 1, 5, 5, 3, 1, 0, 1, 1, 1, 1, 1, 1, 0, 1, 4, 2, 4, 4, 0, 2, 4, 3, 3, 3, 3, 3, 0, 3, 2, 2, 2, 0, 0, 0, 0, 2]";"[0, 0, 0, 0, 7, 5, 1, 7, 3, 3, 4, 1, 1, 6, 4, 0, 6, 6, 5, 5, 7, 6, 6, 2, 0, 1, 5, 5, 2, 1, 0, 1, 1, 1, 1, 1, 1, 1, 1, 4, 3, 4, 4, 0, 0, 4, 2, 2, 2, 2, 2, 0, 2, 3, 3, 3, 0, 0, 0, 0, 3]"
12;0;"aucs";"scml";2;0.3492;0.3371;0.3385;0.3241;"{'44': 0.4166666666666667, '59': 0.3611111111111111, '4': 0.5833333333333333, '16': 0.3125, '1': 0.4583333333333333, '52': 0.4076086956521739, '31': 0.6151960784313726, '25': 0.44166666666666665, '57': 0.5189393939393939, '58': 0.6666666666666667, '2': 0.7083333333333333, '60': 0.75, '3': 0.5555555555555556}";"{'44': 0.45833333333333337, '59': 0.3611111111111111, '4': 0.606060606060606, '16': 0.3125, '1': 0.4583333333333333, '52': 0.4076086956521739, '31': 0.6041666666666667, '25': 0.44166666666666665, '57': 0.4807692307692308, '58': 0.6666666666666667, '2': 0.7083333333333333, '60': 0.75, '3': 0.4978070175438597}";"{'44': 0.4916666666666667, '59': 0.3611111111111111, '4': 0.5833333333333333, '16': 0.3125, '1': 0.4583333333333333, '52': 0.4076086956521739, '31': 0.6151960784313726, '25': 0.44166666666666665, '57': 0.5189393939393939, '58': 0.6666666666666667, '2': 0.7083333333333333, '60': 0.75, '3': 0.5555555555555556}";"{'44': 0.4916666666666667, '59': 0.4318181818181818, '4': 0.5833333333333333, '16': 0.4318181818181818, '1': 0.4583333333333333, '52': 0.4076086956521739, '31': 0.6151960784313726, '25': 0.44166666666666665, '57': 0.5189393939393939, '58': 0.6666666666666667, '2': 0.7083333333333333, '60': 0.75, '3': 0.5555555555555556}";0.0;0.2719780219780219;0.3725579975579976;0.0357142857142857;0.9017160686427456;0.865007570757464;0.9541341888267876;0.9444285160390063;0.9196499876636018;0.9725151728618404;0.9576279675448262;0.9576279675448262;0.9755826035327296;0.9805918365546696;0.9805918365546696;0.9833597794796302;0.0069;0.0468;0.0074;"['44', '59', '4', '16', '1', '52', '31', '25', '57', '58', '2', '60', '3']";"{'1': [('intraA', ('3', '57')), ('interD', ('31', '49'))], '2': [('intraD', ('3', '52')), ('intraA', ('44', '59'))], '3': [('interA', ('4', '51')), ('interA', ('5', '57'))], '4': [('interA', ('52', '8')), ('intraD', ('16', '31'))], '5': [('interA', ('22', '44')), ('intraD', ('16', '52'))]}";"{'1': [('interA', ('38', '44')), ('interA', ('32', '44'))], '2': [('intraD', ('16', '59')), ('intraD', ('52', '59'))], '3': [('interA', ('38', '44')), ('interA', ('32', '44'))], '4': [('interA', ('38', '44')), ('interA', ('32', '44'))], '5': [('interA', ('38', '44')), ('interA', ('32', '44'))]}";"{'1': [('interA', ('34', '44')), ('interA', ('10', '16'))], '2': [('interA', ('59', '6')), ('interA', ('16', '54'))], '3': [], '4': [('interA', ('16', '5')), ('interA', ('16', '24'))], '5': [('interA', ('44', '6')), ('interA', ('47', '59'))]}";"[['44', '59', '4', '38', '16', '1', '52', '31', '25', '57', '58', '60', '3'], ['32', '12', '37', '34', '13', '30', '36', '33', '35', '39', '26', '7'], ['61', '45', '55', '10', '9', '41', '54', '56'], ['53', '51', '49', '50', '24', '29', '48', '47'], ['42', '2', '43', '15', '40', '11', '46'], ['28', '20', '19', '27', '6'], ['14', '22', '23', '17', '18'], ['8', '5', '21']]";"[['44', '59', '4', '38', '16', '1', '52', '31', '25', '57', '58', '3'], ['32', '12', '37', '34', '13', '30', '36', '33', '35', '39', '26', '7'], ['61', '45', '55', '10', '9', '41', '54', '56'], ['53', '51', '49', '50', '24', '29', '48', '47'], ['42', '2', '43', '15', '40', '11', '46'], ['14', '22', '23', '17', '60', '18'], ['28', '20', '19', '27', '6'], ['8', '5', '21']]";"[['44', '59', '45', '4', '16', '1', '52', '31', '25', '57', '58', '2', '60', '3'], ['38', '32', '12', '37', '13', '34', '30', '36', '33', '35', '39', '26', '7'], ['53', '51', '49', '50', '24', '29', '48', '47'], ['61', '55', '10', '9', '41', '54', '56'], ['42', '43', '15', '40', '11', '46'], ['28', '20', '19', '27', '6'], ['14', '22', '23', '17', '18'], ['8', '5', '21']]";"[0, 0, 0, 0, 7, 5, 1, 7, 2, 2, 4, 1, 1, 6, 4, 0, 6, 6, 5, 5, 7, 6, 6, 3, 0, 1, 5, 5, 3, 1, 0, 1, 1, 1, 1, 1, 1, 1, 1, 4, 2, 4, 4, 0, 2, 4, 3, 3, 3, 3, 3, 0, 3, 2, 2, 2, 0, 0, 0, 0, 2]";"[0, 4, 0, 0, 7, 5, 1, 7, 2, 2, 4, 1, 1, 6, 4, 0, 6, 6, 5, 5, 7, 6, 6, 3, 0, 1, 5, 5, 3, 1, 0, 1, 1, 1, 1, 1, 1, 0, 1, 4, 2, 4, 4, 0, 2, 4, 3, 3, 3, 3, 3, 0, 3, 2, 2, 2, 0, 0, 0, 0, 2]";"[0, 4, 0, 0, 7, 6, 1, 7, 2, 2, 4, 1, 1, 5, 4, 0, 5, 5, 6, 6, 7, 5, 5, 3, 0, 1, 6, 6, 3, 1, 0, 1, 1, 1, 1, 1, 1, 0, 1, 4, 2, 4, 4, 0, 2, 4, 3, 3, 3, 3, 3, 0, 3, 2, 2, 2, 0, 0, 0, 5, 2]";"[0, 0, 0, 0, 7, 5, 1, 7, 3, 3, 4, 1, 1, 6, 4, 0, 6, 6, 5, 5, 7, 6, 6, 2, 0, 1, 5, 5, 2, 1, 0, 1, 1, 1, 1, 1, 1, 1, 1, 4, 3, 4, 4, 0, 0, 4, 2, 2, 2, 2, 2, 0, 2, 3, 3, 3, 0, 0, 0, 0, 3]"
13;0;"aucs";"scml";2;0.3492;0.3532;0.3385;0.3225;"{'44': 0.4166666666666667, '59': 0.3611111111111111, '4': 0.5833333333333333, '16': 0.3125, '1': 0.4583333333333333, '52': 0.4076086956521739, '31': 0.6151960784313726, '25': 0.44166666666666665, '57': 0.5189393939393939, '58': 0.6666666666666667, '2': 0.7083333333333333, '60': 0.75, '3': 0.5555555555555556}";"{'44': 0.36309523809523814, '59': 0.3611111111111111, '4': 0.5555555555555556, '16': 0.3125, '1': 0.625, '52': 0.4076086956521739, '31': 0.6151960784313726, '25': 0.3666666666666667, '57': 0.5189393939393939, '58': 0.6666666666666667, '2': 0.7083333333333333, '60': 0.625, '3': 0.5555555555555556}";"{'44': 0.4916666666666667, '59': 0.3611111111111111, '4': 0.5833333333333333, '16': 0.3125, '1': 0.4583333333333333, '52': 0.4076086956521739, '31': 0.6151960784313726, '25': 0.44166666666666665, '57': 0.5189393939393939, '58': 0.6666666666666667, '2': 0.7083333333333333, '60': 0.75, '3': 0.5555555555555556}";"{'44': 0.4916666666666667, '59': 0.4318181818181818, '4': 0.5833333333333333, '16': 0.45833333333333337, '1': 0.4583333333333333, '52': 0.4076086956521739, '31': 0.6151960784313726, '25': 0.44166666666666665, '57': 0.5189393939393939, '58': 0.6666666666666667, '2': 0.7083333333333333, '60': 0.75, '3': 0.5555555555555556}";0.0;0.0;0.3725579975579976;0.0357142857142857;1.0;0.865007570757464;0.9541341888267876;1.0;0.9196499876636018;0.9725151728618404;1.0;0.9576279675448262;0.9755826035327296;1.0;0.9805918365546696;0.9833597794796302;0.0055;0.0459;0.0079;"['44', '59', '4', '16', '1', '52', '31', '25', '57', '58', '2', '60', '3']";"{'1': [('intraD', ('3', '58')), ('intraD', ('16', '59'))], '2': [('intraD', ('52', '57')), ('intraA', ('25', '60'))], '3': [('interD', ('25', '47')), ('interA', ('1', '49'))], '4': [('interD', ('30', '31')), ('interD', ('40', '44'))], '5': [('interD', ('4', '47')), ('interD', ('29', '52'))]}";"{'1': [('interA', ('38', '44')), ('interA', ('32', '44'))], '2': [('intraD', ('16', '59')), ('intraD', ('52', '59'))], '3': [('interA', ('38', '44')), ('interA', ('32', '44'))], '4': [('interA', ('38', '44')), ('interA', ('32', '44'))], '5': [('interA', ('38', '44')), ('interA', ('32', '44'))]}";"{'1': [('interA', ('30', '44')), ('interA', ('16', '8'))], '2': [('interA', ('15', '59')), ('interA', ('16', '6'))], '3': [], '4': [('interA', ('16', '21')), ('interA', ('16', '29'))], '5': [('interA', ('44', '6')), ('interA', ('39', '59'))]}";"[['44', '59', '4', '16', '1', '52', '31', '25', '57', '58', '2', '60', '3'], ['38', '32', '12', '37', '13', '34', '30', '36', '33', '35', '39', '26', '7'], ['61', '45', '55', '10', '9', '41', '54', '56'], ['53', '51', '49', '50', '24', '29', '48', '47'], ['42', '43', '15', '40', '11', '46'], ['28', '20', '19', '27', '6'], ['14', '22', '23', '17', '18'], ['8', '5', '21']]";"[['44', '59', '4', '38', '16', '1', '52', '31', '25', '57', '58', '3'], ['32', '12', '37', '34', '13', '30', '36', '33', '35', '39', '26', '7'], ['61', '45', '55', '10', '9', '41', '54', '56'], ['53', '51', '49', '50', '24', '29', '48', '47'], ['42', '2', '43', '15', '40', '11', '46'], ['14', '22', '23', '17', '60', '18'], ['28', '20', '19', '27', '6'], ['8', '5', '21']]";"[['44', '59', '45', '4', '16', '1', '52', '31', '25', '57', '58', '2', '60', '3'], ['38', '32', '12', '37', '13', '34', '30', '36', '33', '35', '39', '26', '7'], ['53', '51', '49', '50', '24', '29', '48', '47'], ['61', '55', '10', '9', '41', '54', '56'], ['42', '43', '15', '40', '11', '46'], ['28', '20', '19', '27', '6'], ['14', '22', '23', '17', '18'], ['8', '5', '21']]";"[0, 0, 0, 0, 7, 5, 1, 7, 2, 2, 4, 1, 1, 6, 4, 0, 6, 6, 5, 5, 7, 6, 6, 3, 0, 1, 5, 5, 3, 1, 0, 1, 1, 1, 1, 1, 1, 1, 1, 4, 2, 4, 4, 0, 2, 4, 3, 3, 3, 3, 3, 0, 3, 2, 2, 2, 0, 0, 0, 0, 2]";"[0, 0, 0, 0, 7, 5, 1, 7, 2, 2, 4, 1, 1, 6, 4, 0, 6, 6, 5, 5, 7, 6, 6, 3, 0, 1, 5, 5, 3, 1, 0, 1, 1, 1, 1, 1, 1, 1, 1, 4, 2, 4, 4, 0, 2, 4, 3, 3, 3, 3, 3, 0, 3, 2, 2, 2, 0, 0, 0, 0, 2]";"[0, 4, 0, 0, 7, 6, 1, 7, 2, 2, 4, 1, 1, 5, 4, 0, 5, 5, 6, 6, 7, 5, 5, 3, 0, 1, 6, 6, 3, 1, 0, 1, 1, 1, 1, 1, 1, 0, 1, 4, 2, 4, 4, 0, 2, 4, 3, 3, 3, 3, 3, 0, 3, 2, 2, 2, 0, 0, 0, 5, 2]";"[0, 0, 0, 0, 7, 5, 1, 7, 3, 3, 4, 1, 1, 6, 4, 0, 6, 6, 5, 5, 7, 6, 6, 2, 0, 1, 5, 5, 2, 1, 0, 1, 1, 1, 1, 1, 1, 1, 1, 4, 3, 4, 4, 0, 0, 4, 2, 2, 2, 2, 2, 0, 2, 3, 3, 3, 0, 0, 0, 0, 3]"
14;0;"aucs";"scml";2;0.3492;0.3539;0.3385;0.3388;"{'44': 0.4166666666666667, '59': 0.3611111111111111, '4': 0.5833333333333333, '16': 0.3125, '1': 0.4583333333333333, '52': 0.4076086956521739, '31': 0.6151960784313726, '25': 0.44166666666666665, '57': 0.5189393939393939, '58': 0.6666666666666667, '2': 0.7083333333333333, '60': 0.75, '3': 0.5555555555555556}";"{'44': 0.3611111111111111, '59': 0.3611111111111111, '4': 0.5833333333333333, '16': 0.2638888888888889, '1': 0.4583333333333333, '52': 0.4166666666666667, '31': 0.6151960784313726, '25': 0.4226190476190476, '57': 0.5189393939393939, '58': 0.5892857142857143, '2': 0.641025641025641, '60': 0.8333333333333333, '3': 0.5555555555555556}";"{'44': 0.4916666666666667, '59': 0.3611111111111111, '4': 0.5833333333333333, '16': 0.3125, '1': 0.4583333333333333, '52': 0.4076086956521739, '31': 0.6151960784313726, '25': 0.44166666666666665, '57': 0.5189393939393939, '58': 0.6666666666666667, '2': 0.7083333333333333, '60': 0.75, '3': 0.5555555555555556}";"{'44': 0.4916666666666667, '59': 0.4318181818181818, '4': 0.5833333333333333, '16': 0.45833333333333337, '1': 0.4583333333333333, '52': 0.4076086956521739, '31': 0.6151960784313726, '25': 0.44166666666666665, '57': 0.5189393939393939, '58': 0.6666666666666667, '2': 0.7083333333333333, '60': 0.75, '3': 0.5555555555555556}";0.0;0.2467948717948717;0.3725579975579976;0.2467948717948717;0.9601506359758676;0.865007570757464;0.9601506359758676;0.9742767326878776;0.9196499876636018;0.9742767326878776;1.0;0.9576279675448262;1.0;1.0;0.9805918365546696;1.0;0.0061;0.0452;0.0075;"['44', '59', '4', '16', '1', '52', '31', '25', '57', '58', '2', '60', '3']";"{'1': [('intraD', ('31', '57')), ('intraA', ('2', '44'))], '2': [('intraD', ('52', '59')), ('intraD', ('57', '59'))], '3': [('interD', ('25', '47')), ('interA', ('22', '60'))], '4': [('interD', ('29', '31')), ('intraA', ('16', '58'))], '5': [('interA', ('25', '5')), ('interA', ('52', '9'))]}";"{'1': [('interA', ('38', '44')), ('interA', ('32', '44'))], '2': [('intraD', ('16', '59')), ('intraD', ('52', '59'))], '3': [('interA', ('38', '44')), ('interA', ('32', '44'))], '4': [('interA', ('38', '44')), ('interA', ('32', '44'))], '5': [('interA', ('38', '44')), ('interA', ('32', '44'))]}";"{'1': [('interA', ('44', '51')), ('interA', ('16', '21'))], '2': [('interA', ('10', '59')), ('interA', ('16', '45'))], '3': [], '4': [('interA', ('16', '38')), ('interA', ('16', '19'))], '5': [('interA', ('18', '44')), ('interA', ('21', '59'))]}";"[['38', '32', '12', '37', '13', '34', '30', '36', '33', '35', '39', '26', '7'], ['44', '59', '4', '16', '1', '52', '31', '25', '57', '58', '2', '3'], ['61', '45', '55', '10', '9', '41', '54', '56'], ['53', '51', '49', '50', '24', '29', '48', '47'], ['42', '43', '15', '40', '11', '46'], ['14', '22', '23', '17', '60', '18'], ['28', '20', '19', '27', '6'], ['8', '5', '21']]";"[['44', '59', '4', '38', '16', '1', '52', '31', '25', '57', '58', '3'], ['32', '12', '37', '34', '13', '30', '36', '33', '35', '39', '26', '7'], ['61', '45', '55', '10', '9', '41', '54', '56'], ['53', '51', '49', '50', '24', '29', '48', '47'], ['42', '2', '43', '15', '40', '11', '46'], ['14', '22', '23', '17', '60', '18'], ['28', '20', '19', '27', '6'], ['8', '5', '21']]";"[['38', '32', '12', '37', '13', '34', '30', '36', '33', '35', '39', '26', '7'], ['44', '59', '4', '16', '1', '52', '31', '25', '57', '58', '2', '3'], ['61', '45', '55', '10', '9', '41', '54', '56'], ['53', '51', '49', '50', '24', '29', '48', '47'], ['42', '43', '15', '40', '11', '46'], ['14', '22', '23', '17', '60', '18'], ['28', '20', '19', '27', '6'], ['8', '5', '21']]";"[0, 0, 0, 0, 7, 5, 1, 7, 2, 2, 4, 1, 1, 6, 4, 0, 6, 6, 5, 5, 7, 6, 6, 3, 0, 1, 5, 5, 3, 1, 0, 1, 1, 1, 1, 1, 1, 1, 1, 4, 2, 4, 4, 0, 2, 4, 3, 3, 3, 3, 3, 0, 3, 2, 2, 2, 0, 0, 0, 0, 2]";"[1, 1, 1, 1, 7, 6, 0, 7, 2, 2, 4, 0, 0, 5, 4, 1, 5, 5, 6, 6, 7, 5, 5, 3, 1, 0, 6, 6, 3, 0, 1, 0, 0, 0, 0, 0, 0, 0, 0, 4, 2, 4, 4, 1, 2, 4, 3, 3, 3, 3, 3, 1, 3, 2, 2, 2, 1, 1, 1, 5, 2]";"[0, 4, 0, 0, 7, 6, 1, 7, 2, 2, 4, 1, 1, 5, 4, 0, 5, 5, 6, 6, 7, 5, 5, 3, 0, 1, 6, 6, 3, 1, 0, 1, 1, 1, 1, 1, 1, 0, 1, 4, 2, 4, 4, 0, 2, 4, 3, 3, 3, 3, 3, 0, 3, 2, 2, 2, 0, 0, 0, 5, 2]";"[1, 1, 1, 1, 7, 6, 0, 7, 2, 2, 4, 0, 0, 5, 4, 1, 5, 5, 6, 6, 7, 5, 5, 3, 1, 0, 6, 6, 3, 0, 1, 0, 0, 0, 0, 0, 0, 0, 0, 4, 2, 4, 4, 1, 2, 4, 3, 3, 3, 3, 3, 1, 3, 2, 2, 2, 1, 1, 1, 5, 2]"
15;0;"aucs";"scml";2;0.3492;0.3527;0.3385;0.3371;"{'44': 0.4166666666666667, '59': 0.3611111111111111, '4': 0.5833333333333333, '16': 0.3125, '1': 0.4583333333333333, '52': 0.4076086956521739, '31': 0.6151960784313726, '25': 0.44166666666666665, '57': 0.5189393939393939, '58': 0.6666666666666667, '2': 0.7083333333333333, '60': 0.75, '3': 0.5555555555555556}";"{'44': 0.25757575757575757, '59': 0.3611111111111111, '4': 0.5189393939393939, '16': 0.3125, '1': 0.4166666666666667, '52': 0.4076086956521739, '31': 0.6770833333333333, '25': 0.44166666666666665, '57': 0.5189393939393939, '58': 0.5892857142857143, '2': 0.7083333333333333, '60': 0.625, '3': 0.5555555555555556}";"{'44': 0.4916666666666667, '59': 0.3611111111111111, '4': 0.5833333333333333, '16': 0.3125, '1': 0.4583333333333333, '52': 0.4076086956521739, '31': 0.6151960784313726, '25': 0.44166666666666665, '57': 0.5189393939393939, '58': 0.6666666666666667, '2': 0.7083333333333333, '60': 0.75, '3': 0.5555555555555556}";"{'44': 0.4916666666666667, '59': 0.4318181818181818, '4': 0.5833333333333333, '16': 0.45833333333333337, '1': 0.4583333333333333, '52': 0.4076086956521739, '31': 0.6151960784313726, '25': 0.44166666666666665, '57': 0.5189393939393939, '58': 0.6666666666666667, '2': 0.7083333333333333, '60': 0.75, '3': 0.5555555555555556}";0.0;0.0;0.3725579975579976;0.0;1.0;0.865007570757464;1.0;1.0;0.9196499876636018;1.0;1.0;0.9576279675448262;1.0;1.0;0.9805918365546696;1.0;0.0053;0.0456;0.0084;"['44', '59', '4', '16', '1', '52', '31', '25', '57', '58', '2', '60', '3']";"{'1': [('intraD', ('25', '31')), ('intraA', ('44', '60'))], '2': [('interD', ('29', '52')), ('intraA', ('3', '4'))], '3': [('intraA', ('1', '44')), ('intraA', ('4', '44'))], '4': [('intraD', ('16', '31')), ('interD', ('30', '31'))], '5': [('intraA', ('31', '59')), ('intraA', ('25', '58'))]}";"{'1': [('interA', ('38', '44')), ('interA', ('32', '44'))], '2': [('intraD', ('16', '59')), ('intraD', ('52', '59'))], '3': [('interA', ('38', '44')), ('interA', ('32', '44'))], '4': [('interA', ('38', '44')), ('interA', ('32', '44'))], '5': [('interA', ('38', '44')), ('interA', ('32', '44'))]}";"{'1': [('interA', ('35', '44')), ('interA', ('16', '36'))], '2': [('interA', ('21', '59')), ('interA', ('16', '9'))], '3': [], '4': [('interA', ('10', '16')), ('interA', ('16', '24'))], '5': [('interA', ('12', '44')), ('interA', ('15', '59'))]}";"[['44', '59', '4', '16', '1', '52', '31', '25', '57', '58', '2', '60', '3'], ['38', '32', '12', '37', '13', '34', '30', '36', '33', '35', '39', '26', '7'], ['61', '45', '55', '10', '9', '41', '54', '56'], ['53', '51', '49', '50', '24', '29', '48', '47'], ['42', '43', '15', '40', '11', '46'], ['28', '20', '19', '27', '6'], ['14', '22', '23', '17', '18'], ['8', '5', '21']]";"[['44', '59', '4', '38', '16', '1', '52', '31', '25', '57', '58', '3'], ['32', '12', '37', '34', '13', '30', '36', '33', '35', '39', '26', '7'], ['61', '45', '55', '10', '9', '41', '54', '56'], ['53', '51', '49', '50', '24', '29', '48', '47'], ['42', '2', '43', '15', '40', '11', '46'], ['14', '22', '23', '17', '60', '18'], ['28', '20', '19', '27', '6'], ['8', '5', '21']]";"[['44', '59', '4', '16', '1', '52', '31', '25', '57', '58', '2', '60', '3'], ['38', '32', '12', '37', '13', '34', '30', '36', '33', '35', '39', '26', '7'], ['61', '45', '55', '10', '9', '41', '54', '56'], ['53', '51', '49', '50', '24', '29', '48', '47'], ['42', '43', '15', '40', '11', '46'], ['28', '20', '19', '27', '6'], ['14', '22', '23', '17', '18'], ['8', '5', '21']]";"[0, 0, 0, 0, 7, 5, 1, 7, 2, 2, 4, 1, 1, 6, 4, 0, 6, 6, 5, 5, 7, 6, 6, 3, 0, 1, 5, 5, 3, 1, 0, 1, 1, 1, 1, 1, 1, 1, 1, 4, 2, 4, 4, 0, 2, 4, 3, 3, 3, 3, 3, 0, 3, 2, 2, 2, 0, 0, 0, 0, 2]";"[0, 0, 0, 0, 7, 5, 1, 7, 2, 2, 4, 1, 1, 6, 4, 0, 6, 6, 5, 5, 7, 6, 6, 3, 0, 1, 5, 5, 3, 1, 0, 1, 1, 1, 1, 1, 1, 1, 1, 4, 2, 4, 4, 0, 2, 4, 3, 3, 3, 3, 3, 0, 3, 2, 2, 2, 0, 0, 0, 0, 2]";"[0, 4, 0, 0, 7, 6, 1, 7, 2, 2, 4, 1, 1, 5, 4, 0, 5, 5, 6, 6, 7, 5, 5, 3, 0, 1, 6, 6, 3, 1, 0, 1, 1, 1, 1, 1, 1, 0, 1, 4, 2, 4, 4, 0, 2, 4, 3, 3, 3, 3, 3, 0, 3, 2, 2, 2, 0, 0, 0, 5, 2]";"[0, 0, 0, 0, 7, 5, 1, 7, 2, 2, 4, 1, 1, 6, 4, 0, 6, 6, 5, 5, 7, 6, 6, 3, 0, 1, 5, 5, 3, 1, 0, 1, 1, 1, 1, 1, 1, 1, 1, 4, 2, 4, 4, 0, 2, 4, 3, 3, 3, 3, 3, 0, 3, 2, 2, 2, 0, 0, 0, 0, 2]"
16;0;"aucs";"scml";2;0.3492;0.356;0.3337;0.3231;"{'44': 0.4166666666666667, '59': 0.3611111111111111, '4': 0.5833333333333333, '16': 0.3125, '1': 0.4583333333333333, '52': 0.4076086956521739, '31': 0.6151960784313726, '25': 0.44166666666666665, '57': 0.5189393939393939, '58': 0.6666666666666667, '2': 0.7083333333333333, '60': 0.75, '3': 0.5555555555555556}";"{'44': 0.4166666666666667, '59': 0.3611111111111111, '4': 0.5189393939393939, '16': 0.3125, '1': 0.4583333333333333, '52': 0.4076086956521739, '31': 0.5555555555555556, '25': 0.4226190476190476, '57': 0.4318181818181818, '58': 0.5892857142857143, '2': 0.641025641025641, '60': 0.625, '3': 0.5555555555555556}";"{'44': 0.4916666666666667, '59': 0.3611111111111111, '4': 0.5833333333333333, '16': 0.3125, '1': 0.4583333333333333, '52': 0.4076086956521739, '31': 0.6151960784313726, '25': 0.44166666666666665, '57': 0.5189393939393939, '58': 0.6666666666666667, '2': 0.7083333333333333, '60': 0.75, '3': 0.5555555555555556}";"{'44': 0.4916666666666667, '59': 0.4318181818181818, '4': 0.5833333333333333, '16': 0.45833333333333337, '1': 0.4583333333333333, '52': 0.4076086956521739, '31': 0.6151960784313726, '25': 0.44166666666666665, '57': 0.5189393939393939, '58': 0.6666666666666667, '2': 0.7083333333333333, '60': 0.75, '3': 0.5555555555555556}";0.0;0.0;0.0357142857142857;0.2660256410256409;1.0;0.9421859401261168;0.9163258566819924;1.0;0.9704540309019282;0.9471583993629064;1.0;0.9576279675448262;0.9755826035327296;1.0;0.9805918365546696;0.9833597794796302;0.0055;0.0438;0.0077;"['44', '59', '4', '16', '1', '52', '31', '25', '57', '58', '2', '60', '3']";"{'1': [('interA', ('4', '47')), ('interD', ('31', '47'))], '2': [('interD', ('29', '52')), ('interD', ('26', '57'))], '3': [('intraA', ('31', '60')), ('interD', ('25', '47'))], '4': [('intraA', ('25', '59')), ('intraA', ('2', '58'))], '5': [('intraD', ('3', '52')), ('intraA', ('4', '57'))]}";"{'1': [('interA', ('38', '44')), ('interA', ('32', '44'))], '2': [('intraD', ('16', '59')), ('intraD', ('52', '59'))], '3': [('interA', ('38', '44')), ('interA', ('32', '44'))], '4': [('interA', ('38', '44')), ('interA', ('32', '44'))], '5': [('interA', ('38', '44')), ('interA', ('32', '44'))]}";"{'1': [('interA', ('36', '44')), ('interA', ('16', '9'))], '2': [('interA', ('20', '59')), ('interA', ('16', '26'))], '3': [], '4': [('interA', ('16', '40')), ('interA', ('16', '53'))], '5': [('interA', ('21', '44')), ('interA', ('29', '59'))]}";"[['44', '59', '4', '16', '1', '52', '31', '25', '57', '58', '2', '60', '3'], ['38', '32', '12', '37', '13', '34', '30', '36', '33', '35', '39', '26', '7'], ['61', '45', '55', '10', '9', '41', '54', '56'], ['53', '51', '49', '50', '24', '29', '48', '47'], ['42', '43', '15', '40', '11', '46'], ['28', '20', '19', '27', '6'], ['14', '22', '23', '17', '18'], ['8', '5', '21']]";"[['44', '59', '4', '38', '16', '1', '52', '31', '25', '57', '58', '2', '60', '3'], ['32', '12', '37', '34', '13', '30', '36', '33', '35', '39', '26', '7'], ['61', '45', '55', '10', '9', '41', '54', '56'], ['53', '51', '49', '50', '24', '29', '48', '47'], ['42', '43', '15', '40', '11', '46'], ['28', '20', '19', '27', '6'], ['14', '22', '23', '17', '18'], ['8', '5', '21']]";"[['44', '59', '45', '4', '16', '1', '52', '31', '25', '57', '58', '2', '3'], ['38', '32', '12', '37', '13', '34', '30', '36', '33', '35', '39', '26', '7'], ['53', '51', '49', '50', '24', '29', '48', '47'], ['61', '55', '10', '9', '41', '54', '56'], ['42', '43', '15', '40', '11', '46'], ['14', '22', '23', '17', '60', '18'], ['28', '20', '19', '27', '6'], ['8', '5', '21']]";"[0, 0, 0, 0, 7, 5, 1, 7, 2, 2, 4, 1, 1, 6, 4, 0, 6, 6, 5, 5, 7, 6, 6, 3, 0, 1, 5, 5, 3, 1, 0, 1, 1, 1, 1, 1, 1, 1, 1, 4, 2, 4, 4, 0, 2, 4, 3, 3, 3, 3, 3, 0, 3, 2, 2, 2, 0, 0, 0, 0, 2]";"[0, 0, 0, 0, 7, 5, 1, 7, 2, 2, 4, 1, 1, 6, 4, 0, 6, 6, 5, 5, 7, 6, 6, 3, 0, 1, 5, 5, 3, 1, 0, 1, 1, 1, 1, 1, 1, 1, 1, 4, 2, 4, 4, 0, 2, 4, 3, 3, 3, 3, 3, 0, 3, 2, 2, 2, 0, 0, 0, 0, 2]";"[0, 0, 0, 0, 7, 5, 1, 7, 2, 2, 4, 1, 1, 6, 4, 0, 6, 6, 5, 5, 7, 6, 6, 3, 0, 1, 5, 5, 3, 1, 0, 1, 1, 1, 1, 1, 1, 0, 1, 4, 2, 4, 4, 0, 2, 4, 3, 3, 3, 3, 3, 0, 3, 2, 2, 2, 0, 0, 0, 0, 2]";"[0, 0, 0, 0, 7, 6, 1, 7, 3, 3, 4, 1, 1, 5, 4, 0, 5, 5, 6, 6, 7, 5, 5, 2, 0, 1, 6, 6, 2, 1, 0, 1, 1, 1, 1, 1, 1, 1, 1, 4, 3, 4, 4, 0, 0, 4, 2, 2, 2, 2, 2, 0, 2, 3, 3, 3, 0, 0, 0, 5, 3]"
17;0;"aucs";"scml";2;0.3492;0.3487;0.3379;0.3365;"{'44': 0.4166666666666667, '59': 0.3611111111111111, '4': 0.5833333333333333, '16': 0.3125, '1': 0.4583333333333333, '52': 0.4076086956521739, '31': 0.6151960784313726, '25': 0.44166666666666665, '57': 0.5189393939393939, '58': 0.6666666666666667, '2': 0.7083333333333333, '60': 0.75, '3': 0.5555555555555556}";"{'44': 0.45833333333333337, '59': 0.30833333333333335, '4': 0.5833333333333333, '16': 0.3125, '1': 0.4583333333333333, '52': 0.3977272727272727, '31': 0.625, '25': 0.4226190476190476, '57': 0.5189393939393939, '58': 0.6666666666666667, '2': 0.641025641025641, '60': 0.8333333333333333, '3': 0.5555555555555556}";"{'44': 0.4916666666666667, '59': 0.3611111111111111, '4': 0.5833333333333333, '16': 0.3125, '1': 0.4583333333333333, '52': 0.4076086956521739, '31': 0.6151960784313726, '25': 0.44166666666666665, '57': 0.5189393939393939, '58': 0.6666666666666667, '2': 0.7083333333333333, '60': 0.75, '3': 0.5555555555555556}";"{'44': 0.4916666666666667, '59': 0.4318181818181818, '4': 0.5833333333333333, '16': 0.45833333333333337, '1': 0.4583333333333333, '52': 0.4076086956521739, '31': 0.6151960784313726, '25': 0.44166666666666665, '57': 0.5189393939393939, '58': 0.6666666666666667, '2': 0.7083333333333333, '60': 0.75, '3': 0.5555555555555556}";0.0;0.2606837606837606;0.2719780219780219;0.0;0.9533567823826272;0.9017160686427456;1.0;0.9724260139477092;0.9444285160390063;1.0;1.0;0.9576279675448262;1.0;1.0;0.9805918365546696;1.0;0.0056;0.0439;0.008;"['44', '59', '4', '16', '1', '52', '31', '25', '57', '58', '2', '60', '3']";"{'1': [('interD', ('24', '52')), ('intraD', ('4', '52'))], '2': [('interA', ('31', '49')), ('interA', ('31', '33'))], '3': [('interA', ('33', '44')), ('interD', ('25', '47'))], '4': [('interD', ('29', '57')), ('interA', ('60', '9'))], '5': [('intraA', ('2', '59')), ('interD', ('52', '8'))]}";"{'1': [('interA', ('38', '44')), ('interA', ('32', '44'))], '2': [('intraD', ('16', '59')), ('intraD', ('52', '59'))], '3': [('interA', ('38', '44')), ('interA', ('32', '44'))], '4': [('interA', ('38', '44')), ('interA', ('32', '44'))], '5': [('interA', ('38', '44')), ('interA', ('32', '44'))]}";"{'1': [('interA', ('43', '44')), ('interA', ('14', '16'))], '2': [('interA', ('30', '59')), ('interA', ('16', '7'))], '3': [], '4': [('interA', ('16', '38')), ('interA', ('16', '35'))], '5': [('interA', ('44', '49')), ('interA', ('10', '59'))]}";"[['38', '32', '12', '37', '13', '34', '30', '36', '33', '35', '39', '26', '7'], ['44', '59', '4', '16', '1', '52', '31', '25', '57', '58', '2', '3'], ['61', '45', '55', '10', '9', '41', '60', '54', '56'], ['53', '51', '49', '50', '24', '29', '48', '47'], ['42', '43', '15', '40', '11', '46'], ['28', '20', '19', '27', '6'], ['14', '22', '23', '17', '18'], ['8', '5', '21']]";"[['44', '59', '4', '38', '16', '1', '52', '31', '25', '57', '58', '60', '3'], ['32', '12', '37', '34', '13', '30', '36', '33', '35', '39', '26', '7'], ['61', '45', '55', '10', '9', '41', '54', '56'], ['53', '51', '49', '50', '24', '29', '48', '47'], ['42', '2', '43', '15', '40', '11', '46'], ['28', '20', '19', '27', '6'], ['14', '22', '23', '17', '18'], ['8', '5', '21']]";"[['44', '59', '4', '16', '1', '52', '31', '25', '57', '58', '2', '60', '3'], ['38', '32', '12', '37', '13', '34', '30', '36', '33', '35', '39', '26', '7'], ['61', '45', '55', '10', '9', '41', '54', '56'], ['53', '51', '49', '50', '24', '29', '48', '47'], ['42', '43', '15', '40', '11', '46'], ['28', '20', '19', '27', '6'], ['14', '22', '23', '17', '18'], ['8', '5', '21']]";"[0, 0, 0, 0, 7, 5, 1, 7, 2, 2, 4, 1, 1, 6, 4, 0, 6, 6, 5, 5, 7, 6, 6, 3, 0, 1, 5, 5, 3, 1, 0, 1, 1, 1, 1, 1, 1, 1, 1, 4, 2, 4, 4, 0, 2, 4, 3, 3, 3, 3, 3, 0, 3, 2, 2, 2, 0, 0, 0, 0, 2]";"[1, 1, 1, 1, 7, 5, 0, 7, 2, 2, 4, 0, 0, 6, 4, 1, 6, 6, 5, 5, 7, 6, 6, 3, 1, 0, 5, 5, 3, 0, 1, 0, 0, 0, 0, 0, 0, 0, 0, 4, 2, 4, 4, 1, 2, 4, 3, 3, 3, 3, 3, 1, 3, 2, 2, 2, 1, 1, 1, 2, 2]";"[0, 4, 0, 0, 7, 5, 1, 7, 2, 2, 4, 1, 1, 6, 4, 0, 6, 6, 5, 5, 7, 6, 6, 3, 0, 1, 5, 5, 3, 1, 0, 1, 1, 1, 1, 1, 1, 0, 1, 4, 2, 4, 4, 0, 2, 4, 3, 3, 3, 3, 3, 0, 3, 2, 2, 2, 0, 0, 0, 0, 2]";"[0, 0, 0, 0, 7, 5, 1, 7, 2, 2, 4, 1, 1, 6, 4, 0, 6, 6, 5, 5, 7, 6, 6, 3, 0, 1, 5, 5, 3, 1, 0, 1, 1, 1, 1, 1, 1, 1, 1, 4, 2, 4, 4, 0, 2, 4, 3, 3, 3, 3, 3, 0, 3, 2, 2, 2, 0, 0, 0, 0, 2]"
18;0;"aucs";"scml";2;0.3492;0.3487;0.3344;0.3383;"{'44': 0.4166666666666667, '59': 0.3611111111111111, '4': 0.5833333333333333, '16': 0.3125, '1': 0.4583333333333333, '52': 0.4076086956521739, '31': 0.6151960784313726, '25': 0.44166666666666665, '57': 0.5189393939393939, '58': 0.6666666666666667, '2': 0.7083333333333333, '60': 0.75, '3': 0.5555555555555556}";"{'44': 0.4166666666666667, '59': 0.3611111111111111, '4': 0.5833333333333333, '16': 0.25, '1': 0.4166666666666667, '52': 0.46212121212121215, '31': 0.6151960784313726, '25': 0.4807692307692308, '57': 0.45833333333333337, '58': 0.6666666666666667, '2': 0.7083333333333333, '60': 0.8333333333333333, '3': 0.5555555555555556}";"{'44': 0.4916666666666667, '59': 0.3611111111111111, '4': 0.5833333333333333, '16': 0.3125, '1': 0.4583333333333333, '52': 0.4076086956521739, '31': 0.6151960784313726, '25': 0.44166666666666665, '57': 0.5189393939393939, '58': 0.6666666666666667, '2': 0.7083333333333333, '60': 0.75, '3': 0.5555555555555556}";"{'44': 0.4916666666666667, '59': 0.4318181818181818, '4': 0.5833333333333333, '16': 0.4318181818181818, '1': 0.4583333333333333, '52': 0.4076086956521739, '31': 0.6151960784313726, '25': 0.44166666666666665, '57': 0.5189393939393939, '58': 0.6666666666666667, '2': 0.7083333333333333, '60': 0.75, '3': 0.5555555555555556}";0.0;0.2706043956043956;0.2660256410256409;0.0;0.9421859401261168;0.9038927102947392;1.0;0.9704540309019282;0.9451584518493196;1.0;1.0;0.9576279675448262;1.0;1.0;0.9805918365546696;1.0;0.0052;0.0442;0.0073;"['44', '59', '4', '16', '1', '52', '31', '25', '57', '58', '2', '60', '3']";"{'1': [('intraA', ('1', '57')), ('interD', ('31', '35'))], '2': [('interD', ('3', '45')), ('interD', ('16', '5'))], '3': [('interD', ('25', '47')), ('interA', ('36', '60'))], '4': [('interA', ('25', '26')), ('intraD', ('31', '57'))], '5': [('intraD', ('25', '52')), ('interD', ('14', '25'))]}";"{'1': [('interA', ('38', '44')), ('interA', ('32', '44'))], '2': [('intraD', ('16', '59')), ('intraD', ('52', '59'))], '3': [('interA', ('38', '44')), ('interA', ('32', '44'))], '4': [('interA', ('38', '44')), ('interA', ('32', '44'))], '5': [('interA', ('38', '44')), ('interA', ('32', '44'))]}";"{'1': [('interA', ('44', '45')), ('interA', ('16', '36'))], '2': [('interA', ('10', '59')), ('interA', ('16', '34'))], '3': [], '4': [('interA', ('16', '34')), ('interA', ('16', '45'))], '5': [('interA', ('38', '44')), ('interA', ('14', '59'))]}";"[['38', '32', '12', '37', '13', '34', '30', '36', '33', '35', '60', '39', '26', '7'], ['44', '59', '4', '16', '1', '52', '31', '25', '57', '58', '2', '3'], ['61', '45', '55', '10', '9', '41', '54', '56'], ['53', '51', '49', '50', '24', '29', '48', '47'], ['42', '43', '15', '40', '11', '46'], ['28', '20', '19', '27', '6'], ['14', '22', '23', '17', '18'], ['8', '5', '21']]";"[['44', '59', '4', '38', '16', '1', '52', '31', '25', '57', '58', '2', '3'], ['32', '12', '37', '34', '13', '30', '36', '33', '35', '39', '26', '7'], ['61', '45', '55', '10', '9', '41', '54', '56'], ['53', '51', '49', '50', '24', '29', '48', '47'], ['42', '43', '15', '40', '11', '46'], ['14', '22', '23', '17', '60', '18'], ['28', '20', '19', '27', '6'], ['8', '5', '21']]";"[['44', '59', '4', '16', '1', '52', '31', '25', '57', '58', '2', '60', '3'], ['38', '32', '12', '37', '13', '34', '30', '36', '33', '35', '39', '26', '7'], ['61', '45', '55', '10', '9', '41', '54', '56'], ['53', '51', '49', '50', '24', '29', '48', '47'], ['42', '43', '15', '40', '11', '46'], ['28', '20', '19', '27', '6'], ['14', '22', '23', '17', '18'], ['8', '5', '21']]";"[0, 0, 0, 0, 7, 5, 1, 7, 2, 2, 4, 1, 1, 6, 4, 0, 6, 6, 5, 5, 7, 6, 6, 3, 0, 1, 5, 5, 3, 1, 0, 1, 1, 1, 1, 1, 1, 1, 1, 4, 2, 4, 4, 0, 2, 4, 3, 3, 3, 3, 3, 0, 3, 2, 2, 2, 0, 0, 0, 0, 2]";"[1, 1, 1, 1, 7, 5, 0, 7, 2, 2, 4, 0, 0, 6, 4, 1, 6, 6, 5, 5, 7, 6, 6, 3, 1, 0, 5, 5, 3, 0, 1, 0, 0, 0, 0, 0, 0, 0, 0, 4, 2, 4, 4, 1, 2, 4, 3, 3, 3, 3, 3, 1, 3, 2, 2, 2, 1, 1, 1, 0, 2]";"[0, 0, 0, 0, 7, 6, 1, 7, 2, 2, 4, 1, 1, 5, 4, 0, 5, 5, 6, 6, 7, 5, 5, 3, 0, 1, 6, 6, 3, 1, 0, 1, 1, 1, 1, 1, 1, 0, 1, 4, 2, 4, 4, 0, 2, 4, 3, 3, 3, 3, 3, 0, 3, 2, 2, 2, 0, 0, 0, 5, 2]";"[0, 0, 0, 0, 7, 5, 1, 7, 2, 2, 4, 1, 1, 6, 4, 0, 6, 6, 5, 5, 7, 6, 6, 3, 0, 1, 5, 5, 3, 1, 0, 1, 1, 1, 1, 1, 1, 1, 1, 4, 2, 4, 4, 0, 2, 4, 3, 3, 3, 3, 3, 0, 3, 2, 2, 2, 0, 0, 0, 0, 2]"
19;0;"aucs";"scml";2;0.3492;0.3508;0.3385;0.3405;"{'44': 0.4166666666666667, '59': 0.3611111111111111, '4': 0.5833333333333333, '16': 0.3125, '1': 0.4583333333333333, '52': 0.4076086956521739, '31': 0.6151960784313726, '25': 0.44166666666666665, '57': 0.5189393939393939, '58': 0.6666666666666667, '2': 0.7083333333333333, '60': 0.75, '3': 0.5555555555555556}";"{'44': 0.4166666666666667, '59': 0.3611111111111111, '4': 0.5833333333333333, '16': 0.21666666666666667, '1': 0.4583333333333333, '52': 0.4076086956521739, '31': 0.5555555555555556, '25': 0.44166666666666665, '57': 0.5189393939393939, '58': 0.5892857142857143, '2': 0.641025641025641, '60': 0.625, '3': 0.5657894736842105}";"{'44': 0.4916666666666667, '59': 0.3611111111111111, '4': 0.5833333333333333, '16': 0.3125, '1': 0.4583333333333333, '52': 0.4076086956521739, '31': 0.6151960784313726, '25': 0.44166666666666665, '57': 0.5189393939393939, '58': 0.6666666666666667, '2': 0.7083333333333333, '60': 0.75, '3': 0.5555555555555556}";"{'44': 0.4916666666666667, '59': 0.4318181818181818, '4': 0.5833333333333333, '16': 0.45833333333333337, '1': 0.4583333333333333, '52': 0.4076086956521739, '31': 0.6151960784313726, '25': 0.44166666666666665, '57': 0.5189393939393939, '58': 0.6666666666666667, '2': 0.7083333333333333, '60': 0.75, '3': 0.5555555555555556}";0.0;0.0;0.3725579975579976;0.2527472527472527;1.0;0.865007570757464;0.9578783151326054;1.0;0.9196499876636018;0.9735669463265088;1.0;0.9576279675448262;1.0;1.0;0.9805918365546696;1.0;0.006;0.0429;0.0074;"['44', '59', '4', '16', '1', '52', '31', '25', '57', '58', '2', '60', '3']";"{'1': [('interA', ('3', '30')), ('interD', ('4', '45'))], '2': [('intraA', ('3', '60')), ('intraA', ('2', '52'))], '3': [('intraA', ('16', '58')), ('intraA', ('16', '2'))], '4': [('intraD', ('31', '57')), ('intraD', ('16', '31'))], '5': [('intraA', ('31', '60')), ('intraD', ('25', '3'))]}";"{'1': [('interA', ('38', '44')), ('interA', ('32', '44'))], '2': [('intraD', ('16', '59')), ('intraD', ('52', '59'))], '3': [('interA', ('38', '44')), ('interA', ('32', '44'))], '4': [('interA', ('38', '44')), ('interA', ('32', '44'))], '5': [('interA', ('38', '44')), ('interA', ('32', '44'))]}";"{'1': [('interA', ('29', '44')), ('interA', ('16', '24'))], '2': [('interA', ('59', '7')), ('interA', ('16', '7'))], '3': [], '4': [('interA', ('16', '26')), ('interA', ('16', '18'))], '5': [('interA', ('44', '5')), ('interA', ('49', '59'))]}";"[['44', '59', '4', '16', '1', '52', '31', '25', '57', '58', '2', '60', '3'], ['38', '32', '12', '37', '13', '34', '30', '36', '33', '35', '39', '26', '7'], ['61', '45', '55', '10', '9', '41', '54', '56'], ['53', '51', '49', '50', '24', '29', '48', '47'], ['42', '43', '15', '40', '11', '46'], ['28', '20', '19', '27', '6'], ['14', '22', '23', '17', '18'], ['8', '5', '21']]";"[['44', '59', '4', '38', '16', '1', '52', '31', '25', '57', '58', '3'], ['32', '12', '37', '34', '13', '30', '36', '33', '35', '39', '26', '7'], ['61', '45', '55', '10', '9', '41', '54', '56'], ['53', '51', '49', '50', '24', '29', '48', '47'], ['42', '2', '43', '15', '40', '11', '46'], ['14', '22', '23', '17', '60', '18'], ['28', '20', '19', '27', '6'], ['8', '5', '21']]";"[['38', '32', '12', '37', '13', '34', '30', '36', '33', '35', '39', '26', '7'], ['44', '59', '4', '16', '1', '52', '31', '25', '57', '58', '60', '3'], ['61', '45', '55', '10', '9', '41', '54', '56'], ['53', '51', '49', '50', '24', '29', '48', '47'], ['42', '2', '43', '15', '40', '11', '46'], ['28', '20', '19', '27', '6'], ['14', '22', '23', '17', '18'], ['8', '5', '21']]";"[0, 0, 0, 0, 7, 5, 1, 7, 2, 2, 4, 1, 1, 6, 4, 0, 6, 6, 5, 5, 7, 6, 6, 3, 0, 1, 5, 5, 3, 1, 0, 1, 1, 1, 1, 1, 1, 1, 1, 4, 2, 4, 4, 0, 2, 4, 3, 3, 3, 3, 3, 0, 3, 2, 2, 2, 0, 0, 0, 0, 2]";"[0, 0, 0, 0, 7, 5, 1, 7, 2, 2, 4, 1, 1, 6, 4, 0, 6, 6, 5, 5, 7, 6, 6, 3, 0, 1, 5, 5, 3, 1, 0, 1, 1, 1, 1, 1, 1, 1, 1, 4, 2, 4, 4, 0, 2, 4, 3, 3, 3, 3, 3, 0, 3, 2, 2, 2, 0, 0, 0, 0, 2]";"[0, 4, 0, 0, 7, 6, 1, 7, 2, 2, 4, 1, 1, 5, 4, 0, 5, 5, 6, 6, 7, 5, 5, 3, 0, 1, 6, 6, 3, 1, 0, 1, 1, 1, 1, 1, 1, 0, 1, 4, 2, 4, 4, 0, 2, 4, 3, 3, 3, 3, 3, 0, 3, 2, 2, 2, 0, 0, 0, 5, 2]";"[1, 4, 1, 1, 7, 5, 0, 7, 2, 2, 4, 0, 0, 6, 4, 1, 6, 6, 5, 5, 7, 6, 6, 3, 1, 0, 5, 5, 3, 0, 1, 0, 0, 0, 0, 0, 0, 0, 0, 4, 2, 4, 4, 1, 2, 4, 3, 3, 3, 3, 3, 1, 3, 2, 2, 2, 1, 1, 1, 1, 2]"
0;1;"aucs";"scml";2;0.3492;0.3598;0.3433;0.3358;"{'38': 0.4226190476190476, '32': 0.3214285714285714, '12': 0.125, '37': 0.2916666666666667, '13': 0.3205128205128205, '34': 0.26785714285714285, '30': 0.08012820512820512, '36': 0.14166666666666666, '33': 0.17045454545454547, '35': 0.293859649122807, '39': 0.30833333333333335, '26': 0.3472222222222222, '7': 0.17045454545454547}";"{'38': 0.4226190476190476, '32': 0.3214285714285714, '12': 0.125, '37': 0.2916666666666667, '13': 0.3205128205128205, '34': 0.26785714285714285, '30': 0.08012820512820512, '36': 0.14166666666666666, '33': 0.20833333333333331, '35': 0.293859649122807, '39': 0.30833333333333335, '26': 0.36184210526315785, '7': 0.17045454545454547}";"{'38': 0.48611111111111116, '32': 0.3214285714285714, '12': 0.125, '37': 0.2916666666666667, '13': 0.3205128205128205, '34': 0.26785714285714285, '30': 0.08012820512820512, '36': 0.14166666666666666, '33': 0.17045454545454547, '35': 0.293859649122807, '39': 0.30833333333333335, '26': 0.3472222222222222, '7': 0.17045454545454547}";"{'38': 0.4226190476190476, '32': 0.3333333333333333, '12': 0.23958333333333331, '37': 0.2916666666666667, '13': 0.34523809523809523, '34': 0.26785714285714285, '30': 0.11309523809523808, '36': 0.16666666666666666, '33': 0.17045454545454547, '35': 0.293859649122807, '39': 0.30833333333333335, '26': 0.3472222222222222, '7': 0.20833333333333331}";0.0;0.0;0.2051282051282051;0.0;0.9497152278177458;0.8143147049640962;0.9601506359758676;0.9652509365646912;0.8839842661805033;0.9742767326878776;0.92595244915497;0.7772951628825272;0.9407006085794865;0.9527613161300283;0.8722897765581499;0.965191383162516;0.0057;0.0472;0.0088;"['38', '32', '12', '37', '13', '34', '30', '36', '33', '35', '39', '26', '7']";"{'1': [('interD', ('26', '31')), ('interA', ('33', '48'))], '2': [('interA', ('35', '55')), ('intraD', ('12', '26'))], '3': [('intraD', ('12', '36')), ('intraA', ('35', '38'))], '4': [('interD', ('37', '51')), ('interD', ('29', '35'))], '5': [('interA', ('26', '43')), ('intraD', ('35', '37'))]}";"{'1': [('interA', ('38', '44')), ('interA', ('38', '4'))], '2': [('interA', ('38', '53')), ('interA', ('38', '51'))], '3': [('interA', ('38', '53')), ('interA', ('38', '51'))], '4': [('interA', ('38', '53')), ('interA', ('38', '51'))], '5': [('interA', ('38', '44')), ('interA', ('38', '59'))]}";"{'1': [('interA', ('12', '17')), ('interA', ('21', '36'))], '2': [('interA', ('12', '47')), ('interA', ('13', '25'))], '3': [('interA', ('32', '43')), ('interA', ('12', '28'))], '4': [('interA', ('12', '42')), ('interA', ('14', '34'))], '5': [('interA', ('24', '30')), ('interA', ('42', '7'))]}";"[['44', '59', '4', '16', '1', '52', '31', '25', '57', '58', '2', '60', '3'], ['38', '32', '12', '37', '13', '34', '30', '36', '33', '35', '39', '26', '7'], ['21', '14', '8', '22', '17', '23', '5', '18'], ['53', '51', '49', '50', '24', '29', '48', '47'], ['61', '55', '10', '9', '41', '54', '56'], ['42', '43', '15', '40', '11', '46'], ['28', '20', '19', '27', '6'], ['45']]";"[['32', '12', '37', '34', '13', '30', '36', '33', '35', '39', '26', '7'], ['44', '59', '4', '16', '1', '52', '31', '25', '57', '58', '3'], ['21', '14', '8', '22', '17', '23', '60', '5', '18'], ['61', '45', '55', '10', '9', '41', '54', '56'], ['42', '2', '43', '15', '40', '11', '46'], ['49', '50', '24', '29', '48', '47'], ['28', '20', '19', '27', '6'], ['53', '51', '38']]";"[['38', '32', '12', '37', '13', '34', '30', '36', '33', '35', '39', '26', '7'], ['44', '59', '4', '16', '1', '52', '31', '25', '57', '58', '2', '3'], ['61', '45', '55', '10', '9', '41', '54', '56'], ['53', '51', '49', '50', '24', '29', '48', '47'], ['42', '43', '15', '40', '11', '46'], ['14', '22', '23', '17', '60', '18'], ['28', '20', '19', '27', '6'], ['8', '5', '21']]";"[0, 0, 0, 0, 7, 5, 1, 7, 2, 2, 4, 1, 1, 6, 4, 0, 6, 6, 5, 5, 7, 6, 6, 3, 0, 1, 5, 5, 3, 1, 0, 1, 1, 1, 1, 1, 1, 1, 1, 4, 2, 4, 4, 0, 2, 4, 3, 3, 3, 3, 3, 0, 3, 2, 2, 2, 0, 0, 0, 0, 2]";"[0, 0, 0, 0, 2, 6, 1, 2, 4, 4, 5, 1, 1, 2, 5, 0, 2, 2, 6, 6, 2, 2, 2, 3, 0, 1, 6, 6, 3, 1, 0, 1, 1, 1, 1, 1, 1, 1, 1, 5, 4, 5, 5, 0, 7, 5, 3, 3, 3, 3, 3, 0, 3, 4, 4, 4, 0, 0, 0, 0, 4]";"[1, 4, 1, 1, 2, 6, 0, 2, 3, 3, 4, 0, 0, 2, 4, 1, 2, 2, 6, 6, 2, 2, 2, 5, 1, 0, 6, 6, 5, 0, 1, 0, 0, 0, 0, 0, 0, 7, 0, 4, 3, 4, 4, 1, 3, 4, 5, 5, 5, 5, 7, 1, 7, 3, 3, 3, 1, 1, 1, 2, 3]";"[1, 1, 1, 1, 7, 6, 0, 7, 2, 2, 4, 0, 0, 5, 4, 1, 5, 5, 6, 6, 7, 5, 5, 3, 1, 0, 6, 6, 3, 0, 1, 0, 0, 0, 0, 0, 0, 0, 0, 4, 2, 4, 4, 1, 2, 4, 3, 3, 3, 3, 3, 1, 3, 2, 2, 2, 1, 1, 1, 5, 2]"
1;1;"aucs";"scml";2;0.3492;0.345;0.3292;0.3359;"{'38': 0.4226190476190476, '32': 0.3214285714285714, '12': 0.125, '37': 0.2916666666666667, '13': 0.3205128205128205, '34': 0.26785714285714285, '30': 0.08012820512820512, '36': 0.14166666666666666, '33': 0.17045454545454547, '35': 0.293859649122807, '39': 0.30833333333333335, '26': 0.3472222222222222, '7': 0.17045454545454547}";"{'38': 0.4226190476190476, '32': 0.3214285714285714, '12': 0.125, '37': 0.3333333333333333, '13': 0.34523809523809523, '34': 0.21666666666666667, '30': 0.08012820512820512, '36': 0.18872549019607843, '33': 0.17045454545454547, '35': 0.293859649122807, '39': 0.30833333333333335, '26': 0.36184210526315785, '7': 0.17045454545454547}";"{'38': 0.48611111111111116, '32': 0.3214285714285714, '12': 0.125, '37': 0.2916666666666667, '13': 0.3205128205128205, '34': 0.26785714285714285, '30': 0.08012820512820512, '36': 0.14166666666666666, '33': 0.17045454545454547, '35': 0.293859649122807, '39': 0.30833333333333335, '26': 0.3472222222222222, '7': 0.17045454545454547}";"{'38': 0.4226190476190476, '32': 0.3333333333333333, '12': 0.23958333333333331, '37': 0.2916666666666667, '13': 0.34523809523809523, '34': 0.29166666666666663, '30': 0.11309523809523808, '36': 0.16666666666666666, '33': 0.17045454545454547, '35': 0.293859649122807, '39': 0.30833333333333335, '26': 0.3472222222222222, '7': 0.20833333333333331}";0.0;0.0;0.2051282051282051;0.0;0.9601506359758676;0.8168497228495175;0.9578783151326054;0.9742767326878776;0.883767497386155;0.9735669463265088;0.9407006085794865;0.7815223707147008;0.9373642645607108;0.965191383162516;0.8719402090007169;0.9642221589109262;0.0056;0.0428;0.0094;"['38', '32', '12', '37', '13', '34', '30', '36', '33', '35', '39', '26', '7']";"{'1': [('interA', ('23', '36')), ('intraD', ('13', '37'))], '2': [('interD', ('3', '37')), ('intraD', ('12', '30'))], '3': [('intraA', ('13', '34')), ('interA', ('13', '58'))], '4': [('interA', ('26', '50')), ('interD', ('26', '31'))], '5': [('interA', ('36', '55')), ('interD', ('15', '37'))]}";"{'1': [('interA', ('38', '44')), ('interA', ('38', '4'))], '2': [('interA', ('38', '53')), ('interA', ('38', '51'))], '3': [('interA', ('38', '53')), ('interA', ('38', '51'))], '4': [('interA', ('38', '53')), ('interA', ('38', '51'))], '5': [('interA', ('38', '44')), ('interA', ('38', '59'))]}";"{'1': [('interA', ('12', '31')), ('interA', ('28', '36'))], '2': [('interA', ('12', '43')), ('interA', ('13', '31'))], '3': [('interA', ('3', '32')), ('interA', ('12', '51'))], '4': [('interA', ('12', '24')), ('interA', ('34', '46'))], '5': [('interA', ('30', '58')), ('interA', ('24', '7'))]}";"[['38', '32', '12', '37', '13', '34', '30', '36', '33', '35', '39', '26', '7'], ['44', '59', '4', '16', '1', '52', '31', '25', '57', '58', '2', '3'], ['61', '45', '55', '10', '9', '41', '54', '56'], ['53', '51', '49', '50', '24', '29', '48', '47'], ['42', '43', '15', '40', '11', '46'], ['14', '22', '23', '17', '60', '18'], ['28', '20', '19', '27', '6'], ['8', '5', '21']]";"[['44', '59', '45', '4', '16', '1', '52', '31', '25', '57', '58', '60', '3'], ['32', '12', '37', '34', '13', '30', '36', '33', '35', '39', '26', '7'], ['21', '14', '8', '22', '17', '23', '5', '18'], ['42', '2', '43', '15', '40', '11', '46'], ['61', '55', '10', '9', '41', '54', '56'], ['49', '50', '24', '29', '48', '47'], ['28', '20', '19', '27', '6'], ['53', '51', '38']]";"[['38', '32', '12', '37', '13', '34', '30', '36', '33', '35', '39', '26', '7'], ['44', '59', '4', '16', '1', '52', '31', '25', '57', '58', '60', '3'], ['61', '45', '55', '10', '9', '41', '54', '56'], ['53', '51', '49', '50', '24', '29', '48', '47'], ['42', '2', '43', '15', '40', '11', '46'], ['28', '20', '19', '27', '6'], ['14', '22', '23', '17', '18'], ['8', '5', '21']]";"[0, 0, 0, 0, 7, 5, 1, 7, 2, 2, 4, 1, 1, 6, 4, 0, 6, 6, 5, 5, 7, 6, 6, 3, 0, 1, 5, 5, 3, 1, 0, 1, 1, 1, 1, 1, 1, 1, 1, 4, 2, 4, 4, 0, 2, 4, 3, 3, 3, 3, 3, 0, 3, 2, 2, 2, 0, 0, 0, 0, 2]";"[1, 1, 1, 1, 7, 6, 0, 7, 2, 2, 4, 0, 0, 5, 4, 1, 5, 5, 6, 6, 7, 5, 5, 3, 1, 0, 6, 6, 3, 0, 1, 0, 0, 0, 0, 0, 0, 0, 0, 4, 2, 4, 4, 1, 2, 4, 3, 3, 3, 3, 3, 1, 3, 2, 2, 2, 1, 1, 1, 5, 2]";"[0, 3, 0, 0, 2, 6, 1, 2, 4, 4, 3, 1, 1, 2, 3, 0, 2, 2, 6, 6, 2, 2, 2, 5, 0, 1, 6, 6, 5, 1, 0, 1, 1, 1, 1, 1, 1, 7, 1, 3, 4, 3, 3, 0, 0, 3, 5, 5, 5, 5, 7, 0, 7, 4, 4, 4, 0, 0, 0, 0, 4]";"[1, 4, 1, 1, 7, 5, 0, 7, 2, 2, 4, 0, 0, 6, 4, 1, 6, 6, 5, 5, 7, 6, 6, 3, 1, 0, 5, 5, 3, 0, 1, 0, 0, 0, 0, 0, 0, 0, 0, 4, 2, 4, 4, 1, 2, 4, 3, 3, 3, 3, 3, 1, 3, 2, 2, 2, 1, 1, 1, 1, 2]"
2;1;"aucs";"scml";2;0.3492;0.3717;0.3371;0.3203;"{'38': 0.4226190476190476, '32': 0.3214285714285714, '12': 0.125, '37': 0.2916666666666667, '13': 0.3205128205128205, '34': 0.26785714285714285, '30': 0.08012820512820512, '36': 0.14166666666666666, '33': 0.17045454545454547, '35': 0.293859649122807, '39': 0.30833333333333335, '26': 0.3472222222222222, '7': 0.17045454545454547}";"{'38': 0.4226190476190476, '32': 0.3214285714285714, '12': 0.16025641025641024, '37': 0.2807971014492754, '13': 0.3205128205128205, '34': 0.26785714285714285, '30': 0.041666666666666664, '36': 0.14166666666666666, '33': 0.17045454545454547, '35': 0.293859649122807, '39': 0.30833333333333335, '26': 0.3472222222222222, '7': 0.17045454545454547}";"{'38': 0.48611111111111116, '32': 0.3214285714285714, '12': 0.125, '37': 0.2916666666666667, '13': 0.3205128205128205, '34': 0.26785714285714285, '30': 0.08012820512820512, '36': 0.14166666666666666, '33': 0.17045454545454547, '35': 0.293859649122807, '39': 0.30833333333333335, '26': 0.3472222222222222, '7': 0.17045454545454547}";"{'38': 0.4226190476190476, '32': 0.3333333333333333, '12': 0.23958333333333331, '37': 0.2916666666666667, '13': 0.34523809523809523, '34': 0.29166666666666663, '30': 0.11309523809523808, '36': 0.16666666666666666, '33': 0.17045454545454547, '35': 0.293859649122807, '39': 0.30833333333333335, '26': 0.3472222222222222, '7': 0.20833333333333331}";0.0;0.0;0.2259615384615384;0.0;0.8444125617726765;0.8823336438909811;0.9163258566819924;0.9219837301718088;0.9249309317595802;0.9471583993629064;0.7647794807632156;0.8799459080436742;0.8759288228392648;0.8948832263409557;0.9301362686695004;0.9284414889563452;0.0054;0.0435;0.0096;"['38', '32', '12', '37', '13', '34', '30', '36', '33', '35', '39', '26', '7']";"{'1': [('interD', ('30', '31')), ('intraD', ('37', '39'))], '2': [('intraD', ('32', '36')), ('intraA', ('33', '38'))], '3': [('intraA', ('35', '38')), ('intraA', ('37', '7'))], '4': [('interA', ('12', '15')), ('interD', ('30', '31'))], '5': [('interD', ('37', '45')), ('intraD', ('13', '32'))]}";"{'1': [('interA', ('38', '44')), ('interA', ('38', '4'))], '2': [('interA', ('38', '53')), ('interA', ('38', '51'))], '3': [('interA', ('38', '53')), ('interA', ('38', '51'))], '4': [('interA', ('38', '53')), ('interA', ('38', '51'))], '5': [('interA', ('38', '44')), ('interA', ('38', '59'))]}";"{'1': [('interA', ('12', '40')), ('interA', ('36', '47'))], '2': [('interA', ('12', '42')), ('interA', ('13', '18'))], '3': [('interA', ('32', '50')), ('interA', ('12', '55'))], '4': [('interA', ('12', '20')), ('interA', ('34', '55'))], '5': [('interA', ('29', '30')), ('interA', ('21', '7'))]}";"[['38', '32', '12', '37', '13', '34', '30', '36', '33', '35', '39', '26', '7'], ['61', '45', '55', '10', '9', '41', '54', '56'], ['53', '51', '49', '50', '24', '29', '48', '47'], ['4', '1', '14', '58', '2', '60', '3'], ['8', '21', '22', '17', '23', '5', '18'], ['44', '59', '16', '52', '31', '25', '57'], ['42', '43', '15', '40', '11', '46'], ['28', '20', '19', '27', '6']]";"[['32', '12', '37', '34', '13', '30', '36', '33', '35', '39', '26', '7'], ['44', '59', '4', '16', '1', '52', '31', '25', '57', '58', '3'], ['61', '45', '55', '10', '9', '41', '54', '56'], ['53', '51', '49', '50', '24', '29', '48', '47'], ['42', '2', '43', '15', '40', '11', '46'], ['14', '22', '23', '17', '60', '18'], ['28', '20', '19', '27', '6'], ['8', '5', '38', '21']]";"[['44', '59', '45', '4', '16', '1', '52', '31', '25', '57', '58', '2', '3'], ['38', '32', '12', '37', '13', '34', '30', '36', '33', '35', '39', '26', '7'], ['53', '51', '49', '50', '24', '29', '48', '47'], ['61', '55', '10', '9', '41', '54', '56'], ['42', '43', '15', '40', '11', '46'], ['14', '22', '23', '17', '60', '18'], ['28', '20', '19', '27', '6'], ['8', '5', '21']]";"[0, 0, 0, 0, 7, 5, 1, 7, 2, 2, 4, 1, 1, 6, 4, 0, 6, 6, 5, 5, 7, 6, 6, 3, 0, 1, 5, 5, 3, 1, 0, 1, 1, 1, 1, 1, 1, 1, 1, 4, 2, 4, 4, 0, 2, 4, 3, 3, 3, 3, 3, 0, 3, 2, 2, 2, 0, 0, 0, 0, 2]";"[3, 3, 3, 3, 4, 7, 0, 4, 1, 1, 6, 0, 0, 3, 6, 5, 4, 4, 7, 7, 4, 4, 4, 2, 5, 0, 7, 7, 2, 0, 5, 0, 0, 0, 0, 0, 0, 0, 0, 6, 1, 6, 6, 5, 1, 6, 2, 2, 2, 2, 2, 5, 2, 1, 1, 1, 5, 3, 5, 3, 1]";"[1, 4, 1, 1, 7, 6, 0, 7, 2, 2, 4, 0, 0, 5, 4, 1, 5, 5, 6, 6, 7, 5, 5, 3, 1, 0, 6, 6, 3, 0, 1, 0, 0, 0, 0, 0, 0, 7, 0, 4, 2, 4, 4, 1, 2, 4, 3, 3, 3, 3, 3, 1, 3, 2, 2, 2, 1, 1, 1, 5, 2]";"[0, 0, 0, 0, 7, 6, 1, 7, 3, 3, 4, 1, 1, 5, 4, 0, 5, 5, 6, 6, 7, 5, 5, 2, 0, 1, 6, 6, 2, 1, 0, 1, 1, 1, 1, 1, 1, 1, 1, 4, 3, 4, 4, 0, 0, 4, 2, 2, 2, 2, 2, 0, 2, 3, 3, 3, 0, 0, 0, 5, 3]"
3;1;"aucs";"scml";2;0.3492;0.3474;0.3297;0.3372;"{'38': 0.4226190476190476, '32': 0.3214285714285714, '12': 0.125, '37': 0.2916666666666667, '13': 0.3205128205128205, '34': 0.26785714285714285, '30': 0.08012820512820512, '36': 0.14166666666666666, '33': 0.17045454545454547, '35': 0.293859649122807, '39': 0.30833333333333335, '26': 0.3472222222222222, '7': 0.17045454545454547}";"{'38': 0.44166666666666665, '32': 0.30833333333333335, '12': 0.125, '37': 0.2916666666666667, '13': 0.3205128205128205, '34': 0.26785714285714285, '30': 0.08012820512820512, '36': 0.14166666666666666, '33': 0.17045454545454547, '35': 0.293859649122807, '39': 0.30833333333333335, '26': 0.3472222222222222, '7': 0.20833333333333331}";"{'38': 0.48611111111111116, '32': 0.3214285714285714, '12': 0.125, '37': 0.2916666666666667, '13': 0.3205128205128205, '34': 0.26785714285714285, '30': 0.08012820512820512, '36': 0.14166666666666666, '33': 0.17045454545454547, '35': 0.293859649122807, '39': 0.30833333333333335, '26': 0.3472222222222222, '7': 0.17045454545454547}";"{'38': 0.4226190476190476, '32': 0.3333333333333333, '12': 0.23958333333333331, '37': 0.2916666666666667, '13': 0.34523809523809523, '34': 0.29166666666666663, '30': 0.11309523809523808, '36': 0.16666666666666666, '33': 0.17045454545454547, '35': 0.293859649122807, '39': 0.30833333333333335, '26': 0.3472222222222222, '7': 0.20833333333333331}";0.0;0.0;0.2051282051282051;0.0;1.0;0.7730349852720789;0.9196165572838612;1.0;0.8571756555088811;0.9483283911785468;1.0;0.7173934298005475;0.8799459080436742;1.0;0.8356829293351896;0.9301362686695004;0.0055;0.045;0.0099;"['38', '32', '12', '37', '13', '34', '30', '36', '33', '35', '39', '26', '7']";"{'1': [('interA', ('19', '38')), ('intraD', ('35', '36'))], '2': [('intraD', ('32', '37')), ('intraA', ('35', '7'))], '3': [('interA', ('37', '58')), ('intraA', ('30', '33'))], '4': [('interA', ('25', '7')), ('interD', ('37', '51'))], '5': [('interD', ('32', '40')), ('intraD', ('35', '38'))]}";"{'1': [('interA', ('38', '44')), ('interA', ('38', '4'))], '2': [('interA', ('38', '53')), ('interA', ('38', '51'))], '3': [('interA', ('38', '53')), ('interA', ('38', '51'))], '4': [('interA', ('38', '53')), ('interA', ('38', '51'))], '5': [('interA', ('38', '44')), ('interA', ('38', '59'))]}";"{'1': [('interA', ('12', '46')), ('interA', ('22', '36'))], '2': [('interA', ('12', '41')), ('interA', ('13', '21'))], '3': [('interA', ('32', '8')), ('interA', ('12', '4'))], '4': [('interA', ('12', '56')), ('interA', ('34', '46'))], '5': [('interA', ('30', '58')), ('interA', ('54', '7'))]}";"[['44', '59', '4', '16', '1', '52', '31', '25', '57', '58', '2', '60', '3'], ['38', '32', '12', '37', '13', '34', '30', '36', '33', '35', '39', '26', '7'], ['61', '45', '55', '10', '9', '41', '54', '56'], ['53', '51', '49', '50', '24', '29', '48', '47'], ['42', '43', '15', '40', '11', '46'], ['28', '20', '19', '27', '6'], ['14', '22', '23', '17', '18'], ['8', '5', '21']]";"[['44', '59', '45', '4', '16', '1', '52', '31', '25', '57', '58', '3'], ['32', '12', '37', '34', '13', '30', '36', '33', '35', '39', '26', '7'], ['21', '14', '8', '22', '17', '23', '60', '5', '18'], ['42', '2', '43', '15', '40', '11', '46'], ['61', '55', '10', '9', '41', '54', '56'], ['49', '50', '24', '29', '48', '47'], ['28', '20', '19', '27', '6'], ['53', '51', '38']]";"[['38', '32', '12', '37', '13', '34', '30', '36', '33', '35', '39', '26', '7'], ['44', '59', '4', '16', '1', '52', '31', '25', '57', '58', '3'], ['61', '45', '55', '10', '9', '41', '54', '56'], ['53', '51', '49', '50', '24', '29', '48', '47'], ['42', '2', '43', '15', '40', '11', '46'], ['14', '22', '23', '17', '60', '18'], ['28', '20', '19', '27', '6'], ['8', '5', '21']]";"[0, 0, 0, 0, 7, 5, 1, 7, 2, 2, 4, 1, 1, 6, 4, 0, 6, 6, 5, 5, 7, 6, 6, 3, 0, 1, 5, 5, 3, 1, 0, 1, 1, 1, 1, 1, 1, 1, 1, 4, 2, 4, 4, 0, 2, 4, 3, 3, 3, 3, 3, 0, 3, 2, 2, 2, 0, 0, 0, 0, 2]";"[0, 0, 0, 0, 7, 5, 1, 7, 2, 2, 4, 1, 1, 6, 4, 0, 6, 6, 5, 5, 7, 6, 6, 3, 0, 1, 5, 5, 3, 1, 0, 1, 1, 1, 1, 1, 1, 1, 1, 4, 2, 4, 4, 0, 2, 4, 3, 3, 3, 3, 3, 0, 3, 2, 2, 2, 0, 0, 0, 0, 2]";"[0, 3, 0, 0, 2, 6, 1, 2, 4, 4, 3, 1, 1, 2, 3, 0, 2, 2, 6, 6, 2, 2, 2, 5, 0, 1, 6, 6, 5, 1, 0, 1, 1, 1, 1, 1, 1, 7, 1, 3, 4, 3, 3, 0, 0, 3, 5, 5, 5, 5, 7, 0, 7, 4, 4, 4, 0, 0, 0, 2, 4]";"[1, 4, 1, 1, 7, 6, 0, 7, 2, 2, 4, 0, 0, 5, 4, 1, 5, 5, 6, 6, 7, 5, 5, 3, 1, 0, 6, 6, 3, 0, 1, 0, 0, 0, 0, 0, 0, 0, 0, 4, 2, 4, 4, 1, 2, 4, 3, 3, 3, 3, 3, 1, 3, 2, 2, 2, 1, 1, 1, 5, 2]"
4;1;"aucs";"scml";2;0.3492;0.3292;0.3556;0.3324;"{'38': 0.4226190476190476, '32': 0.3214285714285714, '12': 0.125, '37': 0.2916666666666667, '13': 0.3205128205128205, '34': 0.26785714285714285, '30': 0.08012820512820512, '36': 0.14166666666666666, '33': 0.17045454545454547, '35': 0.293859649122807, '39': 0.30833333333333335, '26': 0.3472222222222222, '7': 0.17045454545454547}";"{'38': 0.4226190476190476, '32': 0.3333333333333333, '12': 0.16025641025641024, '37': 0.2807971014492754, '13': 0.3205128205128205, '34': 0.26785714285714285, '30': 0.125, '36': 0.14166666666666666, '33': 0.25757575757575757, '35': 0.293859649122807, '39': 0.3446969696969697, '26': 0.3472222222222222, '7': 0.17045454545454547}";"{'38': 0.48611111111111116, '32': 0.3214285714285714, '12': 0.125, '37': 0.2916666666666667, '13': 0.3205128205128205, '34': 0.26785714285714285, '30': 0.08012820512820512, '36': 0.14166666666666666, '33': 0.17045454545454547, '35': 0.293859649122807, '39': 0.30833333333333335, '26': 0.3472222222222222, '7': 0.17045454545454547}";"{'38': 0.4226190476190476, '32': 0.3333333333333333, '12': 0.23958333333333331, '37': 0.2916666666666667, '13': 0.34523809523809523, '34': 0.29166666666666663, '30': 0.11309523809523808, '36': 0.14166666666666666, '33': 0.17045454545454547, '35': 0.293859649122807, '39': 0.30833333333333335, '26': 0.3472222222222222, '7': 0.20833333333333331}";0.0;0.0;0.0;0.0357142857142857;0.9163258566819924;0.9085731414868106;0.9042190591689538;0.9471583993629064;0.9400399124781792;0.9451486693114128;0.8759288228392648;0.8653680893726726;0.8996543310288735;0.9284414889563452;0.9184888644687602;0.9469761691227492;0.0056;0.0436;0.0091;"['38', '32', '12', '37', '13', '34', '30', '36', '33', '35', '39', '26', '7']";"{'1': [('interD', ('37', '58')), ('intraD', ('30', '33'))], '2': [('interA', ('16', '39')), ('interD', ('14', '32'))], '3': [('interA', ('33', '56')), ('intraA', ('35', '38'))], '4': [('interA', ('12', '18')), ('intraD', ('37', '39'))], '5': [('intraA', ('12', '33')), ('interA', ('2', '32'))]}";"{'1': [('interA', ('38', '44')), ('interA', ('38', '4'))], '2': [('interA', ('38', '53')), ('interA', ('38', '51'))], '3': [('interA', ('38', '53')), ('interA', ('38', '51'))], '4': [('interA', ('38', '53')), ('interA', ('38', '51'))], '5': [('interA', ('38', '44')), ('interA', ('38', '59'))]}";"{'1': [('interA', ('12', '53')), ('interA', ('36', '54'))], '2': [('interA', ('12', '60')), ('interA', ('13', '2'))], '3': [('interA', ('32', '55')), ('interA', ('12', '55'))], '4': [('interA', ('12', '9')), ('interA', ('34', '61'))], '5': [('interA', ('30', '41')), ('interA', ('7', '8'))]}";"[['44', '59', '45', '4', '16', '1', '52', '31', '25', '57', '58', '2', '3'], ['38', '32', '12', '37', '13', '34', '30', '36', '33', '35', '39', '26', '7'], ['53', '51', '49', '50', '24', '29', '48', '47'], ['61', '55', '10', '9', '41', '54', '56'], ['42', '43', '15', '40', '11', '46'], ['14', '22', '23', '17', '60', '18'], ['28', '20', '19', '27', '6'], ['8', '5', '21']]";"[['44', '59', '4', '16', '1', '14', '31', '52', '25', '57', '58', '60', '3'], ['38', '32', '12', '37', '13', '34', '30', '36', '33', '35', '39', '26', '7'], ['61', '45', '55', '10', '9', '41', '54', '56'], ['53', '51', '49', '50', '24', '29', '48', '47'], ['8', '21', '22', '17', '23', '5', '18'], ['42', '43', '15', '40', '11', '46'], ['28', '20', '19', '27', '6'], ['2']]";"[['38', '32', '12', '37', '13', '34', '30', '36', '33', '35', '60', '39', '26', '7'], ['44', '59', '4', '16', '1', '52', '31', '25', '57', '58', '3'], ['61', '45', '55', '10', '9', '41', '54', '56'], ['53', '51', '49', '50', '24', '29', '48', '47'], ['28', '20', '27', '19', '2', '6'], ['42', '43', '15', '40', '11', '46'], ['14', '22', '23', '17', '18'], ['8', '5', '21']]";"[0, 0, 0, 0, 7, 5, 1, 7, 2, 2, 4, 1, 1, 6, 4, 0, 6, 6, 5, 5, 7, 6, 6, 3, 0, 1, 5, 5, 3, 1, 0, 1, 1, 1, 1, 1, 1, 1, 1, 4, 2, 4, 4, 0, 2, 4, 3, 3, 3, 3, 3, 0, 3, 2, 2, 2, 0, 0, 0, 0, 2]";"[0, 0, 0, 0, 7, 6, 1, 7, 3, 3, 4, 1, 1, 5, 4, 0, 5, 5, 6, 6, 7, 5, 5, 2, 0, 1, 6, 6, 2, 1, 0, 1, 1, 1, 1, 1, 1, 1, 1, 4, 3, 4, 4, 0, 0, 4, 2, 2, 2, 2, 2, 0, 2, 3, 3, 3, 0, 0, 0, 5, 3]";"[0, 7, 0, 0, 4, 6, 1, 4, 2, 2, 5, 1, 1, 0, 5, 0, 4, 4, 6, 6, 4, 4, 4, 3, 0, 1, 6, 6, 3, 1, 0, 1, 1, 1, 1, 1, 1, 1, 1, 5, 2, 5, 5, 0, 2, 5, 3, 3, 3, 3, 3, 0, 3, 2, 2, 2, 0, 0, 0, 0, 2]";"[1, 4, 1, 1, 7, 4, 0, 7, 2, 2, 5, 0, 0, 6, 5, 1, 6, 6, 4, 4, 7, 6, 6, 3, 1, 0, 4, 4, 3, 0, 1, 0, 0, 0, 0, 0, 0, 0, 0, 5, 2, 5, 5, 1, 2, 5, 3, 3, 3, 3, 3, 1, 3, 2, 2, 2, 1, 1, 1, 0, 2]"
5;1;"aucs";"scml";2;0.3492;0.3387;0.3433;0.3356;"{'38': 0.4226190476190476, '32': 0.3214285714285714, '12': 0.125, '37': 0.2916666666666667, '13': 0.3205128205128205, '34': 0.26785714285714285, '30': 0.08012820512820512, '36': 0.14166666666666666, '33': 0.17045454545454547, '35': 0.293859649122807, '39': 0.30833333333333335, '26': 0.3472222222222222, '7': 0.17045454545454547}";"{'38': 0.44166666666666665, '32': 0.30833333333333335, '12': 0.16025641025641024, '37': 0.2916666666666667, '13': 0.3205128205128205, '34': 0.3205128205128205, '30': 0.08012820512820512, '36': 0.14166666666666666, '33': 0.17045454545454547, '35': 0.293859649122807, '39': 0.30833333333333335, '26': 0.3472222222222222, '7': 0.21666666666666667}";"{'38': 0.48611111111111116, '32': 0.3214285714285714, '12': 0.125, '37': 0.2916666666666667, '13': 0.3205128205128205, '34': 0.26785714285714285, '30': 0.08012820512820512, '36': 0.14166666666666666, '33': 0.17045454545454547, '35': 0.293859649122807, '39': 0.30833333333333335, '26': 0.3472222222222222, '7': 0.17045454545454547}";"{'38': 0.4226190476190476, '32': 0.3333333333333333, '12': 0.21666666666666667, '37': 0.2916666666666667, '13': 0.3205128205128205, '34': 0.29166666666666663, '30': 0.11309523809523808, '36': 0.16666666666666666, '33': 0.17045454545454547, '35': 0.293859649122807, '39': 0.30833333333333335, '26': 0.3472222222222222, '7': 0.20833333333333331}";0.0;0.2259615384615384;0.2051282051282051;0.0;0.9647185841162936;0.8143147049640962;1.0;0.976196363676446;0.8839842661805033;1.0;1.0;0.7772951628825272;1.0;1.0;0.8722897765581499;1.0;0.0055;0.0442;0.0095;"['38', '32', '12', '37', '13', '34', '30', '36', '33', '35', '39', '26', '7']";"{'1': [('interD', ('28', '32')), ('intraD', ('13', '39'))], '2': [('interA', ('12', '53')), ('intraD', ('12', '26'))], '3': [('intraA', ('12', '33')), ('interA', ('38', '5'))], '4': [('intraD', ('36', '37')), ('intraD', ('37', '38'))], '5': [('intraD', ('34', '7')), ('intraA', ('36', '37'))]}";"{'1': [('interA', ('38', '44')), ('interA', ('38', '4'))], '2': [('interA', ('38', '53')), ('interA', ('38', '51'))], '3': [('interA', ('38', '53')), ('interA', ('38', '51'))], '4': [('interA', ('38', '53')), ('interA', ('38', '51'))], '5': [('interA', ('38', '44')), ('interA', ('38', '59'))]}";"{'1': [('interA', ('11', '12')), ('interA', ('36', '49'))], '2': [('interA', ('12', '57')), ('interA', ('13', '45'))], '3': [('interA', ('32', '55')), ('interA', ('12', '47'))], '4': [('interA', ('12', '47')), ('interA', ('34', '57'))], '5': [('interA', ('25', '30')), ('interA', ('57', '7'))]}";"[['44', '59', '4', '16', '1', '52', '31', '25', '57', '58', '2', '60', '3'], ['32', '12', '37', '34', '13', '30', '36', '33', '35', '39', '26', '7'], ['61', '45', '55', '10', '9', '41', '54', '56'], ['53', '51', '49', '50', '24', '29', '48', '47'], ['42', '43', '15', '40', '11', '46'], ['28', '20', '19', '27', '6'], ['14', '22', '23', '17', '18'], ['8', '5', '38', '21']]";"[['32', '12', '37', '34', '13', '30', '36', '33', '35', '39', '26', '7'], ['44', '59', '4', '16', '1', '52', '31', '25', '57', '58', '3'], ['21', '14', '8', '22', '17', '23', '60', '5', '18'], ['61', '45', '55', '10', '9', '41', '54', '56'], ['42', '2', '43', '15', '40', '11', '46'], ['49', '50', '24', '29', '48', '47'], ['28', '20', '19', '27', '6'], ['53', '51', '38']]";"[['44', '59', '4', '16', '1', '52', '31', '25', '57', '58', '2', '60', '3'], ['38', '32', '12', '37', '13', '34', '30', '36', '33', '35', '39', '26', '7'], ['61', '45', '55', '10', '9', '41', '54', '56'], ['53', '51', '49', '50', '24', '29', '48', '47'], ['42', '43', '15', '40', '11', '46'], ['28', '20', '19', '27', '6'], ['14', '22', '23', '17', '18'], ['8', '5', '21']]";"[0, 0, 0, 0, 7, 5, 1, 7, 2, 2, 4, 1, 1, 6, 4, 0, 6, 6, 5, 5, 7, 6, 6, 3, 0, 1, 5, 5, 3, 1, 0, 1, 1, 1, 1, 1, 1, 1, 1, 4, 2, 4, 4, 0, 2, 4, 3, 3, 3, 3, 3, 0, 3, 2, 2, 2, 0, 0, 0, 0, 2]";"[0, 0, 0, 0, 7, 5, 1, 7, 2, 2, 4, 1, 1, 6, 4, 0, 6, 6, 5, 5, 7, 6, 6, 3, 0, 1, 5, 5, 3, 1, 0, 1, 1, 1, 1, 1, 1, 7, 1, 4, 2, 4, 4, 0, 2, 4, 3, 3, 3, 3, 3, 0, 3, 2, 2, 2, 0, 0, 0, 0, 2]";"[1, 4, 1, 1, 2, 6, 0, 2, 3, 3, 4, 0, 0, 2, 4, 1, 2, 2, 6, 6, 2, 2, 2, 5, 1, 0, 6, 6, 5, 0, 1, 0, 0, 0, 0, 0, 0, 7, 0, 4, 3, 4, 4, 1, 3, 4, 5, 5, 5, 5, 7, 1, 7, 3, 3, 3, 1, 1, 1, 2, 3]";"[0, 0, 0, 0, 7, 5, 1, 7, 2, 2, 4, 1, 1, 6, 4, 0, 6, 6, 5, 5, 7, 6, 6, 3, 0, 1, 5, 5, 3, 1, 0, 1, 1, 1, 1, 1, 1, 1, 1, 4, 2, 4, 4, 0, 2, 4, 3, 3, 3, 3, 3, 0, 3, 2, 2, 2, 0, 0, 0, 0, 2]"
6;1;"aucs";"scml";2;0.3492;0.3492;0.3433;0.3238;"{'38': 0.4226190476190476, '32': 0.3214285714285714, '12': 0.125, '37': 0.2916666666666667, '13': 0.3205128205128205, '34': 0.26785714285714285, '30': 0.08012820512820512, '36': 0.14166666666666666, '33': 0.17045454545454547, '35': 0.293859649122807, '39': 0.30833333333333335, '26': 0.3472222222222222, '7': 0.17045454545454547}";"{'38': 0.4226190476190476, '32': 0.30833333333333335, '12': 0.125, '37': 0.2916666666666667, '13': 0.3205128205128205, '34': 0.26785714285714285, '30': 0.08012820512820512, '36': 0.16666666666666666, '33': 0.17045454545454547, '35': 0.293859649122807, '39': 0.30833333333333335, '26': 0.3472222222222222, '7': 0.17045454545454547}";"{'38': 0.48611111111111116, '32': 0.3214285714285714, '12': 0.125, '37': 0.2916666666666667, '13': 0.3205128205128205, '34': 0.26785714285714285, '30': 0.08012820512820512, '36': 0.14166666666666666, '33': 0.17045454545454547, '35': 0.293859649122807, '39': 0.30833333333333335, '26': 0.3472222222222222, '7': 0.17045454545454547}";"{'38': 0.4226190476190476, '32': 0.3214285714285714, '12': 0.21666666666666667, '37': 0.2916666666666667, '13': 0.34523809523809523, '34': 0.26785714285714285, '30': 0.11309523809523808, '36': 0.16666666666666666, '33': 0.17045454545454547, '35': 0.293859649122807, '39': 0.30833333333333335, '26': 0.3472222222222222, '7': 0.20833333333333331}";0.0;0.0;0.2051282051282051;0.0;1.0;0.8143147049640962;0.9163258566819924;1.0;0.8839842661805033;0.9471583993629064;1.0;0.7772951628825272;0.8759288228392648;1.0;0.8722897765581499;0.9284414889563452;0.0058;0.0473;0.0103;"['38', '32', '12', '37', '13', '34', '30', '36', '33', '35', '39', '26', '7']";"{'1': [('intraA', ('26', '32')), ('intraA', ('26', '36'))], '2': [('interD', ('35', '45')), ('interD', ('22', '37'))], '3': [('intraA', ('13', '37')), ('intraD', ('32', '39'))], '4': [('interD', ('26', '29')), ('intraA', ('12', '33'))], '5': [('interA', ('18', '36')), ('interD', ('18', '32'))]}";"{'1': [('interA', ('38', '44')), ('interA', ('38', '4'))], '2': [('interA', ('38', '53')), ('interA', ('38', '51'))], '3': [('interA', ('38', '53')), ('interA', ('38', '51'))], '4': [('interA', ('38', '53')), ('interA', ('38', '51'))], '5': [('interA', ('38', '44')), ('interA', ('38', '59'))]}";"{'1': [('interA', ('12', '3')), ('interA', ('36', '57'))], '2': [('interA', ('12', '55')), ('interA', ('13', '60'))], '3': [('interA', ('18', '32')), ('interA', ('12', '55'))], '4': [('interA', ('12', '24')), ('interA', ('22', '34'))], '5': [('interA', ('30', '56')), ('interA', ('40', '7'))]}";"[['44', '59', '4', '16', '1', '52', '31', '25', '57', '58', '2', '60', '3'], ['38', '32', '12', '37', '13', '34', '30', '36', '33', '35', '39', '26', '7'], ['61', '45', '55', '10', '9', '41', '54', '56'], ['53', '51', '49', '50', '24', '29', '48', '47'], ['42', '43', '15', '40', '11', '46'], ['28', '20', '19', '27', '6'], ['14', '22', '23', '17', '18'], ['8', '5', '21']]";"[['32', '12', '37', '34', '13', '30', '36', '33', '35', '39', '26', '7'], ['44', '59', '4', '16', '1', '52', '31', '25', '57', '58', '3'], ['21', '14', '8', '22', '17', '23', '60', '5', '18'], ['61', '45', '55', '10', '9', '41', '54', '56'], ['42', '2', '43', '15', '40', '11', '46'], ['49', '50', '24', '29', '48', '47'], ['28', '20', '19', '27', '6'], ['53', '51', '38']]";"[['44', '59', '45', '4', '16', '1', '52', '31', '25', '57', '58', '2', '3'], ['38', '32', '12', '37', '13', '34', '30', '36', '33', '35', '39', '26', '7'], ['53', '51', '49', '50', '24', '29', '48', '47'], ['61', '55', '10', '9', '41', '54', '56'], ['42', '43', '15', '40', '11', '46'], ['14', '22', '23', '17', '60', '18'], ['28', '20', '19', '27', '6'], ['8', '5', '21']]";"[0, 0, 0, 0, 7, 5, 1, 7, 2, 2, 4, 1, 1, 6, 4, 0, 6, 6, 5, 5, 7, 6, 6, 3, 0, 1, 5, 5, 3, 1, 0, 1, 1, 1, 1, 1, 1, 1, 1, 4, 2, 4, 4, 0, 2, 4, 3, 3, 3, 3, 3, 0, 3, 2, 2, 2, 0, 0, 0, 0, 2]";"[0, 0, 0, 0, 7, 5, 1, 7, 2, 2, 4, 1, 1, 6, 4, 0, 6, 6, 5, 5, 7, 6, 6, 3, 0, 1, 5, 5, 3, 1, 0, 1, 1, 1, 1, 1, 1, 1, 1, 4, 2, 4, 4, 0, 2, 4, 3, 3, 3, 3, 3, 0, 3, 2, 2, 2, 0, 0, 0, 0, 2]";"[1, 4, 1, 1, 2, 6, 0, 2, 3, 3, 4, 0, 0, 2, 4, 1, 2, 2, 6, 6, 2, 2, 2, 5, 1, 0, 6, 6, 5, 0, 1, 0, 0, 0, 0, 0, 0, 7, 0, 4, 3, 4, 4, 1, 3, 4, 5, 5, 5, 5, 7, 1, 7, 3, 3, 3, 1, 1, 1, 2, 3]";"[0, 0, 0, 0, 7, 6, 1, 7, 3, 3, 4, 1, 1, 5, 4, 0, 5, 5, 6, 6, 7, 5, 5, 2, 0, 1, 6, 6, 2, 1, 0, 1, 1, 1, 1, 1, 1, 1, 1, 4, 3, 4, 4, 0, 0, 4, 2, 2, 2, 2, 2, 0, 2, 3, 3, 3, 0, 0, 0, 5, 3]"
7;1;"aucs";"scml";2;0.3492;0.3502;0.3433;0.3365;"{'38': 0.4226190476190476, '32': 0.3214285714285714, '12': 0.125, '37': 0.2916666666666667, '13': 0.3205128205128205, '34': 0.26785714285714285, '30': 0.08012820512820512, '36': 0.14166666666666666, '33': 0.17045454545454547, '35': 0.293859649122807, '39': 0.30833333333333335, '26': 0.3472222222222222, '7': 0.17045454545454547}";"{'38': 0.4226190476190476, '32': 0.3214285714285714, '12': 0.125, '37': 0.2807971014492754, '13': 0.3205128205128205, '34': 0.26785714285714285, '30': 0.08012820512820512, '36': 0.14166666666666666, '33': 0.17045454545454547, '35': 0.30833333333333335, '39': 0.30833333333333335, '26': 0.293859649122807, '7': 0.125}";"{'38': 0.48611111111111116, '32': 0.3214285714285714, '12': 0.125, '37': 0.2916666666666667, '13': 0.3205128205128205, '34': 0.26785714285714285, '30': 0.08012820512820512, '36': 0.14166666666666666, '33': 0.17045454545454547, '35': 0.293859649122807, '39': 0.30833333333333335, '26': 0.3472222222222222, '7': 0.17045454545454547}";"{'38': 0.4226190476190476, '32': 0.3333333333333333, '12': 0.23958333333333331, '37': 0.2916666666666667, '13': 0.34523809523809523, '34': 0.29166666666666663, '30': 0.11309523809523808, '36': 0.16666666666666666, '33': 0.17045454545454547, '35': 0.293859649122807, '39': 0.30833333333333335, '26': 0.3472222222222222, '7': 0.20833333333333331}";0.0;0.0;0.2051282051282051;0.0;0.9601506359758676;0.8143147049640962;0.8941557523488811;0.9742767326878776;0.8839842661805033;0.925444481580608;0.9407006085794865;0.7772951628825272;0.8422661959926415;0.965191383162516;0.8722897765581499;0.8991204762710368;0.0052;0.0461;0.0101;"['38', '32', '12', '37', '13', '34', '30', '36', '33', '35', '39', '26', '7']";"{'1': [('interD', ('14', '37')), ('intraA', ('26', '7'))], '2': [('interA', ('16', '35')), ('intraA', ('26', '7'))], '3': [('intraD', ('32', '34')), ('intraA', ('12', '38'))], '4': [('intraA', ('32', '7')), ('intraA', ('13', '32'))], '5': [('interD', ('22', '37')), ('interD', ('14', '37'))]}";"{'1': [('interA', ('38', '44')), ('interA', ('38', '4'))], '2': [('interA', ('38', '53')), ('interA', ('38', '51'))], '3': [('interA', ('38', '53')), ('interA', ('38', '51'))], '4': [('interA', ('38', '53')), ('interA', ('38', '51'))], '5': [('interA', ('38', '44')), ('interA', ('38', '59'))]}";"{'1': [('interA', ('12', '42')), ('interA', ('36', '6'))], '2': [('interA', ('12', '28')), ('interA', ('13', '18'))], '3': [('interA', ('32', '4')), ('interA', ('12', '61'))], '4': [('interA', ('12', '51')), ('interA', ('34', '6'))], '5': [('interA', ('20', '30')), ('interA', ('46', '7'))]}";"[['38', '32', '12', '37', '13', '34', '30', '36', '33', '35', '39', '26', '7'], ['44', '59', '4', '16', '1', '52', '31', '25', '57', '58', '2', '3'], ['61', '45', '55', '10', '9', '41', '54', '56'], ['53', '51', '49', '50', '24', '29', '48', '47'], ['42', '43', '15', '40', '11', '46'], ['14', '22', '23', '17', '60', '18'], ['28', '20', '19', '27', '6'], ['8', '5', '21']]";"[['32', '12', '37', '34', '13', '30', '36', '33', '35', '39', '26', '7'], ['44', '59', '4', '16', '1', '52', '31', '25', '57', '58', '3'], ['21', '14', '8', '22', '17', '23', '60', '5', '18'], ['61', '45', '55', '10', '9', '41', '54', '56'], ['42', '2', '43', '15', '40', '11', '46'], ['49', '50', '24', '29', '48', '47'], ['28', '20', '19', '27', '6'], ['53', '51', '38']]";"[['38', '32', '12', '37', '13', '34', '30', '36', '33', '35', '39', '26', '7'], ['44', '59', '4', '16', '1', '52', '31', '25', '57', '58', '3'], ['42', '27', '2', '43', '15', '40', '11', '46'], ['61', '45', '55', '10', '9', '41', '54', '56'], ['53', '51', '49', '50', '24', '29', '48', '47'], ['14', '22', '23', '17', '60', '18'], ['20', '6', '19', '28'], ['8', '5', '21']]";"[0, 0, 0, 0, 7, 5, 1, 7, 2, 2, 4, 1, 1, 6, 4, 0, 6, 6, 5, 5, 7, 6, 6, 3, 0, 1, 5, 5, 3, 1, 0, 1, 1, 1, 1, 1, 1, 1, 1, 4, 2, 4, 4, 0, 2, 4, 3, 3, 3, 3, 3, 0, 3, 2, 2, 2, 0, 0, 0, 0, 2]";"[1, 1, 1, 1, 7, 6, 0, 7, 2, 2, 4, 0, 0, 5, 4, 1, 5, 5, 6, 6, 7, 5, 5, 3, 1, 0, 6, 6, 3, 0, 1, 0, 0, 0, 0, 0, 0, 0, 0, 4, 2, 4, 4, 1, 2, 4, 3, 3, 3, 3, 3, 1, 3, 2, 2, 2, 1, 1, 1, 5, 2]";"[1, 4, 1, 1, 2, 6, 0, 2, 3, 3, 4, 0, 0, 2, 4, 1, 2, 2, 6, 6, 2, 2, 2, 5, 1, 0, 6, 6, 5, 0, 1, 0, 0, 0, 0, 0, 0, 7, 0, 4, 3, 4, 4, 1, 3, 4, 5, 5, 5, 5, 7, 1, 7, 3, 3, 3, 1, 1, 1, 2, 3]";"[1, 2, 1, 1, 7, 6, 0, 7, 3, 3, 2, 0, 0, 5, 2, 1, 5, 5, 6, 6, 7, 5, 5, 4, 1, 0, 2, 6, 4, 0, 1, 0, 0, 0, 0, 0, 0, 0, 0, 2, 3, 2, 2, 1, 3, 2, 4, 4, 4, 4, 4, 1, 4, 3, 3, 3, 1, 1, 1, 5, 3]"
8;1;"aucs";"scml";2;0.3492;0.3416;0.34;0.3327;"{'38': 0.4226190476190476, '32': 0.3214285714285714, '12': 0.125, '37': 0.2916666666666667, '13': 0.3205128205128205, '34': 0.26785714285714285, '30': 0.08012820512820512, '36': 0.14166666666666666, '33': 0.17045454545454547, '35': 0.293859649122807, '39': 0.30833333333333335, '26': 0.3472222222222222, '7': 0.17045454545454547}";"{'38': 0.4226190476190476, '32': 0.3333333333333333, '12': 0.125, '37': 0.3016666666666667, '13': 0.3205128205128205, '34': 0.29166666666666663, '30': 0.11309523809523808, '36': 0.14166666666666666, '33': 0.17045454545454547, '35': 0.293859649122807, '39': 0.3446969696969697, '26': 0.3472222222222222, '7': 0.17045454545454547}";"{'38': 0.48611111111111116, '32': 0.3214285714285714, '12': 0.125, '37': 0.2916666666666667, '13': 0.3205128205128205, '34': 0.26785714285714285, '30': 0.08012820512820512, '36': 0.14166666666666666, '33': 0.17045454545454547, '35': 0.293859649122807, '39': 0.30833333333333335, '26': 0.3472222222222222, '7': 0.17045454545454547}";"{'38': 0.4226190476190476, '32': 0.3333333333333333, '12': 0.23958333333333331, '37': 0.2916666666666667, '13': 0.34523809523809523, '34': 0.29166666666666663, '30': 0.11309523809523808, '36': 0.16666666666666666, '33': 0.17045454545454547, '35': 0.293859649122807, '39': 0.30833333333333335, '26': 0.3472222222222222, '7': 0.20833333333333331}";0.0;0.0;0.2051282051282051;0.0;0.9601506359758676;0.8560300243754595;1.0;0.9742767326878776;0.9097397690633922;1.0;0.9407006085794865;0.8384052670080469;1.0;0.965191383162516;0.907401571538894;1.0;0.0057;0.0459;0.0106;"['38', '32', '12', '37', '13', '34', '30', '36', '33', '35', '39', '26', '7']";"{'1': [('interA', ('27', '37')), ('interA', ('34', '44'))], '2': [('interA', ('39', '44')), ('interD', ('22', '37'))], '3': [('intraD', ('12', '36')), ('intraD', ('32', '39'))], '4': [('intraA', ('32', '37')), ('interA', ('32', '55'))], '5': [('intraD', ('37', '39')), ('interA', ('28', '30'))]}";"{'1': [('interA', ('38', '44')), ('interA', ('38', '4'))], '2': [('interA', ('38', '53')), ('interA', ('38', '51'))], '3': [('interA', ('38', '53')), ('interA', ('38', '51'))], '4': [('interA', ('38', '53')), ('interA', ('38', '51'))], '5': [('interA', ('38', '44')), ('interA', ('38', '59'))]}";"{'1': [('interA', ('12', '21')), ('interA', ('36', '50'))], '2': [('interA', ('12', '18')), ('interA', ('13', '25'))], '3': [('interA', ('31', '32')), ('interA', ('12', '52'))], '4': [('interA', ('12', '49')), ('interA', ('34', '47'))], '5': [('interA', ('30', '51')), ('interA', ('48', '7'))]}";"[['38', '32', '12', '37', '13', '34', '30', '36', '33', '35', '39', '26', '7'], ['44', '59', '4', '16', '1', '52', '31', '25', '57', '58', '2', '3'], ['61', '45', '55', '10', '9', '41', '54', '56'], ['53', '51', '49', '50', '24', '29', '48', '47'], ['42', '43', '15', '40', '11', '46'], ['14', '22', '23', '17', '60', '18'], ['28', '20', '19', '27', '6'], ['8', '5', '21']]";"[['44', '59', '4', '16', '1', '52', '31', '25', '57', '58', '2', '3'], ['32', '12', '37', '34', '13', '30', '36', '33', '35', '39', '26', '7'], ['21', '14', '8', '22', '17', '23', '60', '5', '18'], ['61', '45', '55', '10', '9', '41', '54', '56'], ['42', '43', '15', '40', '11', '46'], ['49', '50', '24', '29', '48', '47'], ['28', '20', '19', '27', '6'], ['53', '51', '38']]";"[['44', '59', '4', '16', '1', '52', '31', '25', '57', '58', '2', '60', '3'], ['38', '32', '12', '37', '13', '34', '30', '36', '33', '35', '39', '26', '7'], ['61', '45', '55', '10', '9', '41', '54', '56'], ['53', '51', '49', '50', '24', '29', '48', '47'], ['42', '43', '15', '40', '11', '46'], ['28', '20', '19', '27', '6'], ['14', '22', '23', '17', '18'], ['8', '5', '21']]";"[0, 0, 0, 0, 7, 5, 1, 7, 2, 2, 4, 1, 1, 6, 4, 0, 6, 6, 5, 5, 7, 6, 6, 3, 0, 1, 5, 5, 3, 1, 0, 1, 1, 1, 1, 1, 1, 1, 1, 4, 2, 4, 4, 0, 2, 4, 3, 3, 3, 3, 3, 0, 3, 2, 2, 2, 0, 0, 0, 0, 2]";"[1, 1, 1, 1, 7, 6, 0, 7, 2, 2, 4, 0, 0, 5, 4, 1, 5, 5, 6, 6, 7, 5, 5, 3, 1, 0, 6, 6, 3, 0, 1, 0, 0, 0, 0, 0, 0, 0, 0, 4, 2, 4, 4, 1, 2, 4, 3, 3, 3, 3, 3, 1, 3, 2, 2, 2, 1, 1, 1, 5, 2]";"[0, 0, 0, 0, 2, 6, 1, 2, 3, 3, 4, 1, 1, 2, 4, 0, 2, 2, 6, 6, 2, 2, 2, 5, 0, 1, 6, 6, 5, 1, 0, 1, 1, 1, 1, 1, 1, 7, 1, 4, 3, 4, 4, 0, 3, 4, 5, 5, 5, 5, 7, 0, 7, 3, 3, 3, 0, 0, 0, 2, 3]";"[0, 0, 0, 0, 7, 5, 1, 7, 2, 2, 4, 1, 1, 6, 4, 0, 6, 6, 5, 5, 7, 6, 6, 3, 0, 1, 5, 5, 3, 1, 0, 1, 1, 1, 1, 1, 1, 1, 1, 4, 2, 4, 4, 0, 2, 4, 3, 3, 3, 3, 3, 0, 3, 2, 2, 2, 0, 0, 0, 0, 2]"
9;1;"aucs";"scml";2;0.3492;0.349;0.3384;0.3229;"{'38': 0.4226190476190476, '32': 0.3214285714285714, '12': 0.125, '37': 0.2916666666666667, '13': 0.3205128205128205, '34': 0.26785714285714285, '30': 0.08012820512820512, '36': 0.14166666666666666, '33': 0.17045454545454547, '35': 0.293859649122807, '39': 0.30833333333333335, '26': 0.3472222222222222, '7': 0.17045454545454547}";"{'38': 0.4226190476190476, '32': 0.3214285714285714, '12': 0.125, '37': 0.2807971014492754, '13': 0.3205128205128205, '34': 0.26785714285714285, '30': 0.11309523809523808, '36': 0.14166666666666666, '33': 0.17045454545454547, '35': 0.293859649122807, '39': 0.3446969696969697, '26': 0.36184210526315785, '7': 0.17045454545454547}";"{'38': 0.48611111111111116, '32': 0.3214285714285714, '12': 0.125, '37': 0.2916666666666667, '13': 0.3205128205128205, '34': 0.26785714285714285, '30': 0.08012820512820512, '36': 0.14166666666666666, '33': 0.17045454545454547, '35': 0.293859649122807, '39': 0.30833333333333335, '26': 0.3472222222222222, '7': 0.17045454545454547}";"{'38': 0.4226190476190476, '32': 0.3333333333333333, '12': 0.23958333333333331, '37': 0.2916666666666667, '13': 0.34523809523809523, '34': 0.29166666666666663, '30': 0.11309523809523808, '36': 0.16666666666666666, '33': 0.17045454545454547, '35': 0.293859649122807, '39': 0.30833333333333335, '26': 0.3472222222222222, '7': 0.20833333333333331}";0.0;0.0;0.2606837606837606;0.0;0.9578783151326054;0.8714486418982205;0.9141466012400624;0.9735669463265088;0.920994478552146;0.9464283048098956;0.9373642645607108;0.8799459080436742;0.8727871250914411;0.9642221589109262;0.9301362686695004;0.9274349653159254;0.0055;0.0472;0.0104;"['38', '32', '12', '37', '13', '34', '30', '36', '33', '35', '39', '26', '7']";"{'1': [('interA', ('32', '43')), ('intraA', ('26', '32'))], '2': [('intraA', ('37', '7')), ('interA', ('39', '59'))], '3': [('interA', ('26', '44')), ('intraD', ('32', '36'))], '4': [('interD', ('31', '38')), ('interD', ('37', '46'))], '5': [('interD', ('32', '40')), ('interA', ('19', '30'))]}";"{'1': [('interA', ('38', '44')), ('interA', ('38', '4'))], '2': [('interA', ('38', '53')), ('interA', ('38', '51'))], '3': [('interA', ('38', '53')), ('interA', ('38', '51'))], '4': [('interA', ('38', '53')), ('interA', ('38', '51'))], '5': [('interA', ('38', '44')), ('interA', ('38', '59'))]}";"{'1': [('interA', ('12', '53')), ('interA', ('36', '51'))], '2': [('interA', ('12', '48')), ('interA', ('1', '13'))], '3': [('interA', ('32', '6')), ('interA', ('12', '56'))], '4': [('interA', ('12', '4')), ('interA', ('34', '41'))], '5': [('interA', ('30', '51')), ('interA', ('24', '7'))]}";"[['38', '32', '12', '37', '13', '34', '30', '36', '33', '35', '39', '26', '7'], ['44', '59', '4', '16', '1', '52', '31', '25', '57', '58', '60', '3'], ['61', '45', '55', '10', '9', '41', '54', '56'], ['53', '51', '49', '50', '24', '29', '48', '47'], ['42', '2', '43', '15', '40', '11', '46'], ['28', '20', '19', '27', '6'], ['14', '22', '23', '17', '18'], ['8', '5', '21']]";"[['32', '12', '37', '34', '13', '30', '36', '33', '35', '39', '26', '7'], ['44', '59', '4', '16', '1', '52', '31', '25', '57', '58', '3'], ['53', '51', '38', '49', '50', '24', '29', '48', '47'], ['61', '45', '55', '10', '9', '41', '54', '56'], ['42', '2', '43', '15', '40', '11', '46'], ['14', '22', '23', '17', '60', '18'], ['28', '20', '19', '27', '6'], ['8', '5', '21']]";"[['44', '59', '45', '4', '16', '1', '52', '31', '25', '57', '58', '60', '3'], ['38', '32', '12', '37', '13', '34', '30', '36', '33', '35', '39', '26', '7'], ['53', '51', '49', '50', '24', '29', '48', '47'], ['42', '2', '43', '15', '40', '11', '46'], ['61', '55', '10', '9', '41', '54', '56'], ['28', '20', '19', '27', '6'], ['14', '22', '23', '17', '18'], ['8', '5', '21']]";"[0, 0, 0, 0, 7, 5, 1, 7, 2, 2, 4, 1, 1, 6, 4, 0, 6, 6, 5, 5, 7, 6, 6, 3, 0, 1, 5, 5, 3, 1, 0, 1, 1, 1, 1, 1, 1, 1, 1, 4, 2, 4, 4, 0, 2, 4, 3, 3, 3, 3, 3, 0, 3, 2, 2, 2, 0, 0, 0, 0, 2]";"[1, 4, 1, 1, 7, 5, 0, 7, 2, 2, 4, 0, 0, 6, 4, 1, 6, 6, 5, 5, 7, 6, 6, 3, 1, 0, 5, 5, 3, 0, 1, 0, 0, 0, 0, 0, 0, 0, 0, 4, 2, 4, 4, 1, 2, 4, 3, 3, 3, 3, 3, 1, 3, 2, 2, 2, 1, 1, 1, 1, 2]";"[1, 4, 1, 1, 7, 6, 0, 7, 3, 3, 4, 0, 0, 5, 4, 1, 5, 5, 6, 6, 7, 5, 5, 2, 1, 0, 6, 6, 2, 0, 1, 0, 0, 0, 0, 0, 0, 2, 0, 4, 3, 4, 4, 1, 3, 4, 2, 2, 2, 2, 2, 1, 2, 3, 3, 3, 1, 1, 1, 5, 3]";"[0, 3, 0, 0, 7, 5, 1, 7, 4, 4, 3, 1, 1, 6, 3, 0, 6, 6, 5, 5, 7, 6, 6, 2, 0, 1, 5, 5, 2, 1, 0, 1, 1, 1, 1, 1, 1, 1, 1, 3, 4, 3, 3, 0, 0, 3, 2, 2, 2, 2, 2, 0, 2, 4, 4, 4, 0, 0, 0, 0, 4]"
10;1;"aucs";"scml";2;0.3492;0.3423;0.3384;0.3375;"{'38': 0.4226190476190476, '32': 0.3214285714285714, '12': 0.125, '37': 0.2916666666666667, '13': 0.3205128205128205, '34': 0.26785714285714285, '30': 0.08012820512820512, '36': 0.14166666666666666, '33': 0.17045454545454547, '35': 0.293859649122807, '39': 0.30833333333333335, '26': 0.3472222222222222, '7': 0.17045454545454547}";"{'38': 0.4226190476190476, '32': 0.3214285714285714, '12': 0.125, '37': 0.2916666666666667, '13': 0.3205128205128205, '34': 0.26785714285714285, '30': 0.08012820512820512, '36': 0.19047619047619047, '33': 0.20833333333333331, '35': 0.293859649122807, '39': 0.25757575757575757, '26': 0.4019607843137255, '7': 0.16025641025641024}";"{'38': 0.48611111111111116, '32': 0.3214285714285714, '12': 0.125, '37': 0.2916666666666667, '13': 0.3205128205128205, '34': 0.26785714285714285, '30': 0.08012820512820512, '36': 0.14166666666666666, '33': 0.17045454545454547, '35': 0.293859649122807, '39': 0.30833333333333335, '26': 0.3472222222222222, '7': 0.17045454545454547}";"{'38': 0.4226190476190476, '32': 0.3333333333333333, '12': 0.21666666666666667, '37': 0.2916666666666667, '13': 0.34523809523809523, '34': 0.26785714285714285, '30': 0.11309523809523808, '36': 0.16666666666666666, '33': 0.17045454545454547, '35': 0.293859649122807, '39': 0.30833333333333335, '26': 0.3472222222222222, '7': 0.20833333333333331}";0.0;0.0357142857142857;0.2606837606837606;0.0666666666666666;0.9236854409664742;0.8714486418982205;0.851746835443038;0.9497118386508128;0.920994478552146;0.9267355715397332;0.9293799459080436;0.8799459080436742;0.8610477178423237;0.9530439791704668;0.9301362686695004;0.9359173977242808;0.0059;0.0493;0.0127;"['38', '32', '12', '37', '13', '34', '30', '36', '33', '35', '39', '26', '7']";"{'1': [('interA', ('33', '8')), ('intraA', ('32', '35'))], '2': [('intraA', ('39', '7')), ('intraD', ('26', '36'))], '3': [('intraD', ('32', '36')), ('intraD', ('12', '36'))], '4': [('intraD', ('12', '26')), ('interA', ('28', '7'))], '5': [('interD', ('36', '45')), ('interD', ('14', '32'))]}";"{'1': [('interA', ('38', '44')), ('interA', ('38', '4'))], '2': [('interA', ('38', '53')), ('interA', ('38', '51'))], '3': [('interA', ('38', '53')), ('interA', ('38', '51'))], '4': [('interA', ('38', '53')), ('interA', ('38', '51'))], '5': [('interA', ('38', '44')), ('interA', ('38', '59'))]}";"{'1': [('interA', ('1', '12')), ('interA', ('36', '5'))], '2': [('interA', ('12', '3')), ('interA', ('13', '3'))], '3': [('interA', ('24', '32')), ('interA', ('12', '60'))], '4': [('interA', ('1', '12')), ('interA', ('14', '34'))], '5': [('interA', ('30', '45')), ('interA', ('19', '7'))]}";"[['38', '28', '32', '12', '37', '13', '34', '30', '36', '33', '35', '39', '26', '7'], ['44', '59', '4', '16', '1', '52', '31', '25', '57', '58', '60', '3'], ['61', '45', '55', '10', '9', '41', '54', '56'], ['53', '51', '49', '50', '24', '29', '48', '47'], ['42', '43', '15', '40', '11', '46'], ['20', '27', '19', '2', '6'], ['14', '22', '23', '17', '18'], ['8', '5', '21']]";"[['32', '12', '37', '34', '13', '30', '36', '33', '35', '39', '26', '7'], ['44', '59', '4', '16', '1', '52', '31', '25', '57', '58', '3'], ['53', '51', '38', '49', '50', '24', '29', '48', '47'], ['61', '45', '55', '10', '9', '41', '54', '56'], ['42', '2', '43', '15', '40', '11', '46'], ['14', '22', '23', '17', '60', '18'], ['28', '20', '19', '27', '6'], ['8', '5', '21']]";"[['38', '32', '1', '12', '37', '13', '34', '30', '36', '33', '35', '60', '39', '26', '7'], ['44', '59', '4', '16', '52', '31', '25', '57', '58', '3'], ['61', '45', '55', '10', '9', '41', '54', '56'], ['53', '51', '49', '50', '24', '29', '48', '47'], ['42', '2', '43', '15', '40', '11', '46'], ['28', '20', '19', '27', '6'], ['14', '22', '23', '17', '18'], ['8', '5', '21']]";"[0, 0, 0, 0, 7, 5, 1, 7, 2, 2, 4, 1, 1, 6, 4, 0, 6, 6, 5, 5, 7, 6, 6, 3, 0, 1, 5, 5, 3, 1, 0, 1, 1, 1, 1, 1, 1, 1, 1, 4, 2, 4, 4, 0, 2, 4, 3, 3, 3, 3, 3, 0, 3, 2, 2, 2, 0, 0, 0, 0, 2]";"[1, 5, 1, 1, 7, 5, 0, 7, 2, 2, 4, 0, 0, 6, 4, 1, 6, 6, 5, 5, 7, 6, 6, 3, 1, 0, 5, 0, 3, 0, 1, 0, 0, 0, 0, 0, 0, 0, 0, 4, 2, 4, 4, 1, 2, 4, 3, 3, 3, 3, 3, 1, 3, 2, 2, 2, 1, 1, 1, 1, 2]";"[1, 4, 1, 1, 7, 6, 0, 7, 3, 3, 4, 0, 0, 5, 4, 1, 5, 5, 6, 6, 7, 5, 5, 2, 1, 0, 6, 6, 2, 0, 1, 0, 0, 0, 0, 0, 0, 2, 0, 4, 3, 4, 4, 1, 3, 4, 2, 2, 2, 2, 2, 1, 2, 3, 3, 3, 1, 1, 1, 5, 3]";"[0, 4, 1, 1, 7, 5, 0, 7, 2, 2, 4, 0, 0, 6, 4, 1, 6, 6, 5, 5, 7, 6, 6, 3, 1, 0, 5, 5, 3, 0, 1, 0, 0, 0, 0, 0, 0, 0, 0, 4, 2, 4, 4, 1, 2, 4, 3, 3, 3, 3, 3, 1, 3, 2, 2, 2, 1, 1, 1, 0, 2]"
11;1;"aucs";"scml";2;0.3492;0.3483;0.3266;0.3373;"{'38': 0.4226190476190476, '32': 0.3214285714285714, '12': 0.125, '37': 0.2916666666666667, '13': 0.3205128205128205, '34': 0.26785714285714285, '30': 0.08012820512820512, '36': 0.14166666666666666, '33': 0.17045454545454547, '35': 0.293859649122807, '39': 0.30833333333333335, '26': 0.3472222222222222, '7': 0.17045454545454547}";"{'38': 0.4807692307692308, '32': 0.3214285714285714, '12': 0.08012820512820512, '37': 0.3016666666666667, '13': 0.3205128205128205, '34': 0.26785714285714285, '30': 0.08012820512820512, '36': 0.11309523809523808, '33': 0.20833333333333331, '35': 0.293859649122807, '39': 0.30833333333333335, '26': 0.3472222222222222, '7': 0.17045454545454547}";"{'38': 0.48611111111111116, '32': 0.3214285714285714, '12': 0.125, '37': 0.2916666666666667, '13': 0.3205128205128205, '34': 0.26785714285714285, '30': 0.08012820512820512, '36': 0.14166666666666666, '33': 0.17045454545454547, '35': 0.293859649122807, '39': 0.30833333333333335, '26': 0.3472222222222222, '7': 0.17045454545454547}";"{'38': 0.4226190476190476, '32': 0.3333333333333333, '12': 0.23958333333333331, '37': 0.2916666666666667, '13': 0.34523809523809523, '34': 0.29166666666666663, '30': 0.11309523809523808, '36': 0.16666666666666666, '33': 0.17045454545454547, '35': 0.293859649122807, '39': 0.30833333333333335, '26': 0.3472222222222222, '7': 0.20833333333333331}";0.0;0.0;0.2019230769230769;0.0357142857142857;0.9601506359758676;0.7827406078514141;0.9020492430035174;0.9742767326878776;0.8726030110328107;0.9444182424699312;0.9407006085794865;0.7772951628825272;0.896328786572689;0.965191383162516;0.8722897765581499;0.9460085145056925;0.0064;0.0638;0.0133;"['38', '32', '12', '37', '13', '34', '30', '36', '33', '35', '39', '26', '7']";"{'1': [('intraD', ('13', '38')), ('intraA', ('32', '39'))], '2': [('interD', ('36', '54')), ('interA', ('11', '33'))], '3': [('intraA', ('12', '13')), ('intraD', ('32', '34'))], '4': [('interA', ('11', '37')), ('intraA', ('12', '30'))], '5': [('intraA', ('12', '35')), ('intraA', ('34', '35'))]}";"{'1': [('interA', ('38', '44')), ('interA', ('38', '4'))], '2': [('interA', ('38', '53')), ('interA', ('38', '51'))], '3': [('interA', ('38', '53')), ('interA', ('38', '51'))], '4': [('interA', ('38', '53')), ('interA', ('38', '51'))], '5': [('interA', ('38', '44')), ('interA', ('38', '59'))]}";"{'1': [('interA', ('12', '31')), ('interA', ('36', '59'))], '2': [('interA', ('12', '5')), ('interA', ('13', '25'))], '3': [('interA', ('11', '32')), ('interA', ('11', '12'))], '4': [('interA', ('12', '60')), ('interA', ('31', '34'))], '5': [('interA', ('30', '60')), ('interA', ('47', '7'))]}";"[['38', '32', '12', '37', '13', '34', '30', '36', '33', '35', '39', '26', '7'], ['44', '59', '4', '16', '1', '52', '31', '25', '57', '58', '2', '3'], ['61', '45', '55', '10', '9', '41', '54', '56'], ['53', '51', '49', '50', '24', '29', '48', '47'], ['42', '43', '15', '40', '11', '46'], ['14', '22', '23', '17', '60', '18'], ['28', '20', '19', '27', '6'], ['8', '5', '21']]";"[['44', '59', '4', '16', '1', '52', '31', '25', '57', '58', '3'], ['32', '12', '37', '34', '13', '30', '36', '35', '39', '26', '7'], ['21', '14', '8', '22', '17', '23', '60', '5', '18'], ['61', '45', '55', '10', '9', '41', '54', '56'], ['42', '2', '43', '15', '40', '11', '46'], ['49', '50', '24', '29', '48', '47'], ['28', '20', '19', '27', '6'], ['53', '51', '38', '33']]";"[['38', '32', '12', '37', '13', '34', '30', '36', '33', '35', '60', '39', '26', '7'], ['44', '59', '4', '16', '1', '52', '31', '25', '57', '58', '3'], ['61', '45', '55', '10', '9', '41', '54', '56'], ['53', '51', '49', '50', '24', '29', '48', '47'], ['42', '2', '43', '15', '40', '11', '46'], ['28', '20', '19', '27', '6'], ['14', '22', '23', '17', '18'], ['8', '5', '21']]";"[0, 0, 0, 0, 7, 5, 1, 7, 2, 2, 4, 1, 1, 6, 4, 0, 6, 6, 5, 5, 7, 6, 6, 3, 0, 1, 5, 5, 3, 1, 0, 1, 1, 1, 1, 1, 1, 1, 1, 4, 2, 4, 4, 0, 2, 4, 3, 3, 3, 3, 3, 0, 3, 2, 2, 2, 0, 0, 0, 0, 2]";"[1, 1, 1, 1, 7, 6, 0, 7, 2, 2, 4, 0, 0, 5, 4, 1, 5, 5, 6, 6, 7, 5, 5, 3, 1, 0, 6, 6, 3, 0, 1, 0, 0, 0, 0, 0, 0, 0, 0, 4, 2, 4, 4, 1, 2, 4, 3, 3, 3, 3, 3, 1, 3, 2, 2, 2, 1, 1, 1, 5, 2]";"[0, 4, 0, 0, 2, 6, 1, 2, 3, 3, 4, 1, 1, 2, 4, 0, 2, 2, 6, 6, 2, 2, 2, 5, 0, 1, 6, 6, 5, 1, 0, 1, 7, 1, 1, 1, 1, 7, 1, 4, 3, 4, 4, 0, 3, 4, 5, 5, 5, 5, 7, 0, 7, 3, 3, 3, 0, 0, 0, 2, 3]";"[1, 4, 1, 1, 7, 5, 0, 7, 2, 2, 4, 0, 0, 6, 4, 1, 6, 6, 5, 5, 7, 6, 6, 3, 1, 0, 5, 5, 3, 0, 1, 0, 0, 0, 0, 0, 0, 0, 0, 4, 2, 4, 4, 1, 2, 4, 3, 3, 3, 3, 3, 1, 3, 2, 2, 2, 1, 1, 1, 0, 2]"
12;1;"aucs";"scml";2;0.3492;0.3514;0.3433;0.334;"{'38': 0.4226190476190476, '32': 0.3214285714285714, '12': 0.125, '37': 0.2916666666666667, '13': 0.3205128205128205, '34': 0.26785714285714285, '30': 0.08012820512820512, '36': 0.14166666666666666, '33': 0.17045454545454547, '35': 0.293859649122807, '39': 0.30833333333333335, '26': 0.3472222222222222, '7': 0.17045454545454547}";"{'38': 0.40064102564102566, '32': 0.3214285714285714, '12': 0.16025641025641024, '37': 0.2807971014492754, '13': 0.3205128205128205, '34': 0.26785714285714285, '30': 0.08012820512820512, '36': 0.14166666666666666, '33': 0.2403846153846154, '35': 0.293859649122807, '39': 0.25757575757575757, '26': 0.3472222222222222, '7': 0.125}";"{'38': 0.48611111111111116, '32': 0.3214285714285714, '12': 0.125, '37': 0.2916666666666667, '13': 0.3205128205128205, '34': 0.26785714285714285, '30': 0.08012820512820512, '36': 0.14166666666666666, '33': 0.17045454545454547, '35': 0.293859649122807, '39': 0.30833333333333335, '26': 0.3472222222222222, '7': 0.17045454545454547}";"{'38': 0.4226190476190476, '32': 0.3333333333333333, '12': 0.23958333333333331, '37': 0.2916666666666667, '13': 0.34523809523809523, '34': 0.29166666666666663, '30': 0.11309523809523808, '36': 0.16666666666666666, '33': 0.17045454545454547, '35': 0.293859649122807, '39': 0.30833333333333335, '26': 0.3472222222222222, '7': 0.20833333333333331}";0.0;0.0;0.2051282051282051;0.0;0.9578783151326054;0.8143147049640962;1.0;0.9735669463265088;0.8839842661805033;1.0;0.9373642645607108;0.7772951628825272;1.0;0.9642221589109262;0.8722897765581499;1.0;0.0083;0.0574;0.012;"['38', '32', '12', '37', '13', '34', '30', '36', '33', '35', '39', '26', '7']";"{'1': [('intraA', ('34', '7')), ('interA', ('33', '53'))], '2': [('interA', ('12', '25')), ('intraA', ('12', '7'))], '3': [('intraD', ('32', '34')), ('interA', ('33', '54'))], '4': [('interD', ('37', '46')), ('intraA', ('33', '36'))], '5': [('interD', ('38', '45')), ('intraA', ('39', '7'))]}";"{'1': [('interA', ('38', '44')), ('interA', ('38', '4'))], '2': [('interA', ('38', '53')), ('interA', ('38', '51'))], '3': [('interA', ('38', '53')), ('interA', ('38', '51'))], '4': [('interA', ('38', '53')), ('interA', ('38', '51'))], '5': [('interA', ('38', '44')), ('interA', ('38', '59'))]}";"{'1': [('interA', ('12', '18')), ('interA', ('22', '36'))], '2': [('interA', ('10', '12')), ('interA', ('13', '28'))], '3': [('interA', ('32', '51')), ('interA', ('12', '8'))], '4': [('interA', ('12', '28')), ('interA', ('34', '9'))], '5': [('interA', ('30', '46')), ('interA', ('50', '7'))]}";"[['38', '32', '12', '37', '13', '34', '30', '36', '33', '35', '39', '26', '7'], ['44', '59', '4', '16', '1', '52', '31', '25', '57', '58', '60', '3'], ['61', '45', '55', '10', '9', '41', '54', '56'], ['53', '51', '49', '50', '24', '29', '48', '47'], ['42', '2', '43', '15', '40', '11', '46'], ['28', '20', '19', '27', '6'], ['14', '22', '23', '17', '18'], ['8', '5', '21']]";"[['32', '12', '37', '34', '13', '30', '36', '33', '35', '39', '26', '7'], ['44', '59', '4', '16', '1', '52', '31', '25', '57', '58', '3'], ['21', '14', '8', '22', '17', '23', '60', '5', '18'], ['61', '45', '55', '10', '9', '41', '54', '56'], ['42', '2', '43', '15', '40', '11', '46'], ['49', '50', '24', '29', '48', '47'], ['28', '20', '19', '27', '6'], ['53', '51', '38']]";"[['44', '59', '4', '16', '1', '52', '31', '25', '57', '58', '2', '60', '3'], ['38', '32', '12', '37', '13', '34', '30', '36', '33', '35', '39', '26', '7'], ['61', '45', '55', '10', '9', '41', '54', '56'], ['53', '51', '49', '50', '24', '29', '48', '47'], ['42', '43', '15', '40', '11', '46'], ['28', '20', '19', '27', '6'], ['14', '22', '23', '17', '18'], ['8', '5', '21']]";"[0, 0, 0, 0, 7, 5, 1, 7, 2, 2, 4, 1, 1, 6, 4, 0, 6, 6, 5, 5, 7, 6, 6, 3, 0, 1, 5, 5, 3, 1, 0, 1, 1, 1, 1, 1, 1, 1, 1, 4, 2, 4, 4, 0, 2, 4, 3, 3, 3, 3, 3, 0, 3, 2, 2, 2, 0, 0, 0, 0, 2]";"[1, 4, 1, 1, 7, 5, 0, 7, 2, 2, 4, 0, 0, 6, 4, 1, 6, 6, 5, 5, 7, 6, 6, 3, 1, 0, 5, 5, 3, 0, 1, 0, 0, 0, 0, 0, 0, 0, 0, 4, 2, 4, 4, 1, 2, 4, 3, 3, 3, 3, 3, 1, 3, 2, 2, 2, 1, 1, 1, 1, 2]";"[1, 4, 1, 1, 2, 6, 0, 2, 3, 3, 4, 0, 0, 2, 4, 1, 2, 2, 6, 6, 2, 2, 2, 5, 1, 0, 6, 6, 5, 0, 1, 0, 0, 0, 0, 0, 0, 7, 0, 4, 3, 4, 4, 1, 3, 4, 5, 5, 5, 5, 7, 1, 7, 3, 3, 3, 1, 1, 1, 2, 3]";"[0, 0, 0, 0, 7, 5, 1, 7, 2, 2, 4, 1, 1, 6, 4, 0, 6, 6, 5, 5, 7, 6, 6, 3, 0, 1, 5, 5, 3, 1, 0, 1, 1, 1, 1, 1, 1, 1, 1, 4, 2, 4, 4, 0, 2, 4, 3, 3, 3, 3, 3, 0, 3, 2, 2, 2, 0, 0, 0, 0, 2]"
13;1;"aucs";"scml";2;0.3492;0.3514;0.3297;0.3325;"{'38': 0.4226190476190476, '32': 0.3214285714285714, '12': 0.125, '37': 0.2916666666666667, '13': 0.3205128205128205, '34': 0.26785714285714285, '30': 0.08012820512820512, '36': 0.14166666666666666, '33': 0.17045454545454547, '35': 0.293859649122807, '39': 0.30833333333333335, '26': 0.3472222222222222, '7': 0.17045454545454547}";"{'38': 0.4226190476190476, '32': 0.3214285714285714, '12': 0.125, '37': 0.2807971014492754, '13': 0.3205128205128205, '34': 0.26785714285714285, '30': 0.08012820512820512, '36': 0.14166666666666666, '33': 0.17045454545454547, '35': 0.293859649122807, '39': 0.30833333333333335, '26': 0.3472222222222222, '7': 0.17045454545454547}";"{'38': 0.48611111111111116, '32': 0.3214285714285714, '12': 0.125, '37': 0.2916666666666667, '13': 0.3205128205128205, '34': 0.26785714285714285, '30': 0.08012820512820512, '36': 0.14166666666666666, '33': 0.17045454545454547, '35': 0.293859649122807, '39': 0.30833333333333335, '26': 0.3472222222222222, '7': 0.17045454545454547}";"{'38': 0.4226190476190476, '32': 0.3333333333333333, '12': 0.23958333333333331, '37': 0.2916666666666667, '13': 0.34523809523809523, '34': 0.29166666666666663, '30': 0.11309523809523808, '36': 0.16666666666666666, '33': 0.17045454545454547, '35': 0.293859649122807, '39': 0.30833333333333335, '26': 0.3472222222222222, '7': 0.20833333333333331}";0.0;0.0;0.2051282051282051;0.0;0.9601506359758676;0.7730349852720789;1.0;0.9742767326878776;0.8571756555088811;1.0;0.9407006085794865;0.7173934298005475;1.0;0.965191383162516;0.8356829293351896;1.0;0.0068;0.0602;0.012;"['38', '32', '12', '37', '13', '34', '30', '36', '33', '35', '39', '26', '7']";"{'1': [('intraD', ('33', '38')), ('intraD', ('12', '36'))], '2': [('intraD', ('26', '30')), ('interD', ('29', '37'))], '3': [('intraA', ('13', '26')), ('interA', ('26', '31'))], '4': [('intraA', ('32', '34')), ('intraA', ('30', '37'))], '5': [('intraA', ('26', '37')), ('intraA', ('36', '37'))]}";"{'1': [('interA', ('38', '44')), ('interA', ('38', '4'))], '2': [('interA', ('38', '53')), ('interA', ('38', '51'))], '3': [('interA', ('38', '53')), ('interA', ('38', '51'))], '4': [('interA', ('38', '53')), ('interA', ('38', '51'))], '5': [('interA', ('38', '44')), ('interA', ('38', '59'))]}";"{'1': [('interA', ('12', '25')), ('interA', ('36', '42'))], '2': [('interA', ('12', '53')), ('interA', ('13', '51'))], '3': [('interA', ('32', '53')), ('interA', ('12', '4'))], '4': [('interA', ('12', '57')), ('interA', ('34', '50'))], '5': [('interA', ('20', '30')), ('interA', ('44', '7'))]}";"[['38', '32', '12', '37', '13', '34', '30', '36', '33', '35', '39', '26', '7'], ['44', '59', '4', '16', '1', '52', '31', '25', '57', '58', '2', '3'], ['61', '45', '55', '10', '9', '41', '54', '56'], ['53', '51', '49', '50', '24', '29', '48', '47'], ['42', '43', '15', '40', '11', '46'], ['14', '22', '23', '17', '60', '18'], ['28', '20', '19', '27', '6'], ['8', '5', '21']]";"[['44', '59', '45', '4', '16', '1', '52', '31', '25', '57', '58', '3'], ['32', '12', '37', '34', '13', '30', '36', '33', '35', '39', '26', '7'], ['21', '14', '8', '22', '17', '23', '60', '5', '18'], ['42', '2', '43', '15', '40', '11', '46'], ['61', '55', '10', '9', '41', '54', '56'], ['49', '50', '24', '29', '48', '47'], ['28', '20', '19', '27', '6'], ['53', '51', '38']]";"[['44', '59', '4', '16', '1', '52', '31', '25', '57', '58', '2', '60', '3'], ['38', '32', '12', '37', '13', '34', '30', '36', '33', '35', '39', '26', '7'], ['61', '45', '55', '10', '9', '41', '54', '56'], ['53', '51', '49', '50', '24', '29', '48', '47'], ['42', '43', '15', '40', '11', '46'], ['28', '20', '19', '27', '6'], ['14', '22', '23', '17', '18'], ['8', '5', '21']]";"[0, 0, 0, 0, 7, 5, 1, 7, 2, 2, 4, 1, 1, 6, 4, 0, 6, 6, 5, 5, 7, 6, 6, 3, 0, 1, 5, 5, 3, 1, 0, 1, 1, 1, 1, 1, 1, 1, 1, 4, 2, 4, 4, 0, 2, 4, 3, 3, 3, 3, 3, 0, 3, 2, 2, 2, 0, 0, 0, 0, 2]";"[1, 1, 1, 1, 7, 6, 0, 7, 2, 2, 4, 0, 0, 5, 4, 1, 5, 5, 6, 6, 7, 5, 5, 3, 1, 0, 6, 6, 3, 0, 1, 0, 0, 0, 0, 0, 0, 0, 0, 4, 2, 4, 4, 1, 2, 4, 3, 3, 3, 3, 3, 1, 3, 2, 2, 2, 1, 1, 1, 5, 2]";"[0, 3, 0, 0, 2, 6, 1, 2, 4, 4, 3, 1, 1, 2, 3, 0, 2, 2, 6, 6, 2, 2, 2, 5, 0, 1, 6, 6, 5, 1, 0, 1, 1, 1, 1, 1, 1, 7, 1, 3, 4, 3, 3, 0, 0, 3, 5, 5, 5, 5, 7, 0, 7, 4, 4, 4, 0, 0, 0, 2, 4]";"[0, 0, 0, 0, 7, 5, 1, 7, 2, 2, 4, 1, 1, 6, 4, 0, 6, 6, 5, 5, 7, 6, 6, 3, 0, 1, 5, 5, 3, 1, 0, 1, 1, 1, 1, 1, 1, 1, 1, 4, 2, 4, 4, 0, 2, 4, 3, 3, 3, 3, 3, 0, 3, 2, 2, 2, 0, 0, 0, 0, 2]"
14;1;"aucs";"scml";2;0.3492;0.3495;0.3433;0.3329;"{'38': 0.4226190476190476, '32': 0.3214285714285714, '12': 0.125, '37': 0.2916666666666667, '13': 0.3205128205128205, '34': 0.26785714285714285, '30': 0.08012820512820512, '36': 0.14166666666666666, '33': 0.17045454545454547, '35': 0.293859649122807, '39': 0.30833333333333335, '26': 0.3472222222222222, '7': 0.17045454545454547}";"{'38': 0.4226190476190476, '32': 0.3214285714285714, '12': 0.125, '37': 0.2916666666666667, '13': 0.3205128205128205, '34': 0.29166666666666663, '30': 0.08012820512820512, '36': 0.14166666666666666, '33': 0.17045454545454547, '35': 0.293859649122807, '39': 0.3446969696969697, '26': 0.3472222222222222, '7': 0.17045454545454547}";"{'38': 0.48611111111111116, '32': 0.3214285714285714, '12': 0.125, '37': 0.2916666666666667, '13': 0.3205128205128205, '34': 0.26785714285714285, '30': 0.08012820512820512, '36': 0.14166666666666666, '33': 0.17045454545454547, '35': 0.293859649122807, '39': 0.30833333333333335, '26': 0.3472222222222222, '7': 0.17045454545454547}";"{'38': 0.4226190476190476, '32': 0.3333333333333333, '12': 0.23958333333333331, '37': 0.2916666666666667, '13': 0.34523809523809523, '34': 0.29166666666666663, '30': 0.11309523809523808, '36': 0.16666666666666666, '33': 0.17045454545454547, '35': 0.293859649122807, '39': 0.30833333333333335, '26': 0.3472222222222222, '7': 0.20833333333333331}";0.0;0.0;0.2051282051282051;0.0;0.9578783151326054;0.8143147049640962;1.0;0.9735669463265088;0.8839842661805033;1.0;0.9373642645607108;0.7772951628825272;1.0;0.9642221589109262;0.8722897765581499;1.0;0.0069;0.0542;0.0113;"['38', '32', '12', '37', '13', '34', '30', '36', '33', '35', '39', '26', '7']";"{'1': [('interD', ('31', '38')), ('intraA', ('26', '33'))], '2': [('interD', ('10', '32')), ('intraD', ('12', '35'))], '3': [('interA', ('20', '34')), ('intraD', ('12', '32'))], '4': [('interD', ('26', '29')), ('interA', ('10', '32'))], '5': [('intraA', ('13', '38')), ('interA', ('39', '56'))]}";"{'1': [('interA', ('38', '44')), ('interA', ('38', '4'))], '2': [('interA', ('38', '53')), ('interA', ('38', '51'))], '3': [('interA', ('38', '53')), ('interA', ('38', '51'))], '4': [('interA', ('38', '53')), ('interA', ('38', '51'))], '5': [('interA', ('38', '44')), ('interA', ('38', '59'))]}";"{'1': [('interA', ('12', '16')), ('interA', ('36', '52'))], '2': [('interA', ('12', '45')), ('interA', ('13', '50'))], '3': [('interA', ('32', '48')), ('interA', ('12', '59'))], '4': [('interA', ('12', '42')), ('interA', ('34', '8'))], '5': [('interA', ('17', '30')), ('interA', ('24', '7'))]}";"[['38', '32', '12', '37', '13', '34', '30', '36', '33', '35', '39', '26', '7'], ['44', '59', '4', '16', '1', '52', '31', '25', '57', '58', '60', '3'], ['61', '45', '55', '10', '9', '41', '54', '56'], ['53', '51', '49', '50', '24', '29', '48', '47'], ['42', '2', '43', '15', '40', '11', '46'], ['28', '20', '19', '27', '6'], ['14', '22', '23', '17', '18'], ['8', '5', '21']]";"[['32', '12', '37', '34', '13', '30', '36', '33', '35', '39', '26', '7'], ['44', '59', '4', '16', '1', '52', '31', '25', '57', '58', '3'], ['21', '14', '8', '22', '17', '23', '60', '5', '18'], ['61', '45', '55', '10', '9', '41', '54', '56'], ['42', '2', '43', '15', '40', '11', '46'], ['49', '50', '24', '29', '48', '47'], ['28', '20', '19', '27', '6'], ['53', '51', '38']]";"[['44', '59', '4', '16', '1', '52', '31', '25', '57', '58', '2', '60', '3'], ['38', '32', '12', '37', '13', '34', '30', '36', '33', '35', '39', '26', '7'], ['61', '45', '55', '10', '9', '41', '54', '56'], ['53', '51', '49', '50', '24', '29', '48', '47'], ['42', '43', '15', '40', '11', '46'], ['28', '20', '19', '27', '6'], ['14', '22', '23', '17', '18'], ['8', '5', '21']]";"[0, 0, 0, 0, 7, 5, 1, 7, 2, 2, 4, 1, 1, 6, 4, 0, 6, 6, 5, 5, 7, 6, 6, 3, 0, 1, 5, 5, 3, 1, 0, 1, 1, 1, 1, 1, 1, 1, 1, 4, 2, 4, 4, 0, 2, 4, 3, 3, 3, 3, 3, 0, 3, 2, 2, 2, 0, 0, 0, 0, 2]";"[1, 4, 1, 1, 7, 5, 0, 7, 2, 2, 4, 0, 0, 6, 4, 1, 6, 6, 5, 5, 7, 6, 6, 3, 1, 0, 5, 5, 3, 0, 1, 0, 0, 0, 0, 0, 0, 0, 0, 4, 2, 4, 4, 1, 2, 4, 3, 3, 3, 3, 3, 1, 3, 2, 2, 2, 1, 1, 1, 1, 2]";"[1, 4, 1, 1, 2, 6, 0, 2, 3, 3, 4, 0, 0, 2, 4, 1, 2, 2, 6, 6, 2, 2, 2, 5, 1, 0, 6, 6, 5, 0, 1, 0, 0, 0, 0, 0, 0, 7, 0, 4, 3, 4, 4, 1, 3, 4, 5, 5, 5, 5, 7, 1, 7, 3, 3, 3, 1, 1, 1, 2, 3]";"[0, 0, 0, 0, 7, 5, 1, 7, 2, 2, 4, 1, 1, 6, 4, 0, 6, 6, 5, 5, 7, 6, 6, 3, 0, 1, 5, 5, 3, 1, 0, 1, 1, 1, 1, 1, 1, 1, 1, 4, 2, 4, 4, 0, 2, 4, 3, 3, 3, 3, 3, 0, 3, 2, 2, 2, 0, 0, 0, 0, 2]"
15;1;"aucs";"scml";2;0.3492;0.3472;0.3461;0.331;"{'38': 0.4226190476190476, '32': 0.3214285714285714, '12': 0.125, '37': 0.2916666666666667, '13': 0.3205128205128205, '34': 0.26785714285714285, '30': 0.08012820512820512, '36': 0.14166666666666666, '33': 0.17045454545454547, '35': 0.293859649122807, '39': 0.30833333333333335, '26': 0.3472222222222222, '7': 0.17045454545454547}";"{'38': 0.44166666666666665, '32': 0.375, '12': 0.16025641025641024, '37': 0.2916666666666667, '13': 0.3205128205128205, '34': 0.26785714285714285, '30': 0.08012820512820512, '36': 0.14166666666666666, '33': 0.17045454545454547, '35': 0.293859649122807, '39': 0.20833333333333331, '26': 0.3472222222222222, '7': 0.125}";"{'38': 0.48611111111111116, '32': 0.3214285714285714, '12': 0.125, '37': 0.2916666666666667, '13': 0.3205128205128205, '34': 0.26785714285714285, '30': 0.08012820512820512, '36': 0.14166666666666666, '33': 0.17045454545454547, '35': 0.293859649122807, '39': 0.30833333333333335, '26': 0.3472222222222222, '7': 0.17045454545454547}";"{'38': 0.4226190476190476, '32': 0.3333333333333333, '12': 0.23958333333333331, '37': 0.2916666666666667, '13': 0.34523809523809523, '34': 0.29166666666666663, '30': 0.11309523809523808, '36': 0.16666666666666666, '33': 0.17045454545454547, '35': 0.293859649122807, '39': 0.30833333333333335, '26': 0.3472222222222222, '7': 0.20833333333333331}";0.0;0.0;0.0;0.0;0.9601506359758676;0.9196165572838612;0.9601506359758676;0.9742767326878776;0.9483283911785468;0.9742767326878776;0.9407006085794865;0.8799459080436742;0.9407006085794865;0.965191383162516;0.9301362686695004;0.965191383162516;0.0062;0.0534;0.0117;"['38', '32', '12', '37', '13', '34', '30', '36', '33', '35', '39', '26', '7']";"{'1': [('interA', ('12', '5')), ('intraA', ('39', '7'))], '2': [('intraD', ('32', '33')), ('intraA', ('30', '33'))], '3': [('intraA', ('13', '39')), ('interA', ('2', '38'))], '4': [('intraA', ('13', '37')), ('intraA', ('33', '39'))], '5': [('intraD', ('33', '38')), ('intraA', ('12', '34'))]}";"{'1': [('interA', ('38', '44')), ('interA', ('38', '4'))], '2': [('interA', ('38', '53')), ('interA', ('38', '51'))], '3': [('interA', ('38', '53')), ('interA', ('38', '51'))], '4': [('interA', ('38', '53')), ('interA', ('38', '51'))], '5': [('interA', ('38', '44')), ('interA', ('38', '59'))]}";"{'1': [('interA', ('12', '20')), ('interA', ('36', '59'))], '2': [('interA', ('12', '29')), ('interA', ('13', '40'))], '3': [('interA', ('32', '48')), ('interA', ('12', '4'))], '4': [('interA', ('12', '47')), ('interA', ('34', '58'))], '5': [('interA', ('14', '30')), ('interA', ('52', '7'))]}";"[['38', '32', '12', '37', '13', '34', '30', '36', '33', '35', '39', '26', '7'], ['44', '59', '4', '16', '1', '52', '31', '25', '57', '58', '2', '3'], ['61', '45', '55', '10', '9', '41', '54', '56'], ['53', '51', '49', '50', '24', '29', '48', '47'], ['42', '43', '15', '40', '11', '46'], ['14', '22', '23', '17', '60', '18'], ['28', '20', '19', '27', '6'], ['8', '5', '21']]";"[['38', '32', '12', '37', '13', '34', '30', '36', '33', '35', '39', '26', '7'], ['44', '59', '4', '16', '1', '52', '31', '25', '57', '58', '3'], ['61', '45', '55', '10', '9', '41', '54', '56'], ['53', '51', '49', '50', '24', '29', '48', '47'], ['42', '2', '43', '15', '40', '11', '46'], ['14', '22', '23', '17', '60', '18'], ['28', '20', '19', '27', '6'], ['8', '5', '21']]";"[['38', '32', '12', '37', '13', '34', '30', '36', '33', '35', '39', '26', '7'], ['44', '59', '4', '16', '1', '52', '31', '25', '57', '58', '60', '3'], ['61', '45', '55', '10', '9', '41', '54', '56'], ['53', '51', '49', '50', '24', '29', '48', '47'], ['28', '20', '27', '19', '2', '6'], ['42', '43', '15', '40', '11', '46'], ['14', '22', '23', '17', '18'], ['8', '5', '21']]";"[0, 0, 0, 0, 7, 5, 1, 7, 2, 2, 4, 1, 1, 6, 4, 0, 6, 6, 5, 5, 7, 6, 6, 3, 0, 1, 5, 5, 3, 1, 0, 1, 1, 1, 1, 1, 1, 1, 1, 4, 2, 4, 4, 0, 2, 4, 3, 3, 3, 3, 3, 0, 3, 2, 2, 2, 0, 0, 0, 0, 2]";"[1, 1, 1, 1, 7, 6, 0, 7, 2, 2, 4, 0, 0, 5, 4, 1, 5, 5, 6, 6, 7, 5, 5, 3, 1, 0, 6, 6, 3, 0, 1, 0, 0, 0, 0, 0, 0, 0, 0, 4, 2, 4, 4, 1, 2, 4, 3, 3, 3, 3, 3, 1, 3, 2, 2, 2, 1, 1, 1, 5, 2]";"[1, 4, 1, 1, 7, 6, 0, 7, 2, 2, 4, 0, 0, 5, 4, 1, 5, 5, 6, 6, 7, 5, 5, 3, 1, 0, 6, 6, 3, 0, 1, 0, 0, 0, 0, 0, 0, 0, 0, 4, 2, 4, 4, 1, 2, 4, 3, 3, 3, 3, 3, 1, 3, 2, 2, 2, 1, 1, 1, 5, 2]";"[1, 4, 1, 1, 7, 4, 0, 7, 2, 2, 5, 0, 0, 6, 5, 1, 6, 6, 4, 4, 7, 6, 6, 3, 1, 0, 4, 4, 3, 0, 1, 0, 0, 0, 0, 0, 0, 0, 0, 5, 2, 5, 5, 1, 2, 5, 3, 3, 3, 3, 3, 1, 3, 2, 2, 2, 1, 1, 1, 1, 2]"
16;1;"aucs";"scml";2;0.3492;0.3524;0.3433;0.3155;"{'38': 0.4226190476190476, '32': 0.3214285714285714, '12': 0.125, '37': 0.2916666666666667, '13': 0.3205128205128205, '34': 0.26785714285714285, '30': 0.08012820512820512, '36': 0.14166666666666666, '33': 0.17045454545454547, '35': 0.293859649122807, '39': 0.30833333333333335, '26': 0.3472222222222222, '7': 0.17045454545454547}";"{'38': 0.3666666666666667, '32': 0.3333333333333333, '12': 0.125, '37': 0.2807971014492754, '13': 0.29166666666666663, '34': 0.21666666666666667, '30': 0.08012820512820512, '36': 0.14166666666666666, '33': 0.17045454545454547, '35': 0.293859649122807, '39': 0.30833333333333335, '26': 0.293859649122807, '7': 0.17045454545454547}";"{'38': 0.48611111111111116, '32': 0.3214285714285714, '12': 0.125, '37': 0.2916666666666667, '13': 0.3205128205128205, '34': 0.26785714285714285, '30': 0.08012820512820512, '36': 0.14166666666666666, '33': 0.17045454545454547, '35': 0.293859649122807, '39': 0.30833333333333335, '26': 0.3472222222222222, '7': 0.17045454545454547}";"{'38': 0.4226190476190476, '32': 0.3333333333333333, '12': 0.21666666666666667, '37': 0.2916666666666667, '13': 0.34523809523809523, '34': 0.29166666666666663, '30': 0.11309523809523808, '36': 0.16666666666666666, '33': 0.17045454545454547, '35': 0.293859649122807, '39': 0.30833333333333335, '26': 0.3472222222222222, '7': 0.20833333333333331}";0.0;0.0;0.2051282051282051;0.2572115384615384;0.9578783151326054;0.8143147049640962;0.8710755869807478;0.9735669463265088;0.8839842661805033;0.920263218633909;0.9373642645607108;0.7772951628825272;0.8759288228392648;0.9642221589109262;0.8722897765581499;0.9284414889563452;0.0062;0.0521;0.0111;"['38', '32', '12', '37', '13', '34', '30', '36', '33', '35', '39', '26', '7']";"{'1': [('interA', ('13', '54')), ('intraA', ('13', '34'))], '2': [('interD', ('14', '34')), ('intraA', ('30', '38'))], '3': [('intraA', ('34', '36')), ('intraD', ('13', '32'))], '4': [('interA', ('32', '55')), ('intraA', ('26', '38'))], '5': [('interD', ('37', '45')), ('intraD', ('30', '7'))]}";"{'1': [('interA', ('38', '44')), ('interA', ('38', '4'))], '2': [('interA', ('38', '53')), ('interA', ('38', '51'))], '3': [('interA', ('38', '53')), ('interA', ('38', '51'))], '4': [('interA', ('38', '53')), ('interA', ('38', '51'))], '5': [('interA', ('38', '44')), ('interA', ('38', '59'))]}";"{'1': [('interA', ('12', '18')), ('interA', ('15', '36'))], '2': [('interA', ('12', '5')), ('interA', ('13', '56'))], '3': [('interA', ('11', '32')), ('interA', ('12', '55'))], '4': [('interA', ('12', '55')), ('interA', ('34', '8'))], '5': [('interA', ('30', '50')), ('interA', ('18', '7'))]}";"[['38', '32', '12', '37', '13', '34', '30', '36', '33', '35', '39', '26', '7'], ['44', '59', '4', '16', '1', '52', '31', '25', '57', '58', '60', '3'], ['61', '45', '55', '10', '9', '41', '54', '56'], ['53', '51', '49', '50', '24', '29', '48', '47'], ['42', '2', '43', '15', '40', '11', '46'], ['28', '20', '19', '27', '6'], ['14', '22', '23', '17', '18'], ['8', '5', '21']]";"[['32', '12', '37', '34', '13', '30', '36', '33', '35', '39', '26', '7'], ['44', '59', '4', '16', '1', '52', '31', '25', '57', '58', '3'], ['21', '14', '8', '22', '17', '23', '60', '5', '18'], ['61', '45', '55', '10', '9', '41', '54', '56'], ['42', '2', '43', '15', '40', '11', '46'], ['49', '50', '24', '29', '48', '47'], ['28', '20', '19', '27', '6'], ['53', '51', '38']]";"[['44', '59', '45', '4', '16', '1', '52', '31', '25', '57', '58', '2', '3'], ['38', '32', '12', '37', '34', '30', '36', '33', '35', '39', '26', '7'], ['61', '55', '10', '9', '41', '13', '54', '56'], ['53', '51', '49', '50', '24', '29', '48', '47'], ['42', '43', '15', '40', '11', '46'], ['14', '22', '23', '17', '60', '18'], ['28', '20', '19', '27', '6'], ['8', '5', '21']]";"[0, 0, 0, 0, 7, 5, 1, 7, 2, 2, 4, 1, 1, 6, 4, 0, 6, 6, 5, 5, 7, 6, 6, 3, 0, 1, 5, 5, 3, 1, 0, 1, 1, 1, 1, 1, 1, 1, 1, 4, 2, 4, 4, 0, 2, 4, 3, 3, 3, 3, 3, 0, 3, 2, 2, 2, 0, 0, 0, 0, 2]";"[1, 4, 1, 1, 7, 5, 0, 7, 2, 2, 4, 0, 0, 6, 4, 1, 6, 6, 5, 5, 7, 6, 6, 3, 1, 0, 5, 5, 3, 0, 1, 0, 0, 0, 0, 0, 0, 0, 0, 4, 2, 4, 4, 1, 2, 4, 3, 3, 3, 3, 3, 1, 3, 2, 2, 2, 1, 1, 1, 1, 2]";"[1, 4, 1, 1, 2, 6, 0, 2, 3, 3, 4, 0, 0, 2, 4, 1, 2, 2, 6, 6, 2, 2, 2, 5, 1, 0, 6, 6, 5, 0, 1, 0, 0, 0, 0, 0, 0, 7, 0, 4, 3, 4, 4, 1, 3, 4, 5, 5, 5, 5, 7, 1, 7, 3, 3, 3, 1, 1, 1, 2, 3]";"[0, 0, 0, 0, 7, 6, 1, 7, 2, 2, 4, 1, 2, 5, 4, 0, 5, 5, 6, 6, 7, 5, 5, 3, 0, 1, 6, 6, 3, 1, 0, 1, 1, 1, 1, 1, 1, 1, 1, 4, 2, 4, 4, 0, 0, 4, 3, 3, 3, 3, 3, 0, 3, 2, 2, 2, 0, 0, 0, 5, 2]"
17;1;"aucs";"scml";2;0.3492;0.3343;0.3433;0.3229;"{'38': 0.4226190476190476, '32': 0.3214285714285714, '12': 0.125, '37': 0.2916666666666667, '13': 0.3205128205128205, '34': 0.26785714285714285, '30': 0.08012820512820512, '36': 0.14166666666666666, '33': 0.17045454545454547, '35': 0.293859649122807, '39': 0.30833333333333335, '26': 0.3472222222222222, '7': 0.17045454545454547}";"{'38': 0.4226190476190476, '32': 0.30833333333333335, '12': 0.125, '37': 0.2807971014492754, '13': 0.34523809523809523, '34': 0.29166666666666663, '30': 0.08012820512820512, '36': 0.14166666666666666, '33': 0.17045454545454547, '35': 0.2777777777777778, '39': 0.30833333333333335, '26': 0.3472222222222222, '7': 0.17045454545454547}";"{'38': 0.48611111111111116, '32': 0.3214285714285714, '12': 0.125, '37': 0.2916666666666667, '13': 0.3205128205128205, '34': 0.26785714285714285, '30': 0.08012820512820512, '36': 0.14166666666666666, '33': 0.17045454545454547, '35': 0.293859649122807, '39': 0.30833333333333335, '26': 0.3472222222222222, '7': 0.17045454545454547}";"{'38': 0.4226190476190476, '32': 0.3333333333333333, '12': 0.23958333333333331, '37': 0.2916666666666667, '13': 0.34523809523809523, '34': 0.29166666666666663, '30': 0.11309523809523808, '36': 0.16666666666666666, '33': 0.17045454545454547, '35': 0.293859649122807, '39': 0.30833333333333335, '26': 0.3472222222222222, '7': 0.20833333333333331}";0.0;0.2676282051282051;0.2051282051282051;0.0;0.865007570757464;0.8143147049640962;0.9141466012400624;0.9196499876636018;0.8839842661805033;0.9464283048098956;0.8799459080436742;0.7772951628825272;0.8727871250914411;0.9301362686695004;0.8722897765581499;0.9274349653159254;0.006;0.0482;0.0101;"['38', '32', '12', '37', '13', '34', '30', '36', '33', '35', '39', '26', '7']";"{'1': [('interD', ('28', '32')), ('interA', ('3', '34'))], '2': [('intraD', ('13', '32')), ('interD', ('29', '37'))], '3': [('intraA', ('12', '26')), ('intraD', ('12', '32'))], '4': [('interD', ('31', '38')), ('interA', ('13', '16'))], '5': [('intraD', ('33', '38')), ('interD', ('14', '35'))]}";"{'1': [('interA', ('38', '44')), ('interA', ('38', '4'))], '2': [('interA', ('38', '53')), ('interA', ('38', '51'))], '3': [('interA', ('38', '53')), ('interA', ('38', '51'))], '4': [('interA', ('38', '53')), ('interA', ('38', '51'))], '5': [('interA', ('38', '44')), ('interA', ('38', '59'))]}";"{'1': [('interA', ('12', '8')), ('interA', ('36', '50'))], '2': [('interA', ('12', '44')), ('interA', ('13', '20'))], '3': [('interA', ('3', '32')), ('interA', ('12', '15'))], '4': [('interA', ('12', '2')), ('interA', ('34', '58'))], '5': [('interA', ('30', '54')), ('interA', ('17', '7'))]}";"[['44', '59', '4', '16', '1', '52', '31', '25', '57', '13', '58', '3'], ['38', '32', '12', '37', '34', '30', '36', '33', '35', '39', '26', '7'], ['61', '45', '55', '10', '9', '41', '54', '56'], ['53', '51', '49', '50', '24', '29', '48', '47'], ['42', '2', '43', '15', '40', '11', '46'], ['14', '22', '23', '17', '60', '18'], ['28', '20', '19', '27', '6'], ['8', '5', '21']]";"[['32', '12', '37', '34', '13', '30', '36', '33', '35', '39', '26', '7'], ['44', '59', '4', '16', '1', '52', '31', '25', '57', '58', '3'], ['21', '14', '8', '22', '17', '23', '60', '5', '18'], ['61', '45', '55', '10', '9', '41', '54', '56'], ['42', '2', '43', '15', '40', '11', '46'], ['49', '50', '24', '29', '48', '47'], ['28', '20', '19', '27', '6'], ['53', '51', '38']]";"[['44', '59', '45', '4', '16', '1', '52', '31', '25', '57', '58', '60', '3'], ['38', '32', '12', '37', '13', '34', '30', '36', '33', '35', '39', '26', '7'], ['53', '51', '49', '50', '24', '29', '48', '47'], ['42', '2', '43', '15', '40', '11', '46'], ['61', '55', '10', '9', '41', '54', '56'], ['28', '20', '19', '27', '6'], ['14', '22', '23', '17', '18'], ['8', '5', '21']]";"[0, 0, 0, 0, 7, 5, 1, 7, 2, 2, 4, 1, 1, 6, 4, 0, 6, 6, 5, 5, 7, 6, 6, 3, 0, 1, 5, 5, 3, 1, 0, 1, 1, 1, 1, 1, 1, 1, 1, 4, 2, 4, 4, 0, 2, 4, 3, 3, 3, 3, 3, 0, 3, 2, 2, 2, 0, 0, 0, 0, 2]";"[0, 4, 0, 0, 7, 6, 1, 7, 2, 2, 4, 1, 0, 5, 4, 0, 5, 5, 6, 6, 7, 5, 5, 3, 0, 1, 6, 6, 3, 1, 0, 1, 1, 1, 1, 1, 1, 1, 1, 4, 2, 4, 4, 0, 2, 4, 3, 3, 3, 3, 3, 0, 3, 2, 2, 2, 0, 0, 0, 5, 2]";"[1, 4, 1, 1, 2, 6, 0, 2, 3, 3, 4, 0, 0, 2, 4, 1, 2, 2, 6, 6, 2, 2, 2, 5, 1, 0, 6, 6, 5, 0, 1, 0, 0, 0, 0, 0, 0, 7, 0, 4, 3, 4, 4, 1, 3, 4, 5, 5, 5, 5, 7, 1, 7, 3, 3, 3, 1, 1, 1, 2, 3]";"[0, 3, 0, 0, 7, 5, 1, 7, 4, 4, 3, 1, 1, 6, 3, 0, 6, 6, 5, 5, 7, 6, 6, 2, 0, 1, 5, 5, 2, 1, 0, 1, 1, 1, 1, 1, 1, 1, 1, 3, 4, 3, 3, 0, 0, 3, 2, 2, 2, 2, 2, 0, 2, 4, 4, 4, 0, 0, 0, 0, 4]"
18;1;"aucs";"scml";2;0.3492;0.3587;0.306;0.3343;"{'38': 0.4226190476190476, '32': 0.3214285714285714, '12': 0.125, '37': 0.2916666666666667, '13': 0.3205128205128205, '34': 0.26785714285714285, '30': 0.08012820512820512, '36': 0.14166666666666666, '33': 0.17045454545454547, '35': 0.293859649122807, '39': 0.30833333333333335, '26': 0.3472222222222222, '7': 0.17045454545454547}";"{'38': 0.3666666666666667, '32': 0.2689393939393939, '12': 0.125, '37': 0.2916666666666667, '13': 0.34523809523809523, '34': 0.29166666666666663, '30': 0.11309523809523808, '36': 0.14166666666666666, '33': 0.17045454545454547, '35': 0.293859649122807, '39': 0.3446969696969697, '26': 0.2777777777777778, '7': 0.125}";"{'38': 0.48611111111111116, '32': 0.3214285714285714, '12': 0.125, '37': 0.2916666666666667, '13': 0.3205128205128205, '34': 0.26785714285714285, '30': 0.08012820512820512, '36': 0.14166666666666666, '33': 0.17045454545454547, '35': 0.293859649122807, '39': 0.30833333333333335, '26': 0.3472222222222222, '7': 0.17045454545454547}";"{'38': 0.4226190476190476, '32': 0.3333333333333333, '12': 0.21666666666666667, '37': 0.2916666666666667, '13': 0.34523809523809523, '34': 0.29166666666666663, '30': 0.11309523809523808, '36': 0.16666666666666666, '33': 0.17045454545454547, '35': 0.293859649122807, '39': 0.30833333333333335, '26': 0.3472222222222222, '7': 0.20833333333333331}";0.0;0.0;0.2051282051282051;0.0;0.8648163782186576;0.7618060733196012;1.0;0.9271841564548527;0.8519642854651179;1.0;0.7962638043141708;0.7025316455696202;1.0;0.9018093094707944;0.8283071323603617;1.0;0.0058;0.0472;0.0106;"['38', '32', '12', '37', '13', '34', '30', '36', '33', '35', '39', '26', '7']";"{'1': [('interA', ('36', '45')), ('interD', ('26', '31'))], '2': [('intraA', ('26', '7')), ('intraA', ('32', '38'))], '3': [('interA', ('34', '43')), ('interA', ('23', '39'))], '4': [('intraA', ('30', '7')), ('interA', ('13', '5'))], '5': [('interA', ('30', '50')), ('interD', ('15', '26'))]}";"{'1': [('interA', ('38', '44')), ('interA', ('38', '4'))], '2': [('interA', ('38', '53')), ('interA', ('38', '51'))], '3': [('interA', ('38', '53')), ('interA', ('38', '51'))], '4': [('interA', ('38', '53')), ('interA', ('38', '51'))], '5': [('interA', ('38', '44')), ('interA', ('38', '59'))]}";"{'1': [('interA', ('12', '25')), ('interA', ('19', '36'))], '2': [('interA', ('12', '14')), ('interA', ('13', '58'))], '3': [('interA', ('27', '32')), ('interA', ('12', '24'))], '4': [('interA', ('12', '4')), ('interA', ('19', '34'))], '5': [('interA', ('30', '57')), ('interA', ('50', '7'))]}";"[['38', '32', '12', '37', '13', '34', '30', '36', '33', '35', '39', '26', '7'], ['44', '59', '4', '16', '52', '31', '25', '57', '58'], ['61', '45', '55', '10', '9', '41', '54', '56'], ['53', '51', '49', '50', '24', '29', '48', '47'], ['8', '21', '22', '17', '23', '5', '18'], ['42', '43', '15', '40', '11', '46'], ['1', '14', '2', '60', '3'], ['28', '20', '19', '27', '6']]";"[['61', '45', '55', '28', '20', '10', '9', '19', '41', '54', '56', '6'], ['32', '12', '37', '34', '13', '30', '36', '33', '35', '39', '26', '7'], ['44', '59', '4', '16', '1', '52', '31', '25', '57', '58', '3'], ['42', '27', '2', '43', '15', '40', '11', '46'], ['14', '22', '23', '17', '60', '18'], ['49', '50', '24', '29', '48', '47'], ['8', '5', '21'], ['53', '51', '38']]";"[['44', '59', '4', '16', '1', '52', '31', '25', '57', '58', '2', '60', '3'], ['38', '32', '12', '37', '13', '34', '30', '36', '33', '35', '39', '26', '7'], ['61', '45', '55', '10', '9', '41', '54', '56'], ['53', '51', '49', '50', '24', '29', '48', '47'], ['42', '43', '15', '40', '11', '46'], ['28', '20', '19', '27', '6'], ['14', '22', '23', '17', '18'], ['8', '5', '21']]";"[0, 0, 0, 0, 7, 5, 1, 7, 2, 2, 4, 1, 1, 6, 4, 0, 6, 6, 5, 5, 7, 6, 6, 3, 0, 1, 5, 5, 3, 1, 0, 1, 1, 1, 1, 1, 1, 1, 1, 4, 2, 4, 4, 0, 2, 4, 3, 3, 3, 3, 3, 0, 3, 2, 2, 2, 0, 0, 0, 0, 2]";"[6, 6, 6, 1, 4, 7, 0, 4, 2, 2, 5, 0, 0, 6, 5, 1, 4, 4, 7, 7, 4, 4, 4, 3, 1, 0, 7, 7, 3, 0, 1, 0, 0, 0, 0, 0, 0, 0, 0, 5, 2, 5, 5, 1, 2, 5, 3, 3, 3, 3, 3, 1, 3, 2, 2, 2, 1, 1, 1, 6, 2]";"[2, 3, 2, 2, 6, 0, 1, 6, 0, 0, 3, 1, 1, 4, 3, 2, 4, 4, 0, 0, 6, 4, 4, 5, 2, 1, 3, 0, 5, 1, 2, 1, 1, 1, 1, 1, 1, 7, 1, 3, 0, 3, 3, 2, 0, 3, 5, 5, 5, 5, 7, 2, 7, 0, 0, 0, 2, 2, 2, 4, 0]";"[0, 0, 0, 0, 7, 5, 1, 7, 2, 2, 4, 1, 1, 6, 4, 0, 6, 6, 5, 5, 7, 6, 6, 3, 0, 1, 5, 5, 3, 1, 0, 1, 1, 1, 1, 1, 1, 1, 1, 4, 2, 4, 4, 0, 2, 4, 3, 3, 3, 3, 3, 0, 3, 2, 2, 2, 0, 0, 0, 0, 2]"
19;1;"aucs";"scml";2;0.3492;0.3474;0.3297;0.3209;"{'38': 0.4226190476190476, '32': 0.3214285714285714, '12': 0.125, '37': 0.2916666666666667, '13': 0.3205128205128205, '34': 0.26785714285714285, '30': 0.08012820512820512, '36': 0.14166666666666666, '33': 0.17045454545454547, '35': 0.293859649122807, '39': 0.30833333333333335, '26': 0.3472222222222222, '7': 0.17045454545454547}";"{'38': 0.4226190476190476, '32': 0.3214285714285714, '12': 0.125, '37': 0.2916666666666667, '13': 0.3205128205128205, '34': 0.29166666666666663, '30': 0.08012820512820512, '36': 0.14166666666666666, '33': 0.17045454545454547, '35': 0.2777777777777778, '39': 0.29166666666666663, '26': 0.36184210526315785, '7': 0.125}";"{'38': 0.48611111111111116, '32': 0.3214285714285714, '12': 0.125, '37': 0.2916666666666667, '13': 0.3205128205128205, '34': 0.26785714285714285, '30': 0.08012820512820512, '36': 0.14166666666666666, '33': 0.17045454545454547, '35': 0.293859649122807, '39': 0.30833333333333335, '26': 0.3472222222222222, '7': 0.17045454545454547}";"{'38': 0.4226190476190476, '32': 0.3214285714285714, '12': 0.23958333333333331, '37': 0.2916666666666667, '13': 0.34523809523809523, '34': 0.26785714285714285, '30': 0.11309523809523808, '36': 0.16666666666666666, '33': 0.17045454545454547, '35': 0.293859649122807, '39': 0.30833333333333335, '26': 0.3472222222222222, '7': 0.20833333333333331}";0.0;0.0;0.2051282051282051;0.0;0.9601506359758676;0.7730349852720789;0.9541341888267876;0.9742767326878776;0.8571756555088811;0.9725151728618404;0.9407006085794865;0.7173934298005475;0.932367613200307;0.965191383162516;0.8356829293351896;0.962730528024986;0.0057;0.0461;0.0099;"['38', '32', '12', '37', '13', '34', '30', '36', '33', '35', '39', '26', '7']";"{'1': [('intraA', ('39', '7')), ('interA', ('12', '54'))], '2': [('interA', ('26', '61')), ('intraD', ('12', '32'))], '3': [('intraD', ('13', '32')), ('intraD', ('12', '36'))], '4': [('interA', ('11', '34')), ('interA', ('39', '40'))], '5': [('interD', ('35', '42')), ('interD', ('12', '14'))]}";"{'1': [('interA', ('38', '44')), ('interA', ('38', '4'))], '2': [('interA', ('38', '53')), ('interA', ('38', '51'))], '3': [('interA', ('38', '53')), ('interA', ('38', '51'))], '4': [('interA', ('38', '53')), ('interA', ('38', '51'))], '5': [('interA', ('38', '44')), ('interA', ('38', '59'))]}";"{'1': [('interA', ('12', '44')), ('interA', ('31', '36'))], '2': [('interA', ('12', '41')), ('interA', ('13', '27'))], '3': [('interA', ('14', '32')), ('interA', ('12', '27'))], '4': [('interA', ('12', '50')), ('interA', ('22', '34'))], '5': [('interA', ('30', '45')), ('interA', ('16', '7'))]}";"[['38', '32', '12', '37', '13', '34', '30', '36', '33', '35', '39', '26', '7'], ['44', '59', '4', '16', '1', '52', '31', '25', '57', '58', '2', '3'], ['61', '45', '55', '10', '9', '41', '54', '56'], ['53', '51', '49', '50', '24', '29', '48', '47'], ['42', '43', '15', '40', '11', '46'], ['14', '22', '23', '17', '60', '18'], ['28', '20', '19', '27', '6'], ['8', '5', '21']]";"[['44', '59', '45', '4', '16', '1', '52', '31', '25', '57', '58', '3'], ['32', '12', '37', '34', '13', '30', '36', '33', '35', '39', '26', '7'], ['21', '14', '8', '22', '17', '23', '60', '5', '18'], ['42', '2', '43', '15', '40', '11', '46'], ['61', '55', '10', '9', '41', '54', '56'], ['49', '50', '24', '29', '48', '47'], ['28', '20', '19', '27', '6'], ['53', '51', '38']]";"[['44', '59', '45', '4', '16', '1', '52', '31', '25', '57', '58', '2', '60', '3'], ['38', '32', '12', '37', '13', '34', '30', '36', '33', '35', '39', '26', '7'], ['53', '51', '49', '50', '24', '29', '48', '47'], ['61', '55', '10', '9', '41', '54', '56'], ['42', '43', '15', '40', '11', '46'], ['28', '20', '19', '27', '6'], ['14', '22', '23', '17', '18'], ['8', '5', '21']]";"[0, 0, 0, 0, 7, 5, 1, 7, 2, 2, 4, 1, 1, 6, 4, 0, 6, 6, 5, 5, 7, 6, 6, 3, 0, 1, 5, 5, 3, 1, 0, 1, 1, 1, 1, 1, 1, 1, 1, 4, 2, 4, 4, 0, 2, 4, 3, 3, 3, 3, 3, 0, 3, 2, 2, 2, 0, 0, 0, 0, 2]";"[1, 1, 1, 1, 7, 6, 0, 7, 2, 2, 4, 0, 0, 5, 4, 1, 5, 5, 6, 6, 7, 5, 5, 3, 1, 0, 6, 6, 3, 0, 1, 0, 0, 0, 0, 0, 0, 0, 0, 4, 2, 4, 4, 1, 2, 4, 3, 3, 3, 3, 3, 1, 3, 2, 2, 2, 1, 1, 1, 5, 2]";"[0, 3, 0, 0, 2, 6, 1, 2, 4, 4, 3, 1, 1, 2, 3, 0, 2, 2, 6, 6, 2, 2, 2, 5, 0, 1, 6, 6, 5, 1, 0, 1, 1, 1, 1, 1, 1, 7, 1, 3, 4, 3, 3, 0, 0, 3, 5, 5, 5, 5, 7, 0, 7, 4, 4, 4, 0, 0, 0, 2, 4]";"[0, 0, 0, 0, 7, 5, 1, 7, 3, 3, 4, 1, 1, 6, 4, 0, 6, 6, 5, 5, 7, 6, 6, 2, 0, 1, 5, 5, 2, 1, 0, 1, 1, 1, 1, 1, 1, 1, 1, 4, 3, 4, 4, 0, 0, 4, 2, 2, 2, 2, 2, 0, 2, 3, 3, 3, 0, 0, 0, 0, 3]"
0;2;"aucs";"scml";2;0.3492;0.3463;0.3287;0.3431;"{'61': 0.2857142857142857, '45': 0.4368131868131868, '55': 0.26785714285714285, '10': 0.75, '9': 0.2976190476190476, '41': 0.5, '54': 0.5571428571428572, '56': 0.14285714285714285}";"{'61': 0.21428571428571427, '45': 0.4368131868131868, '55': 0.26785714285714285, '10': 0.75, '9': 0.3571428571428571, '41': 0.4017857142857143, '54': 0.5571428571428572, '56': 0.14285714285714285}";"{'61': 0.45238095238095233, '45': 0.4368131868131868, '55': 0.26785714285714285, '10': 0.75, '9': 0.2976190476190476, '41': 0.5, '54': 0.5571428571428572, '56': 0.14285714285714285}";"{'61': 0.5, '45': 0.44179894179894175, '55': 0.30952380952380953, '10': 0.7633928571428572, '9': 0.3571428571428571, '41': 0.5, '54': 0.5571428571428572, '56': 0.21428571428571427}";0.0;0.2708333333333333;0.25;0.0;0.9721086188939976;0.8683849201679024;0.8424096757194453;0.9763382942443256;0.9279032778405546;0.9027466564132146;1.0;0.8757946856710211;0.8171248152945977;1.0;0.9370555091160604;0.8790895348795625;0.0048;0.0325;0.0067;"['61', '45', '55', '10', '9', '41', '54', '56']";"{'1': [('interD', ('32', '45')), ('intraA', ('41', '61'))], '2': [('interD', ('51', '54')), ('interA', ('29', '9'))], '3': [('intraD', ('41', '55')), ('intraD', ('10', '56'))], '4': [('intraD', ('10', '56')), ('intraA', ('45', '9'))], '5': [('interA', ('33', '54')), ('intraD', ('56', '61'))]}";"{'1': [('interA', ('38', '61')), ('interA', ('32', '61'))], '2': [('intraD', ('10', '45')), ('interA', ('38', '61'))], '3': [('interA', ('38', '61')), ('interA', ('32', '61'))], '4': [('intraD', ('56', '61')), ('intraD', ('10', '56'))], '5': [('intraD', ('45', '61')), ('intraD', ('56', '61'))]}";"{'1': [('interA', ('53', '61')), ('interA', ('10', '20'))], '2': [('interA', ('10', '20')), ('interA', ('45', '8'))], '3': [('interA', ('42', '55')), ('interA', ('10', '27'))], '4': [('interA', ('19', '61')), ('interA', ('3', '56'))], '5': [('interA', ('44', '61')), ('interA', ('23', '9'))]}";"[['44', '59', '4', '16', '1', '52', '31', '25', '57', '58', '2', '60', '3'], ['38', '32', '12', '37', '13', '34', '30', '36', '33', '35', '39', '26', '7'], ['53', '51', '49', '50', '24', '29', '48', '47'], ['61', '45', '55', '9', '41', '54', '56'], ['14', '22', '23', '17', '10', '18'], ['42', '43', '15', '40', '11', '46'], ['28', '20', '19', '27', '6'], ['8', '5', '21']]";"[['44', '59', '4', '16', '1', '52', '31', '25', '57', '58', '2', '60', '3'], ['32', '12', '37', '34', '13', '30', '36', '39', '26', '7'], ['21', '14', '8', '22', '17', '23', '5', '18'], ['53', '51', '49', '50', '24', '29', '48', '47'], ['45', '55', '10', '9', '41', '54', '56'], ['42', '43', '15', '40', '11', '46'], ['28', '20', '19', '27', '6'], ['33', '61', '38', '35']]";"[['38', '32', '12', '37', '13', '34', '30', '36', '33', '35', '39', '26', '7'], ['44', '59', '4', '16', '1', '52', '31', '25', '57', '58', '3'], ['21', '14', '8', '22', '17', '23', '60', '5', '18'], ['61', '45', '55', '10', '9', '41', '54', '56'], ['42', '2', '43', '15', '40', '11', '46'], ['28', '20', '19', '27', '6'], ['49', '24', '29', '48', '47'], ['53', '50', '51']]";"[0, 0, 0, 0, 7, 5, 1, 7, 2, 2, 4, 1, 1, 6, 4, 0, 6, 6, 5, 5, 7, 6, 6, 3, 0, 1, 5, 5, 3, 1, 0, 1, 1, 1, 1, 1, 1, 1, 1, 4, 2, 4, 4, 0, 2, 4, 3, 3, 3, 3, 3, 0, 3, 2, 2, 2, 0, 0, 0, 0, 2]";"[0, 0, 0, 0, 7, 6, 1, 7, 3, 4, 5, 1, 1, 4, 5, 0, 4, 4, 6, 6, 7, 4, 4, 2, 0, 1, 6, 6, 2, 1, 0, 1, 1, 1, 1, 1, 1, 1, 1, 5, 3, 5, 5, 0, 3, 5, 2, 2, 2, 2, 2, 0, 2, 3, 3, 3, 0, 0, 0, 0, 3]";"[0, 0, 0, 0, 2, 6, 1, 2, 4, 4, 5, 1, 1, 2, 5, 0, 2, 2, 6, 6, 2, 2, 2, 3, 0, 1, 6, 6, 3, 1, 0, 1, 7, 1, 7, 1, 1, 7, 1, 5, 4, 5, 5, 0, 4, 5, 3, 3, 3, 3, 3, 0, 3, 4, 4, 4, 0, 0, 0, 0, 7]";"[1, 4, 1, 1, 2, 5, 0, 2, 3, 3, 4, 0, 0, 2, 4, 1, 2, 2, 5, 5, 2, 2, 2, 6, 1, 0, 5, 5, 6, 0, 1, 0, 0, 0, 0, 0, 0, 0, 0, 4, 3, 4, 4, 1, 3, 4, 6, 6, 6, 7, 7, 1, 7, 3, 3, 3, 1, 1, 1, 2, 3]"
1;2;"aucs";"scml";2;0.3492;0.3294;0.3377;0.3374;"{'61': 0.2857142857142857, '45': 0.4368131868131868, '55': 0.26785714285714285, '10': 0.75, '9': 0.2976190476190476, '41': 0.5, '54': 0.5571428571428572, '56': 0.14285714285714285}";"{'61': 0.2857142857142857, '45': 0.4368131868131868, '55': 0.26785714285714285, '10': 0.7571428571428571, '9': 0.2976190476190476, '41': 0.5, '54': 0.5, '56': 0.2976190476190476}";"{'61': 0.45238095238095233, '45': 0.4368131868131868, '55': 0.26785714285714285, '10': 0.75, '9': 0.2976190476190476, '41': 0.5, '54': 0.5571428571428572, '56': 0.14285714285714285}";"{'61': 0.5, '45': 0.44179894179894175, '55': 0.30952380952380953, '10': 0.7633928571428572, '9': 0.3571428571428571, '41': 0.5, '54': 0.5571428571428572, '56': 0.21428571428571427}";0.0;0.4217032967032966;0.2291666666666666;0.0;0.8884344755759901;0.8492409085559609;1.0;0.923396957324182;0.9095583897611078;1.0;0.9537698874737036;0.8512319367917663;1.0;0.9680151421846804;0.9123089756050502;1.0;0.0051;0.0489;0.0074;"['61', '45', '55', '10', '9', '41', '54', '56']";"{'1': [('intraA', ('54', '9')), ('intraD', ('56', '9'))], '2': [('intraD', ('10', '45')), ('interA', ('23', '56'))], '3': [('interA', ('10', '49')), ('interA', ('35', '54'))], '4': [('intraA', ('61', '9')), ('intraD', ('10', '56'))], '5': [('interD', ('3', '45')), ('intraA', ('54', '9'))]}";"{'1': [('interA', ('38', '61')), ('interA', ('32', '61'))], '2': [('intraD', ('10', '45')), ('interA', ('38', '61'))], '3': [('interA', ('38', '61')), ('interA', ('32', '61'))], '4': [('intraD', ('56', '61')), ('intraD', ('10', '56'))], '5': [('intraD', ('45', '61')), ('intraD', ('56', '61'))]}";"{'1': [('interA', ('14', '61')), ('interA', ('10', '14'))], '2': [('interA', ('10', '7')), ('interA', ('45', '8'))], '3': [('interA', ('50', '55')), ('interA', ('10', '57'))], '4': [('interA', ('36', '61')), ('interA', ('49', '56'))], '5': [('interA', ('4', '61')), ('interA', ('34', '9'))]}";"[['44', '59', '45', '4', '16', '1', '52', '31', '25', '57', '58', '2', '3'], ['38', '32', '12', '37', '13', '34', '30', '36', '33', '35', '39', '26', '7'], ['53', '51', '49', '50', '24', '29', '48', '47'], ['14', '22', '23', '17', '10', '60', '18'], ['61', '55', '9', '41', '56', '54'], ['42', '43', '15', '40', '11', '46'], ['28', '20', '19', '27', '6'], ['8', '5', '21']]";"[['44', '59', '4', '16', '1', '52', '31', '25', '57', '58', '60', '3'], ['32', '12', '37', '34', '13', '30', '36', '35', '39', '26', '7'], ['21', '14', '8', '22', '17', '23', '5', '18'], ['53', '51', '49', '50', '24', '29', '48', '47'], ['45', '55', '10', '9', '41', '54', '56'], ['28', '20', '27', '19', '2', '6'], ['42', '43', '15', '40', '11', '46'], ['33', '61', '38']]";"[['44', '59', '4', '16', '1', '52', '31', '25', '57', '58', '2', '60', '3'], ['38', '32', '12', '37', '13', '34', '30', '36', '33', '35', '39', '26', '7'], ['61', '45', '55', '10', '9', '41', '54', '56'], ['53', '51', '49', '50', '24', '29', '48', '47'], ['42', '43', '15', '40', '11', '46'], ['28', '20', '19', '27', '6'], ['14', '22', '23', '17', '18'], ['8', '5', '21']]";"[0, 0, 0, 0, 7, 5, 1, 7, 2, 2, 4, 1, 1, 6, 4, 0, 6, 6, 5, 5, 7, 6, 6, 3, 0, 1, 5, 5, 3, 1, 0, 1, 1, 1, 1, 1, 1, 1, 1, 4, 2, 4, 4, 0, 2, 4, 3, 3, 3, 3, 3, 0, 3, 2, 2, 2, 0, 0, 0, 0, 2]";"[0, 0, 0, 0, 7, 6, 1, 7, 4, 3, 5, 1, 1, 3, 5, 0, 3, 3, 6, 6, 7, 3, 3, 2, 0, 1, 6, 6, 2, 1, 0, 1, 1, 1, 1, 1, 1, 1, 1, 5, 4, 5, 5, 0, 0, 5, 2, 2, 2, 2, 2, 0, 2, 4, 4, 4, 0, 0, 0, 3, 4]";"[0, 5, 0, 0, 2, 5, 1, 2, 4, 4, 6, 1, 1, 2, 6, 0, 2, 2, 5, 5, 2, 2, 2, 3, 0, 1, 5, 5, 3, 1, 0, 1, 7, 1, 1, 1, 1, 7, 1, 6, 4, 6, 6, 0, 4, 6, 3, 3, 3, 3, 3, 0, 3, 4, 4, 4, 0, 0, 0, 0, 7]";"[0, 0, 0, 0, 7, 5, 1, 7, 2, 2, 4, 1, 1, 6, 4, 0, 6, 6, 5, 5, 7, 6, 6, 3, 0, 1, 5, 5, 3, 1, 0, 1, 1, 1, 1, 1, 1, 1, 1, 4, 2, 4, 4, 0, 2, 4, 3, 3, 3, 3, 3, 0, 3, 2, 2, 2, 0, 0, 0, 0, 2]"
2;2;"aucs";"scml";2;0.3492;0.3334;0.3206;0.3418;"{'61': 0.2857142857142857, '45': 0.4368131868131868, '55': 0.26785714285714285, '10': 0.75, '9': 0.2976190476190476, '41': 0.5, '54': 0.5571428571428572, '56': 0.14285714285714285}";"{'61': 0.21428571428571427, '45': 0.4368131868131868, '55': 0.3571428571428571, '10': 0.75, '9': 0.5, '41': 0.3571428571428571, '54': 0.4017857142857143, '56': 0.21428571428571427}";"{'61': 0.45238095238095233, '45': 0.4368131868131868, '55': 0.26785714285714285, '10': 0.75, '9': 0.2976190476190476, '41': 0.5, '54': 0.5571428571428572, '56': 0.14285714285714285}";"{'61': 0.5, '45': 0.44179894179894175, '55': 0.30952380952380953, '10': 0.7633928571428572, '9': 0.3571428571428571, '41': 0.5, '54': 0.5571428571428572, '56': 0.21428571428571427}";0.0;0.3245192307692308;0.28125;0.0555555555555555;0.9119746835443038;0.8041228939544103;0.912972507486858;0.9458024846483134;0.8814646083669857;0.9464353274139866;0.967063435154644;0.8189492354940958;0.9196559613660216;0.9821447169823596;0.8961403431953017;0.9503160041372144;0.0046;0.0356;0.0072;"['61', '45', '55', '10', '9', '41', '54', '56']";"{'1': [('intraD', ('55', '9')), ('interA', ('21', '9'))], '2': [('intraA', ('41', '54')), ('intraD', ('10', '45'))], '3': [('interA', ('35', '9')), ('interA', ('4', '56'))], '4': [('interD', ('40', '41')), ('interA', ('54', '60'))], '5': [('intraA', ('54', '61')), ('interD', ('13', '45'))]}";"{'1': [('interA', ('38', '61')), ('interA', ('32', '61'))], '2': [('intraD', ('10', '45')), ('interA', ('38', '61'))], '3': [('interA', ('38', '61')), ('interA', ('32', '61'))], '4': [('intraD', ('56', '61')), ('intraD', ('10', '56'))], '5': [('intraD', ('45', '61')), ('intraD', ('56', '61'))]}";"{'1': [('interA', ('26', '61')), ('interA', ('1', '10'))], '2': [('interA', ('10', '17')), ('interA', ('43', '45'))], '3': [('interA', ('51', '55')), ('interA', ('10', '32'))], '4': [('interA', ('42', '61')), ('interA', ('52', '56'))], '5': [('interA', ('52', '61')), ('interA', ('17', '9'))]}";"[['44', '59', '45', '4', '16', '1', '52', '31', '25', '57', '58', '2', '3'], ['38', '32', '12', '37', '13', '34', '30', '36', '33', '35', '39', '26', '7'], ['61', '55', '10', '9', '41', '60', '54', '56'], ['53', '51', '49', '50', '24', '29', '48', '47'], ['42', '43', '15', '40', '11', '46'], ['28', '20', '19', '27', '6'], ['14', '22', '23', '17', '18'], ['8', '5', '21']]";"[['44', '59', '4', '16', '1', '52', '31', '25', '57', '58', '60', '3'], ['32', '12', '37', '34', '13', '30', '36', '39', '26', '7'], ['45', '55', '14', '10', '9', '41', '54', '56'], ['53', '51', '49', '50', '24', '29', '48', '47'], ['42', '2', '43', '15', '40', '11', '46'], ['8', '21', '22', '17', '23', '5', '18'], ['28', '20', '19', '27', '6'], ['33', '61', '38', '35']]";"[['38', '32', '12', '37', '13', '34', '30', '36', '33', '35', '39', '26', '7'], ['44', '59', '4', '16', '52', '31', '25', '57', '58', '60', '3'], ['61', '45', '55', '1', '10', '9', '41', '54', '56'], ['53', '51', '49', '50', '24', '29', '48', '47'], ['42', '2', '43', '15', '40', '11', '46'], ['28', '20', '19', '27', '6'], ['14', '22', '23', '17', '18'], ['8', '5', '21']]";"[0, 0, 0, 0, 7, 5, 1, 7, 2, 2, 4, 1, 1, 6, 4, 0, 6, 6, 5, 5, 7, 6, 6, 3, 0, 1, 5, 5, 3, 1, 0, 1, 1, 1, 1, 1, 1, 1, 1, 4, 2, 4, 4, 0, 2, 4, 3, 3, 3, 3, 3, 0, 3, 2, 2, 2, 0, 0, 0, 0, 2]";"[0, 0, 0, 0, 7, 5, 1, 7, 2, 2, 4, 1, 1, 6, 4, 0, 6, 6, 5, 5, 7, 6, 6, 3, 0, 1, 5, 5, 3, 1, 0, 1, 1, 1, 1, 1, 1, 1, 1, 4, 2, 4, 4, 0, 0, 4, 3, 3, 3, 3, 3, 0, 3, 2, 2, 2, 0, 0, 0, 2, 2]";"[0, 4, 0, 0, 5, 6, 1, 5, 2, 2, 4, 1, 1, 2, 4, 0, 5, 5, 6, 6, 5, 5, 5, 3, 0, 1, 6, 6, 3, 1, 0, 1, 7, 1, 7, 1, 1, 7, 1, 4, 2, 4, 4, 0, 2, 4, 3, 3, 3, 3, 3, 0, 3, 2, 2, 2, 0, 0, 0, 0, 7]";"[2, 4, 1, 1, 7, 5, 0, 7, 2, 2, 4, 0, 0, 6, 4, 1, 6, 6, 5, 5, 7, 6, 6, 3, 1, 0, 5, 5, 3, 0, 1, 0, 0, 0, 0, 0, 0, 0, 0, 4, 2, 4, 4, 1, 2, 4, 3, 3, 3, 3, 3, 1, 3, 2, 2, 2, 1, 1, 1, 1, 2]"
3;2;"aucs";"scml";2;0.3492;0.3312;0.3188;0.3193;"{'61': 0.2857142857142857, '45': 0.4368131868131868, '55': 0.26785714285714285, '10': 0.75, '9': 0.2976190476190476, '41': 0.5, '54': 0.5571428571428572, '56': 0.14285714285714285}";"{'61': 0.3857142857142857, '45': 0.4368131868131868, '55': 0.26785714285714285, '10': 0.75, '9': 0.3571428571428571, '41': 0.5357142857142857, '54': 0.5571428571428572, '56': 0.14285714285714285}";"{'61': 0.45238095238095233, '45': 0.4368131868131868, '55': 0.26785714285714285, '10': 0.75, '9': 0.2976190476190476, '41': 0.5, '54': 0.5571428571428572, '56': 0.14285714285714285}";"{'61': 0.45238095238095233, '45': 0.44179894179894175, '55': 0.30952380952380953, '10': 0.76890756302521, '9': 0.3571428571428571, '41': 0.5, '54': 0.5571428571428572, '56': 0.21428571428571427}";0.0;0.0555555555555555;0.3245192307692308;0.3210227272727273;0.9151796060254924;0.8710755869807478;0.8439615523745543;0.947162966375716;0.920263218633909;0.9073026254243792;0.9222805024453522;0.9193530810182476;0.8825367960447804;0.951202884212448;0.950802624474024;0.9339588488102524;0.0053;0.0342;0.0064;"['61', '45', '55', '10', '9', '41', '54', '56']";"{'1': [('interA', ('35', '9')), ('interD', ('25', '45'))], '2': [('interA', ('25', '61')), ('interD', ('10', '40'))], '3': [('interA', ('32', '41')), ('interA', ('10', '44'))], '4': [('interD', ('10', '22')), ('interD', ('45', '52'))], '5': [('intraD', ('54', '56')), ('intraD', ('10', '56'))]}";"{'1': [('interA', ('38', '61')), ('interA', ('32', '61'))], '2': [('intraD', ('10', '45')), ('interA', ('38', '61'))], '3': [('interA', ('38', '61')), ('interA', ('32', '61'))], '4': [('intraD', ('56', '61')), ('intraD', ('10', '56'))], '5': [('intraD', ('45', '61')), ('intraD', ('56', '61'))]}";"{'1': [('interA', ('47', '61')), ('interA', ('10', '59'))], '2': [('interA', ('10', '49')), ('interA', ('28', '45'))], '3': [('interA', ('48', '55')), ('interA', ('10', '2'))], '4': [('interA', ('57', '61')), ('interA', ('5', '56'))], '5': [('interA', ('47', '61')), ('interA', ('24', '9'))]}";"[['38', '32', '12', '37', '13', '34', '30', '36', '33', '35', '39', '26', '7'], ['44', '59', '4', '16', '1', '52', '31', '57', '58', '60', '3'], ['61', '45', '55', '25', '10', '9', '41', '54', '56'], ['53', '51', '49', '50', '24', '29', '48', '47'], ['28', '20', '27', '19', '2', '6'], ['42', '43', '15', '40', '11', '46'], ['14', '22', '23', '17', '18'], ['8', '5', '21']]";"[['44', '59', '45', '4', '16', '1', '52', '31', '25', '57', '58', '60', '3'], ['32', '12', '37', '34', '13', '30', '36', '33', '35', '39', '26', '7'], ['61', '55', '38', '10', '9', '41', '54', '56'], ['53', '51', '49', '50', '24', '29', '48', '47'], ['28', '20', '27', '19', '2', '6'], ['42', '43', '15', '40', '11', '46'], ['14', '22', '23', '17', '18'], ['8', '5', '21']]";"[['38', '32', '12', '37', '13', '34', '30', '36', '33', '35', '39', '26', '7'], ['44', '59', '45', '4', '16', '52', '31', '25', '57', '58', '3'], ['61', '55', '10', '9', '41', '2', '54', '56'], ['53', '51', '49', '50', '24', '29', '48', '47'], ['1', '14', '22', '23', '17', '60', '18'], ['42', '43', '15', '40', '11', '46'], ['28', '20', '19', '27', '6'], ['8', '5', '21']]";"[0, 0, 0, 0, 7, 5, 1, 7, 2, 2, 4, 1, 1, 6, 4, 0, 6, 6, 5, 5, 7, 6, 6, 3, 0, 1, 5, 5, 3, 1, 0, 1, 1, 1, 1, 1, 1, 1, 1, 4, 2, 4, 4, 0, 2, 4, 3, 3, 3, 3, 3, 0, 3, 2, 2, 2, 0, 0, 0, 0, 2]";"[1, 4, 1, 1, 7, 4, 0, 7, 2, 2, 5, 0, 0, 6, 5, 1, 6, 6, 4, 4, 7, 6, 6, 3, 2, 0, 4, 4, 3, 0, 1, 0, 0, 0, 0, 0, 0, 0, 0, 5, 2, 5, 5, 1, 2, 5, 3, 3, 3, 3, 3, 1, 3, 2, 2, 2, 1, 1, 1, 1, 2]";"[0, 4, 0, 0, 7, 4, 1, 7, 2, 2, 5, 1, 1, 6, 5, 0, 6, 6, 4, 4, 7, 6, 6, 3, 0, 1, 4, 4, 3, 1, 0, 1, 1, 1, 1, 1, 1, 2, 1, 5, 2, 5, 5, 0, 0, 5, 3, 3, 3, 3, 3, 0, 3, 2, 2, 2, 0, 0, 0, 0, 2]";"[4, 2, 1, 1, 7, 6, 0, 7, 2, 2, 5, 0, 0, 4, 5, 1, 4, 4, 6, 6, 7, 4, 4, 3, 1, 0, 6, 6, 3, 0, 1, 0, 0, 0, 0, 0, 0, 0, 0, 5, 2, 5, 5, 1, 1, 5, 3, 3, 3, 3, 3, 1, 3, 2, 2, 2, 1, 1, 1, 4, 2]"
4;2;"aucs";"scml";2;0.3492;0.3492;0.3423;0.3391;"{'61': 0.2857142857142857, '45': 0.4368131868131868, '55': 0.26785714285714285, '10': 0.75, '9': 0.2976190476190476, '41': 0.5, '54': 0.5571428571428572, '56': 0.14285714285714285}";"{'61': 0.3857142857142857, '45': 0.4368131868131868, '55': 0.30952380952380953, '10': 0.6523809523809523, '9': 0.21428571428571427, '41': 0.3701298701298701, '54': 0.45238095238095233, '56': 0.07142857142857142}";"{'61': 0.45238095238095233, '45': 0.4368131868131868, '55': 0.26785714285714285, '10': 0.75, '9': 0.2976190476190476, '41': 0.5, '54': 0.5571428571428572, '56': 0.14285714285714285}";"{'61': 0.45238095238095233, '45': 0.4368131868131868, '55': 0.30952380952380953, '10': 0.7633928571428572, '9': 0.3571428571428571, '41': 0.5, '54': 0.5571428571428572, '56': 0.21428571428571427}";0.0;0.0;0.21875;0.0;1.0;0.8586326767091541;0.9601506359758676;1.0;0.8989652098144284;0.9742767326878776;1.0;0.876717230958866;0.9537698874737036;1.0;0.9130739101620328;0.9680151421846804;0.0051;0.0362;0.0066;"['61', '45', '55', '10', '9', '41', '54', '56']";"{'1': [('intraA', ('41', '56')), ('intraA', ('41', '54'))], '2': [('interA', ('29', '41')), ('intraD', ('10', '45'))], '3': [('intraD', ('41', '55')), ('interA', ('53', '55'))], '4': [('interA', ('3', '41')), ('interA', ('24', '61'))], '5': [('intraA', ('10', '41')), ('intraA', ('10', '9'))]}";"{'1': [('interA', ('38', '61')), ('interA', ('32', '61'))], '2': [('intraD', ('10', '45')), ('interA', ('38', '61'))], '3': [('interA', ('38', '61')), ('interA', ('32', '61'))], '4': [('intraD', ('56', '61')), ('intraD', ('10', '56'))], '5': [('intraD', ('45', '61')), ('intraD', ('56', '61'))]}";"{'1': [('interA', ('59', '61')), ('interA', ('10', '29'))], '2': [('interA', ('10', '51')), ('interA', ('4', '45'))], '3': [('interA', ('3', '55')), ('interA', ('10', '17'))], '4': [('interA', ('51', '61')), ('interA', ('47', '56'))], '5': [('interA', ('51', '61')), ('interA', ('22', '9'))]}";"[['44', '59', '4', '16', '1', '52', '31', '25', '57', '58', '2', '60', '3'], ['38', '32', '12', '37', '13', '34', '30', '36', '33', '35', '39', '26', '7'], ['61', '45', '55', '10', '9', '41', '54', '56'], ['53', '51', '49', '50', '24', '29', '48', '47'], ['42', '43', '15', '40', '11', '46'], ['28', '20', '19', '27', '6'], ['14', '22', '23', '17', '18'], ['8', '5', '21']]";"[['44', '59', '4', '16', '1', '52', '31', '25', '57', '58', '60', '3'], ['32', '12', '37', '34', '13', '30', '36', '33', '35', '39', '26', '7'], ['45', '55', '14', '10', '9', '41', '54', '56'], ['53', '51', '49', '50', '24', '29', '48', '47'], ['8', '21', '22', '17', '23', '5', '18'], ['28', '20', '27', '19', '2', '6'], ['42', '43', '15', '40', '11', '46'], ['61', '38']]";"[['38', '32', '12', '37', '13', '34', '30', '36', '33', '35', '39', '26', '7'], ['44', '59', '4', '16', '1', '52', '31', '25', '57', '58', '60', '3'], ['61', '45', '55', '10', '9', '41', '54', '56'], ['53', '51', '49', '50', '24', '29', '48', '47'], ['28', '20', '27', '19', '2', '6'], ['42', '43', '15', '40', '11', '46'], ['14', '22', '23', '17', '18'], ['8', '5', '21']]";"[0, 0, 0, 0, 7, 5, 1, 7, 2, 2, 4, 1, 1, 6, 4, 0, 6, 6, 5, 5, 7, 6, 6, 3, 0, 1, 5, 5, 3, 1, 0, 1, 1, 1, 1, 1, 1, 1, 1, 4, 2, 4, 4, 0, 2, 4, 3, 3, 3, 3, 3, 0, 3, 2, 2, 2, 0, 0, 0, 0, 2]";"[0, 0, 0, 0, 7, 5, 1, 7, 2, 2, 4, 1, 1, 6, 4, 0, 6, 6, 5, 5, 7, 6, 6, 3, 0, 1, 5, 5, 3, 1, 0, 1, 1, 1, 1, 1, 1, 1, 1, 4, 2, 4, 4, 0, 2, 4, 3, 3, 3, 3, 3, 0, 3, 2, 2, 2, 0, 0, 0, 0, 2]";"[0, 5, 0, 0, 4, 5, 1, 4, 2, 2, 6, 1, 1, 2, 6, 0, 4, 4, 5, 5, 4, 4, 4, 3, 0, 1, 5, 5, 3, 1, 0, 1, 1, 1, 1, 1, 1, 7, 1, 6, 2, 6, 6, 0, 2, 6, 3, 3, 3, 3, 3, 0, 3, 2, 2, 2, 0, 0, 0, 0, 7]";"[1, 4, 1, 1, 7, 4, 0, 7, 2, 2, 5, 0, 0, 6, 5, 1, 6, 6, 4, 4, 7, 6, 6, 3, 1, 0, 4, 4, 3, 0, 1, 0, 0, 0, 0, 0, 0, 0, 0, 5, 2, 5, 5, 1, 2, 5, 3, 3, 3, 3, 3, 1, 3, 2, 2, 2, 1, 1, 1, 1, 2]"
5;2;"aucs";"scml";2;0.3492;0.3537;0.3473;0.3338;"{'61': 0.2857142857142857, '45': 0.4368131868131868, '55': 0.26785714285714285, '10': 0.75, '9': 0.2976190476190476, '41': 0.5, '54': 0.5571428571428572, '56': 0.14285714285714285}";"{'61': 0.2857142857142857, '45': 0.4368131868131868, '55': 0.13392857142857142, '10': 0.6428571428571428, '9': 0.2976190476190476, '41': 0.5, '54': 0.5571428571428572, '56': 0.14285714285714285}";"{'61': 0.45238095238095233, '45': 0.4368131868131868, '55': 0.26785714285714285, '10': 0.75, '9': 0.2976190476190476, '41': 0.5, '54': 0.5571428571428572, '56': 0.14285714285714285}";"{'61': 0.5, '45': 0.44179894179894175, '55': 0.30952380952380953, '10': 0.76890756302521, '9': 0.3571428571428571, '41': 0.5, '54': 0.5571428571428572, '56': 0.21428571428571427}";0.0;0.0;0.21875;0.0555555555555555;1.0;0.8565222420729278;0.9104673619157976;1.0;0.898202870450971;0.9461095346570022;1.0;0.8742111905763568;0.9167291097628774;1.0;0.9121444854480087;0.949915779583704;0.0076;0.0391;0.0087;"['61', '45', '55', '10', '9', '41', '54', '56']";"{'1': [('interD', ('3', '45')), ('intraA', ('41', '55'))], '2': [('interD', ('14', '45')), ('intraA', ('56', '9'))], '3': [('intraA', ('10', '41')), ('intraD', ('10', '56'))], '4': [('intraA', ('45', '61')), ('interD', ('10', '44'))], '5': [('interD', ('55', '57')), ('intraA', ('10', '55'))]}";"{'1': [('interA', ('38', '61')), ('interA', ('32', '61'))], '2': [('intraD', ('10', '45')), ('interA', ('38', '61'))], '3': [('interA', ('38', '61')), ('interA', ('32', '61'))], '4': [('intraD', ('56', '61')), ('intraD', ('10', '56'))], '5': [('intraD', ('45', '61')), ('intraD', ('56', '61'))]}";"{'1': [('interA', ('2', '61')), ('interA', ('10', '33'))], '2': [('interA', ('10', '2')), ('interA', ('45', '49'))], '3': [('interA', ('16', '55')), ('interA', ('10', '43'))], '4': [('interA', ('16', '61')), ('interA', ('13', '56'))], '5': [('interA', ('24', '61')), ('interA', ('52', '9'))]}";"[['44', '59', '4', '16', '1', '52', '31', '25', '57', '58', '2', '60', '3'], ['38', '32', '12', '37', '13', '34', '30', '36', '33', '35', '39', '26', '7'], ['61', '45', '55', '10', '9', '41', '54', '56'], ['53', '51', '49', '50', '24', '29', '48', '47'], ['42', '43', '15', '40', '11', '46'], ['28', '20', '19', '27', '6'], ['14', '22', '23', '17', '18'], ['8', '5', '21']]";"[['44', '59', '4', '16', '1', '52', '31', '25', '57', '58', '60', '3'], ['32', '12', '37', '34', '13', '30', '36', '33', '35', '39', '26', '7'], ['45', '55', '14', '10', '9', '41', '54', '56'], ['53', '51', '49', '50', '24', '29', '48', '47'], ['42', '2', '43', '15', '40', '11', '46'], ['8', '21', '22', '17', '23', '5', '18'], ['28', '20', '19', '27', '6'], ['61', '38']]";"[['44', '59', '4', '16', '1', '52', '31', '25', '57', '58', '60', '3'], ['38', '32', '12', '37', '34', '30', '36', '33', '35', '39', '26', '7'], ['61', '45', '55', '10', '9', '41', '13', '54', '56'], ['53', '51', '49', '50', '24', '29', '48', '47'], ['42', '2', '43', '15', '40', '11', '46'], ['28', '20', '19', '27', '6'], ['14', '22', '23', '17', '18'], ['8', '5', '21']]";"[0, 0, 0, 0, 7, 5, 1, 7, 2, 2, 4, 1, 1, 6, 4, 0, 6, 6, 5, 5, 7, 6, 6, 3, 0, 1, 5, 5, 3, 1, 0, 1, 1, 1, 1, 1, 1, 1, 1, 4, 2, 4, 4, 0, 2, 4, 3, 3, 3, 3, 3, 0, 3, 2, 2, 2, 0, 0, 0, 0, 2]";"[0, 0, 0, 0, 7, 5, 1, 7, 2, 2, 4, 1, 1, 6, 4, 0, 6, 6, 5, 5, 7, 6, 6, 3, 0, 1, 5, 5, 3, 1, 0, 1, 1, 1, 1, 1, 1, 1, 1, 4, 2, 4, 4, 0, 2, 4, 3, 3, 3, 3, 3, 0, 3, 2, 2, 2, 0, 0, 0, 0, 2]";"[0, 4, 0, 0, 5, 6, 1, 5, 2, 2, 4, 1, 1, 2, 4, 0, 5, 5, 6, 6, 5, 5, 5, 3, 0, 1, 6, 6, 3, 1, 0, 1, 1, 1, 1, 1, 1, 7, 1, 4, 2, 4, 4, 0, 2, 4, 3, 3, 3, 3, 3, 0, 3, 2, 2, 2, 0, 0, 0, 0, 7]";"[0, 4, 0, 0, 7, 5, 1, 7, 2, 2, 4, 1, 2, 6, 4, 0, 6, 6, 5, 5, 7, 6, 6, 3, 0, 1, 5, 5, 3, 1, 0, 1, 1, 1, 1, 1, 1, 1, 1, 4, 2, 4, 4, 0, 2, 4, 3, 3, 3, 3, 3, 0, 3, 2, 2, 2, 0, 0, 0, 0, 2]"
6;2;"aucs";"scml";2;0.3492;0.337;0.3394;0.3309;"{'61': 0.2857142857142857, '45': 0.4368131868131868, '55': 0.26785714285714285, '10': 0.75, '9': 0.2976190476190476, '41': 0.5, '54': 0.5571428571428572, '56': 0.14285714285714285}";"{'61': 0.21428571428571427, '45': 0.4368131868131868, '55': 0.30952380952380953, '10': 0.8516483516483516, '9': 0.2976190476190476, '41': 0.5, '54': 0.2976190476190476, '56': 0.14285714285714285}";"{'61': 0.45238095238095233, '45': 0.4368131868131868, '55': 0.26785714285714285, '10': 0.75, '9': 0.2976190476190476, '41': 0.5, '54': 0.5571428571428572, '56': 0.14285714285714285}";"{'61': 0.5, '45': 0.44179894179894175, '55': 0.30952380952380953, '10': 0.76890756302521, '9': 0.3571428571428571, '41': 0.5, '54': 0.5571428571428572, '56': 0.21428571428571427}";0.0;0.4206349206349206;0.2291666666666666;0.0999999999999999;0.8518180532884336;0.8912459304428711;0.8749113326540877;0.8986545990416694;0.9349147917493704;0.9313973937960062;0.90925563036546;0.8993815197957081;0.8955303393532577;0.9366987980812644;0.9440104821420728;0.9418657230955652;0.0059;0.0388;0.0075;"['61', '45', '55', '10', '9', '41', '54', '56']";"{'1': [('intraD', ('10', '41')), ('intraA', ('41', '54'))], '2': [('interD', ('51', '54')), ('interA', ('39', '55'))], '3': [('intraA', ('54', '61')), ('intraA', ('55', '56'))], '4': [('intraD', ('10', '56')), ('intraA', ('54', '56'))], '5': [('interD', ('45', '52')), ('interD', ('13', '45'))]}";"{'1': [('interA', ('38', '61')), ('interA', ('32', '61'))], '2': [('intraD', ('10', '45')), ('interA', ('38', '61'))], '3': [('interA', ('38', '61')), ('interA', ('32', '61'))], '4': [('intraD', ('56', '61')), ('intraD', ('10', '56'))], '5': [('intraD', ('45', '61')), ('intraD', ('56', '61'))]}";"{'1': [('interA', ('14', '61')), ('interA', ('10', '53'))], '2': [('interA', ('10', '4')), ('interA', ('42', '45'))], '3': [('interA', ('1', '55')), ('interA', ('10', '42'))], '4': [('interA', ('61', '7')), ('interA', ('17', '56'))], '5': [('interA', ('36', '61')), ('interA', ('34', '9'))]}";"[['38', '32', '12', '37', '13', '34', '30', '36', '33', '35', '39', '26', '7'], ['44', '59', '45', '4', '16', '1', '52', '31', '25', '57', '58', '3'], ['53', '51', '49', '50', '24', '29', '48', '47'], ['14', '22', '23', '17', '10', '60', '18'], ['28', '20', '27', '19', '2', '6'], ['61', '55', '9', '41', '56', '54'], ['42', '43', '15', '40', '11', '46'], ['8', '5', '21']]";"[['44', '59', '4', '16', '1', '52', '31', '25', '57', '58', '2', '60', '3'], ['32', '12', '37', '34', '13', '30', '36', '35', '39', '26', '7'], ['21', '14', '8', '22', '17', '23', '5', '18'], ['53', '51', '49', '50', '24', '29', '48', '47'], ['45', '55', '10', '9', '41', '54', '56'], ['42', '43', '15', '40', '11', '46'], ['28', '20', '19', '27', '6'], ['33', '61', '38']]";"[['38', '32', '12', '37', '13', '34', '30', '36', '33', '35', '39', '26', '7'], ['61', '45', '55', '1', '10', '9', '41', '2', '54', '56'], ['44', '59', '4', '16', '52', '31', '25', '57', '58', '3'], ['53', '51', '49', '50', '24', '29', '48', '47'], ['42', '43', '15', '40', '11', '46'], ['14', '22', '23', '17', '60', '18'], ['28', '20', '19', '27', '6'], ['8', '5', '21']]";"[0, 0, 0, 0, 7, 5, 1, 7, 2, 2, 4, 1, 1, 6, 4, 0, 6, 6, 5, 5, 7, 6, 6, 3, 0, 1, 5, 5, 3, 1, 0, 1, 1, 1, 1, 1, 1, 1, 1, 4, 2, 4, 4, 0, 2, 4, 3, 3, 3, 3, 3, 0, 3, 2, 2, 2, 0, 0, 0, 0, 2]";"[1, 4, 1, 1, 7, 4, 0, 7, 5, 3, 6, 0, 0, 3, 6, 1, 3, 3, 4, 4, 7, 3, 3, 2, 1, 0, 4, 4, 2, 0, 1, 0, 0, 0, 0, 0, 0, 0, 0, 6, 5, 6, 6, 1, 1, 6, 2, 2, 2, 2, 2, 1, 2, 5, 5, 5, 1, 1, 1, 3, 5]";"[0, 0, 0, 0, 2, 6, 1, 2, 4, 4, 5, 1, 1, 2, 5, 0, 2, 2, 6, 6, 2, 2, 2, 3, 0, 1, 6, 6, 3, 1, 0, 1, 7, 1, 1, 1, 1, 7, 1, 5, 4, 5, 5, 0, 4, 5, 3, 3, 3, 3, 3, 0, 3, 4, 4, 4, 0, 0, 0, 0, 7]";"[1, 1, 2, 2, 7, 6, 0, 7, 1, 1, 4, 0, 0, 5, 4, 2, 5, 5, 6, 6, 7, 5, 5, 3, 2, 0, 6, 6, 3, 0, 2, 0, 0, 0, 0, 0, 0, 0, 0, 4, 1, 4, 4, 2, 1, 4, 3, 3, 3, 3, 3, 2, 3, 1, 1, 1, 2, 2, 2, 5, 1]"
7;2;"aucs";"scml";2;0.3492;0.3468;0.3376;0.3362;"{'61': 0.2857142857142857, '45': 0.4368131868131868, '55': 0.26785714285714285, '10': 0.75, '9': 0.2976190476190476, '41': 0.5, '54': 0.5571428571428572, '56': 0.14285714285714285}";"{'61': 0.2976190476190476, '45': 0.4368131868131868, '55': 0.26785714285714285, '10': 0.75, '9': 0.3857142857142857, '41': 0.5, '54': 0.5571428571428572, '56': 0.21428571428571427}";"{'61': 0.45238095238095233, '45': 0.4368131868131868, '55': 0.26785714285714285, '10': 0.75, '9': 0.2976190476190476, '41': 0.5, '54': 0.5571428571428572, '56': 0.14285714285714285}";"{'61': 0.5, '45': 0.44179894179894175, '55': 0.30952380952380953, '10': 0.7633928571428572, '9': 0.3571428571428571, '41': 0.5, '54': 0.5571428571428572, '56': 0.21428571428571427}";0.0;0.0;0.3630952380952381;0.0555555555555555;1.0;0.8040907316213051;0.9151796060254924;1.0;0.8686469245539054;0.947162966375716;1.0;0.8448475342242376;0.9222805024453522;1.0;0.8922004002575056;0.951202884212448;0.0055;0.039;0.0084;"['61', '45', '55', '10', '9', '41', '54', '56']";"{'1': [('interD', ('32', '45')), ('interD', ('45', '52'))], '2': [('interD', ('3', '45')), ('intraD', ('10', '45'))], '3': [('interA', ('43', '61')), ('interA', ('10', '40'))], '4': [('intraD', ('56', '61')), ('interA', ('44', '56'))], '5': [('intraD', ('41', '9')), ('intraA', ('41', '61'))]}";"{'1': [('interA', ('38', '61')), ('interA', ('32', '61'))], '2': [('intraD', ('10', '45')), ('interA', ('38', '61'))], '3': [('interA', ('38', '61')), ('interA', ('32', '61'))], '4': [('intraD', ('56', '61')), ('intraD', ('10', '56'))], '5': [('intraD', ('45', '61')), ('intraD', ('56', '61'))]}";"{'1': [('interA', ('33', '61')), ('interA', ('10', '50'))], '2': [('interA', ('10', '7')), ('interA', ('45', '53'))], '3': [('interA', ('3', '55')), ('interA', ('10', '14'))], '4': [('interA', ('12', '61')), ('interA', ('19', '56'))], '5': [('interA', ('2', '61')), ('interA', ('60', '9'))]}";"[['44', '59', '4', '16', '1', '52', '31', '25', '57', '58', '2', '60', '3'], ['38', '32', '12', '37', '13', '34', '30', '36', '33', '35', '39', '26', '7'], ['61', '45', '55', '10', '9', '41', '54', '56'], ['53', '51', '49', '50', '24', '29', '48', '47'], ['42', '43', '15', '40', '11', '46'], ['28', '20', '19', '27', '6'], ['14', '22', '23', '17', '18'], ['8', '5', '21']]";"[['44', '59', '45', '4', '16', '1', '14', '31', '52', '25', '57', '58', '60', '3'], ['32', '12', '37', '34', '13', '30', '36', '33', '35', '39', '26', '7'], ['53', '51', '49', '50', '24', '29', '48', '47'], ['42', '2', '43', '15', '40', '11', '46'], ['8', '21', '22', '17', '23', '5', '18'], ['55', '10', '9', '41', '54', '56'], ['28', '20', '19', '27', '6'], ['61', '38']]";"[['38', '32', '12', '37', '13', '34', '30', '36', '33', '35', '39', '26', '7'], ['44', '59', '4', '16', '1', '52', '31', '25', '57', '58', '3'], ['61', '45', '55', '10', '9', '41', '60', '54', '56'], ['53', '51', '49', '50', '24', '29', '48', '47'], ['28', '20', '27', '19', '2', '6'], ['42', '43', '15', '40', '11', '46'], ['14', '22', '23', '17', '18'], ['8', '5', '21']]";"[0, 0, 0, 0, 7, 5, 1, 7, 2, 2, 4, 1, 1, 6, 4, 0, 6, 6, 5, 5, 7, 6, 6, 3, 0, 1, 5, 5, 3, 1, 0, 1, 1, 1, 1, 1, 1, 1, 1, 4, 2, 4, 4, 0, 2, 4, 3, 3, 3, 3, 3, 0, 3, 2, 2, 2, 0, 0, 0, 0, 2]";"[0, 0, 0, 0, 7, 5, 1, 7, 2, 2, 4, 1, 1, 6, 4, 0, 6, 6, 5, 5, 7, 6, 6, 3, 0, 1, 5, 5, 3, 1, 0, 1, 1, 1, 1, 1, 1, 1, 1, 4, 2, 4, 4, 0, 2, 4, 3, 3, 3, 3, 3, 0, 3, 2, 2, 2, 0, 0, 0, 0, 2]";"[0, 3, 0, 0, 4, 6, 1, 4, 5, 5, 3, 1, 1, 0, 3, 0, 4, 4, 6, 6, 4, 4, 4, 2, 0, 1, 6, 6, 2, 1, 0, 1, 1, 1, 1, 1, 1, 7, 1, 3, 5, 3, 3, 0, 0, 3, 2, 2, 2, 2, 2, 0, 2, 5, 5, 5, 0, 0, 0, 0, 7]";"[1, 4, 1, 1, 7, 4, 0, 7, 2, 2, 5, 0, 0, 6, 5, 1, 6, 6, 4, 4, 7, 6, 6, 3, 1, 0, 4, 4, 3, 0, 1, 0, 0, 0, 0, 0, 0, 0, 0, 5, 2, 5, 5, 1, 2, 5, 3, 3, 3, 3, 3, 1, 3, 2, 2, 2, 1, 1, 1, 2, 2]"
8;2;"aucs";"scml";2;0.3492;0.3475;0.3473;0.3252;"{'61': 0.2857142857142857, '45': 0.4368131868131868, '55': 0.26785714285714285, '10': 0.75, '9': 0.2976190476190476, '41': 0.5, '54': 0.5571428571428572, '56': 0.14285714285714285}";"{'61': 0.3857142857142857, '45': 0.4314285714285714, '55': 0.3571428571428571, '10': 0.6523809523809523, '9': 0.21428571428571427, '41': 0.5357142857142857, '54': 0.6071428571428572, '56': 0.21428571428571427}";"{'61': 0.45238095238095233, '45': 0.4368131868131868, '55': 0.26785714285714285, '10': 0.75, '9': 0.2976190476190476, '41': 0.5, '54': 0.5571428571428572, '56': 0.14285714285714285}";"{'61': 0.5, '45': 0.4368131868131868, '55': 0.30952380952380953, '10': 0.76890756302521, '9': 0.3571428571428571, '41': 0.5, '54': 0.5571428571428572, '56': 0.21428571428571427}";0.0;0.0;0.0999999999999999;0.2932692307692308;1.0;0.8681839434875462;0.9163258566819924;1.0;0.9135463738792216;0.9471583993629064;1.0;0.8868351580558193;0.9537698874737036;1.0;0.9203294006905866;0.9680151421846804;0.0056;0.0384;0.0074;"['61', '45', '55', '10', '9', '41', '54', '56']";"{'1': [('intraD', ('55', '56')), ('interA', ('53', '54'))], '2': [('intraA', ('10', '56')), ('interD', ('45', '52'))], '3': [('interA', ('41', '51')), ('interA', ('21', '61'))], '4': [('intraA', ('41', '9')), ('intraA', ('10', '9'))], '5': [('interD', ('3', '45')), ('interD', ('26', '45'))]}";"{'1': [('interA', ('38', '61')), ('interA', ('32', '61'))], '2': [('intraD', ('10', '45')), ('interA', ('38', '61'))], '3': [('interA', ('38', '61')), ('interA', ('32', '61'))], '4': [('intraD', ('56', '61')), ('intraD', ('10', '56'))], '5': [('intraD', ('45', '61')), ('intraD', ('56', '61'))]}";"{'1': [('interA', ('22', '61')), ('interA', ('10', '59'))], '2': [('interA', ('10', '50')), ('interA', ('4', '45'))], '3': [('interA', ('51', '55')), ('interA', ('10', '36'))], '4': [('interA', ('23', '61')), ('interA', ('11', '56'))], '5': [('interA', ('3', '61')), ('interA', ('28', '9'))]}";"[['44', '59', '4', '16', '1', '52', '31', '25', '57', '58', '2', '60', '3'], ['38', '32', '12', '37', '13', '34', '30', '36', '33', '35', '39', '26', '7'], ['61', '45', '55', '10', '9', '41', '54', '56'], ['53', '51', '49', '50', '24', '29', '48', '47'], ['42', '43', '15', '40', '11', '46'], ['28', '20', '19', '27', '6'], ['14', '22', '23', '17', '18'], ['8', '5', '21']]";"[['44', '59', '4', '16', '1', '52', '31', '25', '57', '58', '60', '3'], ['32', '12', '37', '34', '13', '30', '36', '33', '35', '39', '26', '7'], ['61', '45', '55', '38', '14', '10', '9', '41', '54', '56'], ['53', '51', '49', '50', '24', '29', '48', '47'], ['8', '21', '22', '17', '23', '5', '18'], ['42', '43', '15', '40', '11', '46'], ['28', '20', '19', '27', '6'], ['2']]";"[['44', '59', '45', '4', '16', '1', '52', '31', '25', '57', '58', '2', '3'], ['38', '32', '12', '37', '13', '34', '30', '36', '33', '35', '39', '26', '7'], ['53', '51', '49', '50', '24', '29', '48', '47'], ['61', '55', '10', '9', '41', '54', '56'], ['42', '43', '15', '40', '11', '46'], ['14', '22', '23', '17', '60', '18'], ['28', '20', '19', '27', '6'], ['8', '5', '21']]";"[0, 0, 0, 0, 7, 5, 1, 7, 2, 2, 4, 1, 1, 6, 4, 0, 6, 6, 5, 5, 7, 6, 6, 3, 0, 1, 5, 5, 3, 1, 0, 1, 1, 1, 1, 1, 1, 1, 1, 4, 2, 4, 4, 0, 2, 4, 3, 3, 3, 3, 3, 0, 3, 2, 2, 2, 0, 0, 0, 0, 2]";"[0, 0, 0, 0, 7, 5, 1, 7, 2, 2, 4, 1, 1, 6, 4, 0, 6, 6, 5, 5, 7, 6, 6, 3, 0, 1, 5, 5, 3, 1, 0, 1, 1, 1, 1, 1, 1, 1, 1, 4, 2, 4, 4, 0, 2, 4, 3, 3, 3, 3, 3, 0, 3, 2, 2, 2, 0, 0, 0, 0, 2]";"[0, 7, 0, 0, 4, 6, 1, 4, 2, 2, 5, 1, 1, 2, 5, 0, 4, 4, 6, 6, 4, 4, 4, 3, 0, 1, 6, 6, 3, 1, 0, 1, 1, 1, 1, 1, 1, 2, 1, 5, 2, 5, 5, 0, 2, 5, 3, 3, 3, 3, 3, 0, 3, 2, 2, 2, 0, 0, 0, 0, 2]";"[0, 0, 0, 0, 7, 6, 1, 7, 3, 3, 4, 1, 1, 5, 4, 0, 5, 5, 6, 6, 7, 5, 5, 2, 0, 1, 6, 6, 2, 1, 0, 1, 1, 1, 1, 1, 1, 1, 1, 4, 3, 4, 4, 0, 0, 4, 2, 2, 2, 2, 2, 0, 2, 3, 3, 3, 0, 0, 0, 5, 3]"
9;2;"aucs";"scml";2;0.3492;0.3517;0.344;0.3282;"{'61': 0.2857142857142857, '45': 0.4368131868131868, '55': 0.26785714285714285, '10': 0.75, '9': 0.2976190476190476, '41': 0.5, '54': 0.5571428571428572, '56': 0.14285714285714285}";"{'61': 0.3857142857142857, '45': 0.4314285714285714, '55': 0.26785714285714285, '10': 0.7417582417582418, '9': 0.2976190476190476, '41': 0.5, '54': 0.5571428571428572, '56': 0.14285714285714285}";"{'61': 0.45238095238095233, '45': 0.4368131868131868, '55': 0.26785714285714285, '10': 0.75, '9': 0.2976190476190476, '41': 0.5, '54': 0.5571428571428572, '56': 0.14285714285714285}";"{'61': 0.5, '45': 0.44179894179894175, '55': 0.30952380952380953, '10': 0.76890756302521, '9': 0.3571428571428571, '41': 0.5, '54': 0.5571428571428572, '56': 0.21428571428571427}";0.0;0.0;0.21875;0.2932692307692308;0.9601506359758676;0.8998867698884239;0.9141466012400624;0.9742767326878776;0.9244466181025364;0.9464283048098956;0.9537698874737036;0.9242750153082852;0.9511405271244534;0.9680151421846804;0.9446229602572324;0.9671270414647984;0.0053;0.0527;0.0072;"['61', '45', '55', '10', '9', '41', '54', '56']";"{'1': [('intraD', ('54', '56')), ('interA', ('14', '61'))], '2': [('intraA', ('45', '56')), ('intraA', ('55', '56'))], '3': [('intraD', ('10', '56')), ('intraD', ('41', '55'))], '4': [('interD', ('10', '44')), ('intraD', ('56', '61'))], '5': [('interD', ('38', '45')), ('interA', ('14', '61'))]}";"{'1': [('interA', ('38', '61')), ('interA', ('32', '61'))], '2': [('intraD', ('10', '45')), ('interA', ('38', '61'))], '3': [('interA', ('38', '61')), ('interA', ('32', '61'))], '4': [('intraD', ('56', '61')), ('intraD', ('10', '56'))], '5': [('intraD', ('45', '61')), ('intraD', ('56', '61'))]}";"{'1': [('interA', ('16', '61')), ('interA', ('10', '51'))], '2': [('interA', ('10', '20')), ('interA', ('43', '45'))], '3': [('interA', ('53', '55')), ('interA', ('10', '24'))], '4': [('interA', ('49', '61')), ('interA', ('40', '56'))], '5': [('interA', ('18', '61')), ('interA', ('48', '9'))]}";"[['38', '32', '12', '37', '13', '34', '30', '36', '33', '35', '39', '26', '7'], ['44', '59', '4', '16', '1', '52', '31', '25', '57', '58', '2', '3'], ['61', '45', '55', '10', '9', '41', '54', '56'], ['53', '51', '49', '50', '24', '29', '48', '47'], ['42', '43', '15', '40', '11', '46'], ['14', '22', '23', '17', '60', '18'], ['28', '20', '19', '27', '6'], ['8', '5', '21']]";"[['44', '59', '4', '16', '1', '52', '31', '25', '57', '58', '2', '60', '3'], ['32', '12', '37', '34', '13', '30', '36', '33', '35', '39', '26', '7'], ['45', '55', '14', '10', '9', '41', '54', '56'], ['53', '51', '49', '50', '24', '29', '48', '47'], ['8', '21', '22', '17', '23', '5', '18'], ['42', '43', '15', '40', '11', '46'], ['28', '20', '19', '27', '6'], ['61', '38']]";"[['44', '59', '45', '4', '16', '1', '52', '31', '25', '57', '58', '60', '3'], ['38', '32', '12', '37', '13', '34', '30', '36', '33', '35', '39', '26', '7'], ['53', '51', '49', '50', '24', '29', '48', '47'], ['42', '2', '43', '15', '40', '11', '46'], ['61', '55', '10', '9', '41', '54', '56'], ['28', '20', '19', '27', '6'], ['14', '22', '23', '17', '18'], ['8', '5', '21']]";"[0, 0, 0, 0, 7, 5, 1, 7, 2, 2, 4, 1, 1, 6, 4, 0, 6, 6, 5, 5, 7, 6, 6, 3, 0, 1, 5, 5, 3, 1, 0, 1, 1, 1, 1, 1, 1, 1, 1, 4, 2, 4, 4, 0, 2, 4, 3, 3, 3, 3, 3, 0, 3, 2, 2, 2, 0, 0, 0, 0, 2]";"[1, 1, 1, 1, 7, 6, 0, 7, 2, 2, 4, 0, 0, 5, 4, 1, 5, 5, 6, 6, 7, 5, 5, 3, 1, 0, 6, 6, 3, 0, 1, 0, 0, 0, 0, 0, 0, 0, 0, 4, 2, 4, 4, 1, 2, 4, 3, 3, 3, 3, 3, 1, 3, 2, 2, 2, 1, 1, 1, 5, 2]";"[0, 0, 0, 0, 4, 6, 1, 4, 2, 2, 5, 1, 1, 2, 5, 0, 4, 4, 6, 6, 4, 4, 4, 3, 0, 1, 6, 6, 3, 1, 0, 1, 1, 1, 1, 1, 1, 7, 1, 5, 2, 5, 5, 0, 2, 5, 3, 3, 3, 3, 3, 0, 3, 2, 2, 2, 0, 0, 0, 0, 7]";"[0, 3, 0, 0, 7, 5, 1, 7, 4, 4, 3, 1, 1, 6, 3, 0, 6, 6, 5, 5, 7, 6, 6, 2, 0, 1, 5, 5, 2, 1, 0, 1, 1, 1, 1, 1, 1, 1, 1, 3, 4, 3, 3, 0, 0, 3, 2, 2, 2, 2, 2, 0, 2, 4, 4, 4, 0, 0, 0, 0, 4]"
10;2;"aucs";"scml";2;0.3492;0.3499;0.3206;0.3422;"{'61': 0.2857142857142857, '45': 0.4368131868131868, '55': 0.26785714285714285, '10': 0.75, '9': 0.2976190476190476, '41': 0.5, '54': 0.5571428571428572, '56': 0.14285714285714285}";"{'61': 0.2857142857142857, '45': 0.4368131868131868, '55': 0.26785714285714285, '10': 0.75, '9': 0.3571428571428571, '41': 0.4017857142857143, '54': 0.5571428571428572, '56': 0.07142857142857142}";"{'61': 0.45238095238095233, '45': 0.4368131868131868, '55': 0.26785714285714285, '10': 0.75, '9': 0.2976190476190476, '41': 0.5, '54': 0.5571428571428572, '56': 0.14285714285714285}";"{'61': 0.45238095238095233, '45': 0.44179894179894175, '55': 0.30952380952380953, '10': 0.76890756302521, '9': 0.3571428571428571, '41': 0.5, '54': 0.5571428571428572, '56': 0.21428571428571427}";0.0;0.0;0.28125;0.0;1.0;0.8041228939544103;0.9196165572838612;1.0;0.8814646083669857;0.9483283911785468;1.0;0.8189492354940958;0.9066797329381584;1.0;0.8961403431953017;0.9357872079441542;0.0061;0.0373;0.0074;"['61', '45', '55', '10', '9', '41', '54', '56']";"{'1': [('intraA', ('41', '55')), ('interD', ('45', '52'))], '2': [('intraD', ('10', '45')), ('intraA', ('41', '56'))], '3': [('intraD', ('10', '56')), ('intraD', ('41', '55'))], '4': [('interD', ('10', '22')), ('intraD', ('10', '56'))], '5': [('intraA', ('41', '56')), ('interA', ('27', '9'))]}";"{'1': [('interA', ('38', '61')), ('interA', ('32', '61'))], '2': [('intraD', ('10', '45')), ('interA', ('38', '61'))], '3': [('interA', ('38', '61')), ('interA', ('32', '61'))], '4': [('intraD', ('56', '61')), ('intraD', ('10', '56'))], '5': [('intraD', ('45', '61')), ('intraD', ('56', '61'))]}";"{'1': [('interA', ('42', '61')), ('interA', ('10', '23'))], '2': [('interA', ('10', '33')), ('interA', ('23', '45'))], '3': [('interA', ('46', '55')), ('interA', ('10', '59'))], '4': [('interA', ('24', '61')), ('interA', ('18', '56'))], '5': [('interA', ('42', '61')), ('interA', ('11', '9'))]}";"[['44', '59', '4', '16', '1', '52', '31', '25', '57', '58', '2', '60', '3'], ['38', '32', '12', '37', '13', '34', '30', '36', '33', '35', '39', '26', '7'], ['61', '45', '55', '10', '9', '41', '54', '56'], ['53', '51', '49', '50', '24', '29', '48', '47'], ['42', '43', '15', '40', '11', '46'], ['28', '20', '19', '27', '6'], ['14', '22', '23', '17', '18'], ['8', '5', '21']]";"[['44', '59', '4', '16', '1', '52', '31', '25', '57', '58', '60', '3'], ['32', '12', '37', '34', '13', '30', '36', '39', '26', '7'], ['45', '55', '14', '10', '9', '41', '54', '56'], ['53', '51', '49', '50', '24', '29', '48', '47'], ['42', '2', '43', '15', '40', '11', '46'], ['8', '21', '22', '17', '23', '5', '18'], ['28', '20', '19', '27', '6'], ['33', '61', '38', '35']]";"[['38', '32', '12', '37', '13', '34', '30', '36', '33', '35', '39', '26', '7'], ['44', '59', '4', '16', '1', '52', '31', '25', '57', '58', '3'], ['61', '45', '55', '10', '9', '41', '54', '56'], ['53', '51', '49', '50', '24', '29', '48', '47'], ['42', '2', '43', '15', '40', '11', '46'], ['14', '22', '23', '17', '60', '18'], ['28', '20', '19', '27', '6'], ['8', '5', '21']]";"[0, 0, 0, 0, 7, 5, 1, 7, 2, 2, 4, 1, 1, 6, 4, 0, 6, 6, 5, 5, 7, 6, 6, 3, 0, 1, 5, 5, 3, 1, 0, 1, 1, 1, 1, 1, 1, 1, 1, 4, 2, 4, 4, 0, 2, 4, 3, 3, 3, 3, 3, 0, 3, 2, 2, 2, 0, 0, 0, 0, 2]";"[0, 0, 0, 0, 7, 5, 1, 7, 2, 2, 4, 1, 1, 6, 4, 0, 6, 6, 5, 5, 7, 6, 6, 3, 0, 1, 5, 5, 3, 1, 0, 1, 1, 1, 1, 1, 1, 1, 1, 4, 2, 4, 4, 0, 2, 4, 3, 3, 3, 3, 3, 0, 3, 2, 2, 2, 0, 0, 0, 0, 2]";"[0, 4, 0, 0, 5, 6, 1, 5, 2, 2, 4, 1, 1, 2, 4, 0, 5, 5, 6, 6, 5, 5, 5, 3, 0, 1, 6, 6, 3, 1, 0, 1, 7, 1, 7, 1, 1, 7, 1, 4, 2, 4, 4, 0, 2, 4, 3, 3, 3, 3, 3, 0, 3, 2, 2, 2, 0, 0, 0, 0, 7]";"[1, 4, 1, 1, 7, 6, 0, 7, 2, 2, 4, 0, 0, 5, 4, 1, 5, 5, 6, 6, 7, 5, 5, 3, 1, 0, 6, 6, 3, 0, 1, 0, 0, 0, 0, 0, 0, 0, 0, 4, 2, 4, 4, 1, 2, 4, 3, 3, 3, 3, 3, 1, 3, 2, 2, 2, 1, 1, 1, 5, 2]"
11;2;"aucs";"scml";2;0.3492;0.335;0.3353;0.3401;"{'61': 0.2857142857142857, '45': 0.4368131868131868, '55': 0.26785714285714285, '10': 0.75, '9': 0.2976190476190476, '41': 0.5, '54': 0.5571428571428572, '56': 0.14285714285714285}";"{'61': 0.2857142857142857, '45': 0.4368131868131868, '55': 0.26785714285714285, '10': 0.7417582417582418, '9': 0.2976190476190476, '41': 0.5, '54': 0.5571428571428572, '56': 0.21428571428571427}";"{'61': 0.45238095238095233, '45': 0.4368131868131868, '55': 0.26785714285714285, '10': 0.75, '9': 0.2976190476190476, '41': 0.5, '54': 0.5571428571428572, '56': 0.14285714285714285}";"{'61': 0.5, '45': 0.44179894179894175, '55': 0.30952380952380953, '10': 0.76890756302521, '9': 0.3571428571428571, '41': 0.5, '54': 0.5571428571428572, '56': 0.21428571428571427}";0.0;0.2932692307692308;0.0555555555555555;0.0555555555555555;0.9163258566819924;0.9533567823826272;0.8766366771241152;0.9471583993629064;0.9724260139477092;0.9216559071107904;0.9537698874737036;0.967063435154644;0.8769433101421509;0.9680151421846804;0.9821447169823596;0.9200027675607036;0.0052;0.0374;0.0131;"['61', '45', '55', '10', '9', '41', '54', '56']";"{'1': [('intraD', ('54', '56')), ('intraA', ('41', '55'))], '2': [('interA', ('41', '51')), ('interD', ('10', '22'))], '3': [('intraA', ('10', '41')), ('intraD', ('41', '55'))], '4': [('interD', ('40', '41')), ('interD', ('10', '44'))], '5': [('intraD', ('45', '55')), ('interA', ('49', '56'))]}";"{'1': [('interA', ('38', '61')), ('interA', ('32', '61'))], '2': [('intraD', ('10', '45')), ('interA', ('38', '61'))], '3': [('interA', ('38', '61')), ('interA', ('32', '61'))], '4': [('intraD', ('56', '61')), ('intraD', ('10', '56'))], '5': [('intraD', ('45', '61')), ('intraD', ('56', '61'))]}";"{'1': [('interA', ('53', '61')), ('interA', ('10', '17'))], '2': [('interA', ('10', '39')), ('interA', ('45', '49'))], '3': [('interA', ('26', '55')), ('interA', ('10', '11'))], '4': [('interA', ('17', '61')), ('interA', ('32', '56'))], '5': [('interA', ('32', '61')), ('interA', ('1', '9'))]}";"[['44', '59', '45', '4', '16', '1', '52', '31', '25', '57', '58', '2', '3'], ['38', '32', '12', '37', '13', '34', '30', '36', '33', '35', '39', '26', '7'], ['53', '51', '49', '50', '24', '29', '48', '47'], ['61', '55', '10', '9', '41', '54', '56'], ['42', '43', '15', '40', '11', '46'], ['14', '22', '23', '17', '60', '18'], ['28', '20', '19', '27', '6'], ['8', '5', '21']]";"[['44', '59', '4', '16', '1', '52', '31', '25', '57', '58', '2', '60', '3'], ['32', '12', '37', '34', '13', '30', '36', '33', '35', '39', '26', '7'], ['61', '45', '55', '38', '10', '9', '41', '54', '56'], ['53', '51', '49', '50', '24', '29', '48', '47'], ['42', '43', '15', '40', '11', '46'], ['28', '20', '19', '27', '6'], ['14', '22', '23', '17', '18'], ['8', '5', '21']]";"[['38', '32', '12', '37', '13', '34', '30', '36', '33', '35', '39', '26', '7'], ['44', '59', '4', '16', '52', '31', '25', '57', '58', '3'], ['61', '45', '55', '1', '10', '9', '41', '54', '56'], ['53', '51', '49', '50', '24', '29', '48', '47'], ['42', '2', '43', '15', '40', '11', '46'], ['14', '22', '23', '17', '60', '18'], ['28', '20', '19', '27', '6'], ['8', '5', '21']]";"[0, 0, 0, 0, 7, 5, 1, 7, 2, 2, 4, 1, 1, 6, 4, 0, 6, 6, 5, 5, 7, 6, 6, 3, 0, 1, 5, 5, 3, 1, 0, 1, 1, 1, 1, 1, 1, 1, 1, 4, 2, 4, 4, 0, 2, 4, 3, 3, 3, 3, 3, 0, 3, 2, 2, 2, 0, 0, 0, 0, 2]";"[0, 0, 0, 0, 7, 6, 1, 7, 3, 3, 4, 1, 1, 5, 4, 0, 5, 5, 6, 6, 7, 5, 5, 2, 0, 1, 6, 6, 2, 1, 0, 1, 1, 1, 1, 1, 1, 1, 1, 4, 3, 4, 4, 0, 0, 4, 2, 2, 2, 2, 2, 0, 2, 3, 3, 3, 0, 0, 0, 5, 3]";"[0, 0, 0, 0, 7, 5, 1, 7, 2, 2, 4, 1, 1, 6, 4, 0, 6, 6, 5, 5, 7, 6, 6, 3, 0, 1, 5, 5, 3, 1, 0, 1, 1, 1, 1, 1, 1, 2, 1, 4, 2, 4, 4, 0, 2, 4, 3, 3, 3, 3, 3, 0, 3, 2, 2, 2, 0, 0, 0, 0, 2]";"[2, 4, 1, 1, 7, 6, 0, 7, 2, 2, 4, 0, 0, 5, 4, 1, 5, 5, 6, 6, 7, 5, 5, 3, 1, 0, 6, 6, 3, 0, 1, 0, 0, 0, 0, 0, 0, 0, 0, 4, 2, 4, 4, 1, 2, 4, 3, 3, 3, 3, 3, 1, 3, 2, 2, 2, 1, 1, 1, 5, 2]"
12;2;"aucs";"scml";2;0.3492;0.3473;0.344;0.3374;"{'61': 0.2857142857142857, '45': 0.4368131868131868, '55': 0.26785714285714285, '10': 0.75, '9': 0.2976190476190476, '41': 0.5, '54': 0.5571428571428572, '56': 0.14285714285714285}";"{'61': 0.2857142857142857, '45': 0.44179894179894175, '55': 0.30952380952380953, '10': 0.75, '9': 0.45238095238095233, '41': 0.6071428571428572, '54': 0.5571428571428572, '56': 0.14285714285714285}";"{'61': 0.45238095238095233, '45': 0.4368131868131868, '55': 0.26785714285714285, '10': 0.75, '9': 0.2976190476190476, '41': 0.5, '54': 0.5571428571428572, '56': 0.14285714285714285}";"{'61': 0.5, '45': 0.44179894179894175, '55': 0.30952380952380953, '10': 0.7633928571428572, '9': 0.3571428571428571, '41': 0.5, '54': 0.5571428571428572, '56': 0.21428571428571427}";0.0;0.0;0.21875;0.0;0.9196165572838612;0.8998867698884239;0.9218464883332688;0.9483283911785468;0.9244466181025364;0.9490534185199428;0.9066797329381584;0.9242750153082852;0.90925563036546;0.9357872079441542;0.9446229602572324;0.9366987980812644;0.0097;0.0415;0.0072;"['61', '45', '55', '10', '9', '41', '54', '56']";"{'1': [('interA', ('18', '45')), ('interD', ('45', '58'))], '2': [('interD', ('32', '45')), ('interA', ('39', '9'))], '3': [('interA', ('10', '35')), ('interA', ('31', '55'))], '4': [('intraA', ('55', '9')), ('intraD', ('10', '56'))], '5': [('intraA', ('10', '41')), ('intraD', ('41', '9'))]}";"{'1': [('interA', ('38', '61')), ('interA', ('32', '61'))], '2': [('intraD', ('10', '45')), ('interA', ('38', '61'))], '3': [('interA', ('38', '61')), ('interA', ('32', '61'))], '4': [('intraD', ('56', '61')), ('intraD', ('10', '56'))], '5': [('intraD', ('45', '61')), ('intraD', ('56', '61'))]}";"{'1': [('interA', ('19', '61')), ('interA', ('10', '23'))], '2': [('interA', ('10', '43')), ('interA', ('42', '45'))], '3': [('interA', ('5', '55')), ('interA', ('10', '29'))], '4': [('interA', ('39', '61')), ('interA', ('39', '56'))], '5': [('interA', ('27', '61')), ('interA', ('60', '9'))]}";"[['38', '32', '12', '37', '13', '34', '30', '36', '33', '35', '39', '26', '7'], ['44', '59', '4', '16', '1', '52', '31', '25', '57', '58', '3'], ['61', '45', '55', '10', '9', '41', '54', '56'], ['53', '51', '49', '50', '24', '29', '48', '47'], ['42', '2', '43', '15', '40', '11', '46'], ['14', '22', '23', '17', '60', '18'], ['28', '20', '19', '27', '6'], ['8', '5', '21']]";"[['44', '59', '4', '16', '1', '52', '31', '25', '57', '58', '2', '60', '3'], ['32', '12', '37', '34', '13', '30', '36', '33', '35', '39', '26', '7'], ['45', '55', '14', '10', '9', '41', '54', '56'], ['53', '51', '49', '50', '24', '29', '48', '47'], ['8', '21', '22', '17', '23', '5', '18'], ['42', '43', '15', '40', '11', '46'], ['28', '20', '19', '27', '6'], ['61', '38']]";"[['38', '32', '12', '37', '13', '34', '30', '36', '33', '35', '39', '26', '7'], ['44', '59', '4', '16', '1', '52', '31', '25', '57', '58', '3'], ['61', '45', '55', '10', '9', '41', '54', '56'], ['53', '51', '49', '50', '24', '29', '48', '47'], ['28', '20', '27', '19', '2', '6'], ['42', '43', '15', '40', '11', '46'], ['14', '22', '23', '17', '60', '18'], ['8', '5', '21']]";"[0, 0, 0, 0, 7, 5, 1, 7, 2, 2, 4, 1, 1, 6, 4, 0, 6, 6, 5, 5, 7, 6, 6, 3, 0, 1, 5, 5, 3, 1, 0, 1, 1, 1, 1, 1, 1, 1, 1, 4, 2, 4, 4, 0, 2, 4, 3, 3, 3, 3, 3, 0, 3, 2, 2, 2, 0, 0, 0, 0, 2]";"[1, 4, 1, 1, 7, 6, 0, 7, 2, 2, 4, 0, 0, 5, 4, 1, 5, 5, 6, 6, 7, 5, 5, 3, 1, 0, 6, 6, 3, 0, 1, 0, 0, 0, 0, 0, 0, 0, 0, 4, 2, 4, 4, 1, 2, 4, 3, 3, 3, 3, 3, 1, 3, 2, 2, 2, 1, 1, 1, 5, 2]";"[0, 0, 0, 0, 4, 6, 1, 4, 2, 2, 5, 1, 1, 2, 5, 0, 4, 4, 6, 6, 4, 4, 4, 3, 0, 1, 6, 6, 3, 1, 0, 1, 1, 1, 1, 1, 1, 7, 1, 5, 2, 5, 5, 0, 2, 5, 3, 3, 3, 3, 3, 0, 3, 2, 2, 2, 0, 0, 0, 0, 7]";"[1, 4, 1, 1, 7, 4, 0, 7, 2, 2, 5, 0, 0, 6, 5, 1, 6, 6, 4, 4, 7, 6, 6, 3, 1, 0, 4, 4, 3, 0, 1, 0, 0, 0, 0, 0, 0, 0, 0, 5, 2, 5, 5, 1, 2, 5, 3, 3, 3, 3, 3, 1, 3, 2, 2, 2, 1, 1, 1, 6, 2]"
13;2;"aucs";"scml";2;0.3492;0.3528;0.3129;0.3233;"{'61': 0.2857142857142857, '45': 0.4368131868131868, '55': 0.26785714285714285, '10': 0.75, '9': 0.2976190476190476, '41': 0.5, '54': 0.5571428571428572, '56': 0.14285714285714285}";"{'61': 0.21428571428571427, '45': 0.4368131868131868, '55': 0.30952380952380953, '10': 0.7417582417582418, '9': 0.2976190476190476, '41': 0.30952380952380953, '54': 0.5571428571428572, '56': 0.07142857142857142}";"{'61': 0.45238095238095233, '45': 0.4368131868131868, '55': 0.26785714285714285, '10': 0.75, '9': 0.2976190476190476, '41': 0.5, '54': 0.5571428571428572, '56': 0.14285714285714285}";"{'61': 0.5, '45': 0.44179894179894175, '55': 0.30952380952380953, '10': 0.76890756302521, '9': 0.3571428571428571, '41': 0.5, '54': 0.5571428571428572, '56': 0.21428571428571427}";0.0;0.0;0.4177350427350427;0.2946428571428571;1.0;0.8027692190650082;0.9541341888267876;1.0;0.8629832329421171;0.9725151728618404;1.0;0.8859819421292465;1.0;1.0;0.9168581708205696;1.0;0.0051;0.0357;0.0078;"['61', '45', '55', '10', '9', '41', '54', '56']";"{'1': [('intraA', ('41', '55')), ('interD', ('4', '45'))], '2': [('interD', ('10', '34')), ('intraA', ('54', '56'))], '3': [('interA', ('4', '55')), ('intraA', ('45', '56'))], '4': [('intraA', ('45', '55')), ('intraA', ('41', '61'))], '5': [('intraD', ('45', '55')), ('intraA', ('41', '56'))]}";"{'1': [('interA', ('38', '61')), ('interA', ('32', '61'))], '2': [('intraD', ('10', '45')), ('interA', ('38', '61'))], '3': [('interA', ('38', '61')), ('interA', ('32', '61'))], '4': [('intraD', ('56', '61')), ('intraD', ('10', '56'))], '5': [('intraD', ('45', '61')), ('intraD', ('56', '61'))]}";"{'1': [('interA', ('61', '7')), ('interA', ('10', '11'))], '2': [('interA', ('10', '17')), ('interA', ('24', '45'))], '3': [('interA', ('55', '7')), ('interA', ('10', '19'))], '4': [('interA', ('19', '61')), ('interA', ('14', '56'))], '5': [('interA', ('16', '61')), ('interA', ('6', '9'))]}";"[['44', '59', '4', '16', '1', '52', '31', '25', '57', '58', '2', '60', '3'], ['38', '32', '12', '37', '13', '34', '30', '36', '33', '35', '39', '26', '7'], ['61', '45', '55', '10', '9', '41', '54', '56'], ['53', '51', '49', '50', '24', '29', '48', '47'], ['42', '43', '15', '40', '11', '46'], ['28', '20', '19', '27', '6'], ['14', '22', '23', '17', '18'], ['8', '5', '21']]";"[['44', '59', '45', '4', '16', '1', '52', '31', '25', '57', '58', '60', '3'], ['32', '12', '37', '34', '13', '30', '36', '33', '35', '39', '26', '7'], ['55', '14', '22', '23', '10', '9', '41', '54', '56'], ['53', '51', '49', '50', '24', '29', '48', '47'], ['28', '20', '27', '19', '2', '6'], ['42', '43', '15', '40', '11', '46'], ['8', '21', '17', '5', '18'], ['61', '38']]";"[['44', '59', '45', '4', '16', '1', '52', '31', '25', '57', '58', '2', '60', '3'], ['38', '32', '12', '37', '13', '34', '30', '36', '33', '35', '39', '26', '7'], ['53', '51', '49', '50', '24', '29', '48', '47'], ['61', '55', '10', '9', '41', '54', '56'], ['42', '43', '15', '40', '11', '46'], ['28', '20', '19', '27', '6'], ['14', '22', '23', '17', '18'], ['8', '5', '21']]";"[0, 0, 0, 0, 7, 5, 1, 7, 2, 2, 4, 1, 1, 6, 4, 0, 6, 6, 5, 5, 7, 6, 6, 3, 0, 1, 5, 5, 3, 1, 0, 1, 1, 1, 1, 1, 1, 1, 1, 4, 2, 4, 4, 0, 2, 4, 3, 3, 3, 3, 3, 0, 3, 2, 2, 2, 0, 0, 0, 0, 2]";"[0, 0, 0, 0, 7, 5, 1, 7, 2, 2, 4, 1, 1, 6, 4, 0, 6, 6, 5, 5, 7, 6, 6, 3, 0, 1, 5, 5, 3, 1, 0, 1, 1, 1, 1, 1, 1, 1, 1, 4, 2, 4, 4, 0, 2, 4, 3, 3, 3, 3, 3, 0, 3, 2, 2, 2, 0, 0, 0, 0, 2]";"[0, 4, 0, 0, 6, 4, 1, 6, 2, 2, 5, 1, 1, 2, 5, 0, 6, 6, 4, 4, 6, 2, 2, 3, 0, 1, 4, 4, 3, 1, 0, 1, 1, 1, 1, 1, 1, 7, 1, 5, 2, 5, 5, 0, 0, 5, 3, 3, 3, 3, 3, 0, 3, 2, 2, 2, 0, 0, 0, 0, 7]";"[0, 0, 0, 0, 7, 5, 1, 7, 3, 3, 4, 1, 1, 6, 4, 0, 6, 6, 5, 5, 7, 6, 6, 2, 0, 1, 5, 5, 2, 1, 0, 1, 1, 1, 1, 1, 1, 1, 1, 4, 3, 4, 4, 0, 0, 4, 2, 2, 2, 2, 2, 0, 2, 3, 3, 3, 0, 0, 0, 0, 3]"
14;2;"aucs";"scml";2;0.3492;0.3454;0.3287;0.3389;"{'61': 0.2857142857142857, '45': 0.4368131868131868, '55': 0.26785714285714285, '10': 0.75, '9': 0.2976190476190476, '41': 0.5, '54': 0.5571428571428572, '56': 0.14285714285714285}";"{'61': 0.3857142857142857, '45': 0.44179894179894175, '55': 0.30952380952380953, '10': 0.6523809523809523, '9': 0.2976190476190476, '41': 0.4642857142857143, '54': 0.45238095238095233, '56': 0.13392857142857142}";"{'61': 0.45238095238095233, '45': 0.4368131868131868, '55': 0.26785714285714285, '10': 0.75, '9': 0.2976190476190476, '41': 0.5, '54': 0.5571428571428572, '56': 0.14285714285714285}";"{'61': 0.45238095238095233, '45': 0.44179894179894175, '55': 0.30952380952380953, '10': 0.7633928571428572, '9': 0.3571428571428571, '41': 0.5, '54': 0.5571428571428572, '56': 0.21428571428571427}";0.0;0.0555555555555555;0.25;0.0555555555555555;0.9533567823826272;0.8683849201679024;0.9533567823826272;0.9724260139477092;0.9279032778405546;0.9724260139477092;0.967063435154644;0.8757946856710211;0.967063435154644;0.9821447169823596;0.9370555091160604;0.9821447169823596;0.0062;0.0388;0.007;"['61', '45', '55', '10', '9', '41', '54', '56']";"{'1': [('interA', ('41', '59')), ('interA', ('23', '45'))], '2': [('intraA', ('61', '9')), ('interA', ('56', '7'))], '3': [('interA', ('41', '5')), ('interA', ('55', '60'))], '4': [('intraA', ('41', '56')), ('intraA', ('45', '56'))], '5': [('intraA', ('10', '54')), ('interA', ('25', '61'))]}";"{'1': [('interA', ('38', '61')), ('interA', ('32', '61'))], '2': [('intraD', ('10', '45')), ('interA', ('38', '61'))], '3': [('interA', ('38', '61')), ('interA', ('32', '61'))], '4': [('intraD', ('56', '61')), ('intraD', ('10', '56'))], '5': [('intraD', ('45', '61')), ('intraD', ('56', '61'))]}";"{'1': [('interA', ('16', '61')), ('interA', ('10', '17'))], '2': [('interA', ('10', '5')), ('interA', ('28', '45'))], '3': [('interA', ('20', '55')), ('interA', ('10', '14'))], '4': [('interA', ('18', '61')), ('interA', ('56', '58'))], '5': [('interA', ('16', '61')), ('interA', ('15', '9'))]}";"[['38', '32', '12', '37', '13', '34', '30', '36', '33', '35', '39', '26', '7'], ['44', '59', '4', '16', '1', '52', '31', '25', '57', '58', '2', '3'], ['61', '45', '55', '10', '9', '41', '60', '54', '56'], ['53', '51', '49', '50', '24', '29', '48', '47'], ['42', '43', '15', '40', '11', '46'], ['28', '20', '19', '27', '6'], ['14', '22', '23', '17', '18'], ['8', '5', '21']]";"[['44', '59', '4', '16', '1', '52', '31', '25', '57', '58', '2', '60', '3'], ['32', '12', '37', '34', '13', '30', '36', '39', '26', '7'], ['21', '14', '8', '22', '17', '23', '5', '18'], ['53', '51', '49', '50', '24', '29', '48', '47'], ['45', '55', '10', '9', '41', '54', '56'], ['42', '43', '15', '40', '11', '46'], ['28', '20', '19', '27', '6'], ['33', '61', '38', '35']]";"[['38', '32', '12', '37', '13', '34', '30', '36', '33', '35', '39', '26', '7'], ['44', '59', '4', '16', '1', '52', '31', '25', '57', '2', '60', '3'], ['61', '45', '55', '10', '9', '41', '58', '54', '56'], ['53', '51', '49', '50', '24', '29', '48', '47'], ['42', '43', '15', '40', '11', '46'], ['28', '20', '19', '27', '6'], ['14', '22', '23', '17', '18'], ['8', '5', '21']]";"[0, 0, 0, 0, 7, 5, 1, 7, 2, 2, 4, 1, 1, 6, 4, 0, 6, 6, 5, 5, 7, 6, 6, 3, 0, 1, 5, 5, 3, 1, 0, 1, 1, 1, 1, 1, 1, 1, 1, 4, 2, 4, 4, 0, 2, 4, 3, 3, 3, 3, 3, 0, 3, 2, 2, 2, 0, 0, 0, 0, 2]";"[1, 1, 1, 1, 7, 5, 0, 7, 2, 2, 4, 0, 0, 6, 4, 1, 6, 6, 5, 5, 7, 6, 6, 3, 1, 0, 5, 5, 3, 0, 1, 0, 0, 0, 0, 0, 0, 0, 0, 4, 2, 4, 4, 1, 2, 4, 3, 3, 3, 3, 3, 1, 3, 2, 2, 2, 1, 1, 1, 2, 2]";"[0, 0, 0, 0, 2, 6, 1, 2, 4, 4, 5, 1, 1, 2, 5, 0, 2, 2, 6, 6, 2, 2, 2, 3, 0, 1, 6, 6, 3, 1, 0, 1, 7, 1, 7, 1, 1, 7, 1, 5, 4, 5, 5, 0, 4, 5, 3, 3, 3, 3, 3, 0, 3, 4, 4, 4, 0, 0, 0, 0, 7]";"[1, 1, 1, 1, 7, 5, 0, 7, 2, 2, 4, 0, 0, 6, 4, 1, 6, 6, 5, 5, 7, 6, 6, 3, 1, 0, 5, 5, 3, 0, 1, 0, 0, 0, 0, 0, 0, 0, 0, 4, 2, 4, 4, 1, 2, 4, 3, 3, 3, 3, 3, 1, 3, 2, 2, 2, 1, 2, 1, 1, 2]"
15;2;"aucs";"scml";2;0.3492;0.3382;0.3557;0.3371;"{'61': 0.2857142857142857, '45': 0.4368131868131868, '55': 0.26785714285714285, '10': 0.75, '9': 0.2976190476190476, '41': 0.5, '54': 0.5571428571428572, '56': 0.14285714285714285}";"{'61': 0.2976190476190476, '45': 0.4368131868131868, '55': 0.18253968253968253, '10': 0.5580357142857143, '9': 0.2976190476190476, '41': 0.5, '54': 0.4017857142857143, '56': 0.14285714285714285}";"{'61': 0.45238095238095233, '45': 0.4368131868131868, '55': 0.26785714285714285, '10': 0.75, '9': 0.2976190476190476, '41': 0.5, '54': 0.5571428571428572, '56': 0.14285714285714285}";"{'61': 0.5, '45': 0.44179894179894175, '55': 0.30952380952380953, '10': 0.76890756302521, '9': 0.3571428571428571, '41': 0.5, '54': 0.5571428571428572, '56': 0.21428571428571427}";0.0;0.2946428571428571;0.1875;0.0;0.9541341888267876;0.8710755869807478;1.0;0.9725151728618404;0.9176918516491952;1.0;1.0;0.873585384420198;1.0;1.0;0.9195859202329818;1.0;0.0055;0.0358;0.0072;"['61', '45', '55', '10', '9', '41', '54', '56']";"{'1': [('interA', ('21', '61')), ('intraA', ('10', '55'))], '2': [('intraD', ('10', '45')), ('interA', ('27', '54'))], '3': [('intraA', ('10', '54')), ('intraD', ('41', '55'))], '4': [('interD', ('10', '22')), ('intraD', ('10', '56'))], '5': [('interA', ('51', '54')), ('intraA', ('54', '61'))]}";"{'1': [('interA', ('38', '61')), ('interA', ('32', '61'))], '2': [('intraD', ('10', '45')), ('interA', ('38', '61'))], '3': [('interA', ('38', '61')), ('interA', ('32', '61'))], '4': [('intraD', ('56', '61')), ('intraD', ('10', '56'))], '5': [('intraD', ('45', '61')), ('intraD', ('56', '61'))]}";"{'1': [('interA', ('29', '61')), ('interA', ('10', '48'))], '2': [('interA', ('10', '27')), ('interA', ('45', '49'))], '3': [('interA', ('21', '55')), ('interA', ('10', '21'))], '4': [('interA', ('37', '61')), ('interA', ('15', '56'))], '5': [('interA', ('39', '61')), ('interA', ('12', '9'))]}";"[['44', '59', '45', '4', '16', '1', '52', '31', '25', '57', '58', '2', '60', '3'], ['38', '32', '12', '37', '13', '34', '30', '36', '33', '35', '39', '26', '7'], ['53', '51', '49', '50', '24', '29', '48', '47'], ['61', '55', '10', '9', '41', '54', '56'], ['42', '43', '15', '40', '11', '46'], ['28', '20', '19', '27', '6'], ['14', '22', '23', '17', '18'], ['8', '5', '21']]";"[['44', '59', '4', '16', '1', '52', '31', '25', '57', '58', '2', '3'], ['32', '12', '37', '34', '13', '30', '36', '33', '35', '39', '26', '7'], ['21', '14', '8', '22', '17', '23', '60', '5', '18'], ['53', '51', '49', '50', '24', '29', '48', '47'], ['45', '55', '10', '9', '41', '54', '56'], ['42', '43', '15', '40', '11', '46'], ['28', '20', '19', '27', '6'], ['61', '38']]";"[['44', '59', '4', '16', '1', '52', '31', '25', '57', '58', '2', '60', '3'], ['38', '32', '12', '37', '13', '34', '30', '36', '33', '35', '39', '26', '7'], ['61', '45', '55', '10', '9', '41', '54', '56'], ['53', '51', '49', '50', '24', '29', '48', '47'], ['42', '43', '15', '40', '11', '46'], ['28', '20', '19', '27', '6'], ['14', '22', '23', '17', '18'], ['8', '5', '21']]";"[0, 0, 0, 0, 7, 5, 1, 7, 2, 2, 4, 1, 1, 6, 4, 0, 6, 6, 5, 5, 7, 6, 6, 3, 0, 1, 5, 5, 3, 1, 0, 1, 1, 1, 1, 1, 1, 1, 1, 4, 2, 4, 4, 0, 2, 4, 3, 3, 3, 3, 3, 0, 3, 2, 2, 2, 0, 0, 0, 0, 2]";"[0, 0, 0, 0, 7, 5, 1, 7, 3, 3, 4, 1, 1, 6, 4, 0, 6, 6, 5, 5, 7, 6, 6, 2, 0, 1, 5, 5, 2, 1, 0, 1, 1, 1, 1, 1, 1, 1, 1, 4, 3, 4, 4, 0, 0, 4, 2, 2, 2, 2, 2, 0, 2, 3, 3, 3, 0, 0, 0, 0, 3]";"[0, 0, 0, 0, 2, 6, 1, 2, 4, 4, 5, 1, 1, 2, 5, 0, 2, 2, 6, 6, 2, 2, 2, 3, 0, 1, 6, 6, 3, 1, 0, 1, 1, 1, 1, 1, 1, 7, 1, 5, 4, 5, 5, 0, 4, 5, 3, 3, 3, 3, 3, 0, 3, 4, 4, 4, 0, 0, 0, 2, 7]";"[0, 0, 0, 0, 7, 5, 1, 7, 2, 2, 4, 1, 1, 6, 4, 0, 6, 6, 5, 5, 7, 6, 6, 3, 0, 1, 5, 5, 3, 1, 0, 1, 1, 1, 1, 1, 1, 1, 1, 4, 2, 4, 4, 0, 2, 4, 3, 3, 3, 3, 3, 0, 3, 2, 2, 2, 0, 0, 0, 0, 2]"
16;2;"aucs";"scml";2;0.3492;0.3436;0.3473;0.3169;"{'61': 0.2857142857142857, '45': 0.4368131868131868, '55': 0.26785714285714285, '10': 0.75, '9': 0.2976190476190476, '41': 0.5, '54': 0.5571428571428572, '56': 0.14285714285714285}";"{'61': 0.2857142857142857, '45': 0.44179894179894175, '55': 0.26785714285714285, '10': 0.75, '9': 0.2976190476190476, '41': 0.5357142857142857, '54': 0.6071428571428572, '56': 0.26785714285714285}";"{'61': 0.45238095238095233, '45': 0.4368131868131868, '55': 0.26785714285714285, '10': 0.75, '9': 0.2976190476190476, '41': 0.5, '54': 0.5571428571428572, '56': 0.14285714285714285}";"{'61': 0.5, '45': 0.44179894179894175, '55': 0.30952380952380953, '10': 0.76890756302521, '9': 0.3571428571428571, '41': 0.5, '54': 0.5571428571428572, '56': 0.21428571428571427}";0.0;0.0;0.21875;0.2958333333333333;0.9601506359758676;0.8565222420729278;0.9142836012227592;0.9742767326878776;0.898202870450971;0.946600851325221;0.9537698874737036;0.8742111905763568;0.9550942166503728;0.9680151421846804;0.9121444854480087;0.9683411642263352;0.0049;0.0343;0.0072;"['61', '45', '55', '10', '9', '41', '54', '56']";"{'1': [('interD', ('45', '52')), ('interD', ('13', '45'))], '2': [('intraA', ('10', '41')), ('interA', ('17', '56'))], '3': [('interA', ('27', '56')), ('intraD', ('10', '56'))], '4': [('interA', ('17', '45')), ('interD', ('10', '40'))], '5': [('interA', ('12', '54')), ('interA', ('41', '44'))]}";"{'1': [('interA', ('38', '61')), ('interA', ('32', '61'))], '2': [('intraD', ('10', '45')), ('interA', ('38', '61'))], '3': [('interA', ('38', '61')), ('interA', ('32', '61'))], '4': [('intraD', ('56', '61')), ('intraD', ('10', '56'))], '5': [('intraD', ('45', '61')), ('intraD', ('56', '61'))]}";"{'1': [('interA', ('19', '61')), ('interA', ('10', '21'))], '2': [('interA', ('10', '2')), ('interA', ('45', '48'))], '3': [('interA', ('30', '55')), ('interA', ('10', '6'))], '4': [('interA', ('50', '61')), ('interA', ('19', '56'))], '5': [('interA', ('26', '61')), ('interA', ('12', '9'))]}";"[['38', '32', '12', '37', '13', '34', '30', '36', '33', '35', '39', '26', '7'], ['44', '59', '4', '16', '1', '52', '31', '25', '57', '58', '2', '3'], ['61', '45', '55', '10', '9', '41', '54', '56'], ['53', '51', '49', '50', '24', '29', '48', '47'], ['42', '43', '15', '40', '11', '46'], ['14', '22', '23', '17', '60', '18'], ['28', '20', '19', '27', '6'], ['8', '5', '21']]";"[['44', '59', '4', '16', '1', '52', '31', '25', '57', '58', '60', '3'], ['32', '12', '37', '34', '13', '30', '36', '33', '35', '39', '26', '7'], ['45', '55', '14', '10', '9', '41', '54', '56'], ['53', '51', '49', '50', '24', '29', '48', '47'], ['42', '2', '43', '15', '40', '11', '46'], ['8', '21', '22', '17', '23', '5', '18'], ['28', '20', '19', '27', '6'], ['61', '38']]";"[['44', '59', '45', '4', '16', '1', '14', '31', '52', '25', '57', '58', '2', '60', '3'], ['38', '32', '12', '37', '13', '34', '30', '36', '33', '35', '39', '26', '7'], ['53', '51', '49', '50', '24', '29', '48', '47'], ['61', '55', '10', '9', '41', '54', '56'], ['42', '43', '15', '40', '11', '46'], ['28', '20', '19', '27', '6'], ['17', '22', '23', '18'], ['8', '5', '21']]";"[0, 0, 0, 0, 7, 5, 1, 7, 2, 2, 4, 1, 1, 6, 4, 0, 6, 6, 5, 5, 7, 6, 6, 3, 0, 1, 5, 5, 3, 1, 0, 1, 1, 1, 1, 1, 1, 1, 1, 4, 2, 4, 4, 0, 2, 4, 3, 3, 3, 3, 3, 0, 3, 2, 2, 2, 0, 0, 0, 0, 2]";"[1, 1, 1, 1, 7, 6, 0, 7, 2, 2, 4, 0, 0, 5, 4, 1, 5, 5, 6, 6, 7, 5, 5, 3, 1, 0, 6, 6, 3, 0, 1, 0, 0, 0, 0, 0, 0, 0, 0, 4, 2, 4, 4, 1, 2, 4, 3, 3, 3, 3, 3, 1, 3, 2, 2, 2, 1, 1, 1, 5, 2]";"[0, 4, 0, 0, 5, 6, 1, 5, 2, 2, 4, 1, 1, 2, 4, 0, 5, 5, 6, 6, 5, 5, 5, 3, 0, 1, 6, 6, 3, 1, 0, 1, 1, 1, 1, 1, 1, 7, 1, 4, 2, 4, 4, 0, 2, 4, 3, 3, 3, 3, 3, 0, 3, 2, 2, 2, 0, 0, 0, 0, 7]";"[0, 0, 0, 0, 7, 5, 1, 7, 3, 3, 4, 1, 1, 0, 4, 0, 6, 6, 5, 5, 7, 6, 6, 2, 0, 1, 5, 5, 2, 1, 0, 1, 1, 1, 1, 1, 1, 1, 1, 4, 3, 4, 4, 0, 0, 4, 2, 2, 2, 2, 2, 0, 2, 3, 3, 3, 0, 0, 0, 0, 3]"
17;2;"aucs";"scml";2;0.3492;0.3283;0.3263;0.3379;"{'61': 0.2857142857142857, '45': 0.4368131868131868, '55': 0.26785714285714285, '10': 0.75, '9': 0.2976190476190476, '41': 0.5, '54': 0.5571428571428572, '56': 0.14285714285714285}";"{'61': 0.21428571428571427, '45': 0.4368131868131868, '55': 0.26785714285714285, '10': 0.6428571428571428, '9': 0.13392857142857142, '41': 0.5, '54': 0.3571428571428571, '56': 0.21428571428571427}";"{'61': 0.45238095238095233, '45': 0.4368131868131868, '55': 0.26785714285714285, '10': 0.75, '9': 0.2976190476190476, '41': 0.5, '54': 0.5571428571428572, '56': 0.14285714285714285}";"{'61': 0.5, '45': 0.4368131868131868, '55': 0.30952380952380953, '10': 0.76890756302521, '9': 0.3571428571428571, '41': 0.5, '54': 0.5571428571428572, '56': 0.21428571428571427}";0.0;0.0;0.2604166666666667;0.0;0.8215874033414801;0.8300968969440194;1.0;0.9170554016955615;0.8890114399046033;1.0;0.7922941917366976;0.8464701711739087;1.0;0.8971914938193807;0.9035961069147064;1.0;0.0047;0.0352;0.0066;"['61', '45', '55', '10', '9', '41', '54', '56']";"{'1': [('intraA', ('54', '9')), ('interD', ('14', '45'))], '2': [('intraD', ('10', '45')), ('interD', ('10', '35'))], '3': [('intraA', ('10', '9')), ('intraA', ('41', '9'))], '4': [('interD', ('45', '52')), ('interD', ('10', '22'))], '5': [('interA', ('21', '56')), ('intraA', ('54', '61'))]}";"{'1': [('interA', ('38', '61')), ('interA', ('32', '61'))], '2': [('intraD', ('10', '45')), ('interA', ('38', '61'))], '3': [('interA', ('38', '61')), ('interA', ('32', '61'))], '4': [('intraD', ('56', '61')), ('intraD', ('10', '56'))], '5': [('intraD', ('45', '61')), ('intraD', ('56', '61'))]}";"{'1': [('interA', ('38', '61')), ('interA', ('10', '4'))], '2': [('interA', ('10', '57')), ('interA', ('26', '45'))], '3': [('interA', ('43', '55')), ('interA', ('10', '23'))], '4': [('interA', ('48', '61')), ('interA', ('44', '56'))], '5': [('interA', ('5', '61')), ('interA', ('52', '9'))]}";"[['44', '59', '4', '16', '1', '52', '31', '25', '57', '58', '60', '3'], ['21', '14', '8', '22', '17', '23', '5', '18'], ['32', '12', '37', '13', '34', '36', '39', '7'], ['61', '45', '55', '10', '9', '41', '54', '56'], ['53', '51', '49', '50', '24', '29', '48', '47'], ['42', '2', '43', '15', '40', '11', '46'], ['28', '20', '19', '27', '6'], ['38', '30', '33', '35', '26']]";"[['44', '59', '4', '16', '1', '52', '31', '25', '57', '58', '60', '3'], ['32', '12', '37', '34', '13', '30', '36', '35', '39', '26', '7'], ['45', '55', '14', '10', '9', '41', '54', '56'], ['53', '51', '49', '50', '24', '29', '48', '47'], ['8', '21', '22', '17', '23', '5', '18'], ['28', '20', '27', '19', '2', '6'], ['42', '43', '15', '40', '11', '46'], ['33', '61', '38']]";"[['44', '59', '4', '16', '1', '52', '31', '25', '57', '58', '2', '60', '3'], ['38', '32', '12', '37', '13', '34', '30', '36', '33', '35', '39', '26', '7'], ['61', '45', '55', '10', '9', '41', '54', '56'], ['53', '51', '49', '50', '24', '29', '48', '47'], ['42', '43', '15', '40', '11', '46'], ['28', '20', '19', '27', '6'], ['14', '22', '23', '17', '18'], ['8', '5', '21']]";"[0, 0, 0, 0, 7, 5, 1, 7, 2, 2, 4, 1, 1, 6, 4, 0, 6, 6, 5, 5, 7, 6, 6, 3, 0, 1, 5, 5, 3, 1, 0, 1, 1, 1, 1, 1, 1, 1, 1, 4, 2, 4, 4, 0, 2, 4, 3, 3, 3, 3, 3, 0, 3, 2, 2, 2, 0, 0, 0, 0, 2]";"[0, 5, 0, 0, 1, 6, 2, 1, 3, 3, 5, 2, 2, 1, 5, 0, 1, 1, 6, 6, 1, 1, 1, 4, 0, 7, 6, 6, 4, 7, 0, 2, 7, 2, 7, 2, 2, 7, 2, 5, 3, 5, 5, 0, 3, 5, 4, 4, 4, 4, 4, 0, 4, 3, 3, 3, 0, 0, 0, 0, 3]";"[0, 5, 0, 0, 4, 5, 1, 4, 2, 2, 6, 1, 1, 2, 6, 0, 4, 4, 5, 5, 4, 4, 4, 3, 0, 1, 5, 5, 3, 1, 0, 1, 7, 1, 1, 1, 1, 7, 1, 6, 2, 6, 6, 0, 2, 6, 3, 3, 3, 3, 3, 0, 3, 2, 2, 2, 0, 0, 0, 0, 7]";"[0, 0, 0, 0, 7, 5, 1, 7, 2, 2, 4, 1, 1, 6, 4, 0, 6, 6, 5, 5, 7, 6, 6, 3, 0, 1, 5, 5, 3, 1, 0, 1, 1, 1, 1, 1, 1, 1, 1, 4, 2, 4, 4, 0, 2, 4, 3, 3, 3, 3, 3, 0, 3, 2, 2, 2, 0, 0, 0, 0, 2]"
18;2;"aucs";"scml";2;0.3492;0.3477;0.3386;0.3368;"{'61': 0.2857142857142857, '45': 0.4368131868131868, '55': 0.26785714285714285, '10': 0.75, '9': 0.2976190476190476, '41': 0.5, '54': 0.5571428571428572, '56': 0.14285714285714285}";"{'61': 0.2976190476190476, '45': 0.44179894179894175, '55': 0.3571428571428571, '10': 0.75, '9': 0.21428571428571427, '41': 0.4365079365079365, '54': 0.5, '56': 0.07142857142857142}";"{'61': 0.45238095238095233, '45': 0.4368131868131868, '55': 0.26785714285714285, '10': 0.75, '9': 0.2976190476190476, '41': 0.5, '54': 0.5571428571428572, '56': 0.14285714285714285}";"{'61': 0.5, '45': 0.4368131868131868, '55': 0.30952380952380953, '10': 0.7633928571428572, '9': 0.3571428571428571, '41': 0.5, '54': 0.5571428571428572, '56': 0.21428571428571427}";0.0;0.0;0.0555555555555555;0.0555555555555555;1.0;0.9104673619157976;0.9104673619157976;1.0;0.9461095346570022;0.9461095346570022;1.0;0.9167291097628774;0.9167291097628774;1.0;0.949915779583704;0.949915779583704;0.0054;0.0408;0.0075;"['61', '45', '55', '10', '9', '41', '54', '56']";"{'1': [('intraA', ('54', '9')), ('intraA', ('41', '61'))], '2': [('interA', ('21', '45')), ('interA', ('49', '54'))], '3': [('intraD', ('41', '55')), ('intraA', ('45', '56'))], '4': [('interA', ('15', '61')), ('intraA', ('41', '56'))], '5': [('intraD', ('41', '55')), ('interA', ('41', '7'))]}";"{'1': [('interA', ('38', '61')), ('interA', ('32', '61'))], '2': [('intraD', ('10', '45')), ('interA', ('38', '61'))], '3': [('interA', ('38', '61')), ('interA', ('32', '61'))], '4': [('intraD', ('56', '61')), ('intraD', ('10', '56'))], '5': [('intraD', ('45', '61')), ('intraD', ('56', '61'))]}";"{'1': [('interA', ('40', '61')), ('interA', ('10', '57'))], '2': [('interA', ('10', '15')), ('interA', ('39', '45'))], '3': [('interA', ('24', '55')), ('interA', ('10', '32'))], '4': [('interA', ('13', '61')), ('interA', ('50', '56'))], '5': [('interA', ('59', '61')), ('interA', ('2', '9'))]}";"[['44', '59', '4', '16', '1', '52', '31', '25', '57', '58', '2', '60', '3'], ['38', '32', '12', '37', '13', '34', '30', '36', '33', '35', '39', '26', '7'], ['61', '45', '55', '10', '9', '41', '54', '56'], ['53', '51', '49', '50', '24', '29', '48', '47'], ['42', '43', '15', '40', '11', '46'], ['28', '20', '19', '27', '6'], ['14', '22', '23', '17', '18'], ['8', '5', '21']]";"[['44', '59', '4', '16', '1', '52', '31', '25', '57', '58', '60', '3'], ['32', '12', '37', '34', '13', '30', '36', '33', '35', '39', '26', '7'], ['61', '45', '55', '38', '10', '9', '41', '54', '56'], ['53', '51', '49', '50', '24', '29', '48', '47'], ['42', '2', '43', '15', '40', '11', '46'], ['28', '20', '19', '27', '6'], ['14', '22', '23', '17', '18'], ['8', '5', '21']]";"[['44', '59', '4', '16', '1', '52', '31', '25', '57', '58', '60', '3'], ['38', '32', '12', '37', '34', '30', '36', '33', '35', '39', '26', '7'], ['61', '45', '55', '10', '9', '41', '13', '54', '56'], ['53', '51', '49', '50', '24', '29', '48', '47'], ['42', '2', '43', '15', '40', '11', '46'], ['28', '20', '19', '27', '6'], ['14', '22', '23', '17', '18'], ['8', '5', '21']]";"[0, 0, 0, 0, 7, 5, 1, 7, 2, 2, 4, 1, 1, 6, 4, 0, 6, 6, 5, 5, 7, 6, 6, 3, 0, 1, 5, 5, 3, 1, 0, 1, 1, 1, 1, 1, 1, 1, 1, 4, 2, 4, 4, 0, 2, 4, 3, 3, 3, 3, 3, 0, 3, 2, 2, 2, 0, 0, 0, 0, 2]";"[0, 0, 0, 0, 7, 5, 1, 7, 2, 2, 4, 1, 1, 6, 4, 0, 6, 6, 5, 5, 7, 6, 6, 3, 0, 1, 5, 5, 3, 1, 0, 1, 1, 1, 1, 1, 1, 1, 1, 4, 2, 4, 4, 0, 2, 4, 3, 3, 3, 3, 3, 0, 3, 2, 2, 2, 0, 0, 0, 0, 2]";"[0, 4, 0, 0, 7, 5, 1, 7, 2, 2, 4, 1, 1, 6, 4, 0, 6, 6, 5, 5, 7, 6, 6, 3, 0, 1, 5, 5, 3, 1, 0, 1, 1, 1, 1, 1, 1, 2, 1, 4, 2, 4, 4, 0, 2, 4, 3, 3, 3, 3, 3, 0, 3, 2, 2, 2, 0, 0, 0, 0, 2]";"[0, 4, 0, 0, 7, 5, 1, 7, 2, 2, 4, 1, 2, 6, 4, 0, 6, 6, 5, 5, 7, 6, 6, 3, 0, 1, 5, 5, 3, 1, 0, 1, 1, 1, 1, 1, 1, 1, 1, 4, 2, 4, 4, 0, 2, 4, 3, 3, 3, 3, 3, 0, 3, 2, 2, 2, 0, 0, 0, 0, 2]"
19;2;"aucs";"scml";2;0.3492;0.3252;0.3473;0.3391;"{'61': 0.2857142857142857, '45': 0.4368131868131868, '55': 0.26785714285714285, '10': 0.75, '9': 0.2976190476190476, '41': 0.5, '54': 0.5571428571428572, '56': 0.14285714285714285}";"{'61': 0.3857142857142857, '45': 0.4368131868131868, '55': 0.30952380952380953, '10': 0.6607142857142857, '9': 0.21428571428571427, '41': 0.5357142857142857, '54': 0.5571428571428572, '56': 0.21428571428571427}";"{'61': 0.45238095238095233, '45': 0.4368131868131868, '55': 0.26785714285714285, '10': 0.75, '9': 0.2976190476190476, '41': 0.5, '54': 0.5571428571428572, '56': 0.14285714285714285}";"{'61': 0.5, '45': 0.44179894179894175, '55': 0.30952380952380953, '10': 0.76890756302521, '9': 0.3571428571428571, '41': 0.5, '54': 0.5571428571428572, '56': 0.21428571428571427}";0.0;0.2958333333333333;0.21875;0.0;0.9142836012227592;0.8565222420729278;0.9578783151326054;0.946600851325221;0.898202870450971;0.9735669463265088;0.9550942166503728;0.8742111905763568;0.9511405271244534;0.9683411642263352;0.9121444854480087;0.9671270414647984;0.0055;0.0392;0.0076;"['61', '45', '55', '10', '9', '41', '54', '56']";"{'1': [('intraA', ('10', '9')), ('interD', ('13', '45'))], '2': [('interD', ('35', '45')), ('intraD', ('10', '45'))], '3': [('interA', ('18', '56')), ('interA', ('19', '41'))], '4': [('interD', ('10', '22')), ('interA', ('10', '24'))], '5': [('interA', ('55', '7')), ('interA', ('5', '61'))]}";"{'1': [('interA', ('38', '61')), ('interA', ('32', '61'))], '2': [('intraD', ('10', '45')), ('interA', ('38', '61'))], '3': [('interA', ('38', '61')), ('interA', ('32', '61'))], '4': [('intraD', ('56', '61')), ('intraD', ('10', '56'))], '5': [('intraD', ('45', '61')), ('intraD', ('56', '61'))]}";"{'1': [('interA', ('12', '61')), ('interA', ('10', '50'))], '2': [('interA', ('10', '59')), ('interA', ('45', '46'))], '3': [('interA', ('55', '8')), ('interA', ('10', '13'))], '4': [('interA', ('58', '61')), ('interA', ('33', '56'))], '5': [('interA', ('50', '61')), ('interA', ('39', '9'))]}";"[['44', '59', '45', '4', '16', '1', '14', '31', '52', '25', '57', '58', '2', '60', '3'], ['38', '32', '12', '37', '13', '34', '30', '36', '33', '35', '39', '26', '7'], ['53', '51', '49', '50', '24', '29', '48', '47'], ['61', '55', '10', '9', '41', '54', '56'], ['42', '43', '15', '40', '11', '46'], ['28', '20', '19', '27', '6'], ['17', '22', '23', '18'], ['8', '5', '21']]";"[['44', '59', '4', '16', '1', '52', '31', '25', '57', '58', '60', '3'], ['32', '12', '37', '34', '13', '30', '36', '33', '35', '39', '26', '7'], ['45', '55', '14', '10', '9', '41', '54', '56'], ['53', '51', '49', '50', '24', '29', '48', '47'], ['42', '2', '43', '15', '40', '11', '46'], ['8', '21', '22', '17', '23', '5', '18'], ['28', '20', '19', '27', '6'], ['61', '38']]";"[['38', '32', '12', '37', '13', '34', '30', '36', '33', '35', '39', '26', '7'], ['44', '59', '4', '16', '1', '52', '31', '25', '57', '58', '60', '3'], ['61', '45', '55', '10', '9', '41', '54', '56'], ['53', '51', '49', '50', '24', '29', '48', '47'], ['42', '2', '43', '15', '40', '11', '46'], ['28', '20', '19', '27', '6'], ['14', '22', '23', '17', '18'], ['8', '5', '21']]";"[0, 0, 0, 0, 7, 5, 1, 7, 2, 2, 4, 1, 1, 6, 4, 0, 6, 6, 5, 5, 7, 6, 6, 3, 0, 1, 5, 5, 3, 1, 0, 1, 1, 1, 1, 1, 1, 1, 1, 4, 2, 4, 4, 0, 2, 4, 3, 3, 3, 3, 3, 0, 3, 2, 2, 2, 0, 0, 0, 0, 2]";"[0, 0, 0, 0, 7, 5, 1, 7, 3, 3, 4, 1, 1, 0, 4, 0, 6, 6, 5, 5, 7, 6, 6, 2, 0, 1, 5, 5, 2, 1, 0, 1, 1, 1, 1, 1, 1, 1, 1, 4, 3, 4, 4, 0, 0, 4, 2, 2, 2, 2, 2, 0, 2, 3, 3, 3, 0, 0, 0, 0, 3]";"[0, 4, 0, 0, 5, 6, 1, 5, 2, 2, 4, 1, 1, 2, 4, 0, 5, 5, 6, 6, 5, 5, 5, 3, 0, 1, 6, 6, 3, 1, 0, 1, 1, 1, 1, 1, 1, 7, 1, 4, 2, 4, 4, 0, 2, 4, 3, 3, 3, 3, 3, 0, 3, 2, 2, 2, 0, 0, 0, 0, 7]";"[1, 4, 1, 1, 7, 5, 0, 7, 2, 2, 4, 0, 0, 6, 4, 1, 6, 6, 5, 5, 7, 6, 6, 3, 1, 0, 5, 5, 3, 0, 1, 0, 0, 0, 0, 0, 0, 0, 0, 4, 2, 4, 4, 1, 2, 4, 3, 3, 3, 3, 3, 1, 3, 2, 2, 2, 1, 1, 1, 1, 2]"
0;3;"aucs";"scml";2;0.3492;0.3545;0.3459;0.3221;"{'53': 0.22142857142857142, '51': 0.30952380952380953, '49': 0.45238095238095233, '50': 0.21428571428571427, '24': 0.30952380952380953, '29': 0.41233766233766234, '48': 0.30952380952380953, '47': 0.3872180451127819}";"{'53': 0.22142857142857142, '51': 0.22142857142857142, '49': 0.26785714285714285, '50': 0.21428571428571427, '24': 0.2532467532467533, '29': 0.4192546583850931, '48': 0.30952380952380953, '47': 0.376984126984127}";"{'53': 0.27976190476190477, '51': 0.30952380952380953, '49': 0.45238095238095233, '50': 0.21428571428571427, '24': 0.30952380952380953, '29': 0.41233766233766234, '48': 0.30952380952380953, '47': 0.3872180451127819}";"{'53': 0.27976190476190477, '51': 0.30952380952380953, '49': 0.5357142857142857, '50': 0.4017857142857143, '24': 0.34285714285714286, '29': 0.4192546583850931, '48': 0.34285714285714286, '47': 0.3872180451127819}";0.0;0.0;0.0;0.0;0.9196165572838612;1.0;0.9163258566819924;0.9483283911785468;1.0;0.9471583993629064;0.9066797329381584;1.0;0.9029949393425056;0.9357872079441542;1.0;0.9342617693323056;0.0056;0.0392;0.0091;"['53', '51', '49', '50', '24', '29', '48', '47']";"{'1': [('intraA', ('49', '51')), ('interA', ('24', '37'))], '2': [('interD', ('26', '29')), ('interA', ('16', '29'))], '3': [('intraA', ('49', '51')), ('intraA', ('47', '53'))], '4': [('intraA', ('24', '49')), ('interD', ('29', '31'))], '5': [('interD', ('4', '47')), ('interD', ('31', '47'))]}";"{'1': [('interA', ('38', '53')), ('interA', ('32', '53'))], '2': [('intraD', ('29', '51')), ('intraD', ('48', '51'))], '3': [('interA', ('38', '53')), ('interA', ('32', '53'))], '4': [('interA', ('38', '53')), ('interA', ('32', '53'))], '5': [('intraD', ('51', '53')), ('intraD', ('29', '53'))]}";"{'1': [('interA', ('50', '9')), ('interA', ('26', '50'))], '2': [('interA', ('48', '61')), ('interA', ('24', '9'))], '3': [('interA', ('44', '53')), ('interA', ('14', '49'))], '4': [('interA', ('32', '53')), ('interA', ('49', '58'))], '5': [('interA', ('18', '50')), ('interA', ('29', '7'))]}";"[['38', '32', '12', '37', '13', '34', '30', '36', '33', '35', '39', '26', '7'], ['44', '59', '4', '16', '1', '52', '31', '25', '57', '58', '3'], ['61', '45', '55', '10', '9', '41', '54', '56'], ['53', '51', '49', '50', '24', '29', '48', '47'], ['42', '2', '43', '15', '40', '11', '46'], ['14', '22', '23', '17', '60', '18'], ['28', '20', '19', '27', '6'], ['8', '5', '21']]";"[['44', '59', '4', '16', '1', '52', '31', '25', '57', '58', '2', '60', '3'], ['38', '32', '12', '37', '13', '34', '30', '36', '33', '35', '39', '26', '7'], ['61', '45', '55', '10', '9', '41', '54', '56'], ['53', '51', '49', '50', '24', '29', '48', '47'], ['42', '43', '15', '40', '11', '46'], ['28', '20', '19', '27', '6'], ['14', '22', '23', '17', '18'], ['8', '5', '21']]";"[['44', '59', '45', '4', '16', '1', '52', '31', '25', '57', '58', '2', '3'], ['38', '32', '12', '37', '13', '34', '30', '36', '33', '35', '39', '26', '7'], ['53', '51', '49', '50', '24', '29', '48', '47'], ['61', '55', '10', '9', '41', '54', '56'], ['42', '43', '15', '40', '11', '46'], ['14', '22', '23', '17', '60', '18'], ['28', '20', '19', '27', '6'], ['8', '5', '21']]";"[0, 0, 0, 0, 7, 5, 1, 7, 2, 2, 4, 1, 1, 6, 4, 0, 6, 6, 5, 5, 7, 6, 6, 3, 0, 1, 5, 5, 3, 1, 0, 1, 1, 1, 1, 1, 1, 1, 1, 4, 2, 4, 4, 0, 2, 4, 3, 3, 3, 3, 3, 0, 3, 2, 2, 2, 0, 0, 0, 0, 2]";"[1, 4, 1, 1, 7, 6, 0, 7, 2, 2, 4, 0, 0, 5, 4, 1, 5, 5, 6, 6, 7, 5, 5, 3, 1, 0, 6, 6, 3, 0, 1, 0, 0, 0, 0, 0, 0, 0, 0, 4, 2, 4, 4, 1, 2, 4, 3, 3, 3, 3, 3, 1, 3, 2, 2, 2, 1, 1, 1, 5, 2]";"[0, 0, 0, 0, 7, 5, 1, 7, 2, 2, 4, 1, 1, 6, 4, 0, 6, 6, 5, 5, 7, 6, 6, 3, 0, 1, 5, 5, 3, 1, 0, 1, 1, 1, 1, 1, 1, 1, 1, 4, 2, 4, 4, 0, 2, 4, 3, 3, 3, 3, 3, 0, 3, 2, 2, 2, 0, 0, 0, 0, 2]";"[0, 0, 0, 0, 7, 6, 1, 7, 3, 3, 4, 1, 1, 5, 4, 0, 5, 5, 6, 6, 7, 5, 5, 2, 0, 1, 6, 6, 2, 1, 0, 1, 1, 1, 1, 1, 1, 1, 1, 4, 3, 4, 4, 0, 0, 4, 2, 2, 2, 2, 2, 0, 2, 3, 3, 3, 0, 0, 0, 5, 3]"
1;3;"aucs";"scml";2;0.3492;0.3364;0.3399;0.3388;"{'53': 0.22142857142857142, '51': 0.30952380952380953, '49': 0.45238095238095233, '50': 0.21428571428571427, '24': 0.30952380952380953, '29': 0.41233766233766234, '48': 0.30952380952380953, '47': 0.3872180451127819}";"{'53': 0.22142857142857142, '51': 0.4017857142857143, '49': 0.45238095238095233, '50': 0.2857142857142857, '24': 0.30952380952380953, '29': 0.40476190476190477, '48': 0.30952380952380953, '47': 0.365546218487395}";"{'53': 0.27976190476190477, '51': 0.30952380952380953, '49': 0.45238095238095233, '50': 0.21428571428571427, '24': 0.30952380952380953, '29': 0.41233766233766234, '48': 0.30952380952380953, '47': 0.3872180451127819}";"{'53': 0.27976190476190477, '51': 0.30952380952380953, '49': 0.5357142857142857, '50': 0.4017857142857143, '24': 0.34285714285714286, '29': 0.4192546583850931, '48': 0.34285714285714286, '47': 0.3872180451127819}";0.0;0.0;0.0;0.0;0.9541341888267876;0.9612080252378518;0.9196165572838612;0.9725151728618404;0.9745885315460632;0.9483283911785468;0.9468843713622732;0.9550942166503728;0.9066797329381584;0.9657759736906064;0.9683411642263352;0.9357872079441542;0.0063;0.0407;0.0096;"['53', '51', '49', '50', '24', '29', '48', '47']";"{'1': [('interD', ('32', '47')), ('intraD', ('50', '51'))], '2': [('intraA', ('29', '49')), ('interD', ('20', '29'))], '3': [('interD', ('25', '47')), ('interA', ('11', '29'))], '4': [('interD', ('37', '51')), ('interD', ('29', '6'))], '5': [('interD', ('24', '52')), ('intraA', ('49', '53'))]}";"{'1': [('interA', ('38', '53')), ('interA', ('32', '53'))], '2': [('intraD', ('29', '51')), ('intraD', ('48', '51'))], '3': [('interA', ('38', '53')), ('interA', ('32', '53'))], '4': [('interA', ('38', '53')), ('interA', ('32', '53'))], '5': [('intraD', ('51', '53')), ('intraD', ('29', '53'))]}";"{'1': [('interA', ('50', '7')), ('interA', ('46', '50'))], '2': [('interA', ('25', '48')), ('interA', ('24', '7'))], '3': [('interA', ('53', '9')), ('interA', ('49', '59'))], '4': [('interA', ('36', '53')), ('interA', ('15', '49'))], '5': [('interA', ('25', '50')), ('interA', ('29', '33'))]}";"[['44', '59', '45', '4', '16', '1', '52', '31', '25', '57', '58', '2', '60', '3'], ['38', '32', '12', '37', '13', '34', '30', '36', '33', '35', '39', '26', '7'], ['53', '51', '49', '50', '24', '29', '48', '47'], ['61', '55', '10', '9', '41', '54', '56'], ['42', '43', '15', '40', '11', '46'], ['28', '20', '19', '27', '6'], ['14', '22', '23', '17', '18'], ['8', '5', '21']]";"[['44', '59', '4', '16', '1', '14', '31', '52', '25', '57', '58', '2', '60', '3'], ['38', '32', '12', '37', '13', '34', '30', '36', '33', '35', '39', '26', '7'], ['61', '45', '55', '10', '9', '41', '54', '56'], ['53', '51', '49', '50', '24', '29', '48', '47'], ['42', '43', '15', '40', '11', '46'], ['28', '20', '19', '27', '6'], ['17', '22', '23', '18'], ['8', '5', '21']]";"[['38', '32', '12', '37', '13', '34', '30', '36', '33', '35', '39', '26', '7'], ['44', '59', '4', '16', '1', '52', '31', '25', '57', '58', '3'], ['61', '45', '55', '10', '9', '41', '54', '56'], ['53', '51', '49', '50', '24', '29', '48', '47'], ['42', '2', '43', '15', '40', '11', '46'], ['14', '22', '23', '17', '60', '18'], ['28', '20', '19', '27', '6'], ['8', '5', '21']]";"[0, 0, 0, 0, 7, 5, 1, 7, 2, 2, 4, 1, 1, 6, 4, 0, 6, 6, 5, 5, 7, 6, 6, 3, 0, 1, 5, 5, 3, 1, 0, 1, 1, 1, 1, 1, 1, 1, 1, 4, 2, 4, 4, 0, 2, 4, 3, 3, 3, 3, 3, 0, 3, 2, 2, 2, 0, 0, 0, 0, 2]";"[0, 0, 0, 0, 7, 5, 1, 7, 3, 3, 4, 1, 1, 6, 4, 0, 6, 6, 5, 5, 7, 6, 6, 2, 0, 1, 5, 5, 2, 1, 0, 1, 1, 1, 1, 1, 1, 1, 1, 4, 3, 4, 4, 0, 0, 4, 2, 2, 2, 2, 2, 0, 2, 3, 3, 3, 0, 0, 0, 0, 3]";"[0, 0, 0, 0, 7, 5, 1, 7, 2, 2, 4, 1, 1, 0, 4, 0, 6, 6, 5, 5, 7, 6, 6, 3, 0, 1, 5, 5, 3, 1, 0, 1, 1, 1, 1, 1, 1, 1, 1, 4, 2, 4, 4, 0, 2, 4, 3, 3, 3, 3, 3, 0, 3, 2, 2, 2, 0, 0, 0, 0, 2]";"[1, 4, 1, 1, 7, 6, 0, 7, 2, 2, 4, 0, 0, 5, 4, 1, 5, 5, 6, 6, 7, 5, 5, 3, 1, 0, 6, 6, 3, 0, 1, 0, 0, 0, 0, 0, 0, 0, 0, 4, 2, 4, 4, 1, 2, 4, 3, 3, 3, 3, 3, 1, 3, 2, 2, 2, 1, 1, 1, 5, 2]"
2;3;"aucs";"scml";2;0.3492;0.3467;0.3459;0.3362;"{'53': 0.22142857142857142, '51': 0.30952380952380953, '49': 0.45238095238095233, '50': 0.21428571428571427, '24': 0.30952380952380953, '29': 0.41233766233766234, '48': 0.30952380952380953, '47': 0.3872180451127819}";"{'53': 0.2532467532467533, '51': 0.30952380952380953, '49': 0.5, '50': 0.21428571428571427, '24': 0.30952380952380953, '29': 0.41233766233766234, '48': 0.34285714285714286, '47': 0.376984126984127}";"{'53': 0.27976190476190477, '51': 0.30952380952380953, '49': 0.45238095238095233, '50': 0.21428571428571427, '24': 0.30952380952380953, '29': 0.41233766233766234, '48': 0.30952380952380953, '47': 0.3872180451127819}";"{'53': 0.27976190476190477, '51': 0.30952380952380953, '49': 0.5357142857142857, '50': 0.4017857142857143, '24': 0.34285714285714286, '29': 0.4192546583850931, '48': 0.34285714285714286, '47': 0.3872180451127819}";0.0;0.0;0.0;0.0;1.0;1.0;1.0;1.0;1.0;1.0;1.0;1.0;1.0;1.0;1.0;1.0;0.0053;0.0379;0.0084;"['53', '51', '49', '50', '24', '29', '48', '47']";"{'1': [('interD', ('32', '47')), ('interD', ('29', '52'))], '2': [('intraA', ('48', '53')), ('intraA', ('29', '49'))], '3': [('intraD', ('29', '50')), ('intraA', ('47', '51'))], '4': [('interA', ('49', '59')), ('interD', ('37', '51'))], '5': [('interA', ('38', '48')), ('interA', ('43', '53'))]}";"{'1': [('interA', ('38', '53')), ('interA', ('32', '53'))], '2': [('intraD', ('29', '51')), ('intraD', ('48', '51'))], '3': [('interA', ('38', '53')), ('interA', ('32', '53'))], '4': [('interA', ('38', '53')), ('interA', ('32', '53'))], '5': [('intraD', ('51', '53')), ('intraD', ('29', '53'))]}";"{'1': [('interA', ('32', '50')), ('interA', ('35', '50'))], '2': [('interA', ('38', '48')), ('interA', ('21', '24'))], '3': [('interA', ('22', '53')), ('interA', ('34', '49'))], '4': [('interA', ('53', '56')), ('interA', ('49', '5'))], '5': [('interA', ('50', '55')), ('interA', ('11', '29'))]}";"[['44', '59', '4', '16', '1', '52', '31', '25', '57', '58', '2', '60', '3'], ['38', '32', '12', '37', '13', '34', '30', '36', '33', '35', '39', '26', '7'], ['61', '45', '55', '10', '9', '41', '54', '56'], ['53', '51', '49', '50', '24', '29', '48', '47'], ['42', '43', '15', '40', '11', '46'], ['28', '20', '19', '27', '6'], ['14', '22', '23', '17', '18'], ['8', '5', '21']]";"[['44', '59', '4', '16', '1', '52', '31', '25', '57', '58', '2', '60', '3'], ['38', '32', '12', '37', '13', '34', '30', '36', '33', '35', '39', '26', '7'], ['61', '45', '55', '10', '9', '41', '54', '56'], ['53', '51', '49', '50', '24', '29', '48', '47'], ['42', '43', '15', '40', '11', '46'], ['28', '20', '19', '27', '6'], ['14', '22', '23', '17', '18'], ['8', '5', '21']]";"[['44', '59', '4', '16', '1', '52', '31', '25', '57', '58', '2', '60', '3'], ['38', '32', '12', '37', '13', '34', '30', '36', '33', '35', '39', '26', '7'], ['61', '45', '55', '10', '9', '41', '54', '56'], ['53', '51', '49', '50', '24', '29', '48', '47'], ['42', '43', '15', '40', '11', '46'], ['28', '20', '19', '27', '6'], ['14', '22', '23', '17', '18'], ['8', '5', '21']]";"[0, 0, 0, 0, 7, 5, 1, 7, 2, 2, 4, 1, 1, 6, 4, 0, 6, 6, 5, 5, 7, 6, 6, 3, 0, 1, 5, 5, 3, 1, 0, 1, 1, 1, 1, 1, 1, 1, 1, 4, 2, 4, 4, 0, 2, 4, 3, 3, 3, 3, 3, 0, 3, 2, 2, 2, 0, 0, 0, 0, 2]";"[0, 0, 0, 0, 7, 5, 1, 7, 2, 2, 4, 1, 1, 6, 4, 0, 6, 6, 5, 5, 7, 6, 6, 3, 0, 1, 5, 5, 3, 1, 0, 1, 1, 1, 1, 1, 1, 1, 1, 4, 2, 4, 4, 0, 2, 4, 3, 3, 3, 3, 3, 0, 3, 2, 2, 2, 0, 0, 0, 0, 2]";"[0, 0, 0, 0, 7, 5, 1, 7, 2, 2, 4, 1, 1, 6, 4, 0, 6, 6, 5, 5, 7, 6, 6, 3, 0, 1, 5, 5, 3, 1, 0, 1, 1, 1, 1, 1, 1, 1, 1, 4, 2, 4, 4, 0, 2, 4, 3, 3, 3, 3, 3, 0, 3, 2, 2, 2, 0, 0, 0, 0, 2]";"[0, 0, 0, 0, 7, 5, 1, 7, 2, 2, 4, 1, 1, 6, 4, 0, 6, 6, 5, 5, 7, 6, 6, 3, 0, 1, 5, 5, 3, 1, 0, 1, 1, 1, 1, 1, 1, 1, 1, 4, 2, 4, 4, 0, 2, 4, 3, 3, 3, 3, 3, 0, 3, 2, 2, 2, 0, 0, 0, 0, 2]"
3;3;"aucs";"scml";2;0.3492;0.3459;0.3459;0.3416;"{'53': 0.22142857142857142, '51': 0.30952380952380953, '49': 0.45238095238095233, '50': 0.21428571428571427, '24': 0.30952380952380953, '29': 0.41233766233766234, '48': 0.30952380952380953, '47': 0.3872180451127819}";"{'53': 0.2532467532467533, '51': 0.34285714285714286, '49': 0.45238095238095233, '50': 0.14285714285714285, '24': 0.4017857142857143, '29': 0.4192546583850931, '48': 0.34285714285714286, '47': 0.39642857142857146}";"{'53': 0.27976190476190477, '51': 0.30952380952380953, '49': 0.45238095238095233, '50': 0.21428571428571427, '24': 0.30952380952380953, '29': 0.41233766233766234, '48': 0.30952380952380953, '47': 0.3872180451127819}";"{'53': 0.27976190476190477, '51': 0.30952380952380953, '49': 0.5357142857142857, '50': 0.4017857142857143, '24': 0.34285714285714286, '29': 0.41233766233766234, '48': 0.34285714285714286, '47': 0.3872180451127819}";0.0;0.0;0.0;0.0555555555555555;0.9196165572838612;1.0;0.8766366771241152;0.9483283911785468;1.0;0.9216559071107904;0.9066797329381584;1.0;0.8769433101421509;0.9357872079441542;1.0;0.9200027675607036;0.0055;0.0393;0.0084;"['53', '51', '49', '50', '24', '29', '48', '47']";"{'1': [('interA', ('30', '47')), ('intraA', ('48', '50'))], '2': [('intraD', ('24', '48')), ('interD', ('47', '52'))], '3': [('interA', ('5', '51')), ('interA', ('29', '44'))], '4': [('interA', ('4', '48')), ('interA', ('30', '53'))], '5': [('intraA', ('49', '53')), ('interD', ('31', '47'))]}";"{'1': [('interA', ('38', '53')), ('interA', ('32', '53'))], '2': [('intraD', ('29', '51')), ('intraD', ('48', '51'))], '3': [('interA', ('38', '53')), ('interA', ('32', '53'))], '4': [('interA', ('38', '53')), ('interA', ('32', '53'))], '5': [('intraD', ('51', '53')), ('intraD', ('29', '53'))]}";"{'1': [('interA', ('21', '50')), ('interA', ('3', '50'))], '2': [('interA', ('1', '48')), ('interA', ('16', '24'))], '3': [('interA', ('33', '53')), ('interA', ('2', '49'))], '4': [('interA', ('16', '53')), ('interA', ('49', '58'))], '5': [('interA', ('28', '50')), ('interA', ('29', '35'))]}";"[['38', '32', '12', '37', '13', '34', '30', '36', '33', '35', '39', '26', '7'], ['44', '59', '4', '16', '1', '52', '31', '25', '57', '58', '3'], ['61', '45', '55', '10', '9', '41', '54', '56'], ['53', '51', '49', '50', '24', '29', '48', '47'], ['42', '2', '43', '15', '40', '11', '46'], ['14', '22', '23', '17', '60', '18'], ['28', '20', '19', '27', '6'], ['8', '5', '21']]";"[['44', '59', '4', '16', '1', '52', '31', '25', '57', '58', '2', '60', '3'], ['38', '32', '12', '37', '13', '34', '30', '36', '33', '35', '39', '26', '7'], ['61', '45', '55', '10', '9', '41', '54', '56'], ['53', '51', '49', '50', '24', '29', '48', '47'], ['42', '43', '15', '40', '11', '46'], ['28', '20', '19', '27', '6'], ['14', '22', '23', '17', '18'], ['8', '5', '21']]";"[['38', '32', '12', '37', '13', '34', '30', '36', '33', '35', '39', '26', '7'], ['44', '59', '4', '16', '52', '31', '25', '57', '58', '3'], ['53', '51', '1', '49', '50', '24', '29', '48', '47'], ['61', '45', '55', '10', '9', '41', '54', '56'], ['42', '2', '43', '15', '40', '11', '46'], ['14', '22', '23', '17', '60', '18'], ['28', '20', '19', '27', '6'], ['8', '5', '21']]";"[0, 0, 0, 0, 7, 5, 1, 7, 2, 2, 4, 1, 1, 6, 4, 0, 6, 6, 5, 5, 7, 6, 6, 3, 0, 1, 5, 5, 3, 1, 0, 1, 1, 1, 1, 1, 1, 1, 1, 4, 2, 4, 4, 0, 2, 4, 3, 3, 3, 3, 3, 0, 3, 2, 2, 2, 0, 0, 0, 0, 2]";"[1, 4, 1, 1, 7, 6, 0, 7, 2, 2, 4, 0, 0, 5, 4, 1, 5, 5, 6, 6, 7, 5, 5, 3, 1, 0, 6, 6, 3, 0, 1, 0, 0, 0, 0, 0, 0, 0, 0, 4, 2, 4, 4, 1, 2, 4, 3, 3, 3, 3, 3, 1, 3, 2, 2, 2, 1, 1, 1, 5, 2]";"[0, 0, 0, 0, 7, 5, 1, 7, 2, 2, 4, 1, 1, 6, 4, 0, 6, 6, 5, 5, 7, 6, 6, 3, 0, 1, 5, 5, 3, 1, 0, 1, 1, 1, 1, 1, 1, 1, 1, 4, 2, 4, 4, 0, 2, 4, 3, 3, 3, 3, 3, 0, 3, 2, 2, 2, 0, 0, 0, 0, 2]";"[2, 4, 1, 1, 7, 6, 0, 7, 3, 3, 4, 0, 0, 5, 4, 1, 5, 5, 6, 6, 7, 5, 5, 2, 1, 0, 6, 6, 2, 0, 1, 0, 0, 0, 0, 0, 0, 0, 0, 4, 3, 4, 4, 1, 3, 4, 2, 2, 2, 2, 2, 1, 2, 3, 3, 3, 1, 1, 1, 5, 3]"
4;3;"aucs";"scml";2;0.3492;0.3547;0.3598;0.3339;"{'53': 0.22142857142857142, '51': 0.30952380952380953, '49': 0.45238095238095233, '50': 0.21428571428571427, '24': 0.30952380952380953, '29': 0.41233766233766234, '48': 0.30952380952380953, '47': 0.3872180451127819}";"{'53': 0.22142857142857142, '51': 0.30952380952380953, '49': 0.45238095238095233, '50': 0.2976190476190476, '24': 0.30952380952380953, '29': 0.3872180451127819, '48': 0.30952380952380953, '47': 0.376984126984127}";"{'53': 0.27976190476190477, '51': 0.30952380952380953, '49': 0.45238095238095233, '50': 0.21428571428571427, '24': 0.30952380952380953, '29': 0.41233766233766234, '48': 0.30952380952380953, '47': 0.3872180451127819}";"{'53': 0.27976190476190477, '51': 0.30952380952380953, '49': 0.5357142857142857, '50': 0.4017857142857143, '24': 0.34285714285714286, '29': 0.4192546583850931, '48': 0.34285714285714286, '47': 0.3872180451127819}";0.0;0.0;0.0;0.0;0.9601506359758676;0.851967271811057;0.8697441472221143;0.9742767326878776;0.9238900451360214;0.9271160291080396;0.9537698874737036;0.8277662351499654;0.8487593839424332;0.9680151421846804;0.9056312075368852;0.9094235113335336;0.0053;0.0395;0.0079;"['53', '51', '49', '50', '24', '29', '48', '47']";"{'1': [('interD', ('51', '52')), ('intraD', ('49', '53'))], '2': [('interA', ('31', '53')), ('interD', ('10', '29'))], '3': [('interD', ('25', '47')), ('interA', ('50', '6'))], '4': [('interD', ('29', '35')), ('interD', ('29', '38'))], '5': [('intraD', ('24', '29')), ('interD', ('29', '52'))]}";"{'1': [('interA', ('38', '53')), ('interA', ('32', '53'))], '2': [('intraD', ('29', '51')), ('intraD', ('48', '51'))], '3': [('interA', ('38', '53')), ('interA', ('32', '53'))], '4': [('interA', ('38', '53')), ('interA', ('32', '53'))], '5': [('intraD', ('51', '53')), ('intraD', ('29', '53'))]}";"{'1': [('interA', ('18', '50')), ('interA', ('44', '50'))], '2': [('interA', ('1', '48')), ('interA', ('24', '32'))], '3': [('interA', ('13', '53')), ('interA', ('20', '49'))], '4': [('interA', ('27', '53')), ('interA', ('15', '49'))], '5': [('interA', ('50', '56')), ('interA', ('29', '9'))]}";"[['38', '32', '12', '37', '13', '34', '30', '36', '33', '35', '39', '26', '7'], ['44', '59', '4', '16', '1', '52', '31', '25', '57', '58', '2', '3'], ['61', '45', '55', '10', '9', '41', '54', '56'], ['53', '51', '49', '50', '24', '29', '48', '47'], ['42', '43', '15', '40', '11', '46'], ['14', '22', '23', '17', '60', '18'], ['28', '20', '19', '27', '6'], ['8', '5', '21']]";"[['38', '32', '12', '37', '13', '34', '30', '36', '33', '35', '39', '26', '7'], ['44', '59', '4', '16', '52', '31', '25', '57'], ['61', '45', '55', '10', '9', '41', '54', '56'], ['53', '51', '49', '50', '24', '29', '48', '47'], ['8', '21', '22', '17', '23', '5', '18'], ['1', '14', '58', '2', '60', '3'], ['42', '43', '15', '40', '11', '46'], ['28', '20', '19', '27', '6']]";"[['38', '32', '12', '37', '13', '34', '30', '36', '33', '35', '39', '26', '7'], ['44', '59', '4', '16', '52', '31', '25', '57', '58', '3'], ['1', '14', '22', '17', '23', '2', '60', '18'], ['61', '45', '55', '10', '9', '41', '54', '56'], ['53', '51', '49', '50', '24', '29', '48', '47'], ['42', '27', '43', '15', '40', '11', '46'], ['20', '6', '19', '28'], ['8', '5', '21']]";"[0, 0, 0, 0, 7, 5, 1, 7, 2, 2, 4, 1, 1, 6, 4, 0, 6, 6, 5, 5, 7, 6, 6, 3, 0, 1, 5, 5, 3, 1, 0, 1, 1, 1, 1, 1, 1, 1, 1, 4, 2, 4, 4, 0, 2, 4, 3, 3, 3, 3, 3, 0, 3, 2, 2, 2, 0, 0, 0, 0, 2]";"[1, 1, 1, 1, 7, 6, 0, 7, 2, 2, 4, 0, 0, 5, 4, 1, 5, 5, 6, 6, 7, 5, 5, 3, 1, 0, 6, 6, 3, 0, 1, 0, 0, 0, 0, 0, 0, 0, 0, 4, 2, 4, 4, 1, 2, 4, 3, 3, 3, 3, 3, 1, 3, 2, 2, 2, 1, 1, 1, 5, 2]";"[5, 5, 5, 1, 4, 7, 0, 4, 2, 2, 6, 0, 0, 5, 6, 1, 4, 4, 7, 7, 4, 4, 4, 3, 1, 0, 7, 7, 3, 0, 1, 0, 0, 0, 0, 0, 0, 0, 0, 6, 2, 6, 6, 1, 2, 6, 3, 3, 3, 3, 3, 1, 3, 2, 2, 2, 1, 5, 1, 5, 2]";"[2, 2, 1, 1, 7, 6, 0, 7, 3, 3, 5, 0, 0, 2, 5, 1, 2, 2, 6, 6, 7, 2, 2, 4, 1, 0, 5, 6, 4, 0, 1, 0, 0, 0, 0, 0, 0, 0, 0, 5, 3, 5, 5, 1, 3, 5, 4, 4, 4, 4, 4, 1, 4, 3, 3, 3, 1, 1, 1, 2, 3]"
5;3;"aucs";"scml";2;0.3492;0.3452;0.3247;0.3217;"{'53': 0.22142857142857142, '51': 0.30952380952380953, '49': 0.45238095238095233, '50': 0.21428571428571427, '24': 0.30952380952380953, '29': 0.41233766233766234, '48': 0.30952380952380953, '47': 0.3872180451127819}";"{'53': 0.2532467532467533, '51': 0.34285714285714286, '49': 0.2976190476190476, '50': 0.21428571428571427, '24': 0.22142857142857142, '29': 0.40476190476190477, '48': 0.30952380952380953, '47': 0.376984126984127}";"{'53': 0.27976190476190477, '51': 0.30952380952380953, '49': 0.45238095238095233, '50': 0.21428571428571427, '24': 0.30952380952380953, '29': 0.41233766233766234, '48': 0.30952380952380953, '47': 0.3872180451127819}";"{'53': 0.27976190476190477, '51': 0.30952380952380953, '49': 0.5357142857142857, '50': 0.4017857142857143, '24': 0.34285714285714286, '29': 0.4192546583850931, '48': 0.34285714285714286, '47': 0.3872180451127819}";0.0;0.0555555555555555;0.0;0.0555555555555555;0.8119501741898293;0.9142836012227592;0.9098100665967422;0.8697732740181068;0.946600851325221;0.9452547239400336;0.8006007086484838;0.9008648108320964;0.9156980300991068;0.8563647915095117;0.93342768363828;0.9488913677861172;0.0051;0.0389;0.0081;"['53', '51', '49', '50', '24', '29', '48', '47']";"{'1': [('interD', ('31', '49')), ('intraD', ('47', '53'))], '2': [('intraD', ('48', '51')), ('intraD', ('24', '47'))], '3': [('interD', ('25', '47')), ('interA', ('51', '56'))], '4': [('intraA', ('24', '49')), ('interD', ('27', '29'))], '5': [('interA', ('53', '60')), ('intraA', ('47', '51'))]}";"{'1': [('interA', ('38', '53')), ('interA', ('32', '53'))], '2': [('intraD', ('29', '51')), ('intraD', ('48', '51'))], '3': [('interA', ('38', '53')), ('interA', ('32', '53'))], '4': [('interA', ('38', '53')), ('interA', ('32', '53'))], '5': [('intraD', ('51', '53')), ('intraD', ('29', '53'))]}";"{'1': [('interA', ('13', '50')), ('interA', ('35', '50'))], '2': [('interA', ('42', '48')), ('interA', ('12', '24'))], '3': [('interA', ('53', '60')), ('interA', ('37', '49'))], '4': [('interA', ('53', '54')), ('interA', ('49', '55'))], '5': [('interA', ('50', '57')), ('interA', ('29', '41'))]}";"[['44', '59', '45', '4', '16', '1', '14', '31', '52', '25', '57', '58', '3'], ['38', '32', '12', '37', '13', '34', '30', '36', '33', '35', '39', '26', '7'], ['53', '51', '49', '50', '24', '60', '29', '48', '47'], ['8', '21', '22', '17', '23', '5', '18'], ['61', '55', '10', '9', '41', '54', '56'], ['42', '43', '15', '40', '11', '46'], ['20', '6', '19', '28'], ['2', '27']]";"[['44', '59', '45', '4', '16', '1', '14', '31', '52', '25', '57', '58', '2', '60', '3'], ['38', '32', '12', '37', '13', '34', '30', '36', '33', '35', '39', '26', '7'], ['53', '51', '49', '50', '24', '29', '48', '47'], ['61', '55', '10', '9', '41', '54', '56'], ['42', '43', '15', '40', '11', '46'], ['28', '20', '19', '27', '6'], ['17', '22', '23', '18'], ['8', '5', '21']]";"[['44', '59', '45', '4', '16', '1', '52', '31', '25', '57', '58', '2', '3'], ['38', '32', '12', '37', '13', '34', '30', '36', '33', '35', '39', '26', '7'], ['53', '51', '49', '50', '24', '60', '29', '48', '47'], ['61', '55', '10', '9', '41', '54', '56'], ['42', '43', '15', '40', '11', '46'], ['28', '20', '19', '27', '6'], ['14', '22', '23', '17', '18'], ['8', '5', '21']]";"[0, 0, 0, 0, 7, 5, 1, 7, 2, 2, 4, 1, 1, 6, 4, 0, 6, 6, 5, 5, 7, 6, 6, 3, 0, 1, 5, 5, 3, 1, 0, 1, 1, 1, 1, 1, 1, 1, 1, 4, 2, 4, 4, 0, 2, 4, 3, 3, 3, 3, 3, 0, 3, 2, 2, 2, 0, 0, 0, 0, 2]";"[0, 7, 0, 0, 3, 6, 1, 3, 4, 4, 5, 1, 1, 0, 5, 0, 3, 3, 6, 6, 3, 3, 3, 2, 0, 1, 7, 6, 2, 1, 0, 1, 1, 1, 1, 1, 1, 1, 1, 5, 4, 5, 5, 0, 0, 5, 2, 2, 2, 2, 2, 0, 2, 4, 4, 4, 0, 0, 0, 2, 4]";"[0, 0, 0, 0, 7, 5, 1, 7, 3, 3, 4, 1, 1, 0, 4, 0, 6, 6, 5, 5, 7, 6, 6, 2, 0, 1, 5, 5, 2, 1, 0, 1, 1, 1, 1, 1, 1, 1, 1, 4, 3, 4, 4, 0, 0, 4, 2, 2, 2, 2, 2, 0, 2, 3, 3, 3, 0, 0, 0, 0, 3]";"[0, 0, 0, 0, 7, 5, 1, 7, 3, 3, 4, 1, 1, 6, 4, 0, 6, 6, 5, 5, 7, 6, 6, 2, 0, 1, 5, 5, 2, 1, 0, 1, 1, 1, 1, 1, 1, 1, 1, 4, 3, 4, 4, 0, 0, 4, 2, 2, 2, 2, 2, 0, 2, 3, 3, 3, 0, 0, 0, 2, 3]"
6;3;"aucs";"scml";2;0.3492;0.3495;0.3459;0.3225;"{'53': 0.22142857142857142, '51': 0.30952380952380953, '49': 0.45238095238095233, '50': 0.21428571428571427, '24': 0.30952380952380953, '29': 0.41233766233766234, '48': 0.30952380952380953, '47': 0.3872180451127819}";"{'53': 0.2532467532467533, '51': 0.30952380952380953, '49': 0.4017857142857143, '50': 0.14285714285714285, '24': 0.4017857142857143, '29': 0.41233766233766234, '48': 0.4017857142857143, '47': 0.376984126984127}";"{'53': 0.27976190476190477, '51': 0.30952380952380953, '49': 0.45238095238095233, '50': 0.21428571428571427, '24': 0.30952380952380953, '29': 0.41233766233766234, '48': 0.30952380952380953, '47': 0.3872180451127819}";"{'53': 0.27976190476190477, '51': 0.30952380952380953, '49': 0.5, '50': 0.4017857142857143, '24': 0.34285714285714286, '29': 0.4192546583850931, '48': 0.34285714285714286, '47': 0.3872180451127819}";0.0;0.0;0.0;0.0;0.8857321261317515;1.0;0.9541341888267876;0.934247700704024;1.0;0.9725151728618404;0.8672660138063895;1.0;0.9468843713622732;0.9183281405195192;1.0;0.9657759736906064;0.0051;0.042;0.0092;"['53', '51', '49', '50', '24', '29', '48', '47']";"{'1': [('intraD', ('29', '53')), ('intraD', ('24', '29'))], '2': [('intraD', ('24', '48')), ('interA', ('2', '49'))], '3': [('intraD', ('47', '49')), ('interD', ('25', '47'))], '4': [('intraD', ('48', '51')), ('intraA', ('49', '50'))], '5': [('interA', ('53', '59')), ('interD', ('31', '47'))]}";"{'1': [('interA', ('38', '53')), ('interA', ('32', '53'))], '2': [('intraD', ('29', '51')), ('intraD', ('48', '51'))], '3': [('interA', ('38', '53')), ('interA', ('32', '53'))], '4': [('interA', ('38', '53')), ('interA', ('32', '53'))], '5': [('intraD', ('51', '53')), ('intraD', ('29', '53'))]}";"{'1': [('interA', ('25', '50')), ('interA', ('38', '50'))], '2': [('interA', ('48', '59')), ('interA', ('24', '9'))], '3': [('interA', ('41', '53')), ('interA', ('31', '49'))], '4': [('interA', ('13', '53')), ('interA', ('49', '59'))], '5': [('interA', ('46', '50')), ('interA', ('22', '29'))]}";"[['38', '32', '12', '37', '13', '34', '30', '36', '33', '35', '39', '26', '7'], ['44', '59', '4', '16', '52', '31', '25', '57', '58', '3'], ['61', '45', '55', '10', '9', '41', '54', '56'], ['53', '51', '49', '50', '24', '29', '48', '47'], ['1', '14', '22', '23', '17', '60', '18'], ['42', '2', '43', '15', '40', '11', '46'], ['28', '20', '19', '27', '6'], ['8', '5', '21']]";"[['44', '59', '4', '16', '1', '52', '31', '25', '57', '58', '2', '60', '3'], ['38', '32', '12', '37', '13', '34', '30', '36', '33', '35', '39', '26', '7'], ['61', '45', '55', '10', '9', '41', '54', '56'], ['53', '51', '49', '50', '24', '29', '48', '47'], ['42', '43', '15', '40', '11', '46'], ['28', '20', '19', '27', '6'], ['14', '22', '23', '17', '18'], ['8', '5', '21']]";"[['44', '59', '45', '4', '16', '1', '52', '31', '25', '57', '58', '2', '60', '3'], ['38', '32', '12', '37', '13', '34', '30', '36', '33', '35', '39', '26', '7'], ['53', '51', '49', '50', '24', '29', '48', '47'], ['61', '55', '10', '9', '41', '54', '56'], ['42', '43', '15', '40', '11', '46'], ['28', '20', '19', '27', '6'], ['14', '22', '23', '17', '18'], ['8', '5', '21']]";"[0, 0, 0, 0, 7, 5, 1, 7, 2, 2, 4, 1, 1, 6, 4, 0, 6, 6, 5, 5, 7, 6, 6, 3, 0, 1, 5, 5, 3, 1, 0, 1, 1, 1, 1, 1, 1, 1, 1, 4, 2, 4, 4, 0, 2, 4, 3, 3, 3, 3, 3, 0, 3, 2, 2, 2, 0, 0, 0, 0, 2]";"[4, 5, 1, 1, 7, 6, 0, 7, 2, 2, 5, 0, 0, 4, 5, 1, 4, 4, 6, 6, 7, 4, 4, 3, 1, 0, 6, 6, 3, 0, 1, 0, 0, 0, 0, 0, 0, 0, 0, 5, 2, 5, 5, 1, 2, 5, 3, 3, 3, 3, 3, 1, 3, 2, 2, 2, 1, 1, 1, 4, 2]";"[0, 0, 0, 0, 7, 5, 1, 7, 2, 2, 4, 1, 1, 6, 4, 0, 6, 6, 5, 5, 7, 6, 6, 3, 0, 1, 5, 5, 3, 1, 0, 1, 1, 1, 1, 1, 1, 1, 1, 4, 2, 4, 4, 0, 2, 4, 3, 3, 3, 3, 3, 0, 3, 2, 2, 2, 0, 0, 0, 0, 2]";"[0, 0, 0, 0, 7, 5, 1, 7, 3, 3, 4, 1, 1, 6, 4, 0, 6, 6, 5, 5, 7, 6, 6, 2, 0, 1, 5, 5, 2, 1, 0, 1, 1, 1, 1, 1, 1, 1, 1, 4, 3, 4, 4, 0, 0, 4, 2, 2, 2, 2, 2, 0, 2, 3, 3, 3, 0, 0, 0, 0, 3]"
7;3;"aucs";"scml";2;0.3492;0.3547;0.3465;0.336;"{'53': 0.22142857142857142, '51': 0.30952380952380953, '49': 0.45238095238095233, '50': 0.21428571428571427, '24': 0.30952380952380953, '29': 0.41233766233766234, '48': 0.30952380952380953, '47': 0.3872180451127819}";"{'53': 0.18253968253968253, '51': 0.30952380952380953, '49': 0.5, '50': 0.21428571428571427, '24': 0.30952380952380953, '29': 0.41233766233766234, '48': 0.30952380952380953, '47': 0.376984126984127}";"{'53': 0.27976190476190477, '51': 0.30952380952380953, '49': 0.45238095238095233, '50': 0.21428571428571427, '24': 0.30952380952380953, '29': 0.41233766233766234, '48': 0.30952380952380953, '47': 0.3872180451127819}";"{'53': 0.27976190476190477, '51': 0.30952380952380953, '49': 0.5357142857142857, '50': 0.4017857142857143, '24': 0.34285714285714286, '29': 0.4192546583850931, '48': 0.34285714285714286, '47': 0.3872180451127819}";0.0;0.0;0.0;0.0;0.9196165572838612;0.9601506359758676;0.9601506359758676;0.9483283911785468;0.9742767326878776;0.9742767326878776;0.9066797329381584;0.9537698874737036;0.9537698874737036;0.9357872079441542;0.9680151421846804;0.9680151421846804;0.0053;0.0359;0.0076;"['53', '51', '49', '50', '24', '29', '48', '47']";"{'1': [('interD', ('53', '57')), ('intraD', ('47', '50'))], '2': [('intraA', ('47', '51')), ('interA', ('31', '49'))], '3': [('interA', ('14', '49')), ('interD', ('25', '47'))], '4': [('interD', ('29', '57')), ('intraD', ('24', '29'))], '5': [('interA', ('45', '47')), ('intraD', ('24', '29'))]}";"{'1': [('interA', ('38', '53')), ('interA', ('32', '53'))], '2': [('intraD', ('29', '51')), ('intraD', ('48', '51'))], '3': [('interA', ('38', '53')), ('interA', ('32', '53'))], '4': [('interA', ('38', '53')), ('interA', ('32', '53'))], '5': [('intraD', ('51', '53')), ('intraD', ('29', '53'))]}";"{'1': [('interA', ('41', '50')), ('interA', ('33', '50'))], '2': [('interA', ('16', '48')), ('interA', ('24', '34'))], '3': [('interA', ('45', '53')), ('interA', ('49', '59'))], '4': [('interA', ('34', '53')), ('interA', ('41', '49'))], '5': [('interA', ('50', '61')), ('interA', ('25', '29'))]}";"[['38', '32', '12', '37', '13', '34', '30', '36', '33', '35', '39', '26', '7'], ['44', '59', '4', '16', '1', '52', '31', '25', '57', '58', '3'], ['61', '45', '55', '10', '9', '41', '54', '56'], ['53', '51', '49', '50', '24', '29', '48', '47'], ['42', '2', '43', '15', '40', '11', '46'], ['14', '22', '23', '17', '60', '18'], ['28', '20', '19', '27', '6'], ['8', '5', '21']]";"[['38', '32', '12', '37', '13', '34', '30', '36', '33', '35', '39', '26', '7'], ['44', '59', '4', '16', '1', '52', '31', '25', '57', '58', '2', '3'], ['61', '45', '55', '10', '9', '41', '54', '56'], ['53', '51', '49', '50', '24', '29', '48', '47'], ['42', '43', '15', '40', '11', '46'], ['14', '22', '23', '17', '60', '18'], ['28', '20', '19', '27', '6'], ['8', '5', '21']]";"[['38', '32', '12', '37', '13', '34', '30', '36', '33', '35', '39', '26', '7'], ['44', '59', '4', '16', '1', '52', '31', '25', '57', '58', '2', '3'], ['61', '45', '55', '10', '9', '41', '54', '56'], ['53', '51', '49', '50', '24', '29', '48', '47'], ['42', '43', '15', '40', '11', '46'], ['14', '22', '23', '17', '60', '18'], ['28', '20', '19', '27', '6'], ['8', '5', '21']]";"[0, 0, 0, 0, 7, 5, 1, 7, 2, 2, 4, 1, 1, 6, 4, 0, 6, 6, 5, 5, 7, 6, 6, 3, 0, 1, 5, 5, 3, 1, 0, 1, 1, 1, 1, 1, 1, 1, 1, 4, 2, 4, 4, 0, 2, 4, 3, 3, 3, 3, 3, 0, 3, 2, 2, 2, 0, 0, 0, 0, 2]";"[1, 4, 1, 1, 7, 6, 0, 7, 2, 2, 4, 0, 0, 5, 4, 1, 5, 5, 6, 6, 7, 5, 5, 3, 1, 0, 6, 6, 3, 0, 1, 0, 0, 0, 0, 0, 0, 0, 0, 4, 2, 4, 4, 1, 2, 4, 3, 3, 3, 3, 3, 1, 3, 2, 2, 2, 1, 1, 1, 5, 2]";"[1, 1, 1, 1, 7, 6, 0, 7, 2, 2, 4, 0, 0, 5, 4, 1, 5, 5, 6, 6, 7, 5, 5, 3, 1, 0, 6, 6, 3, 0, 1, 0, 0, 0, 0, 0, 0, 0, 0, 4, 2, 4, 4, 1, 2, 4, 3, 3, 3, 3, 3, 1, 3, 2, 2, 2, 1, 1, 1, 5, 2]";"[1, 1, 1, 1, 7, 6, 0, 7, 2, 2, 4, 0, 0, 5, 4, 1, 5, 5, 6, 6, 7, 5, 5, 3, 1, 0, 6, 6, 3, 0, 1, 0, 0, 0, 0, 0, 0, 0, 0, 4, 2, 4, 4, 1, 2, 4, 3, 3, 3, 3, 3, 1, 3, 2, 2, 2, 1, 1, 1, 5, 2]"
8;3;"aucs";"scml";2;0.3492;0.3446;0.3465;0.325;"{'53': 0.22142857142857142, '51': 0.30952380952380953, '49': 0.45238095238095233, '50': 0.21428571428571427, '24': 0.30952380952380953, '29': 0.41233766233766234, '48': 0.30952380952380953, '47': 0.3872180451127819}";"{'53': 0.22142857142857142, '51': 0.30952380952380953, '49': 0.5, '50': 0.2976190476190476, '24': 0.34285714285714286, '29': 0.41233766233766234, '48': 0.34285714285714286, '47': 0.3872180451127819}";"{'53': 0.27976190476190477, '51': 0.30952380952380953, '49': 0.45238095238095233, '50': 0.21428571428571427, '24': 0.30952380952380953, '29': 0.41233766233766234, '48': 0.30952380952380953, '47': 0.3872180451127819}";"{'53': 0.27976190476190477, '51': 0.30952380952380953, '49': 0.5357142857142857, '50': 0.4017857142857143, '24': 0.34285714285714286, '29': 0.41233766233766234, '48': 0.34285714285714286, '47': 0.3872180451127819}";0.0;0.0;0.0;0.0;0.9601506359758676;0.9601506359758676;0.8460612648988625;0.9742767326878776;0.9742767326878776;0.9079475793923216;0.9537698874737036;0.9537698874737036;0.8212610901137847;0.9680151421846804;0.9680151421846804;0.8856219805065836;0.0052;0.0343;0.0075;"['53', '51', '49', '50', '24', '29', '48', '47']";"{'1': [('interD', ('31', '49')), ('interD', ('31', '48'))], '2': [('interA', ('49', '54')), ('interA', ('11', '24'))], '3': [('interA', ('37', '48')), ('interA', ('25', '49'))], '4': [('intraA', ('48', '53')), ('interA', ('36', '48'))], '5': [('interA', ('37', '48')), ('interA', ('19', '50'))]}";"{'1': [('interA', ('38', '53')), ('interA', ('32', '53'))], '2': [('intraD', ('29', '51')), ('intraD', ('48', '51'))], '3': [('interA', ('38', '53')), ('interA', ('32', '53'))], '4': [('interA', ('38', '53')), ('interA', ('32', '53'))], '5': [('intraD', ('51', '53')), ('intraD', ('29', '53'))]}";"{'1': [('interA', ('50', '7')), ('interA', ('15', '50'))], '2': [('interA', ('13', '48')), ('interA', ('13', '24'))], '3': [('interA', ('53', '8')), ('interA', ('2', '49'))], '4': [('interA', ('23', '53')), ('interA', ('37', '49'))], '5': [('interA', ('34', '50')), ('interA', ('14', '29'))]}";"[['38', '32', '12', '37', '13', '34', '30', '36', '33', '35', '39', '26', '7'], ['44', '59', '4', '16', '1', '52', '31', '25', '57', '58', '2', '3'], ['61', '45', '55', '10', '9', '41', '54', '56'], ['53', '51', '49', '50', '24', '29', '48', '47'], ['42', '43', '15', '40', '11', '46'], ['14', '22', '23', '17', '60', '18'], ['28', '20', '19', '27', '6'], ['8', '5', '21']]";"[['38', '32', '12', '37', '13', '34', '30', '36', '33', '35', '39', '26', '7'], ['44', '59', '4', '16', '1', '52', '31', '25', '57', '58', '2', '3'], ['61', '45', '55', '10', '9', '41', '54', '56'], ['53', '51', '49', '50', '24', '29', '48', '47'], ['42', '43', '15', '40', '11', '46'], ['14', '22', '23', '17', '60', '18'], ['28', '20', '19', '27', '6'], ['8', '5', '21']]";"[['38', '32', '12', '37', '13', '34', '30', '36', '33', '35', '39', '26', '7'], ['44', '59', '45', '4', '16', '52', '31', '25', '57', '58', '3'], ['53', '51', '49', '50', '24', '29', '48', '47'], ['1', '14', '22', '23', '17', '60', '18'], ['42', '2', '43', '15', '40', '11', '46'], ['61', '55', '10', '9', '41', '54', '56'], ['28', '20', '19', '27', '6'], ['8', '5', '21']]";"[0, 0, 0, 0, 7, 5, 1, 7, 2, 2, 4, 1, 1, 6, 4, 0, 6, 6, 5, 5, 7, 6, 6, 3, 0, 1, 5, 5, 3, 1, 0, 1, 1, 1, 1, 1, 1, 1, 1, 4, 2, 4, 4, 0, 2, 4, 3, 3, 3, 3, 3, 0, 3, 2, 2, 2, 0, 0, 0, 0, 2]";"[1, 1, 1, 1, 7, 6, 0, 7, 2, 2, 4, 0, 0, 5, 4, 1, 5, 5, 6, 6, 7, 5, 5, 3, 1, 0, 6, 6, 3, 0, 1, 0, 0, 0, 0, 0, 0, 0, 0, 4, 2, 4, 4, 1, 2, 4, 3, 3, 3, 3, 3, 1, 3, 2, 2, 2, 1, 1, 1, 5, 2]";"[1, 1, 1, 1, 7, 6, 0, 7, 2, 2, 4, 0, 0, 5, 4, 1, 5, 5, 6, 6, 7, 5, 5, 3, 1, 0, 6, 6, 3, 0, 1, 0, 0, 0, 0, 0, 0, 0, 0, 4, 2, 4, 4, 1, 2, 4, 3, 3, 3, 3, 3, 1, 3, 2, 2, 2, 1, 1, 1, 5, 2]";"[3, 4, 1, 1, 7, 6, 0, 7, 5, 5, 4, 0, 0, 3, 4, 1, 3, 3, 6, 6, 7, 3, 3, 2, 1, 0, 6, 6, 2, 0, 1, 0, 0, 0, 0, 0, 0, 0, 0, 4, 5, 4, 4, 1, 1, 4, 2, 2, 2, 2, 2, 1, 2, 5, 5, 5, 1, 1, 1, 3, 5]"
9;3;"aucs";"scml";2;0.3492;0.3527;0.3497;0.3249;"{'53': 0.22142857142857142, '51': 0.30952380952380953, '49': 0.45238095238095233, '50': 0.21428571428571427, '24': 0.30952380952380953, '29': 0.41233766233766234, '48': 0.30952380952380953, '47': 0.3872180451127819}";"{'53': 0.2532467532467533, '51': 0.30952380952380953, '49': 0.45238095238095233, '50': 0.21428571428571427, '24': 0.30952380952380953, '29': 0.40476190476190477, '48': 0.22142857142857142, '47': 0.3872180451127819}";"{'53': 0.27976190476190477, '51': 0.30952380952380953, '49': 0.45238095238095233, '50': 0.21428571428571427, '24': 0.30952380952380953, '29': 0.41233766233766234, '48': 0.30952380952380953, '47': 0.3872180451127819}";"{'53': 0.27976190476190477, '51': 0.30952380952380953, '49': 0.5357142857142857, '50': 0.4017857142857143, '24': 0.34285714285714286, '29': 0.4192546583850931, '48': 0.34285714285714286, '47': 0.3872180451127819}";0.0;0.0;0.0;0.0;0.9196165572838612;0.9196165572838612;0.8891832563772614;0.9483283911785468;0.9483283911785468;0.9234216461547304;0.9066797329381584;0.9066797329381584;0.8715979593579898;0.9357872079441542;0.9357872079441542;0.9046661517137172;0.0084;0.0382;0.0075;"['53', '51', '49', '50', '24', '29', '48', '47']";"{'1': [('intraA', ('47', '49')), ('intraA', ('48', '50'))], '2': [('intraA', ('24', '51')), ('interD', ('14', '29'))], '3': [('interA', ('50', '59')), ('intraA', ('29', '48'))], '4': [('interA', ('13', '53')), ('intraD', ('29', '53'))], '5': [('intraA', ('24', '48')), ('interD', ('29', '52'))]}";"{'1': [('interA', ('38', '53')), ('interA', ('32', '53'))], '2': [('intraD', ('29', '51')), ('intraD', ('48', '51'))], '3': [('interA', ('38', '53')), ('interA', ('32', '53'))], '4': [('interA', ('38', '53')), ('interA', ('32', '53'))], '5': [('intraD', ('51', '53')), ('intraD', ('29', '53'))]}";"{'1': [('interA', ('13', '50')), ('interA', ('5', '50'))], '2': [('interA', ('48', '8')), ('interA', ('24', '46'))], '3': [('interA', ('44', '53')), ('interA', ('36', '49'))], '4': [('interA', ('2', '53')), ('interA', ('41', '49'))], '5': [('interA', ('32', '50')), ('interA', ('29', '59'))]}";"[['38', '32', '12', '37', '13', '34', '30', '36', '33', '35', '39', '26', '7'], ['44', '59', '4', '16', '1', '52', '31', '25', '57', '58', '3'], ['61', '45', '55', '10', '9', '41', '54', '56'], ['53', '51', '49', '50', '24', '29', '48', '47'], ['42', '2', '43', '15', '40', '11', '46'], ['14', '22', '23', '17', '60', '18'], ['28', '20', '19', '27', '6'], ['8', '5', '21']]";"[['38', '32', '12', '37', '13', '34', '30', '36', '33', '35', '39', '26', '7'], ['44', '59', '4', '16', '1', '52', '31', '25', '57', '58', '3'], ['61', '45', '55', '10', '9', '41', '54', '56'], ['53', '51', '49', '50', '24', '29', '48', '47'], ['42', '2', '43', '15', '40', '11', '46'], ['14', '22', '23', '17', '60', '18'], ['28', '20', '19', '27', '6'], ['8', '5', '21']]";"[['44', '59', '45', '4', '16', '1', '52', '31', '25', '57', '58', '60', '3'], ['38', '32', '12', '37', '13', '34', '30', '36', '33', '35', '39', '26', '7'], ['42', '27', '2', '43', '15', '40', '11', '46'], ['53', '51', '49', '50', '24', '29', '48', '47'], ['61', '55', '10', '9', '41', '54', '56'], ['14', '22', '23', '17', '18'], ['20', '6', '19', '28'], ['8', '5', '21']]";"[0, 0, 0, 0, 7, 5, 1, 7, 2, 2, 4, 1, 1, 6, 4, 0, 6, 6, 5, 5, 7, 6, 6, 3, 0, 1, 5, 5, 3, 1, 0, 1, 1, 1, 1, 1, 1, 1, 1, 4, 2, 4, 4, 0, 2, 4, 3, 3, 3, 3, 3, 0, 3, 2, 2, 2, 0, 0, 0, 0, 2]";"[1, 4, 1, 1, 7, 6, 0, 7, 2, 2, 4, 0, 0, 5, 4, 1, 5, 5, 6, 6, 7, 5, 5, 3, 1, 0, 6, 6, 3, 0, 1, 0, 0, 0, 0, 0, 0, 0, 0, 4, 2, 4, 4, 1, 2, 4, 3, 3, 3, 3, 3, 1, 3, 2, 2, 2, 1, 1, 1, 5, 2]";"[1, 4, 1, 1, 7, 6, 0, 7, 2, 2, 4, 0, 0, 5, 4, 1, 5, 5, 6, 6, 7, 5, 5, 3, 1, 0, 6, 6, 3, 0, 1, 0, 0, 0, 0, 0, 0, 0, 0, 4, 2, 4, 4, 1, 2, 4, 3, 3, 3, 3, 3, 1, 3, 2, 2, 2, 1, 1, 1, 5, 2]";"[0, 2, 0, 0, 7, 6, 1, 7, 4, 4, 2, 1, 1, 5, 2, 0, 5, 5, 6, 6, 7, 5, 5, 3, 0, 1, 2, 6, 3, 1, 0, 1, 1, 1, 1, 1, 1, 1, 1, 2, 4, 2, 2, 0, 0, 2, 3, 3, 3, 3, 3, 0, 3, 4, 4, 4, 0, 0, 0, 0, 4]"
10;3;"aucs";"scml";2;0.3492;0.3548;0.3459;0.3411;"{'53': 0.22142857142857142, '51': 0.30952380952380953, '49': 0.45238095238095233, '50': 0.21428571428571427, '24': 0.30952380952380953, '29': 0.41233766233766234, '48': 0.30952380952380953, '47': 0.3872180451127819}";"{'53': 0.2532467532467533, '51': 0.34285714285714286, '49': 0.3571428571428571, '50': 0.14285714285714285, '24': 0.30952380952380953, '29': 0.40476190476190477, '48': 0.30952380952380953, '47': 0.376984126984127}";"{'53': 0.27976190476190477, '51': 0.30952380952380953, '49': 0.45238095238095233, '50': 0.21428571428571427, '24': 0.30952380952380953, '29': 0.41233766233766234, '48': 0.30952380952380953, '47': 0.3872180451127819}";"{'53': 0.2532467532467533, '51': 0.30952380952380953, '49': 0.5357142857142857, '50': 0.4017857142857143, '24': 0.34285714285714286, '29': 0.4192546583850931, '48': 0.34285714285714286, '47': 0.3872180451127819}";0.0;0.0555555555555555;0.0;0.0555555555555555;0.912972507486858;1.0;0.912972507486858;0.9464353274139866;1.0;0.9464353274139866;0.9196559613660216;1.0;0.9196559613660216;0.9503160041372144;1.0;0.9503160041372144;0.0052;0.0366;0.0131;"['53', '51', '49', '50', '24', '29', '48', '47']";"{'1': [('intraA', ('29', '48')), ('interD', ('31', '49'))], '2': [('interD', ('10', '29')), ('intraA', ('24', '53'))], '3': [('interA', ('41', '49')), ('interD', ('25', '47'))], '4': [('interA', ('1', '53')), ('intraD', ('24', '51'))], '5': [('interA', ('51', '55')), ('intraA', ('49', '50'))]}";"{'1': [('interA', ('38', '53')), ('interA', ('32', '53'))], '2': [('intraD', ('29', '51')), ('intraD', ('48', '51'))], '3': [('interA', ('38', '53')), ('interA', ('32', '53'))], '4': [('interA', ('38', '53')), ('interA', ('32', '53'))], '5': [('intraD', ('51', '53')), ('intraD', ('29', '53'))]}";"{'1': [('interA', ('46', '50')), ('interA', ('12', '50'))], '2': [('interA', ('10', '48')), ('interA', ('24', '58'))], '3': [('interA', ('52', '53')), ('interA', ('20', '49'))], '4': [('interA', ('53', '8')), ('interA', ('39', '49'))], '5': [('interA', ('50', '60')), ('interA', ('29', '58'))]}";"[['38', '32', '12', '37', '13', '34', '30', '36', '33', '35', '39', '26', '7'], ['44', '59', '4', '16', '52', '31', '25', '57', '58', '60', '3'], ['53', '51', '1', '49', '50', '24', '29', '48', '47'], ['61', '45', '55', '10', '9', '41', '54', '56'], ['42', '2', '43', '15', '40', '11', '46'], ['28', '20', '19', '27', '6'], ['14', '22', '23', '17', '18'], ['8', '5', '21']]";"[['44', '59', '4', '16', '1', '52', '31', '25', '57', '58', '2', '60', '3'], ['38', '32', '12', '37', '13', '34', '30', '36', '33', '35', '39', '26', '7'], ['61', '45', '55', '10', '9', '41', '54', '56'], ['53', '51', '49', '50', '24', '29', '48', '47'], ['42', '43', '15', '40', '11', '46'], ['28', '20', '19', '27', '6'], ['14', '22', '23', '17', '18'], ['8', '5', '21']]";"[['38', '32', '12', '37', '13', '34', '30', '36', '33', '35', '39', '26', '7'], ['44', '59', '4', '16', '1', '52', '31', '25', '57', '58', '3'], ['53', '51', '49', '50', '24', '60', '29', '48', '47'], ['61', '45', '55', '10', '9', '41', '54', '56'], ['42', '2', '43', '15', '40', '11', '46'], ['28', '20', '19', '27', '6'], ['14', '22', '23', '17', '18'], ['8', '5', '21']]";"[0, 0, 0, 0, 7, 5, 1, 7, 2, 2, 4, 1, 1, 6, 4, 0, 6, 6, 5, 5, 7, 6, 6, 3, 0, 1, 5, 5, 3, 1, 0, 1, 1, 1, 1, 1, 1, 1, 1, 4, 2, 4, 4, 0, 2, 4, 3, 3, 3, 3, 3, 0, 3, 2, 2, 2, 0, 0, 0, 0, 2]";"[2, 4, 1, 1, 7, 5, 0, 7, 3, 3, 4, 0, 0, 6, 4, 1, 6, 6, 5, 5, 7, 6, 6, 2, 1, 0, 5, 5, 2, 0, 1, 0, 0, 0, 0, 0, 0, 0, 0, 4, 3, 4, 4, 1, 3, 4, 2, 2, 2, 2, 2, 1, 2, 3, 3, 3, 1, 1, 1, 1, 3]";"[0, 0, 0, 0, 7, 5, 1, 7, 2, 2, 4, 1, 1, 6, 4, 0, 6, 6, 5, 5, 7, 6, 6, 3, 0, 1, 5, 5, 3, 1, 0, 1, 1, 1, 1, 1, 1, 1, 1, 4, 2, 4, 4, 0, 2, 4, 3, 3, 3, 3, 3, 0, 3, 2, 2, 2, 0, 0, 0, 0, 2]";"[1, 4, 1, 1, 7, 5, 0, 7, 3, 3, 4, 0, 0, 6, 4, 1, 6, 6, 5, 5, 7, 6, 6, 2, 1, 0, 5, 5, 2, 0, 1, 0, 0, 0, 0, 0, 0, 0, 0, 4, 3, 4, 4, 1, 3, 4, 2, 2, 2, 2, 2, 1, 2, 3, 3, 3, 1, 1, 1, 2, 3]"
11;3;"aucs";"scml";2;0.3492;0.3343;0.3459;0.3267;"{'53': 0.22142857142857142, '51': 0.30952380952380953, '49': 0.45238095238095233, '50': 0.21428571428571427, '24': 0.30952380952380953, '29': 0.41233766233766234, '48': 0.30952380952380953, '47': 0.3872180451127819}";"{'53': 0.22142857142857142, '51': 0.22142857142857142, '49': 0.3571428571428571, '50': 0.14285714285714285, '24': 0.34285714285714286, '29': 0.41233766233766234, '48': 0.22142857142857142, '47': 0.376984126984127}";"{'53': 0.27976190476190477, '51': 0.30952380952380953, '49': 0.45238095238095233, '50': 0.21428571428571427, '24': 0.30952380952380953, '29': 0.41233766233766234, '48': 0.30952380952380953, '47': 0.3872180451127819}";"{'53': 0.27976190476190477, '51': 0.30952380952380953, '49': 0.5, '50': 0.4017857142857143, '24': 0.34285714285714286, '29': 0.4192546583850931, '48': 0.34285714285714286, '47': 0.3872180451127819}";0.0;0.0;0.0;0.0;0.8765737410071942;1.0;0.8460612648988625;0.9207867302548928;1.0;0.9079475793923216;0.8571022552694647;1.0;0.8212610901137847;0.9013267464188436;1.0;0.8856219805065836;0.0049;0.0333;0.0074;"['53', '51', '49', '50', '24', '29', '48', '47']";"{'1': [('intraD', ('24', '47')), ('intraD', ('24', '51'))], '2': [('interA', ('16', '24')), ('intraA', ('49', '51'))], '3': [('interD', ('25', '47')), ('intraA', ('29', '49'))], '4': [('intraA', ('48', '53')), ('intraD', ('47', '49'))], '5': [('interD', ('37', '47')), ('intraA', ('48', '50'))]}";"{'1': [('interA', ('38', '53')), ('interA', ('32', '53'))], '2': [('intraD', ('29', '51')), ('intraD', ('48', '51'))], '3': [('interA', ('38', '53')), ('interA', ('32', '53'))], '4': [('interA', ('38', '53')), ('interA', ('32', '53'))], '5': [('intraD', ('51', '53')), ('intraD', ('29', '53'))]}";"{'1': [('interA', ('1', '50')), ('interA', ('22', '50'))], '2': [('interA', ('46', '48')), ('interA', ('24', '58'))], '3': [('interA', ('16', '53')), ('interA', ('31', '49'))], '4': [('interA', ('53', '55')), ('interA', ('18', '49'))], '5': [('interA', ('23', '50')), ('interA', ('29', '55'))]}";"[['44', '59', '45', '4', '16', '1', '14', '31', '52', '25', '57', '58', '60', '3'], ['38', '32', '12', '37', '13', '34', '30', '36', '33', '35', '39', '26', '7'], ['53', '51', '49', '50', '24', '29', '48', '47'], ['42', '2', '43', '15', '40', '11', '46'], ['61', '55', '10', '9', '41', '54', '56'], ['28', '20', '19', '27', '6'], ['17', '22', '23', '18'], ['8', '5', '21']]";"[['44', '59', '4', '16', '1', '52', '31', '25', '57', '58', '2', '60', '3'], ['38', '32', '12', '37', '13', '34', '30', '36', '33', '35', '39', '26', '7'], ['61', '45', '55', '10', '9', '41', '54', '56'], ['53', '51', '49', '50', '24', '29', '48', '47'], ['42', '43', '15', '40', '11', '46'], ['28', '20', '19', '27', '6'], ['14', '22', '23', '17', '18'], ['8', '5', '21']]";"[['38', '32', '12', '37', '13', '34', '30', '36', '33', '35', '39', '26', '7'], ['44', '59', '45', '4', '16', '52', '31', '25', '57', '58', '3'], ['53', '51', '49', '50', '24', '29', '48', '47'], ['1', '14', '22', '23', '17', '60', '18'], ['42', '2', '43', '15', '40', '11', '46'], ['61', '55', '10', '9', '41', '54', '56'], ['28', '20', '19', '27', '6'], ['8', '5', '21']]";"[0, 0, 0, 0, 7, 5, 1, 7, 2, 2, 4, 1, 1, 6, 4, 0, 6, 6, 5, 5, 7, 6, 6, 3, 0, 1, 5, 5, 3, 1, 0, 1, 1, 1, 1, 1, 1, 1, 1, 4, 2, 4, 4, 0, 2, 4, 3, 3, 3, 3, 3, 0, 3, 2, 2, 2, 0, 0, 0, 0, 2]";"[0, 3, 0, 0, 7, 5, 1, 7, 4, 4, 3, 1, 1, 0, 3, 0, 6, 6, 5, 5, 7, 6, 6, 2, 0, 1, 5, 5, 2, 1, 0, 1, 1, 1, 1, 1, 1, 1, 1, 3, 4, 3, 3, 0, 0, 3, 2, 2, 2, 2, 2, 0, 2, 4, 4, 4, 0, 0, 0, 0, 4]";"[0, 0, 0, 0, 7, 5, 1, 7, 2, 2, 4, 1, 1, 6, 4, 0, 6, 6, 5, 5, 7, 6, 6, 3, 0, 1, 5, 5, 3, 1, 0, 1, 1, 1, 1, 1, 1, 1, 1, 4, 2, 4, 4, 0, 2, 4, 3, 3, 3, 3, 3, 0, 3, 2, 2, 2, 0, 0, 0, 0, 2]";"[3, 4, 1, 1, 7, 6, 0, 7, 5, 5, 4, 0, 0, 3, 4, 1, 3, 3, 6, 6, 7, 3, 3, 2, 1, 0, 6, 6, 2, 0, 1, 0, 0, 0, 0, 0, 0, 0, 0, 4, 5, 4, 4, 1, 1, 4, 2, 2, 2, 2, 2, 1, 2, 5, 5, 5, 1, 1, 1, 3, 5]"
12;3;"aucs";"scml";2;0.3492;0.3475;0.3459;0.3401;"{'53': 0.22142857142857142, '51': 0.30952380952380953, '49': 0.45238095238095233, '50': 0.21428571428571427, '24': 0.30952380952380953, '29': 0.41233766233766234, '48': 0.30952380952380953, '47': 0.3872180451127819}";"{'53': 0.22142857142857142, '51': 0.30952380952380953, '49': 0.45238095238095233, '50': 0.21428571428571427, '24': 0.3701298701298701, '29': 0.41233766233766234, '48': 0.30952380952380953, '47': 0.40476190476190477}";"{'53': 0.27976190476190477, '51': 0.30952380952380953, '49': 0.45238095238095233, '50': 0.21428571428571427, '24': 0.30952380952380953, '29': 0.41233766233766234, '48': 0.30952380952380953, '47': 0.3872180451127819}";"{'53': 0.27976190476190477, '51': 0.30952380952380953, '49': 0.5357142857142857, '50': 0.4017857142857143, '24': 0.34285714285714286, '29': 0.4192546583850931, '48': 0.34285714285714286, '47': 0.3872180451127819}";0.0;0.0;0.0;0.0555555555555555;0.9196165572838612;1.0;0.912972507486858;0.9483283911785468;1.0;0.9464353274139866;0.9066797329381584;1.0;0.9196559613660216;0.9357872079441542;1.0;0.9503160041372144;0.0051;0.0365;0.0083;"['53', '51', '49', '50', '24', '29', '48', '47']";"{'1': [('intraA', ('48', '51')), ('interA', ('14', '24'))], '2': [('interA', ('39', '47')), ('interD', ('47', '52'))], '3': [('intraD', ('50', '53')), ('interA', ('24', '28'))], '4': [('intraD', ('29', '53')), ('interD', ('47', '52'))], '5': [('intraA', ('48', '53')), ('interA', ('12', '47'))]}";"{'1': [('interA', ('38', '53')), ('interA', ('32', '53'))], '2': [('intraD', ('29', '51')), ('intraD', ('48', '51'))], '3': [('interA', ('38', '53')), ('interA', ('32', '53'))], '4': [('interA', ('38', '53')), ('interA', ('32', '53'))], '5': [('intraD', ('51', '53')), ('intraD', ('29', '53'))]}";"{'1': [('interA', ('11', '50')), ('interA', ('14', '50'))], '2': [('interA', ('41', '48')), ('interA', ('24', '7'))], '3': [('interA', ('21', '53')), ('interA', ('49', '58'))], '4': [('interA', ('35', '53')), ('interA', ('40', '49'))], '5': [('interA', ('50', '6')), ('interA', ('1', '29'))]}";"[['38', '32', '12', '37', '13', '34', '30', '36', '33', '35', '39', '26', '7'], ['44', '59', '4', '16', '1', '52', '31', '25', '57', '58', '3'], ['61', '45', '55', '10', '9', '41', '54', '56'], ['53', '51', '49', '50', '24', '29', '48', '47'], ['42', '2', '43', '15', '40', '11', '46'], ['14', '22', '23', '17', '60', '18'], ['28', '20', '19', '27', '6'], ['8', '5', '21']]";"[['44', '59', '4', '16', '1', '52', '31', '25', '57', '58', '2', '60', '3'], ['38', '32', '12', '37', '13', '34', '30', '36', '33', '35', '39', '26', '7'], ['61', '45', '55', '10', '9', '41', '54', '56'], ['53', '51', '49', '50', '24', '29', '48', '47'], ['42', '43', '15', '40', '11', '46'], ['28', '20', '19', '27', '6'], ['14', '22', '23', '17', '18'], ['8', '5', '21']]";"[['38', '32', '12', '37', '13', '34', '30', '36', '33', '35', '39', '26', '7'], ['44', '59', '4', '16', '52', '31', '25', '57', '58', '60', '3'], ['53', '51', '1', '49', '50', '24', '29', '48', '47'], ['61', '45', '55', '10', '9', '41', '54', '56'], ['42', '2', '43', '15', '40', '11', '46'], ['28', '20', '19', '27', '6'], ['14', '22', '23', '17', '18'], ['8', '5', '21']]";"[0, 0, 0, 0, 7, 5, 1, 7, 2, 2, 4, 1, 1, 6, 4, 0, 6, 6, 5, 5, 7, 6, 6, 3, 0, 1, 5, 5, 3, 1, 0, 1, 1, 1, 1, 1, 1, 1, 1, 4, 2, 4, 4, 0, 2, 4, 3, 3, 3, 3, 3, 0, 3, 2, 2, 2, 0, 0, 0, 0, 2]";"[1, 4, 1, 1, 7, 6, 0, 7, 2, 2, 4, 0, 0, 5, 4, 1, 5, 5, 6, 6, 7, 5, 5, 3, 1, 0, 6, 6, 3, 0, 1, 0, 0, 0, 0, 0, 0, 0, 0, 4, 2, 4, 4, 1, 2, 4, 3, 3, 3, 3, 3, 1, 3, 2, 2, 2, 1, 1, 1, 5, 2]";"[0, 0, 0, 0, 7, 5, 1, 7, 2, 2, 4, 1, 1, 6, 4, 0, 6, 6, 5, 5, 7, 6, 6, 3, 0, 1, 5, 5, 3, 1, 0, 1, 1, 1, 1, 1, 1, 1, 1, 4, 2, 4, 4, 0, 2, 4, 3, 3, 3, 3, 3, 0, 3, 2, 2, 2, 0, 0, 0, 0, 2]";"[2, 4, 1, 1, 7, 5, 0, 7, 3, 3, 4, 0, 0, 6, 4, 1, 6, 6, 5, 5, 7, 6, 6, 2, 1, 0, 5, 5, 2, 0, 1, 0, 0, 0, 0, 0, 0, 0, 0, 4, 3, 4, 4, 1, 3, 4, 2, 2, 2, 2, 2, 1, 2, 3, 3, 3, 1, 1, 1, 1, 3]"
13;3;"aucs";"scml";2;0.3492;0.3503;0.3497;0.3358;"{'53': 0.22142857142857142, '51': 0.30952380952380953, '49': 0.45238095238095233, '50': 0.21428571428571427, '24': 0.30952380952380953, '29': 0.41233766233766234, '48': 0.30952380952380953, '47': 0.3872180451127819}";"{'53': 0.22142857142857142, '51': 0.30952380952380953, '49': 0.3571428571428571, '50': 0.07142857142857142, '24': 0.3701298701298701, '29': 0.41233766233766234, '48': 0.2532467532467533, '47': 0.39642857142857146}";"{'53': 0.27976190476190477, '51': 0.30952380952380953, '49': 0.45238095238095233, '50': 0.21428571428571427, '24': 0.30952380952380953, '29': 0.41233766233766234, '48': 0.30952380952380953, '47': 0.3872180451127819}";"{'53': 0.27976190476190477, '51': 0.30952380952380953, '49': 0.5357142857142857, '50': 0.4017857142857143, '24': 0.34285714285714286, '29': 0.4192546583850931, '48': 0.34285714285714286, '47': 0.3872180451127819}";0.0;0.0;0.0;0.0;0.9578783151326054;0.9196165572838612;1.0;0.9735669463265088;0.9483283911785468;1.0;0.9511405271244534;0.9066797329381584;1.0;0.9671270414647984;0.9357872079441542;1.0;0.0052;0.0355;0.0078;"['53', '51', '49', '50', '24', '29', '48', '47']";"{'1': [('interA', ('24', '46')), ('intraA', ('49', '50'))], '2': [('interA', ('16', '48')), ('interD', ('26', '29'))], '3': [('intraA', ('48', '53')), ('interA', ('24', '28'))], '4': [('intraA', ('48', '50')), ('intraA', ('50', '53'))], '5': [('intraA', ('50', '53')), ('interA', ('26', '47'))]}";"{'1': [('interA', ('38', '53')), ('interA', ('32', '53'))], '2': [('intraD', ('29', '51')), ('intraD', ('48', '51'))], '3': [('interA', ('38', '53')), ('interA', ('32', '53'))], '4': [('interA', ('38', '53')), ('interA', ('32', '53'))], '5': [('intraD', ('51', '53')), ('intraD', ('29', '53'))]}";"{'1': [('interA', ('18', '50')), ('interA', ('27', '50'))], '2': [('interA', ('35', '48')), ('interA', ('24', '33'))], '3': [('interA', ('5', '53')), ('interA', ('44', '49'))], '4': [('interA', ('3', '53')), ('interA', ('15', '49'))], '5': [('interA', ('16', '50')), ('interA', ('12', '29'))]}";"[['38', '32', '12', '37', '13', '34', '30', '36', '33', '35', '39', '26', '7'], ['44', '59', '4', '16', '1', '52', '31', '25', '57', '58', '60', '3'], ['61', '45', '55', '10', '9', '41', '54', '56'], ['53', '51', '49', '50', '24', '29', '48', '47'], ['42', '2', '43', '15', '40', '11', '46'], ['28', '20', '19', '27', '6'], ['14', '22', '23', '17', '18'], ['8', '5', '21']]";"[['38', '32', '12', '37', '13', '34', '30', '36', '33', '35', '39', '26', '7'], ['44', '59', '4', '16', '1', '52', '31', '25', '57', '58', '3'], ['61', '45', '55', '10', '9', '41', '54', '56'], ['53', '51', '49', '50', '24', '29', '48', '47'], ['42', '2', '43', '15', '40', '11', '46'], ['14', '22', '23', '17', '60', '18'], ['28', '20', '19', '27', '6'], ['8', '5', '21']]";"[['44', '59', '4', '16', '1', '52', '31', '25', '57', '58', '2', '60', '3'], ['38', '32', '12', '37', '13', '34', '30', '36', '33', '35', '39', '26', '7'], ['61', '45', '55', '10', '9', '41', '54', '56'], ['53', '51', '49', '50', '24', '29', '48', '47'], ['42', '43', '15', '40', '11', '46'], ['28', '20', '19', '27', '6'], ['14', '22', '23', '17', '18'], ['8', '5', '21']]";"[0, 0, 0, 0, 7, 5, 1, 7, 2, 2, 4, 1, 1, 6, 4, 0, 6, 6, 5, 5, 7, 6, 6, 3, 0, 1, 5, 5, 3, 1, 0, 1, 1, 1, 1, 1, 1, 1, 1, 4, 2, 4, 4, 0, 2, 4, 3, 3, 3, 3, 3, 0, 3, 2, 2, 2, 0, 0, 0, 0, 2]";"[1, 4, 1, 1, 7, 5, 0, 7, 2, 2, 4, 0, 0, 6, 4, 1, 6, 6, 5, 5, 7, 6, 6, 3, 1, 0, 5, 5, 3, 0, 1, 0, 0, 0, 0, 0, 0, 0, 0, 4, 2, 4, 4, 1, 2, 4, 3, 3, 3, 3, 3, 1, 3, 2, 2, 2, 1, 1, 1, 1, 2]";"[1, 4, 1, 1, 7, 6, 0, 7, 2, 2, 4, 0, 0, 5, 4, 1, 5, 5, 6, 6, 7, 5, 5, 3, 1, 0, 6, 6, 3, 0, 1, 0, 0, 0, 0, 0, 0, 0, 0, 4, 2, 4, 4, 1, 2, 4, 3, 3, 3, 3, 3, 1, 3, 2, 2, 2, 1, 1, 1, 5, 2]";"[0, 0, 0, 0, 7, 5, 1, 7, 2, 2, 4, 1, 1, 6, 4, 0, 6, 6, 5, 5, 7, 6, 6, 3, 0, 1, 5, 5, 3, 1, 0, 1, 1, 1, 1, 1, 1, 1, 1, 4, 2, 4, 4, 0, 2, 4, 3, 3, 3, 3, 3, 0, 3, 2, 2, 2, 0, 0, 0, 0, 2]"
14;3;"aucs";"scml";2;0.3492;0.3492;0.3497;0.3353;"{'53': 0.22142857142857142, '51': 0.30952380952380953, '49': 0.45238095238095233, '50': 0.21428571428571427, '24': 0.30952380952380953, '29': 0.41233766233766234, '48': 0.30952380952380953, '47': 0.3872180451127819}";"{'53': 0.22142857142857142, '51': 0.22142857142857142, '49': 0.30952380952380953, '50': 0.2976190476190476, '24': 0.22142857142857142, '29': 0.41233766233766234, '48': 0.30952380952380953, '47': 0.39642857142857146}";"{'53': 0.27976190476190477, '51': 0.30952380952380953, '49': 0.45238095238095233, '50': 0.21428571428571427, '24': 0.30952380952380953, '29': 0.41233766233766234, '48': 0.30952380952380953, '47': 0.3872180451127819}";"{'53': 0.27976190476190477, '51': 0.30952380952380953, '49': 0.5357142857142857, '50': 0.4017857142857143, '24': 0.34285714285714286, '29': 0.4192546583850931, '48': 0.34285714285714286, '47': 0.3872180451127819}";0.0;0.0;0.0;0.0555555555555555;0.8857321261317515;0.9196165572838612;0.8788000779170184;0.934247700704024;0.9483283911785468;0.9223986757763512;0.8672660138063895;0.9066797329381584;0.879511653537543;0.9183281405195192;0.9357872079441542;0.9209122872182508;0.0052;0.0362;0.0075;"['53', '51', '49', '50', '24', '29', '48', '47']";"{'1': [('intraD', ('29', '47')), ('interA', ('45', '49'))], '2': [('intraA', ('24', '53')), ('intraA', ('47', '51'))], '3': [('interA', ('50', '7')), ('interA', ('47', '7'))], '4': [('intraA', ('49', '51')), ('interD', ('26', '29'))], '5': [('intraA', ('24', '49')), ('interD', ('3', '47'))]}";"{'1': [('interA', ('38', '53')), ('interA', ('32', '53'))], '2': [('intraD', ('29', '51')), ('intraD', ('48', '51'))], '3': [('interA', ('38', '53')), ('interA', ('32', '53'))], '4': [('interA', ('38', '53')), ('interA', ('32', '53'))], '5': [('intraD', ('51', '53')), ('intraD', ('29', '53'))]}";"{'1': [('interA', ('50', '59')), ('interA', ('50', '8'))], '2': [('interA', ('2', '48')), ('interA', ('24', '46'))], '3': [('interA', ('33', '53')), ('interA', ('3', '49'))], '4': [('interA', ('1', '53')), ('interA', ('20', '49'))], '5': [('interA', ('38', '50')), ('interA', ('29', '4'))]}";"[['38', '32', '12', '37', '13', '34', '30', '36', '33', '35', '39', '26', '7'], ['44', '59', '4', '16', '52', '31', '25', '57', '58', '3'], ['61', '45', '55', '10', '9', '41', '54', '56'], ['53', '51', '49', '50', '24', '29', '48', '47'], ['1', '14', '22', '23', '17', '60', '18'], ['42', '2', '43', '15', '40', '11', '46'], ['28', '20', '19', '27', '6'], ['8', '5', '21']]";"[['38', '32', '12', '37', '13', '34', '30', '36', '33', '35', '39', '26', '7'], ['44', '59', '4', '16', '1', '52', '31', '25', '57', '58', '3'], ['61', '45', '55', '10', '9', '41', '54', '56'], ['53', '51', '49', '50', '24', '29', '48', '47'], ['42', '2', '43', '15', '40', '11', '46'], ['14', '22', '23', '17', '60', '18'], ['28', '20', '19', '27', '6'], ['8', '5', '21']]";"[['38', '32', '12', '37', '13', '34', '30', '36', '33', '35', '39', '26', '7'], ['44', '59', '4', '16', '52', '31', '25', '57', '58', '3'], ['53', '51', '1', '49', '50', '24', '29', '48', '47'], ['61', '45', '55', '10', '9', '41', '54', '56'], ['28', '20', '27', '19', '2', '6'], ['42', '43', '15', '40', '11', '46'], ['14', '22', '23', '17', '60', '18'], ['8', '5', '21']]";"[0, 0, 0, 0, 7, 5, 1, 7, 2, 2, 4, 1, 1, 6, 4, 0, 6, 6, 5, 5, 7, 6, 6, 3, 0, 1, 5, 5, 3, 1, 0, 1, 1, 1, 1, 1, 1, 1, 1, 4, 2, 4, 4, 0, 2, 4, 3, 3, 3, 3, 3, 0, 3, 2, 2, 2, 0, 0, 0, 0, 2]";"[4, 5, 1, 1, 7, 6, 0, 7, 2, 2, 5, 0, 0, 4, 5, 1, 4, 4, 6, 6, 7, 4, 4, 3, 1, 0, 6, 6, 3, 0, 1, 0, 0, 0, 0, 0, 0, 0, 0, 5, 2, 5, 5, 1, 2, 5, 3, 3, 3, 3, 3, 1, 3, 2, 2, 2, 1, 1, 1, 4, 2]";"[1, 4, 1, 1, 7, 6, 0, 7, 2, 2, 4, 0, 0, 5, 4, 1, 5, 5, 6, 6, 7, 5, 5, 3, 1, 0, 6, 6, 3, 0, 1, 0, 0, 0, 0, 0, 0, 0, 0, 4, 2, 4, 4, 1, 2, 4, 3, 3, 3, 3, 3, 1, 3, 2, 2, 2, 1, 1, 1, 5, 2]";"[2, 4, 1, 1, 7, 4, 0, 7, 3, 3, 5, 0, 0, 6, 5, 1, 6, 6, 4, 4, 7, 6, 6, 2, 1, 0, 4, 4, 2, 0, 1, 0, 0, 0, 0, 0, 0, 0, 0, 5, 3, 5, 5, 1, 3, 5, 2, 2, 2, 2, 2, 1, 2, 3, 3, 3, 1, 1, 1, 6, 3]"
15;3;"aucs";"scml";2;0.3492;0.3529;0.3465;0.339;"{'53': 0.22142857142857142, '51': 0.30952380952380953, '49': 0.45238095238095233, '50': 0.21428571428571427, '24': 0.30952380952380953, '29': 0.41233766233766234, '48': 0.30952380952380953, '47': 0.3872180451127819}";"{'53': 0.2532467532467533, '51': 0.30952380952380953, '49': 0.3571428571428571, '50': 0.07142857142857142, '24': 0.34285714285714286, '29': 0.40476190476190477, '48': 0.22142857142857142, '47': 0.39642857142857146}";"{'53': 0.27976190476190477, '51': 0.30952380952380953, '49': 0.45238095238095233, '50': 0.21428571428571427, '24': 0.30952380952380953, '29': 0.41233766233766234, '48': 0.30952380952380953, '47': 0.3872180451127819}";"{'53': 0.27976190476190477, '51': 0.30952380952380953, '49': 0.5357142857142857, '50': 0.4017857142857143, '24': 0.34285714285714286, '29': 0.4192546583850931, '48': 0.34285714285714286, '47': 0.3872180451127819}";0.0;0.0555555555555555;0.0;0.0555555555555555;0.912972507486858;0.9601506359758676;0.912972507486858;0.9464353274139866;0.9742767326878776;0.9464353274139866;0.9196559613660216;0.9537698874737036;0.9196559613660216;0.9503160041372144;0.9680151421846804;0.9503160041372144;0.0046;0.0373;0.0077;"['53', '51', '49', '50', '24', '29', '48', '47']";"{'1': [('interA', ('35', '47')), ('intraA', ('29', '48'))], '2': [('interD', ('19', '29')), ('intraD', ('24', '47'))], '3': [('intraA', ('49', '50')), ('intraA', ('29', '51'))], '4': [('interA', ('14', '47')), ('interA', ('53', '60'))], '5': [('interA', ('14', '24')), ('intraA', ('48', '50'))]}";"{'1': [('interA', ('38', '53')), ('interA', ('32', '53'))], '2': [('intraD', ('29', '51')), ('intraD', ('48', '51'))], '3': [('interA', ('38', '53')), ('interA', ('32', '53'))], '4': [('interA', ('38', '53')), ('interA', ('32', '53'))], '5': [('intraD', ('51', '53')), ('intraD', ('29', '53'))]}";"{'1': [('interA', ('18', '50')), ('interA', ('50', '56'))], '2': [('interA', ('39', '48')), ('interA', ('24', '30'))], '3': [('interA', ('53', '59')), ('interA', ('19', '49'))], '4': [('interA', ('1', '53')), ('interA', ('49', '61'))], '5': [('interA', ('37', '50')), ('interA', ('12', '29'))]}";"[['38', '32', '12', '37', '13', '34', '30', '36', '33', '35', '39', '26', '7'], ['44', '59', '4', '16', '1', '52', '31', '25', '57', '58', '3'], ['53', '51', '49', '50', '24', '60', '29', '48', '47'], ['61', '45', '55', '10', '9', '41', '54', '56'], ['42', '2', '43', '15', '40', '11', '46'], ['28', '20', '19', '27', '6'], ['14', '22', '23', '17', '18'], ['8', '5', '21']]";"[['38', '32', '12', '37', '13', '34', '30', '36', '33', '35', '39', '26', '7'], ['44', '59', '4', '16', '1', '52', '31', '25', '57', '58', '2', '3'], ['61', '45', '55', '10', '9', '41', '54', '56'], ['53', '51', '49', '50', '24', '29', '48', '47'], ['42', '43', '15', '40', '11', '46'], ['14', '22', '23', '17', '60', '18'], ['28', '20', '19', '27', '6'], ['8', '5', '21']]";"[['38', '32', '12', '37', '13', '34', '30', '36', '33', '35', '39', '26', '7'], ['44', '59', '4', '16', '52', '31', '25', '57', '58', '60', '3'], ['53', '51', '1', '49', '50', '24', '29', '48', '47'], ['61', '45', '55', '10', '9', '41', '54', '56'], ['42', '2', '43', '15', '40', '11', '46'], ['28', '20', '19', '27', '6'], ['14', '22', '23', '17', '18'], ['8', '5', '21']]";"[0, 0, 0, 0, 7, 5, 1, 7, 2, 2, 4, 1, 1, 6, 4, 0, 6, 6, 5, 5, 7, 6, 6, 3, 0, 1, 5, 5, 3, 1, 0, 1, 1, 1, 1, 1, 1, 1, 1, 4, 2, 4, 4, 0, 2, 4, 3, 3, 3, 3, 3, 0, 3, 2, 2, 2, 0, 0, 0, 0, 2]";"[1, 4, 1, 1, 7, 5, 0, 7, 3, 3, 4, 0, 0, 6, 4, 1, 6, 6, 5, 5, 7, 6, 6, 2, 1, 0, 5, 5, 2, 0, 1, 0, 0, 0, 0, 0, 0, 0, 0, 4, 3, 4, 4, 1, 3, 4, 2, 2, 2, 2, 2, 1, 2, 3, 3, 3, 1, 1, 1, 2, 3]";"[1, 1, 1, 1, 7, 6, 0, 7, 2, 2, 4, 0, 0, 5, 4, 1, 5, 5, 6, 6, 7, 5, 5, 3, 1, 0, 6, 6, 3, 0, 1, 0, 0, 0, 0, 0, 0, 0, 0, 4, 2, 4, 4, 1, 2, 4, 3, 3, 3, 3, 3, 1, 3, 2, 2, 2, 1, 1, 1, 5, 2]";"[2, 4, 1, 1, 7, 5, 0, 7, 3, 3, 4, 0, 0, 6, 4, 1, 6, 6, 5, 5, 7, 6, 6, 2, 1, 0, 5, 5, 2, 0, 1, 0, 0, 0, 0, 0, 0, 0, 0, 4, 3, 4, 4, 1, 3, 4, 2, 2, 2, 2, 2, 1, 2, 3, 3, 3, 1, 1, 1, 1, 3]"
16;3;"aucs";"scml";2;0.3492;0.3527;0.3459;0.3368;"{'53': 0.22142857142857142, '51': 0.30952380952380953, '49': 0.45238095238095233, '50': 0.21428571428571427, '24': 0.30952380952380953, '29': 0.41233766233766234, '48': 0.30952380952380953, '47': 0.3872180451127819}";"{'53': 0.27976190476190477, '51': 0.30952380952380953, '49': 0.30952380952380953, '50': 0.14285714285714285, '24': 0.22142857142857142, '29': 0.41233766233766234, '48': 0.30952380952380953, '47': 0.3872180451127819}";"{'53': 0.27976190476190477, '51': 0.30952380952380953, '49': 0.45238095238095233, '50': 0.21428571428571427, '24': 0.30952380952380953, '29': 0.41233766233766234, '48': 0.30952380952380953, '47': 0.3872180451127819}";"{'53': 0.2532467532467533, '51': 0.30952380952380953, '49': 0.5357142857142857, '50': 0.4017857142857143, '24': 0.34285714285714286, '29': 0.4192546583850931, '48': 0.34285714285714286, '47': 0.3872180451127819}";0.0;0.0;0.0;0.0;0.9196165572838612;1.0;1.0;0.9483283911785468;1.0;1.0;0.9066797329381584;1.0;1.0;0.9357872079441542;1.0;1.0;0.0071;0.0344;0.0071;"['53', '51', '49', '50', '24', '29', '48', '47']";"{'1': [('intraA', ('49', '50')), ('intraD', ('29', '50'))], '2': [('intraA', ('24', '49')), ('intraA', ('29', '53'))], '3': [('interA', ('11', '53')), ('interA', ('27', '49'))], '4': [('interA', ('53', '54')), ('interA', ('11', '53'))], '5': [('interD', ('51', '52')), ('intraA', ('50', '51'))]}";"{'1': [('interA', ('38', '53')), ('interA', ('32', '53'))], '2': [('intraD', ('29', '51')), ('intraD', ('48', '51'))], '3': [('interA', ('38', '53')), ('interA', ('32', '53'))], '4': [('interA', ('38', '53')), ('interA', ('32', '53'))], '5': [('intraD', ('51', '53')), ('intraD', ('29', '53'))]}";"{'1': [('interA', ('36', '50')), ('interA', ('33', '50'))], '2': [('interA', ('48', '54')), ('interA', ('22', '24'))], '3': [('interA', ('52', '53')), ('interA', ('23', '49'))], '4': [('interA', ('30', '53')), ('interA', ('49', '57'))], '5': [('interA', ('27', '50')), ('interA', ('29', '33'))]}";"[['38', '32', '12', '37', '13', '34', '30', '36', '33', '35', '39', '26', '7'], ['44', '59', '4', '16', '1', '52', '31', '25', '57', '58', '3'], ['61', '45', '55', '10', '9', '41', '54', '56'], ['53', '51', '49', '50', '24', '29', '48', '47'], ['42', '2', '43', '15', '40', '11', '46'], ['14', '22', '23', '17', '60', '18'], ['28', '20', '19', '27', '6'], ['8', '5', '21']]";"[['44', '59', '4', '16', '1', '52', '31', '25', '57', '58', '2', '60', '3'], ['38', '32', '12', '37', '13', '34', '30', '36', '33', '35', '39', '26', '7'], ['61', '45', '55', '10', '9', '41', '54', '56'], ['53', '51', '49', '50', '24', '29', '48', '47'], ['42', '43', '15', '40', '11', '46'], ['28', '20', '19', '27', '6'], ['14', '22', '23', '17', '18'], ['8', '5', '21']]";"[['44', '59', '4', '16', '1', '52', '31', '25', '57', '58', '2', '60', '3'], ['38', '32', '12', '37', '13', '34', '30', '36', '33', '35', '39', '26', '7'], ['61', '45', '55', '10', '9', '41', '54', '56'], ['53', '51', '49', '50', '24', '29', '48', '47'], ['42', '43', '15', '40', '11', '46'], ['28', '20', '19', '27', '6'], ['14', '22', '23', '17', '18'], ['8', '5', '21']]";"[0, 0, 0, 0, 7, 5, 1, 7, 2, 2, 4, 1, 1, 6, 4, 0, 6, 6, 5, 5, 7, 6, 6, 3, 0, 1, 5, 5, 3, 1, 0, 1, 1, 1, 1, 1, 1, 1, 1, 4, 2, 4, 4, 0, 2, 4, 3, 3, 3, 3, 3, 0, 3, 2, 2, 2, 0, 0, 0, 0, 2]";"[1, 4, 1, 1, 7, 6, 0, 7, 2, 2, 4, 0, 0, 5, 4, 1, 5, 5, 6, 6, 7, 5, 5, 3, 1, 0, 6, 6, 3, 0, 1, 0, 0, 0, 0, 0, 0, 0, 0, 4, 2, 4, 4, 1, 2, 4, 3, 3, 3, 3, 3, 1, 3, 2, 2, 2, 1, 1, 1, 5, 2]";"[0, 0, 0, 0, 7, 5, 1, 7, 2, 2, 4, 1, 1, 6, 4, 0, 6, 6, 5, 5, 7, 6, 6, 3, 0, 1, 5, 5, 3, 1, 0, 1, 1, 1, 1, 1, 1, 1, 1, 4, 2, 4, 4, 0, 2, 4, 3, 3, 3, 3, 3, 0, 3, 2, 2, 2, 0, 0, 0, 0, 2]";"[0, 0, 0, 0, 7, 5, 1, 7, 2, 2, 4, 1, 1, 6, 4, 0, 6, 6, 5, 5, 7, 6, 6, 3, 0, 1, 5, 5, 3, 1, 0, 1, 1, 1, 1, 1, 1, 1, 1, 4, 2, 4, 4, 0, 2, 4, 3, 3, 3, 3, 3, 0, 3, 2, 2, 2, 0, 0, 0, 0, 2]"
17;3;"aucs";"scml";2;0.3492;0.3514;0.3459;0.3399;"{'53': 0.22142857142857142, '51': 0.30952380952380953, '49': 0.45238095238095233, '50': 0.21428571428571427, '24': 0.30952380952380953, '29': 0.41233766233766234, '48': 0.30952380952380953, '47': 0.3872180451127819}";"{'53': 0.22142857142857142, '51': 0.30952380952380953, '49': 0.3571428571428571, '50': 0.21428571428571427, '24': 0.22142857142857142, '29': 0.41233766233766234, '48': 0.30952380952380953, '47': 0.3872180451127819}";"{'53': 0.27976190476190477, '51': 0.30952380952380953, '49': 0.45238095238095233, '50': 0.21428571428571427, '24': 0.30952380952380953, '29': 0.41233766233766234, '48': 0.30952380952380953, '47': 0.3872180451127819}";"{'53': 0.27976190476190477, '51': 0.30952380952380953, '49': 0.5357142857142857, '50': 0.4017857142857143, '24': 0.34285714285714286, '29': 0.4192546583850931, '48': 0.34285714285714286, '47': 0.3872180451127819}";0.0;0.0;0.0;0.0555555555555555;0.9601506359758676;1.0;0.912972507486858;0.9742767326878776;1.0;0.9464353274139866;0.9537698874737036;1.0;0.9196559613660216;0.9680151421846804;1.0;0.9503160041372144;0.0057;0.0339;0.0088;"['53', '51', '49', '50', '24', '29', '48', '47']";"{'1': [('interD', ('31', '47')), ('intraA', ('29', '48'))], '2': [('intraD', ('24', '29')), ('interA', ('25', '47'))], '3': [('intraA', ('24', '49')), ('intraA', ('24', '47'))], '4': [('intraD', ('49', '53')), ('interD', ('29', '57'))], '5': [('interD', ('20', '47')), ('intraD', ('29', '47'))]}";"{'1': [('interA', ('38', '53')), ('interA', ('32', '53'))], '2': [('intraD', ('29', '51')), ('intraD', ('48', '51'))], '3': [('interA', ('38', '53')), ('interA', ('32', '53'))], '4': [('interA', ('38', '53')), ('interA', ('32', '53'))], '5': [('intraD', ('51', '53')), ('intraD', ('29', '53'))]}";"{'1': [('interA', ('12', '50')), ('interA', ('50', '58'))], '2': [('interA', ('44', '48')), ('interA', ('23', '24'))], '3': [('interA', ('27', '53')), ('interA', ('33', '49'))], '4': [('interA', ('1', '53')), ('interA', ('21', '49'))], '5': [('interA', ('45', '50')), ('interA', ('23', '29'))]}";"[['38', '32', '12', '37', '13', '34', '30', '36', '33', '35', '39', '26', '7'], ['44', '59', '4', '16', '1', '52', '31', '25', '57', '58', '2', '3'], ['61', '45', '55', '10', '9', '41', '54', '56'], ['53', '51', '49', '50', '24', '29', '48', '47'], ['42', '43', '15', '40', '11', '46'], ['14', '22', '23', '17', '60', '18'], ['28', '20', '19', '27', '6'], ['8', '5', '21']]";"[['44', '59', '4', '16', '1', '52', '31', '25', '57', '58', '2', '60', '3'], ['38', '32', '12', '37', '13', '34', '30', '36', '33', '35', '39', '26', '7'], ['61', '45', '55', '10', '9', '41', '54', '56'], ['53', '51', '49', '50', '24', '29', '48', '47'], ['42', '43', '15', '40', '11', '46'], ['28', '20', '19', '27', '6'], ['14', '22', '23', '17', '18'], ['8', '5', '21']]";"[['38', '32', '12', '37', '13', '34', '30', '36', '33', '35', '39', '26', '7'], ['44', '59', '4', '16', '52', '31', '25', '57', '58', '60', '3'], ['53', '51', '1', '49', '50', '24', '29', '48', '47'], ['61', '45', '55', '10', '9', '41', '54', '56'], ['42', '2', '43', '15', '40', '11', '46'], ['28', '20', '19', '27', '6'], ['14', '22', '23', '17', '18'], ['8', '5', '21']]";"[0, 0, 0, 0, 7, 5, 1, 7, 2, 2, 4, 1, 1, 6, 4, 0, 6, 6, 5, 5, 7, 6, 6, 3, 0, 1, 5, 5, 3, 1, 0, 1, 1, 1, 1, 1, 1, 1, 1, 4, 2, 4, 4, 0, 2, 4, 3, 3, 3, 3, 3, 0, 3, 2, 2, 2, 0, 0, 0, 0, 2]";"[1, 1, 1, 1, 7, 6, 0, 7, 2, 2, 4, 0, 0, 5, 4, 1, 5, 5, 6, 6, 7, 5, 5, 3, 1, 0, 6, 6, 3, 0, 1, 0, 0, 0, 0, 0, 0, 0, 0, 4, 2, 4, 4, 1, 2, 4, 3, 3, 3, 3, 3, 1, 3, 2, 2, 2, 1, 1, 1, 5, 2]";"[0, 0, 0, 0, 7, 5, 1, 7, 2, 2, 4, 1, 1, 6, 4, 0, 6, 6, 5, 5, 7, 6, 6, 3, 0, 1, 5, 5, 3, 1, 0, 1, 1, 1, 1, 1, 1, 1, 1, 4, 2, 4, 4, 0, 2, 4, 3, 3, 3, 3, 3, 0, 3, 2, 2, 2, 0, 0, 0, 0, 2]";"[2, 4, 1, 1, 7, 5, 0, 7, 3, 3, 4, 0, 0, 6, 4, 1, 6, 6, 5, 5, 7, 6, 6, 2, 1, 0, 5, 5, 2, 0, 1, 0, 0, 0, 0, 0, 0, 0, 0, 4, 3, 4, 4, 1, 3, 4, 2, 2, 2, 2, 2, 1, 2, 3, 3, 3, 1, 1, 1, 1, 3]"
18;3;"aucs";"scml";2;0.3492;0.3488;0.3459;0.3359;"{'53': 0.22142857142857142, '51': 0.30952380952380953, '49': 0.45238095238095233, '50': 0.21428571428571427, '24': 0.30952380952380953, '29': 0.41233766233766234, '48': 0.30952380952380953, '47': 0.3872180451127819}";"{'53': 0.22142857142857142, '51': 0.2532467532467533, '49': 0.3571428571428571, '50': 0.21428571428571427, '24': 0.30952380952380953, '29': 0.40476190476190477, '48': 0.30952380952380953, '47': 0.39642857142857146}";"{'53': 0.27976190476190477, '51': 0.30952380952380953, '49': 0.45238095238095233, '50': 0.21428571428571427, '24': 0.30952380952380953, '29': 0.41233766233766234, '48': 0.30952380952380953, '47': 0.3872180451127819}";"{'53': 0.27976190476190477, '51': 0.30952380952380953, '49': 0.5357142857142857, '50': 0.4017857142857143, '24': 0.34285714285714286, '29': 0.4192546583850931, '48': 0.34285714285714286, '47': 0.3872180451127819}";0.0;0.0;0.0;0.0;1.0;1.0;1.0;1.0;1.0;1.0;1.0;1.0;1.0;1.0;1.0;1.0;0.0049;0.0338;0.0098;"['53', '51', '49', '50', '24', '29', '48', '47']";"{'1': [('intraA', ('48', '51')), ('intraA', ('24', '48'))], '2': [('intraD', ('24', '47')), ('intraA', ('47', '53'))], '3': [('intraA', ('47', '48')), ('interA', ('1', '47'))], '4': [('intraA', ('49', '51')), ('interD', ('29', '6'))], '5': [('interA', ('31', '48')), ('interA', ('38', '51'))]}";"{'1': [('interA', ('38', '53')), ('interA', ('32', '53'))], '2': [('intraD', ('29', '51')), ('intraD', ('48', '51'))], '3': [('interA', ('38', '53')), ('interA', ('32', '53'))], '4': [('interA', ('38', '53')), ('interA', ('32', '53'))], '5': [('intraD', ('51', '53')), ('intraD', ('29', '53'))]}";"{'1': [('interA', ('22', '50')), ('interA', ('36', '50'))], '2': [('interA', ('33', '48')), ('interA', ('24', '61'))], '3': [('interA', ('14', '53')), ('interA', ('49', '61'))], '4': [('interA', ('26', '53')), ('interA', ('43', '49'))], '5': [('interA', ('43', '50')), ('interA', ('12', '29'))]}";"[['44', '59', '4', '16', '1', '52', '31', '25', '57', '58', '2', '60', '3'], ['38', '32', '12', '37', '13', '34', '30', '36', '33', '35', '39', '26', '7'], ['61', '45', '55', '10', '9', '41', '54', '56'], ['53', '51', '49', '50', '24', '29', '48', '47'], ['42', '43', '15', '40', '11', '46'], ['28', '20', '19', '27', '6'], ['14', '22', '23', '17', '18'], ['8', '5', '21']]";"[['44', '59', '4', '16', '1', '52', '31', '25', '57', '58', '2', '60', '3'], ['38', '32', '12', '37', '13', '34', '30', '36', '33', '35', '39', '26', '7'], ['61', '45', '55', '10', '9', '41', '54', '56'], ['53', '51', '49', '50', '24', '29', '48', '47'], ['42', '43', '15', '40', '11', '46'], ['28', '20', '19', '27', '6'], ['14', '22', '23', '17', '18'], ['8', '5', '21']]";"[['44', '59', '4', '16', '1', '52', '31', '25', '57', '58', '2', '60', '3'], ['38', '32', '12', '37', '13', '34', '30', '36', '33', '35', '39', '26', '7'], ['61', '45', '55', '10', '9', '41', '54', '56'], ['53', '51', '49', '50', '24', '29', '48', '47'], ['42', '43', '15', '40', '11', '46'], ['28', '20', '19', '27', '6'], ['14', '22', '23', '17', '18'], ['8', '5', '21']]";"[0, 0, 0, 0, 7, 5, 1, 7, 2, 2, 4, 1, 1, 6, 4, 0, 6, 6, 5, 5, 7, 6, 6, 3, 0, 1, 5, 5, 3, 1, 0, 1, 1, 1, 1, 1, 1, 1, 1, 4, 2, 4, 4, 0, 2, 4, 3, 3, 3, 3, 3, 0, 3, 2, 2, 2, 0, 0, 0, 0, 2]";"[0, 0, 0, 0, 7, 5, 1, 7, 2, 2, 4, 1, 1, 6, 4, 0, 6, 6, 5, 5, 7, 6, 6, 3, 0, 1, 5, 5, 3, 1, 0, 1, 1, 1, 1, 1, 1, 1, 1, 4, 2, 4, 4, 0, 2, 4, 3, 3, 3, 3, 3, 0, 3, 2, 2, 2, 0, 0, 0, 0, 2]";"[0, 0, 0, 0, 7, 5, 1, 7, 2, 2, 4, 1, 1, 6, 4, 0, 6, 6, 5, 5, 7, 6, 6, 3, 0, 1, 5, 5, 3, 1, 0, 1, 1, 1, 1, 1, 1, 1, 1, 4, 2, 4, 4, 0, 2, 4, 3, 3, 3, 3, 3, 0, 3, 2, 2, 2, 0, 0, 0, 0, 2]";"[0, 0, 0, 0, 7, 5, 1, 7, 2, 2, 4, 1, 1, 6, 4, 0, 6, 6, 5, 5, 7, 6, 6, 3, 0, 1, 5, 5, 3, 1, 0, 1, 1, 1, 1, 1, 1, 1, 1, 4, 2, 4, 4, 0, 2, 4, 3, 3, 3, 3, 3, 0, 3, 2, 2, 2, 0, 0, 0, 0, 2]"
19;3;"aucs";"scml";2;0.3492;0.3528;0.3459;0.3372;"{'53': 0.22142857142857142, '51': 0.30952380952380953, '49': 0.45238095238095233, '50': 0.21428571428571427, '24': 0.30952380952380953, '29': 0.41233766233766234, '48': 0.30952380952380953, '47': 0.3872180451127819}";"{'53': 0.18253968253968253, '51': 0.30952380952380953, '49': 0.3571428571428571, '50': 0.14285714285714285, '24': 0.30952380952380953, '29': 0.40476190476190477, '48': 0.30952380952380953, '47': 0.39642857142857146}";"{'53': 0.27976190476190477, '51': 0.30952380952380953, '49': 0.45238095238095233, '50': 0.21428571428571427, '24': 0.30952380952380953, '29': 0.41233766233766234, '48': 0.30952380952380953, '47': 0.3872180451127819}";"{'53': 0.27976190476190477, '51': 0.30952380952380953, '49': 0.5357142857142857, '50': 0.4017857142857143, '24': 0.34285714285714286, '29': 0.4192546583850931, '48': 0.34285714285714286, '47': 0.3872180451127819}";0.0;0.0;0.0;0.0;1.0;1.0;1.0;1.0;1.0;1.0;1.0;1.0;1.0;1.0;1.0;1.0;0.0062;0.0427;0.0087;"['53', '51', '49', '50', '24', '29', '48', '47']";"{'1': [('interD', ('31', '47')), ('interD', ('31', '53'))], '2': [('intraA', ('29', '49')), ('intraD', ('24', '47'))], '3': [('intraA', ('29', '51')), ('interA', ('19', '47'))], '4': [('interD', ('29', '38')), ('intraA', ('49', '50'))], '5': [('interD', ('3', '47')), ('intraD', ('24', '29'))]}";"{'1': [('interA', ('38', '53')), ('interA', ('32', '53'))], '2': [('intraD', ('29', '51')), ('intraD', ('48', '51'))], '3': [('interA', ('38', '53')), ('interA', ('32', '53'))], '4': [('interA', ('38', '53')), ('interA', ('32', '53'))], '5': [('intraD', ('51', '53')), ('intraD', ('29', '53'))]}";"{'1': [('interA', ('20', '50')), ('interA', ('17', '50'))], '2': [('interA', ('46', '48')), ('interA', ('24', '54'))], '3': [('interA', ('53', '6')), ('interA', ('36', '49'))], '4': [('interA', ('21', '53')), ('interA', ('30', '49'))], '5': [('interA', ('23', '50')), ('interA', ('29', '46'))]}";"[['44', '59', '4', '16', '1', '52', '31', '25', '57', '58', '2', '60', '3'], ['38', '32', '12', '37', '13', '34', '30', '36', '33', '35', '39', '26', '7'], ['61', '45', '55', '10', '9', '41', '54', '56'], ['53', '51', '49', '50', '24', '29', '48', '47'], ['42', '43', '15', '40', '11', '46'], ['28', '20', '19', '27', '6'], ['14', '22', '23', '17', '18'], ['8', '5', '21']]";"[['44', '59', '4', '16', '1', '52', '31', '25', '57', '58', '2', '60', '3'], ['38', '32', '12', '37', '13', '34', '30', '36', '33', '35', '39', '26', '7'], ['61', '45', '55', '10', '9', '41', '54', '56'], ['53', '51', '49', '50', '24', '29', '48', '47'], ['42', '43', '15', '40', '11', '46'], ['28', '20', '19', '27', '6'], ['14', '22', '23', '17', '18'], ['8', '5', '21']]";"[['44', '59', '4', '16', '1', '52', '31', '25', '57', '58', '2', '60', '3'], ['38', '32', '12', '37', '13', '34', '30', '36', '33', '35', '39', '26', '7'], ['61', '45', '55', '10', '9', '41', '54', '56'], ['53', '51', '49', '50', '24', '29', '48', '47'], ['42', '43', '15', '40', '11', '46'], ['28', '20', '19', '27', '6'], ['14', '22', '23', '17', '18'], ['8', '5', '21']]";"[0, 0, 0, 0, 7, 5, 1, 7, 2, 2, 4, 1, 1, 6, 4, 0, 6, 6, 5, 5, 7, 6, 6, 3, 0, 1, 5, 5, 3, 1, 0, 1, 1, 1, 1, 1, 1, 1, 1, 4, 2, 4, 4, 0, 2, 4, 3, 3, 3, 3, 3, 0, 3, 2, 2, 2, 0, 0, 0, 0, 2]";"[0, 0, 0, 0, 7, 5, 1, 7, 2, 2, 4, 1, 1, 6, 4, 0, 6, 6, 5, 5, 7, 6, 6, 3, 0, 1, 5, 5, 3, 1, 0, 1, 1, 1, 1, 1, 1, 1, 1, 4, 2, 4, 4, 0, 2, 4, 3, 3, 3, 3, 3, 0, 3, 2, 2, 2, 0, 0, 0, 0, 2]";"[0, 0, 0, 0, 7, 5, 1, 7, 2, 2, 4, 1, 1, 6, 4, 0, 6, 6, 5, 5, 7, 6, 6, 3, 0, 1, 5, 5, 3, 1, 0, 1, 1, 1, 1, 1, 1, 1, 1, 4, 2, 4, 4, 0, 2, 4, 3, 3, 3, 3, 3, 0, 3, 2, 2, 2, 0, 0, 0, 0, 2]";"[0, 0, 0, 0, 7, 5, 1, 7, 2, 2, 4, 1, 1, 6, 4, 0, 6, 6, 5, 5, 7, 6, 6, 3, 0, 1, 5, 5, 3, 1, 0, 1, 1, 1, 1, 1, 1, 1, 1, 4, 2, 4, 4, 0, 2, 4, 3, 3, 3, 3, 3, 0, 3, 2, 2, 2, 0, 0, 0, 0, 2]"
0;4;"aucs";"scml";2;0.3492;0.3316;0.3309;0.3439;"{'43': 0.18333333333333335, '15': 0.4214285714285715, '42': 0.2875, '40': 0.4076923076923077, '11': 0.35, '46': 0.2875}";"{'43': 0.24285714285714285, '15': 0.4214285714285715, '42': 0.2875, '40': 0.4076923076923077, '11': 0.35, '46': 0.3222222222222222}";"{'43': 0.18333333333333335, '15': 0.4214285714285715, '42': 0.3916666666666667, '40': 0.4076923076923077, '11': 0.35, '46': 0.2875}";"{'43': 0.3222222222222222, '15': 0.44375, '42': 0.3222222222222222, '40': 0.4214285714285715, '11': 0.35, '46': 0.2875}";0.0;0.0;0.0714285714285714;0.0714285714285714;0.9541341888267876;0.9578783151326054;0.9196165572838612;0.9725151728618404;0.9735669463265088;0.9483283911785468;0.9499654643777692;0.9690259333935896;0.9269539553431828;0.967166166914786;0.9828554957913984;0.9531384352366146;0.0051;0.0319;0.0074;"['42', '43', '15', '40', '11', '46']";"{'1': [('interD', ('11', '19')), ('intraA', ('40', '43'))], '2': [('interA', ('43', '7')), ('intraA', ('11', '46'))], '3': [('intraA', ('11', '46')), ('intraA', ('43', '46'))], '4': [('interA', ('11', '5')), ('interD', ('15', '18'))], '5': [('interA', ('46', '50')), ('intraD', ('11', '15'))]}";"{'1': [('interA', ('38', '42')), ('interA', ('32', '42'))], '2': [('intraD', ('15', '40')), ('interA', ('38', '42'))], '3': [('interA', ('38', '42')), ('interA', ('32', '42'))], '4': [('interA', ('38', '42')), ('interA', ('32', '42'))], '5': [('interA', ('42', '44')), ('interA', ('42', '59'))]}";"{'1': [('interA', ('17', '42')), ('interA', ('26', '40'))], '2': [('interA', ('40', '44')), ('interA', ('15', '57'))], '3': [('interA', ('15', '48')), ('interA', ('29', '40'))], '4': [('interA', ('2', '42')), ('interA', ('18', '43'))], '5': [('interA', ('32', '43')), ('interA', ('4', '43'))]}";"[['44', '59', '45', '4', '16', '1', '52', '31', '25', '57', '58', '2', '60', '3'], ['38', '32', '12', '37', '13', '34', '30', '36', '33', '35', '39', '26', '7'], ['53', '51', '49', '50', '24', '29', '48', '47'], ['61', '55', '10', '9', '41', '54', '56'], ['42', '43', '15', '40', '11', '46'], ['28', '20', '19', '27', '6'], ['14', '22', '23', '17', '18'], ['8', '5', '21']]";"[['44', '59', '4', '16', '1', '52', '31', '25', '57', '58', '2', '60', '3'], ['32', '12', '37', '34', '13', '30', '36', '33', '35', '39', '26', '7'], ['61', '45', '55', '10', '9', '41', '54', '56'], ['53', '51', '49', '50', '24', '29', '48', '47'], ['38', '42', '43', '15', '40', '11', '46'], ['28', '20', '19', '27', '6'], ['14', '22', '23', '17', '18'], ['8', '5', '21']]";"[['38', '32', '12', '37', '13', '34', '30', '36', '33', '35', '39', '26', '7'], ['44', '59', '4', '16', '1', '52', '31', '25', '57', '58', '3'], ['61', '45', '55', '10', '9', '41', '54', '56'], ['53', '51', '49', '50', '24', '29', '48', '47'], ['42', '2', '43', '15', '40', '11', '46'], ['14', '22', '23', '17', '60', '18'], ['28', '20', '19', '27', '6'], ['8', '5', '21']]";"[0, 0, 0, 0, 7, 5, 1, 7, 2, 2, 4, 1, 1, 6, 4, 0, 6, 6, 5, 5, 7, 6, 6, 3, 0, 1, 5, 5, 3, 1, 0, 1, 1, 1, 1, 1, 1, 1, 1, 4, 2, 4, 4, 0, 2, 4, 3, 3, 3, 3, 3, 0, 3, 2, 2, 2, 0, 0, 0, 0, 2]";"[0, 0, 0, 0, 7, 5, 1, 7, 3, 3, 4, 1, 1, 6, 4, 0, 6, 6, 5, 5, 7, 6, 6, 2, 0, 1, 5, 5, 2, 1, 0, 1, 1, 1, 1, 1, 1, 1, 1, 4, 3, 4, 4, 0, 0, 4, 2, 2, 2, 2, 2, 0, 2, 3, 3, 3, 0, 0, 0, 0, 3]";"[0, 0, 0, 0, 7, 5, 1, 7, 2, 2, 4, 1, 1, 6, 4, 0, 6, 6, 5, 5, 7, 6, 6, 3, 0, 1, 5, 5, 3, 1, 0, 1, 1, 1, 1, 1, 1, 4, 1, 4, 2, 4, 4, 0, 2, 4, 3, 3, 3, 3, 3, 0, 3, 2, 2, 2, 0, 0, 0, 0, 2]";"[1, 4, 1, 1, 7, 6, 0, 7, 2, 2, 4, 0, 0, 5, 4, 1, 5, 5, 6, 6, 7, 5, 5, 3, 1, 0, 6, 6, 3, 0, 1, 0, 0, 0, 0, 0, 0, 0, 0, 4, 2, 4, 4, 1, 2, 4, 3, 3, 3, 3, 3, 1, 3, 2, 2, 2, 1, 1, 1, 5, 2]"
1;4;"aucs";"scml";2;0.3492;0.3473;0.3248;0.3394;"{'43': 0.18333333333333335, '15': 0.4214285714285715, '42': 0.2875, '40': 0.4076923076923077, '11': 0.35, '46': 0.2875}";"{'43': 0.24285714285714285, '15': 0.4214285714285715, '42': 0.3222222222222222, '40': 0.4076923076923077, '11': 0.35, '46': 0.2875}";"{'43': 0.18333333333333335, '15': 0.4214285714285715, '42': 0.3916666666666667, '40': 0.4076923076923077, '11': 0.35, '46': 0.2875}";"{'43': 0.3222222222222222, '15': 0.44375, '42': 0.35, '40': 0.44375, '11': 0.35, '46': 0.2875}";0.0;0.0;0.0714285714285714;0.0714285714285714;1.0;0.9193314777264198;0.9578783151326054;1.0;0.948103781268075;0.9735669463265088;1.0;0.9263159695784962;0.9690259333935896;1.0;0.9529171602021064;0.9828554957913984;0.0056;0.0334;0.0079;"['42', '43', '15', '40', '11', '46']";"{'1': [('interA', ('21', '46')), ('intraA', ('40', '46'))], '2': [('interA', ('15', '32')), ('interA', ('42', '7'))], '3': [('intraA', ('40', '42')), ('interA', ('43', '61'))], '4': [('interD', ('27', '46')), ('interD', ('37', '46'))], '5': [('intraD', ('11', '42')), ('interA', ('43', '61'))]}";"{'1': [('interA', ('38', '42')), ('interA', ('32', '42'))], '2': [('intraD', ('15', '40')), ('interA', ('38', '42'))], '3': [('interA', ('38', '42')), ('interA', ('32', '42'))], '4': [('interA', ('38', '42')), ('interA', ('32', '42'))], '5': [('interA', ('42', '44')), ('interA', ('42', '59'))]}";"{'1': [('interA', ('26', '42')), ('interA', ('18', '40'))], '2': [('interA', ('16', '40')), ('interA', ('15', '61'))], '3': [('interA', ('10', '15')), ('interA', ('39', '40'))], '4': [('interA', ('38', '42')), ('interA', ('43', '6'))], '5': [('interA', ('38', '43')), ('interA', ('25', '43'))]}";"[['44', '59', '4', '16', '1', '52', '31', '25', '57', '58', '2', '60', '3'], ['38', '32', '12', '37', '13', '34', '30', '36', '33', '35', '39', '26', '7'], ['61', '45', '55', '10', '9', '41', '54', '56'], ['53', '51', '49', '50', '24', '29', '48', '47'], ['42', '43', '15', '40', '11', '46'], ['28', '20', '19', '27', '6'], ['14', '22', '23', '17', '18'], ['8', '5', '21']]";"[['44', '59', '4', '16', '1', '14', '31', '52', '25', '57', '58', '2', '60', '3'], ['32', '12', '37', '34', '13', '30', '36', '33', '35', '39', '26', '7'], ['61', '45', '55', '10', '9', '41', '54', '56'], ['53', '51', '49', '50', '24', '29', '48', '47'], ['38', '42', '43', '15', '40', '11', '46'], ['28', '20', '19', '27', '6'], ['17', '22', '23', '18'], ['8', '5', '21']]";"[['38', '32', '12', '37', '13', '34', '30', '36', '33', '35', '39', '26', '7'], ['44', '59', '4', '16', '1', '52', '31', '25', '57', '58', '60', '3'], ['61', '45', '55', '10', '9', '41', '54', '56'], ['53', '51', '49', '50', '24', '29', '48', '47'], ['42', '2', '43', '15', '40', '11', '46'], ['28', '20', '19', '27', '6'], ['14', '22', '23', '17', '18'], ['8', '5', '21']]";"[0, 0, 0, 0, 7, 5, 1, 7, 2, 2, 4, 1, 1, 6, 4, 0, 6, 6, 5, 5, 7, 6, 6, 3, 0, 1, 5, 5, 3, 1, 0, 1, 1, 1, 1, 1, 1, 1, 1, 4, 2, 4, 4, 0, 2, 4, 3, 3, 3, 3, 3, 0, 3, 2, 2, 2, 0, 0, 0, 0, 2]";"[0, 0, 0, 0, 7, 5, 1, 7, 2, 2, 4, 1, 1, 6, 4, 0, 6, 6, 5, 5, 7, 6, 6, 3, 0, 1, 5, 5, 3, 1, 0, 1, 1, 1, 1, 1, 1, 1, 1, 4, 2, 4, 4, 0, 2, 4, 3, 3, 3, 3, 3, 0, 3, 2, 2, 2, 0, 0, 0, 0, 2]";"[0, 0, 0, 0, 7, 5, 1, 7, 2, 2, 4, 1, 1, 0, 4, 0, 6, 6, 5, 5, 7, 6, 6, 3, 0, 1, 5, 5, 3, 1, 0, 1, 1, 1, 1, 1, 1, 4, 1, 4, 2, 4, 4, 0, 2, 4, 3, 3, 3, 3, 3, 0, 3, 2, 2, 2, 0, 0, 0, 0, 2]";"[1, 4, 1, 1, 7, 5, 0, 7, 2, 2, 4, 0, 0, 6, 4, 1, 6, 6, 5, 5, 7, 6, 6, 3, 1, 0, 5, 5, 3, 0, 1, 0, 0, 0, 0, 0, 0, 0, 0, 4, 2, 4, 4, 1, 2, 4, 3, 3, 3, 3, 3, 1, 3, 2, 2, 2, 1, 1, 1, 1, 2]"
2;4;"aucs";"scml";2;0.3492;0.348;0.3298;0.3316;"{'43': 0.18333333333333335, '15': 0.4214285714285715, '42': 0.2875, '40': 0.4076923076923077, '11': 0.35, '46': 0.2875}";"{'43': 0.18333333333333335, '15': 0.4214285714285715, '42': 0.2875, '40': 0.4214285714285715, '11': 0.3916666666666667, '46': 0.2875}";"{'43': 0.18333333333333335, '15': 0.4214285714285715, '42': 0.3916666666666667, '40': 0.4076923076923077, '11': 0.35, '46': 0.2875}";"{'43': 0.3222222222222222, '15': 0.43333333333333335, '42': 0.35, '40': 0.4214285714285715, '11': 0.35, '46': 0.2875}";0.0;0.125;0.0714285714285714;0.1666666666666666;0.93248177504103;0.8779569259738731;0.8471138645039394;0.9506665640432465;0.922926710372076;0.9210986382565072;0.9558865929841422;0.8811207471647765;0.8753872110981172;0.9641410226957792;0.9232614309326814;0.9358798347052728;0.0051;0.0326;0.0076;"['42', '43', '15', '40', '11', '46']";"{'1': [('interA', ('20', '40')), ('intraA', ('40', '43'))], '2': [('intraD', ('15', '40')), ('interD', ('15', '3'))], '3': [('intraD', ('15', '40')), ('interA', ('11', '47'))], '4': [('interA', ('11', '16')), ('intraA', ('15', '42'))], '5': [('interD', ('15', '37')), ('intraD', ('11', '40'))]}";"{'1': [('interA', ('38', '42')), ('interA', ('32', '42'))], '2': [('intraD', ('15', '40')), ('interA', ('38', '42'))], '3': [('interA', ('38', '42')), ('interA', ('32', '42'))], '4': [('interA', ('38', '42')), ('interA', ('32', '42'))], '5': [('interA', ('42', '44')), ('interA', ('42', '59'))]}";"{'1': [('interA', ('42', '60')), ('interA', ('29', '40'))], '2': [('interA', ('2', '40')), ('interA', ('15', '32'))], '3': [('interA', ('15', '56')), ('interA', ('40', '47'))], '4': [('interA', ('26', '42')), ('interA', ('43', '48'))], '5': [('interA', ('29', '43')), ('interA', ('43', '59'))]}";"[['38', '32', '12', '37', '13', '34', '30', '36', '33', '35', '39', '26', '7'], ['44', '59', '4', '16', '1', '52', '31', '25', '57', '58', '60', '3'], ['42', '27', '2', '43', '15', '40', '11', '46'], ['61', '45', '55', '10', '9', '41', '54', '56'], ['53', '51', '49', '50', '24', '29', '48', '47'], ['14', '22', '23', '17', '18'], ['20', '6', '19', '28'], ['8', '5', '21']]";"[['32', '12', '37', '34', '13', '30', '36', '33', '35', '39', '26', '7'], ['44', '59', '4', '16', '1', '52', '31', '25', '57', '58', '3'], ['61', '45', '55', '10', '9', '41', '54', '56'], ['53', '51', '49', '50', '24', '29', '48', '47'], ['38', '42', '43', '15', '40', '11', '46'], ['28', '20', '27', '19', '2', '6'], ['14', '22', '23', '17', '60', '18'], ['8', '5', '21']]";"[['38', '32', '12', '37', '13', '34', '30', '36', '33', '35', '39', '26', '7'], ['44', '59', '45', '4', '16', '52', '31', '25', '57', '58', '3'], ['42', '1', '2', '43', '15', '60', '40', '11', '46'], ['53', '51', '49', '50', '24', '29', '48', '47'], ['61', '55', '10', '9', '41', '54', '56'], ['28', '20', '19', '27', '6'], ['14', '22', '23', '17', '18'], ['8', '5', '21']]";"[0, 0, 0, 0, 7, 5, 1, 7, 2, 2, 4, 1, 1, 6, 4, 0, 6, 6, 5, 5, 7, 6, 6, 3, 0, 1, 5, 5, 3, 1, 0, 1, 1, 1, 1, 1, 1, 1, 1, 4, 2, 4, 4, 0, 2, 4, 3, 3, 3, 3, 3, 0, 3, 2, 2, 2, 0, 0, 0, 0, 2]";"[1, 2, 1, 1, 7, 6, 0, 7, 3, 3, 2, 0, 0, 5, 2, 1, 5, 5, 6, 6, 7, 5, 5, 4, 1, 0, 2, 6, 4, 0, 1, 0, 0, 0, 0, 0, 0, 0, 0, 2, 3, 2, 2, 1, 3, 2, 4, 4, 4, 4, 4, 1, 4, 3, 3, 3, 1, 1, 1, 1, 3]";"[1, 5, 1, 1, 7, 5, 0, 7, 2, 2, 4, 0, 0, 6, 4, 1, 6, 6, 5, 5, 7, 6, 6, 3, 1, 0, 5, 5, 3, 0, 1, 0, 0, 0, 0, 0, 0, 4, 0, 4, 2, 4, 4, 1, 2, 4, 3, 3, 3, 3, 3, 1, 3, 2, 2, 2, 1, 1, 1, 6, 2]";"[2, 2, 1, 1, 7, 5, 0, 7, 4, 4, 2, 0, 0, 6, 2, 1, 6, 6, 5, 5, 7, 6, 6, 3, 1, 0, 5, 5, 3, 0, 1, 0, 0, 0, 0, 0, 0, 0, 0, 2, 4, 2, 2, 1, 1, 2, 3, 3, 3, 3, 3, 1, 3, 4, 4, 4, 1, 1, 1, 2, 4]"
3;4;"aucs";"scml";2;0.3492;0.3505;0.3309;0.3232;"{'43': 0.18333333333333335, '15': 0.4214285714285715, '42': 0.2875, '40': 0.4076923076923077, '11': 0.35, '46': 0.2875}";"{'43': 0.24285714285714285, '15': 0.4214285714285715, '42': 0.2875, '40': 0.4076923076923077, '11': 0.3727272727272727, '46': 0.2875}";"{'43': 0.18333333333333335, '15': 0.4214285714285715, '42': 0.3916666666666667, '40': 0.4076923076923077, '11': 0.35, '46': 0.2875}";"{'43': 0.3222222222222222, '15': 0.44375, '42': 0.35, '40': 0.44375, '11': 0.35, '46': 0.2875}";0.0;0.0714285714285714;0.0714285714285714;0.0714285714285714;0.9578783151326054;0.9578783151326054;0.9141466012400624;0.9735669463265088;0.9735669463265088;0.9464283048098956;0.9690259333935896;0.9690259333935896;0.9206833277336988;0.9828554957913984;0.9828554957913984;0.9509309593226984;0.0053;0.0315;0.0076;"['42', '43', '15', '40', '11', '46']";"{'1': [('interD', ('15', '20')), ('interD', ('20', '46'))], '2': [('intraD', ('15', '40')), ('interD', ('15', '20'))], '3': [('intraA', ('42', '43')), ('intraD', ('15', '40'))], '4': [('interA', ('11', '53')), ('interA', ('28', '46'))], '5': [('interD', ('20', '46')), ('interA', ('43', '8'))]}";"{'1': [('interA', ('38', '42')), ('interA', ('32', '42'))], '2': [('intraD', ('15', '40')), ('interA', ('38', '42'))], '3': [('interA', ('38', '42')), ('interA', ('32', '42'))], '4': [('interA', ('38', '42')), ('interA', ('32', '42'))], '5': [('interA', ('42', '44')), ('interA', ('42', '59'))]}";"{'1': [('interA', ('14', '42')), ('interA', ('40', '50'))], '2': [('interA', ('40', '9')), ('interA', ('15', '30'))], '3': [('interA', ('15', '60')), ('interA', ('40', '7'))], '4': [('interA', ('25', '42')), ('interA', ('24', '43'))], '5': [('interA', ('30', '43')), ('interA', ('29', '43'))]}";"[['38', '32', '12', '37', '13', '34', '30', '36', '33', '35', '39', '26', '7'], ['44', '59', '4', '16', '1', '52', '31', '25', '57', '58', '60', '3'], ['61', '45', '55', '10', '9', '41', '54', '56'], ['53', '51', '49', '50', '24', '29', '48', '47'], ['42', '2', '43', '15', '40', '11', '46'], ['28', '20', '19', '27', '6'], ['14', '22', '23', '17', '18'], ['8', '5', '21']]";"[['44', '59', '4', '16', '1', '52', '31', '25', '57', '58', '2', '60', '3'], ['32', '12', '37', '34', '13', '30', '36', '33', '35', '39', '26', '7'], ['61', '45', '55', '10', '9', '41', '54', '56'], ['53', '51', '49', '50', '24', '29', '48', '47'], ['38', '42', '43', '15', '40', '11', '46'], ['28', '20', '19', '27', '6'], ['14', '22', '23', '17', '18'], ['8', '5', '21']]";"[['44', '59', '45', '4', '16', '1', '52', '31', '25', '57', '58', '2', '3'], ['38', '32', '12', '37', '13', '34', '30', '36', '33', '35', '39', '26', '7'], ['53', '51', '49', '50', '24', '29', '48', '47'], ['61', '55', '10', '9', '41', '54', '56'], ['42', '43', '15', '60', '40', '11', '46'], ['28', '20', '19', '27', '6'], ['14', '22', '23', '17', '18'], ['8', '5', '21']]";"[0, 0, 0, 0, 7, 5, 1, 7, 2, 2, 4, 1, 1, 6, 4, 0, 6, 6, 5, 5, 7, 6, 6, 3, 0, 1, 5, 5, 3, 1, 0, 1, 1, 1, 1, 1, 1, 1, 1, 4, 2, 4, 4, 0, 2, 4, 3, 3, 3, 3, 3, 0, 3, 2, 2, 2, 0, 0, 0, 0, 2]";"[1, 4, 1, 1, 7, 5, 0, 7, 2, 2, 4, 0, 0, 6, 4, 1, 6, 6, 5, 5, 7, 6, 6, 3, 1, 0, 5, 5, 3, 0, 1, 0, 0, 0, 0, 0, 0, 0, 0, 4, 2, 4, 4, 1, 2, 4, 3, 3, 3, 3, 3, 1, 3, 2, 2, 2, 1, 1, 1, 1, 2]";"[0, 0, 0, 0, 7, 5, 1, 7, 2, 2, 4, 1, 1, 6, 4, 0, 6, 6, 5, 5, 7, 6, 6, 3, 0, 1, 5, 5, 3, 1, 0, 1, 1, 1, 1, 1, 1, 4, 1, 4, 2, 4, 4, 0, 2, 4, 3, 3, 3, 3, 3, 0, 3, 2, 2, 2, 0, 0, 0, 0, 2]";"[0, 0, 0, 0, 7, 5, 1, 7, 3, 3, 4, 1, 1, 6, 4, 0, 6, 6, 5, 5, 7, 6, 6, 2, 0, 1, 5, 5, 2, 1, 0, 1, 1, 1, 1, 1, 1, 1, 1, 4, 3, 4, 4, 0, 0, 4, 2, 2, 2, 2, 2, 0, 2, 3, 3, 3, 0, 0, 0, 4, 3]"
4;4;"aucs";"scml";2;0.3492;0.3485;0.3297;0.3401;"{'43': 0.18333333333333335, '15': 0.4214285714285715, '42': 0.2875, '40': 0.4076923076923077, '11': 0.35, '46': 0.2875}";"{'43': 0.18333333333333335, '15': 0.43333333333333335, '42': 0.2875, '40': 0.4214285714285715, '11': 0.3727272727272727, '46': 0.3222222222222222}";"{'43': 0.18333333333333335, '15': 0.4214285714285715, '42': 0.3916666666666667, '40': 0.4076923076923077, '11': 0.35, '46': 0.2875}";"{'43': 0.3222222222222222, '15': 0.44375, '42': 0.35, '40': 0.44375, '11': 0.35, '46': 0.2875}";0.0;0.0714285714285714;0.25;0.0714285714285714;0.9578783151326054;0.8913095674370995;0.9578783151326054;0.9735669463265088;0.9114698731692498;0.9735669463265088;0.9690259333935896;0.8995875312732436;0.9690259333935896;0.9828554957913984;0.9167899121053708;0.9828554957913984;0.0052;0.0293;0.0073;"['42', '43', '15', '40', '11', '46']";"{'1': [('intraD', ('43', '46')), ('intraD', ('11', '46'))], '2': [('interA', ('15', '24')), ('interA', ('46', '60'))], '3': [('intraD', ('15', '40')), ('intraA', ('15', '42'))], '4': [('interD', ('35', '40')), ('interA', ('11', '60'))], '5': [('intraD', ('40', '42')), ('interA', ('27', '40'))]}";"{'1': [('interA', ('38', '42')), ('interA', ('32', '42'))], '2': [('intraD', ('15', '40')), ('interA', ('38', '42'))], '3': [('interA', ('38', '42')), ('interA', ('32', '42'))], '4': [('interA', ('38', '42')), ('interA', ('32', '42'))], '5': [('interA', ('42', '44')), ('interA', ('42', '59'))]}";"{'1': [('interA', ('42', '55')), ('interA', ('40', '5'))], '2': [('interA', ('40', '48')), ('interA', ('15', '6'))], '3': [('interA', ('15', '17')), ('interA', ('40', '50'))], '4': [('interA', ('34', '42')), ('interA', ('32', '43'))], '5': [('interA', ('43', '52')), ('interA', ('26', '43'))]}";"[['38', '32', '12', '37', '13', '34', '30', '36', '33', '35', '39', '26', '7'], ['44', '59', '4', '16', '1', '52', '31', '25', '57', '58', '2', '3'], ['61', '45', '55', '10', '9', '41', '54', '56'], ['53', '51', '49', '50', '24', '29', '48', '47'], ['42', '43', '15', '60', '40', '11', '46'], ['28', '20', '19', '27', '6'], ['14', '22', '23', '17', '18'], ['8', '5', '21']]";"[['44', '59', '4', '16', '1', '14', '31', '52', '25', '57', '58', '2', '60', '3'], ['32', '12', '37', '34', '13', '30', '36', '33', '35', '39', '26', '7'], ['61', '45', '55', '10', '9', '41', '54', '56'], ['53', '51', '49', '50', '24', '29', '48', '47'], ['21', '22', '17', '23', '5', '18'], ['28', '20', '19', '27', '6'], ['43', '15', '40', '11', '46'], ['38', '42', '8']]";"[['38', '32', '12', '37', '13', '34', '30', '36', '33', '35', '39', '26', '7'], ['44', '59', '4', '16', '1', '52', '31', '25', '57', '58', '60', '3'], ['61', '45', '55', '10', '9', '41', '54', '56'], ['53', '51', '49', '50', '24', '29', '48', '47'], ['42', '2', '43', '15', '40', '11', '46'], ['28', '20', '19', '27', '6'], ['14', '22', '23', '17', '18'], ['8', '5', '21']]";"[0, 0, 0, 0, 7, 5, 1, 7, 2, 2, 4, 1, 1, 6, 4, 0, 6, 6, 5, 5, 7, 6, 6, 3, 0, 1, 5, 5, 3, 1, 0, 1, 1, 1, 1, 1, 1, 1, 1, 4, 2, 4, 4, 0, 2, 4, 3, 3, 3, 3, 3, 0, 3, 2, 2, 2, 0, 0, 0, 0, 2]";"[1, 1, 1, 1, 7, 5, 0, 7, 2, 2, 4, 0, 0, 6, 4, 1, 6, 6, 5, 5, 7, 6, 6, 3, 1, 0, 5, 5, 3, 0, 1, 0, 0, 0, 0, 0, 0, 0, 0, 4, 2, 4, 4, 1, 2, 4, 3, 3, 3, 3, 3, 1, 3, 2, 2, 2, 1, 1, 1, 4, 2]";"[0, 0, 0, 0, 4, 5, 1, 7, 2, 2, 6, 1, 1, 0, 6, 0, 4, 4, 5, 5, 4, 4, 4, 3, 0, 1, 5, 5, 3, 1, 0, 1, 1, 1, 1, 1, 1, 7, 1, 6, 2, 7, 6, 0, 2, 6, 3, 3, 3, 3, 3, 0, 3, 2, 2, 2, 0, 0, 0, 0, 2]";"[1, 4, 1, 1, 7, 5, 0, 7, 2, 2, 4, 0, 0, 6, 4, 1, 6, 6, 5, 5, 7, 6, 6, 3, 1, 0, 5, 5, 3, 0, 1, 0, 0, 0, 0, 0, 0, 0, 0, 4, 2, 4, 4, 1, 2, 4, 3, 3, 3, 3, 3, 1, 3, 2, 2, 2, 1, 1, 1, 1, 2]"
5;4;"aucs";"scml";2;0.3492;0.3476;0.3309;0.3616;"{'43': 0.18333333333333335, '15': 0.4214285714285715, '42': 0.2875, '40': 0.4076923076923077, '11': 0.35, '46': 0.2875}";"{'43': 0.18333333333333335, '15': 0.44375, '42': 0.2875, '40': 0.4076923076923077, '11': 0.3916666666666667, '46': 0.2875}";"{'43': 0.18333333333333335, '15': 0.4214285714285715, '42': 0.3916666666666667, '40': 0.4076923076923077, '11': 0.35, '46': 0.2875}";"{'43': 0.3222222222222222, '15': 0.43333333333333335, '42': 0.35, '40': 0.44375, '11': 0.35, '46': 0.2875}";0.0;0.0714285714285714;0.0714285714285714;0.0;0.9196165572838612;0.9578783151326054;0.937769997103238;0.9483283911785468;0.9735669463265088;0.96319075798334;0.9269539553431828;0.9690259333935896;0.932105089366602;0.9531384352366146;0.9828554957913984;0.9559849160961732;0.0047;0.0401;0.0069;"['42', '43', '15', '40', '11', '46']";"{'1': [('intraD', ('11', '43')), ('interD', ('11', '20'))], '2': [('interA', ('15', '59')), ('intraA', ('11', '15'))], '3': [('interA', ('11', '7')), ('intraD', ('15', '40'))], '4': [('interA', ('15', '52')), ('intraD', ('11', '42'))], '5': [('interA', ('11', '51')), ('intraD', ('43', '46'))]}";"{'1': [('interA', ('38', '42')), ('interA', ('32', '42'))], '2': [('intraD', ('15', '40')), ('interA', ('38', '42'))], '3': [('interA', ('38', '42')), ('interA', ('32', '42'))], '4': [('interA', ('38', '42')), ('interA', ('32', '42'))], '5': [('interA', ('42', '44')), ('interA', ('42', '59'))]}";"{'1': [('interA', ('20', '42')), ('interA', ('40', '50'))], '2': [('interA', ('40', '61')), ('interA', ('15', '21'))], '3': [('interA', ('15', '20')), ('interA', ('37', '40'))], '4': [('interA', ('42', '45')), ('interA', ('43', '54'))], '5': [('interA', ('43', '48')), ('interA', ('25', '43'))]}";"[['38', '32', '12', '37', '13', '34', '30', '36', '33', '35', '39', '26', '7'], ['44', '59', '4', '16', '1', '52', '31', '25', '57', '58', '3'], ['61', '45', '55', '10', '9', '41', '54', '56'], ['53', '51', '49', '50', '24', '29', '48', '47'], ['42', '2', '43', '15', '40', '11', '46'], ['14', '22', '23', '17', '60', '18'], ['28', '20', '19', '27', '6'], ['8', '5', '21']]";"[['44', '59', '4', '16', '1', '52', '31', '25', '57', '58', '2', '60', '3'], ['32', '12', '37', '34', '13', '30', '36', '33', '35', '39', '26', '7'], ['61', '45', '55', '10', '9', '41', '54', '56'], ['53', '51', '49', '50', '24', '29', '48', '47'], ['38', '42', '43', '15', '40', '11', '46'], ['28', '20', '19', '27', '6'], ['14', '22', '23', '17', '18'], ['8', '5', '21']]";"[['38', '32', '12', '37', '13', '34', '30', '36', '33', '35', '39', '26', '7'], ['44', '59', '4', '16', '1', '52', '31', '25', '57', '58', '60', '3'], ['21', '14', '8', '22', '17', '23', '5', '18'], ['61', '45', '55', '10', '9', '41', '54', '56'], ['53', '51', '49', '50', '24', '29', '48', '47'], ['42', '43', '15', '40', '11', '46'], ['28', '20', '19', '27', '6'], ['2']]";"[0, 0, 0, 0, 7, 5, 1, 7, 2, 2, 4, 1, 1, 6, 4, 0, 6, 6, 5, 5, 7, 6, 6, 3, 0, 1, 5, 5, 3, 1, 0, 1, 1, 1, 1, 1, 1, 1, 1, 4, 2, 4, 4, 0, 2, 4, 3, 3, 3, 3, 3, 0, 3, 2, 2, 2, 0, 0, 0, 0, 2]";"[1, 4, 1, 1, 7, 6, 0, 7, 2, 2, 4, 0, 0, 5, 4, 1, 5, 5, 6, 6, 7, 5, 5, 3, 1, 0, 6, 6, 3, 0, 1, 0, 0, 0, 0, 0, 0, 0, 0, 4, 2, 4, 4, 1, 2, 4, 3, 3, 3, 3, 3, 1, 3, 2, 2, 2, 1, 1, 1, 5, 2]";"[0, 0, 0, 0, 7, 5, 1, 7, 2, 2, 4, 1, 1, 6, 4, 0, 6, 6, 5, 5, 7, 6, 6, 3, 0, 1, 5, 5, 3, 1, 0, 1, 1, 1, 1, 1, 1, 4, 1, 4, 2, 4, 4, 0, 2, 4, 3, 3, 3, 3, 3, 0, 3, 2, 2, 2, 0, 0, 0, 0, 2]";"[1, 7, 1, 1, 2, 6, 0, 2, 3, 3, 5, 0, 0, 2, 5, 1, 2, 2, 6, 6, 2, 2, 2, 4, 1, 0, 6, 6, 4, 0, 1, 0, 0, 0, 0, 0, 0, 0, 0, 5, 3, 5, 5, 1, 3, 5, 4, 4, 4, 4, 4, 1, 4, 3, 3, 3, 1, 1, 1, 1, 3]"
6;4;"aucs";"scml";2;0.3492;0.3353;0.3248;0.3363;"{'43': 0.18333333333333335, '15': 0.4214285714285715, '42': 0.2875, '40': 0.4076923076923077, '11': 0.35, '46': 0.2875}";"{'43': 0.18333333333333335, '15': 0.4076923076923077, '42': 0.3222222222222222, '40': 0.4076923076923077, '11': 0.3222222222222222, '46': 0.2875}";"{'43': 0.18333333333333335, '15': 0.4214285714285715, '42': 0.3916666666666667, '40': 0.4076923076923077, '11': 0.35, '46': 0.2875}";"{'43': 0.3222222222222222, '15': 0.44375, '42': 0.35, '40': 0.44375, '11': 0.35, '46': 0.2875}";0.0;0.0;0.0714285714285714;0.0;0.9541341888267876;0.9193314777264198;1.0;0.9725151728618404;0.948103781268075;1.0;0.9499654643777692;0.9263159695784962;1.0;0.967166166914786;0.9529171602021064;1.0;0.0048;0.0307;0.008;"['42', '43', '15', '40', '11', '46']";"{'1': [('intraA', ('40', '46')), ('intraA', ('40', '43'))], '2': [('interD', ('15', '5')), ('interA', ('23', '42'))], '3': [('intraD', ('15', '40')), ('intraA', ('42', '43'))], '4': [('intraA', ('40', '43')), ('intraD', ('43', '46'))], '5': [('intraD', ('11', '40')), ('interD', ('11', '3'))]}";"{'1': [('interA', ('38', '42')), ('interA', ('32', '42'))], '2': [('intraD', ('15', '40')), ('interA', ('38', '42'))], '3': [('interA', ('38', '42')), ('interA', ('32', '42'))], '4': [('interA', ('38', '42')), ('interA', ('32', '42'))], '5': [('interA', ('42', '44')), ('interA', ('42', '59'))]}";"{'1': [('interA', ('10', '42')), ('interA', ('40', '9'))], '2': [('interA', ('26', '40')), ('interA', ('15', '47'))], '3': [('interA', ('15', '33')), ('interA', ('34', '40'))], '4': [('interA', ('42', '52')), ('interA', ('3', '43'))], '5': [('interA', ('34', '43')), ('interA', ('43', '49'))]}";"[['44', '59', '45', '4', '16', '1', '52', '31', '25', '57', '58', '2', '60', '3'], ['38', '32', '12', '37', '13', '34', '30', '36', '33', '35', '39', '26', '7'], ['53', '51', '49', '50', '24', '29', '48', '47'], ['61', '55', '10', '9', '41', '54', '56'], ['42', '43', '15', '40', '11', '46'], ['28', '20', '19', '27', '6'], ['14', '22', '23', '17', '18'], ['8', '5', '21']]";"[['44', '59', '4', '16', '1', '14', '31', '52', '25', '57', '58', '2', '60', '3'], ['32', '12', '37', '34', '13', '30', '36', '33', '35', '39', '26', '7'], ['61', '45', '55', '10', '9', '41', '54', '56'], ['53', '51', '49', '50', '24', '29', '48', '47'], ['38', '42', '43', '15', '40', '11', '46'], ['28', '20', '19', '27', '6'], ['17', '22', '23', '18'], ['8', '5', '21']]";"[['44', '59', '4', '16', '1', '52', '31', '25', '57', '58', '2', '60', '3'], ['38', '32', '12', '37', '13', '34', '30', '36', '33', '35', '39', '26', '7'], ['61', '45', '55', '10', '9', '41', '54', '56'], ['53', '51', '49', '50', '24', '29', '48', '47'], ['42', '43', '15', '40', '11', '46'], ['28', '20', '19', '27', '6'], ['14', '22', '23', '17', '18'], ['8', '5', '21']]";"[0, 0, 0, 0, 7, 5, 1, 7, 2, 2, 4, 1, 1, 6, 4, 0, 6, 6, 5, 5, 7, 6, 6, 3, 0, 1, 5, 5, 3, 1, 0, 1, 1, 1, 1, 1, 1, 1, 1, 4, 2, 4, 4, 0, 2, 4, 3, 3, 3, 3, 3, 0, 3, 2, 2, 2, 0, 0, 0, 0, 2]";"[0, 0, 0, 0, 7, 5, 1, 7, 3, 3, 4, 1, 1, 6, 4, 0, 6, 6, 5, 5, 7, 6, 6, 2, 0, 1, 5, 5, 2, 1, 0, 1, 1, 1, 1, 1, 1, 1, 1, 4, 3, 4, 4, 0, 0, 4, 2, 2, 2, 2, 2, 0, 2, 3, 3, 3, 0, 0, 0, 0, 3]";"[0, 0, 0, 0, 7, 5, 1, 7, 2, 2, 4, 1, 1, 0, 4, 0, 6, 6, 5, 5, 7, 6, 6, 3, 0, 1, 5, 5, 3, 1, 0, 1, 1, 1, 1, 1, 1, 4, 1, 4, 2, 4, 4, 0, 2, 4, 3, 3, 3, 3, 3, 0, 3, 2, 2, 2, 0, 0, 0, 0, 2]";"[0, 0, 0, 0, 7, 5, 1, 7, 2, 2, 4, 1, 1, 6, 4, 0, 6, 6, 5, 5, 7, 6, 6, 3, 0, 1, 5, 5, 3, 1, 0, 1, 1, 1, 1, 1, 1, 1, 1, 4, 2, 4, 4, 0, 2, 4, 3, 3, 3, 3, 3, 0, 3, 2, 2, 2, 0, 0, 0, 0, 2]"
7;4;"aucs";"scml";2;0.3492;0.3487;0.3166;0.3385;"{'43': 0.18333333333333335, '15': 0.4214285714285715, '42': 0.2875, '40': 0.4076923076923077, '11': 0.35, '46': 0.2875}";"{'43': 0.24285714285714285, '15': 0.4214285714285715, '42': 0.2875, '40': 0.3916666666666667, '11': 0.35, '46': 0.2875}";"{'43': 0.18333333333333335, '15': 0.4214285714285715, '42': 0.3916666666666667, '40': 0.4076923076923077, '11': 0.35, '46': 0.2875}";"{'43': 0.3222222222222222, '15': 0.44375, '42': 0.35, '40': 0.43333333333333335, '11': 0.35, '46': 0.2875}";0.0;0.0;0.0714285714285714;0.0;1.0;0.8732036542804352;1.0;1.0;0.9209020252259672;1.0;1.0;0.8756650211934623;1.0;1.0;0.9208814293078924;1.0;0.005;0.0306;0.0065;"['42', '43', '15', '40', '11', '46']";"{'1': [('interA', ('13', '43')), ('interD', ('20', '46'))], '2': [('interD', ('40', '45')), ('interD', ('10', '40'))], '3': [('intraA', ('11', '40')), ('intraA', ('40', '46'))], '4': [('intraD', ('42', '43')), ('interD', ('11', '27'))], '5': [('intraD', ('15', '46')), ('intraD', ('42', '46'))]}";"{'1': [('interA', ('38', '42')), ('interA', ('32', '42'))], '2': [('intraD', ('15', '40')), ('interA', ('38', '42'))], '3': [('interA', ('38', '42')), ('interA', ('32', '42'))], '4': [('interA', ('38', '42')), ('interA', ('32', '42'))], '5': [('interA', ('42', '44')), ('interA', ('42', '59'))]}";"{'1': [('interA', ('42', '52')), ('interA', ('10', '40'))], '2': [('interA', ('13', '40')), ('interA', ('15', '44'))], '3': [('interA', ('15', '53')), ('interA', ('16', '40'))], '4': [('interA', ('42', '48')), ('interA', ('43', '54'))], '5': [('interA', ('20', '43')), ('interA', ('29', '43'))]}";"[['44', '59', '4', '16', '1', '52', '31', '25', '57', '58', '2', '60', '3'], ['38', '32', '12', '37', '13', '34', '30', '36', '33', '35', '39', '26', '7'], ['61', '45', '55', '10', '9', '41', '54', '56'], ['53', '51', '49', '50', '24', '29', '48', '47'], ['42', '43', '15', '40', '11', '46'], ['28', '20', '19', '27', '6'], ['14', '22', '23', '17', '18'], ['8', '5', '21']]";"[['44', '59', '45', '4', '16', '1', '52', '31', '25', '57', '58', '2', '3'], ['32', '12', '37', '34', '13', '30', '36', '33', '35', '39', '26', '7'], ['53', '51', '49', '50', '24', '29', '48', '47'], ['61', '55', '10', '9', '41', '54', '56'], ['38', '42', '43', '15', '40', '11', '46'], ['14', '22', '23', '17', '60', '18'], ['28', '20', '19', '27', '6'], ['8', '5', '21']]";"[['44', '59', '4', '16', '1', '52', '31', '25', '57', '58', '2', '60', '3'], ['38', '32', '12', '37', '13', '34', '30', '36', '33', '35', '39', '26', '7'], ['61', '45', '55', '10', '9', '41', '54', '56'], ['53', '51', '49', '50', '24', '29', '48', '47'], ['42', '43', '15', '40', '11', '46'], ['28', '20', '19', '27', '6'], ['14', '22', '23', '17', '18'], ['8', '5', '21']]";"[0, 0, 0, 0, 7, 5, 1, 7, 2, 2, 4, 1, 1, 6, 4, 0, 6, 6, 5, 5, 7, 6, 6, 3, 0, 1, 5, 5, 3, 1, 0, 1, 1, 1, 1, 1, 1, 1, 1, 4, 2, 4, 4, 0, 2, 4, 3, 3, 3, 3, 3, 0, 3, 2, 2, 2, 0, 0, 0, 0, 2]";"[0, 0, 0, 0, 7, 5, 1, 7, 2, 2, 4, 1, 1, 6, 4, 0, 6, 6, 5, 5, 7, 6, 6, 3, 0, 1, 5, 5, 3, 1, 0, 1, 1, 1, 1, 1, 1, 1, 1, 4, 2, 4, 4, 0, 2, 4, 3, 3, 3, 3, 3, 0, 3, 2, 2, 2, 0, 0, 0, 0, 2]";"[0, 0, 0, 0, 7, 6, 1, 7, 3, 3, 4, 1, 1, 5, 4, 0, 5, 5, 6, 6, 7, 5, 5, 2, 0, 1, 6, 6, 2, 1, 0, 1, 1, 1, 1, 1, 1, 4, 1, 4, 3, 4, 4, 0, 0, 4, 2, 2, 2, 2, 2, 0, 2, 3, 3, 3, 0, 0, 0, 5, 3]";"[0, 0, 0, 0, 7, 5, 1, 7, 2, 2, 4, 1, 1, 6, 4, 0, 6, 6, 5, 5, 7, 6, 6, 3, 0, 1, 5, 5, 3, 1, 0, 1, 1, 1, 1, 1, 1, 1, 1, 4, 2, 4, 4, 0, 2, 4, 3, 3, 3, 3, 3, 0, 3, 2, 2, 2, 0, 0, 0, 0, 2]"
8;4;"aucs";"scml";2;0.3492;0.3535;0.3309;0.3457;"{'43': 0.18333333333333335, '15': 0.4214285714285715, '42': 0.2875, '40': 0.4076923076923077, '11': 0.35, '46': 0.2875}";"{'43': 0.24285714285714285, '15': 0.43333333333333335, '42': 0.2875, '40': 0.4076923076923077, '11': 0.35, '46': 0.2875}";"{'43': 0.18333333333333335, '15': 0.4214285714285715, '42': 0.3916666666666667, '40': 0.4076923076923077, '11': 0.35, '46': 0.2875}";"{'43': 0.2875, '15': 0.44375, '42': 0.3222222222222222, '40': 0.44375, '11': 0.35, '46': 0.2875}";0.0;0.125;0.0714285714285714;0.125;0.9198918501351874;0.9578783151326054;0.9198918501351874;0.958417722262444;0.9735669463265088;0.958417722262444;0.9421943839906576;0.9690259333935896;0.9421943839906576;0.9731269915079837;0.9828554957913984;0.9731269915079837;0.0045;0.0277;0.0068;"['42', '43', '15', '40', '11', '46']";"{'1': [('intraD', ('42', '43')), ('intraA', ('40', '43'))], '2': [('intraA', ('11', '43')), ('intraA', ('42', '43'))], '3': [('intraD', ('15', '40')), ('intraA', ('15', '46'))], '4': [('intraD', ('11', '46')), ('interA', ('1', '15'))], '5': [('interA', ('24', '43')), ('intraD', ('42', '46'))]}";"{'1': [('interA', ('38', '42')), ('interA', ('32', '42'))], '2': [('intraD', ('15', '40')), ('interA', ('38', '42'))], '3': [('interA', ('38', '42')), ('interA', ('32', '42'))], '4': [('interA', ('38', '42')), ('interA', ('32', '42'))], '5': [('interA', ('42', '44')), ('interA', ('42', '59'))]}";"{'1': [('interA', ('2', '42')), ('interA', ('34', '40'))], '2': [('interA', ('23', '40')), ('interA', ('15', '58'))], '3': [('interA', ('15', '44')), ('interA', ('40', '59'))], '4': [('interA', ('1', '42')), ('interA', ('43', '48'))], '5': [('interA', ('43', '48')), ('interA', ('43', '55'))]}";"[['38', '32', '12', '37', '13', '34', '30', '36', '33', '35', '39', '26', '7'], ['44', '59', '4', '16', '52', '31', '25', '57', '58', '60', '3'], ['42', '1', '2', '43', '15', '40', '11', '46'], ['61', '45', '55', '10', '9', '41', '54', '56'], ['53', '51', '49', '50', '24', '29', '48', '47'], ['28', '20', '19', '27', '6'], ['14', '22', '23', '17', '18'], ['8', '5', '21']]";"[['44', '59', '4', '16', '1', '52', '31', '25', '57', '58', '2', '60', '3'], ['32', '12', '37', '34', '13', '30', '36', '33', '35', '39', '26', '7'], ['61', '45', '55', '10', '9', '41', '54', '56'], ['53', '51', '49', '50', '24', '29', '48', '47'], ['38', '42', '43', '15', '40', '11', '46'], ['28', '20', '19', '27', '6'], ['14', '22', '23', '17', '18'], ['8', '5', '21']]";"[['38', '32', '12', '37', '13', '34', '30', '36', '33', '35', '39', '26', '7'], ['44', '59', '4', '16', '52', '31', '25', '57', '58', '60', '3'], ['42', '1', '2', '43', '15', '40', '11', '46'], ['61', '45', '55', '10', '9', '41', '54', '56'], ['53', '51', '49', '50', '24', '29', '48', '47'], ['28', '20', '19', '27', '6'], ['14', '22', '23', '17', '18'], ['8', '5', '21']]";"[0, 0, 0, 0, 7, 5, 1, 7, 2, 2, 4, 1, 1, 6, 4, 0, 6, 6, 5, 5, 7, 6, 6, 3, 0, 1, 5, 5, 3, 1, 0, 1, 1, 1, 1, 1, 1, 1, 1, 4, 2, 4, 4, 0, 2, 4, 3, 3, 3, 3, 3, 0, 3, 2, 2, 2, 0, 0, 0, 0, 2]";"[2, 2, 1, 1, 7, 5, 0, 7, 3, 3, 2, 0, 0, 6, 2, 1, 6, 6, 5, 5, 7, 6, 6, 4, 1, 0, 5, 5, 4, 0, 1, 0, 0, 0, 0, 0, 0, 0, 0, 2, 3, 2, 2, 1, 3, 2, 4, 4, 4, 4, 4, 1, 4, 3, 3, 3, 1, 1, 1, 1, 3]";"[0, 0, 0, 0, 7, 5, 1, 7, 2, 2, 4, 1, 1, 6, 4, 0, 6, 6, 5, 5, 7, 6, 6, 3, 0, 1, 5, 5, 3, 1, 0, 1, 1, 1, 1, 1, 1, 4, 1, 4, 2, 4, 4, 0, 2, 4, 3, 3, 3, 3, 3, 0, 3, 2, 2, 2, 0, 0, 0, 0, 2]";"[2, 2, 1, 1, 7, 5, 0, 7, 3, 3, 2, 0, 0, 6, 2, 1, 6, 6, 5, 5, 7, 6, 6, 4, 1, 0, 5, 5, 4, 0, 1, 0, 0, 0, 0, 0, 0, 0, 0, 2, 3, 2, 2, 1, 3, 2, 4, 4, 4, 4, 4, 1, 4, 3, 3, 3, 1, 1, 1, 1, 3]"
9;4;"aucs";"scml";2;0.3492;0.3317;0.3309;0.3379;"{'43': 0.18333333333333335, '15': 0.4214285714285715, '42': 0.2875, '40': 0.4076923076923077, '11': 0.35, '46': 0.2875}";"{'43': 0.18333333333333335, '15': 0.4214285714285715, '42': 0.3222222222222222, '40': 0.43333333333333335, '11': 0.4076923076923077, '46': 0.2875}";"{'43': 0.18333333333333335, '15': 0.4214285714285715, '42': 0.3916666666666667, '40': 0.4076923076923077, '11': 0.35, '46': 0.2875}";"{'43': 0.3222222222222222, '15': 0.44375, '42': 0.35, '40': 0.44375, '11': 0.35, '46': 0.2875}";0.0;0.0714285714285714;0.0714285714285714;0.0;0.9141466012400624;0.9578783151326054;1.0;0.9464283048098956;0.9735669463265088;1.0;0.9206833277336988;0.9690259333935896;1.0;0.9509309593226984;0.9828554957913984;1.0;0.0045;0.0378;0.008;"['42', '43', '15', '40', '11', '46']";"{'1': [('interA', ('40', '61')), ('interA', ('11', '12'))], '2': [('interA', ('11', '52')), ('interA', ('42', '47'))], '3': [('interA', ('39', '42')), ('intraA', ('40', '42'))], '4': [('interA', ('11', '29')), ('intraD', ('15', '46'))], '5': [('interA', ('21', '40')), ('interD', ('35', '42'))]}";"{'1': [('interA', ('38', '42')), ('interA', ('32', '42'))], '2': [('intraD', ('15', '40')), ('interA', ('38', '42'))], '3': [('interA', ('38', '42')), ('interA', ('32', '42'))], '4': [('interA', ('38', '42')), ('interA', ('32', '42'))], '5': [('interA', ('42', '44')), ('interA', ('42', '59'))]}";"{'1': [('interA', ('10', '42')), ('interA', ('36', '40'))], '2': [('interA', ('40', '55')), ('interA', ('15', '27'))], '3': [('interA', ('15', '25')), ('interA', ('28', '40'))], '4': [('interA', ('38', '42')), ('interA', ('19', '43'))], '5': [('interA', ('43', '55')), ('interA', ('14', '43'))]}";"[['44', '59', '45', '4', '16', '1', '52', '31', '25', '57', '58', '60', '3'], ['38', '32', '12', '37', '13', '34', '30', '36', '33', '35', '39', '26', '7'], ['53', '51', '49', '50', '24', '29', '48', '47'], ['42', '2', '43', '15', '40', '11', '46'], ['61', '55', '10', '9', '41', '54', '56'], ['28', '20', '19', '27', '6'], ['14', '22', '23', '17', '18'], ['8', '5', '21']]";"[['44', '59', '4', '16', '1', '52', '31', '25', '57', '58', '2', '60', '3'], ['32', '12', '37', '34', '13', '30', '36', '33', '35', '39', '26', '7'], ['61', '45', '55', '10', '9', '41', '54', '56'], ['53', '51', '49', '50', '24', '29', '48', '47'], ['38', '42', '43', '15', '40', '11', '46'], ['28', '20', '19', '27', '6'], ['14', '22', '23', '17', '18'], ['8', '5', '21']]";"[['44', '59', '4', '16', '1', '52', '31', '25', '57', '58', '2', '60', '3'], ['38', '32', '12', '37', '13', '34', '30', '36', '33', '35', '39', '26', '7'], ['61', '45', '55', '10', '9', '41', '54', '56'], ['53', '51', '49', '50', '24', '29', '48', '47'], ['42', '43', '15', '40', '11', '46'], ['28', '20', '19', '27', '6'], ['14', '22', '23', '17', '18'], ['8', '5', '21']]";"[0, 0, 0, 0, 7, 5, 1, 7, 2, 2, 4, 1, 1, 6, 4, 0, 6, 6, 5, 5, 7, 6, 6, 3, 0, 1, 5, 5, 3, 1, 0, 1, 1, 1, 1, 1, 1, 1, 1, 4, 2, 4, 4, 0, 2, 4, 3, 3, 3, 3, 3, 0, 3, 2, 2, 2, 0, 0, 0, 0, 2]";"[0, 3, 0, 0, 7, 5, 1, 7, 4, 4, 3, 1, 1, 6, 3, 0, 6, 6, 5, 5, 7, 6, 6, 2, 0, 1, 5, 5, 2, 1, 0, 1, 1, 1, 1, 1, 1, 1, 1, 3, 4, 3, 3, 0, 0, 3, 2, 2, 2, 2, 2, 0, 2, 4, 4, 4, 0, 0, 0, 0, 4]";"[0, 0, 0, 0, 7, 5, 1, 7, 2, 2, 4, 1, 1, 6, 4, 0, 6, 6, 5, 5, 7, 6, 6, 3, 0, 1, 5, 5, 3, 1, 0, 1, 1, 1, 1, 1, 1, 4, 1, 4, 2, 4, 4, 0, 2, 4, 3, 3, 3, 3, 3, 0, 3, 2, 2, 2, 0, 0, 0, 0, 2]";"[0, 0, 0, 0, 7, 5, 1, 7, 2, 2, 4, 1, 1, 6, 4, 0, 6, 6, 5, 5, 7, 6, 6, 3, 0, 1, 5, 5, 3, 1, 0, 1, 1, 1, 1, 1, 1, 1, 1, 4, 2, 4, 4, 0, 2, 4, 3, 3, 3, 3, 3, 0, 3, 2, 2, 2, 0, 0, 0, 0, 2]"
10;4;"aucs";"scml";2;0.3492;0.3292;0.3315;0.3405;"{'43': 0.18333333333333335, '15': 0.4214285714285715, '42': 0.2875, '40': 0.4076923076923077, '11': 0.35, '46': 0.2875}";"{'43': 0.24285714285714285, '15': 0.43333333333333335, '42': 0.2875, '40': 0.43333333333333335, '11': 0.3727272727272727, '46': 0.2875}";"{'43': 0.18333333333333335, '15': 0.4214285714285715, '42': 0.3916666666666667, '40': 0.4076923076923077, '11': 0.35, '46': 0.2875}";"{'43': 0.3222222222222222, '15': 0.44375, '42': 0.35, '40': 0.4214285714285715, '11': 0.35, '46': 0.2875}";0.0;0.0714285714285714;0.0714285714285714;0.0;0.9141466012400624;0.9171099118686182;1.0;0.9464283048098956;0.9480025331291508;1.0;0.9206833277336988;0.9242100261344738;1.0;0.9509309593226984;0.9527532633212606;1.0;0.0061;0.0342;0.008;"['42', '43', '15', '40', '11', '46']";"{'1': [('interA', ('15', '31')), ('interD', ('27', '46'))], '2': [('intraD', ('15', '40')), ('interD', ('15', '3'))], '3': [('interA', ('28', '43')), ('intraA', ('11', '42'))], '4': [('interA', ('30', '40')), ('interD', ('35', '40'))], '5': [('interA', ('40', '60')), ('interA', ('11', '50'))]}";"{'1': [('interA', ('38', '42')), ('interA', ('32', '42'))], '2': [('intraD', ('15', '40')), ('interA', ('38', '42'))], '3': [('interA', ('38', '42')), ('interA', ('32', '42'))], '4': [('interA', ('38', '42')), ('interA', ('32', '42'))], '5': [('interA', ('42', '44')), ('interA', ('42', '59'))]}";"{'1': [('interA', ('42', '48')), ('interA', ('40', '6'))], '2': [('interA', ('40', '41')), ('interA', ('15', '27'))], '3': [('interA', ('15', '4')), ('interA', ('32', '40'))], '4': [('interA', ('24', '42')), ('interA', ('43', '45'))], '5': [('interA', ('43', '6')), ('interA', ('16', '43'))]}";"[['44', '59', '45', '4', '16', '1', '52', '31', '25', '57', '58', '2', '3'], ['38', '32', '12', '37', '13', '34', '30', '36', '33', '35', '39', '26', '7'], ['53', '51', '49', '50', '24', '29', '48', '47'], ['61', '55', '10', '9', '41', '54', '56'], ['42', '43', '15', '60', '40', '11', '46'], ['28', '20', '19', '27', '6'], ['14', '22', '23', '17', '18'], ['8', '5', '21']]";"[['44', '59', '4', '16', '1', '52', '31', '25', '57', '58', '2', '3'], ['32', '12', '37', '34', '13', '30', '36', '33', '35', '39', '26', '7'], ['61', '45', '55', '10', '9', '41', '54', '56'], ['53', '51', '49', '50', '24', '29', '48', '47'], ['38', '42', '43', '15', '40', '11', '46'], ['14', '22', '23', '17', '60', '18'], ['28', '20', '19', '27', '6'], ['8', '5', '21']]";"[['44', '59', '4', '16', '1', '52', '31', '25', '57', '58', '2', '60', '3'], ['38', '32', '12', '37', '13', '34', '30', '36', '33', '35', '39', '26', '7'], ['61', '45', '55', '10', '9', '41', '54', '56'], ['53', '51', '49', '50', '24', '29', '48', '47'], ['42', '43', '15', '40', '11', '46'], ['28', '20', '19', '27', '6'], ['14', '22', '23', '17', '18'], ['8', '5', '21']]";"[0, 0, 0, 0, 7, 5, 1, 7, 2, 2, 4, 1, 1, 6, 4, 0, 6, 6, 5, 5, 7, 6, 6, 3, 0, 1, 5, 5, 3, 1, 0, 1, 1, 1, 1, 1, 1, 1, 1, 4, 2, 4, 4, 0, 2, 4, 3, 3, 3, 3, 3, 0, 3, 2, 2, 2, 0, 0, 0, 0, 2]";"[0, 0, 0, 0, 7, 5, 1, 7, 3, 3, 4, 1, 1, 6, 4, 0, 6, 6, 5, 5, 7, 6, 6, 2, 0, 1, 5, 5, 2, 1, 0, 1, 1, 1, 1, 1, 1, 1, 1, 4, 3, 4, 4, 0, 0, 4, 2, 2, 2, 2, 2, 0, 2, 3, 3, 3, 0, 0, 0, 4, 3]";"[0, 0, 0, 0, 7, 6, 1, 7, 2, 2, 4, 1, 1, 5, 4, 0, 5, 5, 6, 6, 7, 5, 5, 3, 0, 1, 6, 6, 3, 1, 0, 1, 1, 1, 1, 1, 1, 4, 1, 4, 2, 4, 4, 0, 2, 4, 3, 3, 3, 3, 3, 0, 3, 2, 2, 2, 0, 0, 0, 5, 2]";"[0, 0, 0, 0, 7, 5, 1, 7, 2, 2, 4, 1, 1, 6, 4, 0, 6, 6, 5, 5, 7, 6, 6, 3, 0, 1, 5, 5, 3, 1, 0, 1, 1, 1, 1, 1, 1, 1, 1, 4, 2, 4, 4, 0, 2, 4, 3, 3, 3, 3, 3, 0, 3, 2, 2, 2, 0, 0, 0, 0, 2]"
11;4;"aucs";"scml";2;0.3492;0.3373;0.3315;0.344;"{'43': 0.18333333333333335, '15': 0.4214285714285715, '42': 0.2875, '40': 0.4076923076923077, '11': 0.35, '46': 0.2875}";"{'43': 0.18333333333333335, '15': 0.4214285714285715, '42': 0.3222222222222222, '40': 0.4076923076923077, '11': 0.3727272727272727, '46': 0.2875}";"{'43': 0.18333333333333335, '15': 0.4214285714285715, '42': 0.3916666666666667, '40': 0.4076923076923077, '11': 0.35, '46': 0.2875}";"{'43': 0.3222222222222222, '15': 0.44375, '42': 0.35, '40': 0.44375, '11': 0.35, '46': 0.2875}";0.0;0.125;0.0714285714285714;0.1666666666666666;0.8783151326053042;0.9171099118686182;0.8865174926360395;0.9316635314307092;0.9480025331291508;0.9474433163531596;0.8956485076331184;0.9242100261344738;0.9200251323938604;0.9419213094895422;0.9527532633212606;0.9664195725416928;0.0063;0.0324;0.0073;"['42', '43', '15', '40', '11', '46']";"{'1': [('intraA', ('40', '43')), ('interD', ('15', '20'))], '2': [('intraD', ('15', '40')), ('interD', ('15', '19'))], '3': [('interA', ('11', '9')), ('intraA', ('15', '42'))], '4': [('intraD', ('42', '46')), ('intraD', ('15', '40'))], '5': [('interD', ('11', '27')), ('interA', ('42', '60'))]}";"{'1': [('interA', ('38', '42')), ('interA', ('32', '42'))], '2': [('intraD', ('15', '40')), ('interA', ('38', '42'))], '3': [('interA', ('38', '42')), ('interA', ('32', '42'))], '4': [('interA', ('38', '42')), ('interA', ('32', '42'))], '5': [('interA', ('42', '44')), ('interA', ('42', '59'))]}";"{'1': [('interA', ('39', '42')), ('interA', ('24', '40'))], '2': [('interA', ('22', '40')), ('interA', ('15', '47'))], '3': [('interA', ('15', '22')), ('interA', ('40', '60'))], '4': [('interA', ('21', '42')), ('interA', ('37', '43'))], '5': [('interA', ('1', '43')), ('interA', ('14', '43'))]}";"[['38', '32', '12', '37', '13', '34', '30', '36', '33', '35', '39', '26', '7'], ['44', '59', '45', '4', '16', '1', '52', '31', '25', '57', '58', '3'], ['42', '2', '43', '15', '60', '40', '11', '46'], ['53', '51', '49', '50', '24', '29', '48', '47'], ['61', '55', '10', '9', '41', '54', '56'], ['28', '20', '19', '27', '6'], ['14', '22', '23', '17', '18'], ['8', '5', '21']]";"[['44', '59', '4', '16', '1', '52', '31', '25', '57', '58', '2', '3'], ['32', '12', '37', '34', '13', '30', '36', '33', '35', '39', '26', '7'], ['61', '45', '55', '10', '9', '41', '54', '56'], ['53', '51', '49', '50', '24', '29', '48', '47'], ['38', '42', '43', '15', '40', '11', '46'], ['14', '22', '23', '17', '60', '18'], ['28', '20', '19', '27', '6'], ['8', '5', '21']]";"[['38', '32', '12', '37', '13', '34', '30', '36', '33', '35', '39', '26', '7'], ['44', '59', '4', '16', '52', '31', '25', '57', '58', '3'], ['42', '1', '2', '43', '15', '60', '40', '11', '46'], ['61', '45', '55', '10', '9', '41', '54', '56'], ['53', '51', '49', '50', '24', '29', '48', '47'], ['28', '20', '19', '27', '6'], ['14', '22', '23', '17', '18'], ['8', '5', '21']]";"[0, 0, 0, 0, 7, 5, 1, 7, 2, 2, 4, 1, 1, 6, 4, 0, 6, 6, 5, 5, 7, 6, 6, 3, 0, 1, 5, 5, 3, 1, 0, 1, 1, 1, 1, 1, 1, 1, 1, 4, 2, 4, 4, 0, 2, 4, 3, 3, 3, 3, 3, 0, 3, 2, 2, 2, 0, 0, 0, 0, 2]";"[1, 2, 1, 1, 7, 5, 0, 7, 4, 4, 2, 0, 0, 6, 2, 1, 6, 6, 5, 5, 7, 6, 6, 3, 1, 0, 5, 5, 3, 0, 1, 0, 0, 0, 0, 0, 0, 0, 0, 2, 4, 2, 2, 1, 1, 2, 3, 3, 3, 3, 3, 1, 3, 4, 4, 4, 1, 1, 1, 2, 4]";"[0, 0, 0, 0, 7, 6, 1, 7, 2, 2, 4, 1, 1, 5, 4, 0, 5, 5, 6, 6, 7, 5, 5, 3, 0, 1, 6, 6, 3, 1, 0, 1, 1, 1, 1, 1, 1, 4, 1, 4, 2, 4, 4, 0, 2, 4, 3, 3, 3, 3, 3, 0, 3, 2, 2, 2, 0, 0, 0, 5, 2]";"[2, 2, 1, 1, 7, 5, 0, 7, 3, 3, 2, 0, 0, 6, 2, 1, 6, 6, 5, 5, 7, 6, 6, 4, 1, 0, 5, 5, 4, 0, 1, 0, 0, 0, 0, 0, 0, 0, 0, 2, 3, 2, 2, 1, 3, 2, 4, 4, 4, 4, 4, 1, 4, 3, 3, 3, 1, 1, 1, 2, 3]"
12;4;"aucs";"scml";2;0.3492;0.3407;0.3309;0.329;"{'43': 0.18333333333333335, '15': 0.4214285714285715, '42': 0.2875, '40': 0.4076923076923077, '11': 0.35, '46': 0.2875}";"{'43': 0.24285714285714285, '15': 0.4076923076923077, '42': 0.35, '40': 0.4076923076923077, '11': 0.3222222222222222, '46': 0.2875}";"{'43': 0.18333333333333335, '15': 0.4214285714285715, '42': 0.3916666666666667, '40': 0.4076923076923077, '11': 0.35, '46': 0.2875}";"{'43': 0.3222222222222222, '15': 0.43333333333333335, '42': 0.35, '40': 0.44375, '11': 0.35, '46': 0.2875}";0.0;0.125;0.0714285714285714;0.125;0.8439615523745543;0.9578783151326054;0.8783151326053042;0.9073026254243792;0.9735669463265088;0.9316635314307092;0.8576020172603616;0.9690259333935896;0.8956485076331184;0.9134575331332092;0.9828554957913984;0.9419213094895422;0.0052;0.0318;0.0071;"['42', '43', '15', '40', '11', '46']";"{'1': [('interA', ('13', '42')), ('interD', ('11', '19'))], '2': [('interA', ('1', '43')), ('interD', ('15', '5'))], '3': [('interA', ('42', '52')), ('intraA', ('15', '43'))], '4': [('interD', ('35', '40')), ('intraA', ('40', '42'))], '5': [('intraD', ('43', '46')), ('interD', ('27', '43'))]}";"{'1': [('interA', ('38', '42')), ('interA', ('32', '42'))], '2': [('intraD', ('15', '40')), ('interA', ('38', '42'))], '3': [('interA', ('38', '42')), ('interA', ('32', '42'))], '4': [('interA', ('38', '42')), ('interA', ('32', '42'))], '5': [('interA', ('42', '44')), ('interA', ('42', '59'))]}";"{'1': [('interA', ('42', '7')), ('interA', ('40', '55'))], '2': [('interA', ('40', '8')), ('interA', ('13', '15'))], '3': [('interA', ('15', '5')), ('interA', ('40', '56'))], '4': [('interA', ('42', '60')), ('interA', ('43', '8'))], '5': [('interA', ('41', '43')), ('interA', ('12', '43'))]}";"[['38', '32', '12', '37', '13', '34', '30', '36', '33', '35', '39', '26', '7'], ['44', '59', '45', '4', '16', '52', '31', '25', '57', '58', '3'], ['42', '1', '2', '43', '15', '40', '11', '46'], ['53', '51', '49', '50', '24', '29', '48', '47'], ['61', '55', '10', '9', '41', '54', '56'], ['14', '22', '23', '17', '60', '18'], ['28', '20', '19', '27', '6'], ['8', '5', '21']]";"[['44', '59', '4', '16', '1', '52', '31', '25', '57', '58', '2', '60', '3'], ['32', '12', '37', '34', '13', '30', '36', '33', '35', '39', '26', '7'], ['61', '45', '55', '10', '9', '41', '54', '56'], ['53', '51', '49', '50', '24', '29', '48', '47'], ['38', '42', '43', '15', '40', '11', '46'], ['28', '20', '19', '27', '6'], ['14', '22', '23', '17', '18'], ['8', '5', '21']]";"[['38', '32', '12', '37', '13', '34', '30', '36', '33', '35', '39', '26', '7'], ['44', '59', '45', '4', '16', '1', '52', '31', '25', '57', '58', '3'], ['42', '2', '43', '15', '60', '40', '11', '46'], ['53', '51', '49', '50', '24', '29', '48', '47'], ['61', '55', '10', '9', '41', '54', '56'], ['28', '20', '19', '27', '6'], ['14', '22', '23', '17', '18'], ['8', '5', '21']]";"[0, 0, 0, 0, 7, 5, 1, 7, 2, 2, 4, 1, 1, 6, 4, 0, 6, 6, 5, 5, 7, 6, 6, 3, 0, 1, 5, 5, 3, 1, 0, 1, 1, 1, 1, 1, 1, 1, 1, 4, 2, 4, 4, 0, 2, 4, 3, 3, 3, 3, 3, 0, 3, 2, 2, 2, 0, 0, 0, 0, 2]";"[2, 2, 1, 1, 7, 6, 0, 7, 4, 4, 2, 0, 0, 5, 2, 1, 5, 5, 6, 6, 7, 5, 5, 3, 1, 0, 6, 6, 3, 0, 1, 0, 0, 0, 0, 0, 0, 0, 0, 2, 4, 2, 2, 1, 1, 2, 3, 3, 3, 3, 3, 1, 3, 4, 4, 4, 1, 1, 1, 5, 4]";"[0, 0, 0, 0, 7, 5, 1, 7, 2, 2, 4, 1, 1, 6, 4, 0, 6, 6, 5, 5, 7, 6, 6, 3, 0, 1, 5, 5, 3, 1, 0, 1, 1, 1, 1, 1, 1, 4, 1, 4, 2, 4, 4, 0, 2, 4, 3, 3, 3, 3, 3, 0, 3, 2, 2, 2, 0, 0, 0, 0, 2]";"[1, 2, 1, 1, 7, 5, 0, 7, 4, 4, 2, 0, 0, 6, 2, 1, 6, 6, 5, 5, 7, 6, 6, 3, 1, 0, 5, 5, 3, 0, 1, 0, 0, 0, 0, 0, 0, 0, 0, 2, 4, 2, 2, 1, 1, 2, 3, 3, 3, 3, 3, 1, 3, 4, 4, 4, 1, 1, 1, 2, 4]"
13;4;"aucs";"scml";2;0.3492;0.3464;0.3155;0.342;"{'43': 0.18333333333333335, '15': 0.4214285714285715, '42': 0.2875, '40': 0.4076923076923077, '11': 0.35, '46': 0.2875}";"{'43': 0.18333333333333335, '15': 0.4214285714285715, '42': 0.35, '40': 0.4076923076923077, '11': 0.35, '46': 0.2875}";"{'43': 0.18333333333333335, '15': 0.4214285714285715, '42': 0.3916666666666667, '40': 0.4076923076923077, '11': 0.35, '46': 0.2875}";"{'43': 0.3222222222222222, '15': 0.44375, '42': 0.35, '40': 0.43333333333333335, '11': 0.35, '46': 0.2875}";0.0;0.0;0.0714285714285714;0.0714285714285714;1.0;0.808892253870454;0.9578783151326054;1.0;0.8969625241188284;0.9735669463265088;1.0;0.804862023653088;0.9690259333935896;1.0;0.8927389121461258;0.9828554957913984;0.0052;0.0314;0.0081;"['42', '43', '15', '40', '11', '46']";"{'1': [('interD', ('15', '20')), ('intraA', ('40', '43'))], '2': [('interA', ('4', '42')), ('intraA', ('42', '46'))], '3': [('intraD', ('15', '40')), ('intraA', ('11', '40'))], '4': [('intraD', ('15', '46')), ('intraD', ('11', '42'))], '5': [('interA', ('34', '42')), ('intraD', ('40', '46'))]}";"{'1': [('interA', ('38', '42')), ('interA', ('32', '42'))], '2': [('intraD', ('15', '40')), ('interA', ('38', '42'))], '3': [('interA', ('38', '42')), ('interA', ('32', '42'))], '4': [('interA', ('38', '42')), ('interA', ('32', '42'))], '5': [('interA', ('42', '44')), ('interA', ('42', '59'))]}";"{'1': [('interA', ('42', '44')), ('interA', ('22', '40'))], '2': [('interA', ('40', '47')), ('interA', ('15', '54'))], '3': [('interA', ('12', '15')), ('interA', ('32', '40'))], '4': [('interA', ('42', '5')), ('interA', ('22', '43'))], '5': [('interA', ('19', '43')), ('interA', ('43', '52'))]}";"[['44', '59', '4', '16', '1', '52', '31', '25', '57', '58', '2', '60', '3'], ['38', '32', '12', '37', '13', '34', '30', '36', '33', '35', '39', '26', '7'], ['61', '45', '55', '10', '9', '41', '54', '56'], ['53', '51', '49', '50', '24', '29', '48', '47'], ['42', '43', '15', '40', '11', '46'], ['28', '20', '19', '27', '6'], ['14', '22', '23', '17', '18'], ['8', '5', '21']]";"[['32', '12', '37', '34', '13', '30', '36', '33', '35', '39', '26', '7'], ['44', '59', '45', '4', '16', '52', '31', '25', '57', '58', '3'], ['1', '14', '22', '17', '23', '2', '60', '18'], ['53', '51', '49', '50', '24', '29', '48', '47'], ['61', '55', '10', '9', '41', '54', '56'], ['38', '42', '43', '15', '40', '11', '46'], ['28', '20', '19', '27', '6'], ['8', '5', '21']]";"[['38', '32', '12', '37', '13', '34', '30', '36', '33', '35', '39', '26', '7'], ['44', '59', '4', '16', '1', '52', '31', '25', '57', '58', '60', '3'], ['61', '45', '55', '10', '9', '41', '54', '56'], ['53', '51', '49', '50', '24', '29', '48', '47'], ['42', '2', '43', '15', '40', '11', '46'], ['28', '20', '19', '27', '6'], ['14', '22', '23', '17', '18'], ['8', '5', '21']]";"[0, 0, 0, 0, 7, 5, 1, 7, 2, 2, 4, 1, 1, 6, 4, 0, 6, 6, 5, 5, 7, 6, 6, 3, 0, 1, 5, 5, 3, 1, 0, 1, 1, 1, 1, 1, 1, 1, 1, 4, 2, 4, 4, 0, 2, 4, 3, 3, 3, 3, 3, 0, 3, 2, 2, 2, 0, 0, 0, 0, 2]";"[0, 0, 0, 0, 7, 5, 1, 7, 2, 2, 4, 1, 1, 6, 4, 0, 6, 6, 5, 5, 7, 6, 6, 3, 0, 1, 5, 5, 3, 1, 0, 1, 1, 1, 1, 1, 1, 1, 1, 4, 2, 4, 4, 0, 2, 4, 3, 3, 3, 3, 3, 0, 3, 2, 2, 2, 0, 0, 0, 0, 2]";"[2, 2, 1, 1, 7, 6, 0, 7, 4, 4, 5, 0, 0, 2, 5, 1, 2, 2, 6, 6, 7, 2, 2, 3, 1, 0, 6, 6, 3, 0, 1, 0, 0, 0, 0, 0, 0, 5, 0, 5, 4, 5, 5, 1, 1, 5, 3, 3, 3, 3, 3, 1, 3, 4, 4, 4, 1, 1, 1, 2, 4]";"[1, 4, 1, 1, 7, 5, 0, 7, 2, 2, 4, 0, 0, 6, 4, 1, 6, 6, 5, 5, 7, 6, 6, 3, 1, 0, 5, 5, 3, 0, 1, 0, 0, 0, 0, 0, 0, 0, 0, 4, 2, 4, 4, 1, 2, 4, 3, 3, 3, 3, 3, 1, 3, 2, 2, 2, 1, 1, 1, 1, 2]"
14;4;"aucs";"scml";2;0.3492;0.3479;0.2959;0.344;"{'43': 0.18333333333333335, '15': 0.4214285714285715, '42': 0.2875, '40': 0.4076923076923077, '11': 0.35, '46': 0.2875}";"{'43': 0.18333333333333335, '15': 0.4214285714285715, '42': 0.35, '40': 0.4214285714285715, '11': 0.3222222222222222, '46': 0.2875}";"{'43': 0.18333333333333335, '15': 0.4214285714285715, '42': 0.3916666666666667, '40': 0.4076923076923077, '11': 0.35, '46': 0.2875}";"{'43': 0.3222222222222222, '15': 0.44375, '42': 0.35, '40': 0.44375, '11': 0.35, '46': 0.2875}";0.0;0.0;0.0714285714285714;0.125;0.9601506359758676;0.761756735214411;0.9198918501351874;0.9742767326878776;0.8711670141889167;0.958417722262444;0.9565037603700928;0.7529430911951391;0.9421943839906576;0.96930534956694;0.8624888314936112;0.9731269915079837;0.0052;0.032;0.0125;"['42', '43', '15', '40', '11', '46']";"{'1': [('interD', ('15', '19')), ('interD', ('15', '20'))], '2': [('intraA', ('15', '43')), ('intraD', ('15', '40'))], '3': [('interA', ('16', '40')), ('intraA', ('15', '46'))], '4': [('intraD', ('11', '15')), ('interA', ('28', '42'))], '5': [('interD', ('11', '2')), ('interA', ('20', '42'))]}";"{'1': [('interA', ('38', '42')), ('interA', ('32', '42'))], '2': [('intraD', ('15', '40')), ('interA', ('38', '42'))], '3': [('interA', ('38', '42')), ('interA', ('32', '42'))], '4': [('interA', ('38', '42')), ('interA', ('32', '42'))], '5': [('interA', ('42', '44')), ('interA', ('42', '59'))]}";"{'1': [('interA', ('23', '42')), ('interA', ('40', '52'))], '2': [('interA', ('40', '51')), ('interA', ('15', '51'))], '3': [('interA', ('15', '30')), ('interA', ('40', '6'))], '4': [('interA', ('28', '42')), ('interA', ('25', '43'))], '5': [('interA', ('21', '43')), ('interA', ('1', '43'))]}";"[['38', '32', '12', '37', '13', '34', '30', '36', '33', '35', '39', '26', '7'], ['44', '59', '4', '16', '1', '52', '31', '25', '57', '58', '2', '3'], ['61', '45', '55', '10', '9', '41', '54', '56'], ['53', '51', '49', '50', '24', '29', '48', '47'], ['42', '43', '15', '40', '11', '46'], ['14', '22', '23', '17', '60', '18'], ['28', '20', '19', '27', '6'], ['8', '5', '21']]";"[['44', '59', '4', '16', '1', '14', '31', '52', '25', '57', '58', '60', '3'], ['61', '45', '55', '10', '9', '41', '54', '56'], ['53', '51', '49', '50', '24', '29', '48', '47'], ['8', '21', '22', '17', '23', '5', '18'], ['12', '30', '36', '33', '35', '7', '26'], ['38', '42', '43', '15', '40', '11', '46'], ['28', '20', '27', '19', '2', '6'], ['32', '37', '13', '34', '39']]";"[['38', '32', '12', '37', '13', '34', '30', '36', '33', '35', '39', '26', '7'], ['44', '59', '4', '16', '52', '31', '25', '57', '58', '60', '3'], ['42', '1', '2', '43', '15', '40', '11', '46'], ['61', '45', '55', '10', '9', '41', '54', '56'], ['53', '51', '49', '50', '24', '29', '48', '47'], ['28', '20', '19', '27', '6'], ['14', '22', '23', '17', '18'], ['8', '5', '21']]";"[0, 0, 0, 0, 7, 5, 1, 7, 2, 2, 4, 1, 1, 6, 4, 0, 6, 6, 5, 5, 7, 6, 6, 3, 0, 1, 5, 5, 3, 1, 0, 1, 1, 1, 1, 1, 1, 1, 1, 4, 2, 4, 4, 0, 2, 4, 3, 3, 3, 3, 3, 0, 3, 2, 2, 2, 0, 0, 0, 0, 2]";"[1, 1, 1, 1, 7, 6, 0, 7, 2, 2, 4, 0, 0, 5, 4, 1, 5, 5, 6, 6, 7, 5, 5, 3, 1, 0, 6, 6, 3, 0, 1, 0, 0, 0, 0, 0, 0, 0, 0, 4, 2, 4, 4, 1, 2, 4, 3, 3, 3, 3, 3, 1, 3, 2, 2, 2, 1, 1, 1, 5, 2]";"[0, 6, 0, 0, 3, 6, 4, 3, 1, 1, 5, 4, 7, 0, 5, 0, 3, 3, 6, 6, 3, 3, 3, 2, 0, 4, 6, 6, 2, 4, 0, 7, 4, 7, 4, 4, 7, 5, 7, 5, 1, 5, 5, 0, 1, 5, 2, 2, 2, 2, 2, 0, 2, 1, 1, 1, 0, 0, 0, 0, 1]";"[2, 2, 1, 1, 7, 5, 0, 7, 3, 3, 2, 0, 0, 6, 2, 1, 6, 6, 5, 5, 7, 6, 6, 4, 1, 0, 5, 5, 4, 0, 1, 0, 0, 0, 0, 0, 0, 0, 0, 2, 3, 2, 2, 1, 3, 2, 4, 4, 4, 4, 4, 1, 4, 3, 3, 3, 1, 1, 1, 1, 3]"
15;4;"aucs";"scml";2;0.3492;0.3505;0.3315;0.3394;"{'43': 0.18333333333333335, '15': 0.4214285714285715, '42': 0.2875, '40': 0.4076923076923077, '11': 0.35, '46': 0.2875}";"{'43': 0.3222222222222222, '15': 0.4076923076923077, '42': 0.2875, '40': 0.4076923076923077, '11': 0.35, '46': 0.2875}";"{'43': 0.18333333333333335, '15': 0.4214285714285715, '42': 0.3916666666666667, '40': 0.4076923076923077, '11': 0.35, '46': 0.2875}";"{'43': 0.3222222222222222, '15': 0.43333333333333335, '42': 0.35, '40': 0.44375, '11': 0.35, '46': 0.2875}";0.0;0.0714285714285714;0.0714285714285714;0.0;0.9578783151326054;0.9171099118686182;1.0;0.9735669463265088;0.9480025331291508;1.0;0.9690259333935896;0.9242100261344738;1.0;0.9828554957913984;0.9527532633212606;1.0;0.0054;0.0373;0.0068;"['42', '43', '15', '40', '11', '46']";"{'1': [('intraD', ('15', '46')), ('interD', ('15', '19'))], '2': [('intraD', ('15', '40')), ('intraA', ('11', '15'))], '3': [('interA', ('24', '43')), ('intraA', ('11', '42'))], '4': [('intraD', ('42', '46')), ('interA', ('10', '43'))], '5': [('interA', ('43', '58')), ('interD', ('15', '26'))]}";"{'1': [('interA', ('38', '42')), ('interA', ('32', '42'))], '2': [('intraD', ('15', '40')), ('interA', ('38', '42'))], '3': [('interA', ('38', '42')), ('interA', ('32', '42'))], '4': [('interA', ('38', '42')), ('interA', ('32', '42'))], '5': [('interA', ('42', '44')), ('interA', ('42', '59'))]}";"{'1': [('interA', ('21', '42')), ('interA', ('40', '49'))], '2': [('interA', ('40', '53')), ('interA', ('15', '52'))], '3': [('interA', ('15', '18')), ('interA', ('28', '40'))], '4': [('interA', ('42', '53')), ('interA', ('31', '43'))], '5': [('interA', ('18', '43')), ('interA', ('10', '43'))]}";"[['38', '32', '12', '37', '13', '34', '30', '36', '33', '35', '39', '26', '7'], ['44', '59', '4', '16', '1', '52', '31', '25', '57', '58', '60', '3'], ['61', '45', '55', '10', '9', '41', '54', '56'], ['53', '51', '49', '50', '24', '29', '48', '47'], ['42', '2', '43', '15', '40', '11', '46'], ['28', '20', '19', '27', '6'], ['14', '22', '23', '17', '18'], ['8', '5', '21']]";"[['44', '59', '4', '16', '1', '52', '31', '25', '57', '58', '2', '3'], ['32', '12', '37', '34', '13', '30', '36', '33', '35', '39', '26', '7'], ['61', '45', '55', '10', '9', '41', '54', '56'], ['53', '51', '49', '50', '24', '29', '48', '47'], ['38', '42', '43', '15', '40', '11', '46'], ['14', '22', '23', '17', '60', '18'], ['28', '20', '19', '27', '6'], ['8', '5', '21']]";"[['44', '59', '4', '16', '1', '52', '31', '25', '57', '58', '2', '60', '3'], ['38', '32', '12', '37', '13', '34', '30', '36', '33', '35', '39', '26', '7'], ['61', '45', '55', '10', '9', '41', '54', '56'], ['53', '51', '49', '50', '24', '29', '48', '47'], ['42', '43', '15', '40', '11', '46'], ['28', '20', '19', '27', '6'], ['14', '22', '23', '17', '18'], ['8', '5', '21']]";"[0, 0, 0, 0, 7, 5, 1, 7, 2, 2, 4, 1, 1, 6, 4, 0, 6, 6, 5, 5, 7, 6, 6, 3, 0, 1, 5, 5, 3, 1, 0, 1, 1, 1, 1, 1, 1, 1, 1, 4, 2, 4, 4, 0, 2, 4, 3, 3, 3, 3, 3, 0, 3, 2, 2, 2, 0, 0, 0, 0, 2]";"[1, 4, 1, 1, 7, 5, 0, 7, 2, 2, 4, 0, 0, 6, 4, 1, 6, 6, 5, 5, 7, 6, 6, 3, 1, 0, 5, 5, 3, 0, 1, 0, 0, 0, 0, 0, 0, 0, 0, 4, 2, 4, 4, 1, 2, 4, 3, 3, 3, 3, 3, 1, 3, 2, 2, 2, 1, 1, 1, 1, 2]";"[0, 0, 0, 0, 7, 6, 1, 7, 2, 2, 4, 1, 1, 5, 4, 0, 5, 5, 6, 6, 7, 5, 5, 3, 0, 1, 6, 6, 3, 1, 0, 1, 1, 1, 1, 1, 1, 4, 1, 4, 2, 4, 4, 0, 2, 4, 3, 3, 3, 3, 3, 0, 3, 2, 2, 2, 0, 0, 0, 5, 2]";"[0, 0, 0, 0, 7, 5, 1, 7, 2, 2, 4, 1, 1, 6, 4, 0, 6, 6, 5, 5, 7, 6, 6, 3, 0, 1, 5, 5, 3, 1, 0, 1, 1, 1, 1, 1, 1, 1, 1, 4, 2, 4, 4, 0, 2, 4, 3, 3, 3, 3, 3, 0, 3, 2, 2, 2, 0, 0, 0, 0, 2]"
16;4;"aucs";"scml";2;0.3492;0.3487;0.3315;0.3374;"{'43': 0.18333333333333335, '15': 0.4214285714285715, '42': 0.2875, '40': 0.4076923076923077, '11': 0.35, '46': 0.2875}";"{'43': 0.18333333333333335, '15': 0.4214285714285715, '42': 0.2875, '40': 0.4214285714285715, '11': 0.35, '46': 0.3222222222222222}";"{'43': 0.18333333333333335, '15': 0.4214285714285715, '42': 0.3916666666666667, '40': 0.4076923076923077, '11': 0.35, '46': 0.2875}";"{'43': 0.3222222222222222, '15': 0.44375, '42': 0.3222222222222222, '40': 0.44375, '11': 0.35, '46': 0.2875}";0.0;0.125;0.0714285714285714;0.0;0.93248177504103;0.9171099118686182;0.9218464883332688;0.9506665640432465;0.9480025331291508;0.9490534185199428;0.9558865929841422;0.9242100261344738;0.9146707759814036;0.9641410226957792;0.9527532633212606;0.939242985406332;0.0047;0.0293;0.0074;"['42', '43', '15', '40', '11', '46']";"{'1': [('intraA', ('40', '46')), ('intraA', ('40', '43'))], '2': [('intraD', ('15', '40')), ('interA', ('46', '7'))], '3': [('interA', ('40', '48')), ('intraD', ('15', '40'))], '4': [('intraD', ('15', '46')), ('intraD', ('11', '15'))], '5': [('intraD', ('43', '46')), ('intraD', ('11', '46'))]}";"{'1': [('interA', ('38', '42')), ('interA', ('32', '42'))], '2': [('intraD', ('15', '40')), ('interA', ('38', '42'))], '3': [('interA', ('38', '42')), ('interA', ('32', '42'))], '4': [('interA', ('38', '42')), ('interA', ('32', '42'))], '5': [('interA', ('42', '44')), ('interA', ('42', '59'))]}";"{'1': [('interA', ('3', '42')), ('interA', ('40', '47'))], '2': [('interA', ('34', '40')), ('interA', ('15', '53'))], '3': [('interA', ('15', '8')), ('interA', ('40', '55'))], '4': [('interA', ('16', '42')), ('interA', ('43', '8'))], '5': [('interA', ('43', '59')), ('interA', ('12', '43'))]}";"[['38', '32', '12', '37', '13', '34', '30', '36', '33', '35', '39', '26', '7'], ['44', '59', '4', '16', '1', '52', '31', '25', '57', '58', '60', '3'], ['42', '27', '2', '43', '15', '40', '11', '46'], ['61', '45', '55', '10', '9', '41', '54', '56'], ['53', '51', '49', '50', '24', '29', '48', '47'], ['14', '22', '23', '17', '18'], ['20', '6', '19', '28'], ['8', '5', '21']]";"[['44', '59', '4', '16', '1', '52', '31', '25', '57', '58', '2', '3'], ['32', '12', '37', '34', '13', '30', '36', '33', '35', '39', '26', '7'], ['61', '45', '55', '10', '9', '41', '54', '56'], ['53', '51', '49', '50', '24', '29', '48', '47'], ['38', '42', '43', '15', '40', '11', '46'], ['14', '22', '23', '17', '60', '18'], ['28', '20', '19', '27', '6'], ['8', '5', '21']]";"[['38', '32', '12', '37', '13', '34', '30', '36', '33', '35', '39', '26', '7'], ['44', '59', '4', '16', '1', '52', '31', '25', '57', '58', '3'], ['61', '45', '55', '10', '9', '41', '54', '56'], ['53', '51', '49', '50', '24', '29', '48', '47'], ['28', '20', '27', '19', '2', '6'], ['42', '43', '15', '40', '11', '46'], ['14', '22', '23', '17', '60', '18'], ['8', '5', '21']]";"[0, 0, 0, 0, 7, 5, 1, 7, 2, 2, 4, 1, 1, 6, 4, 0, 6, 6, 5, 5, 7, 6, 6, 3, 0, 1, 5, 5, 3, 1, 0, 1, 1, 1, 1, 1, 1, 1, 1, 4, 2, 4, 4, 0, 2, 4, 3, 3, 3, 3, 3, 0, 3, 2, 2, 2, 0, 0, 0, 0, 2]";"[1, 2, 1, 1, 7, 6, 0, 7, 3, 3, 2, 0, 0, 5, 2, 1, 5, 5, 6, 6, 7, 5, 5, 4, 1, 0, 2, 6, 4, 0, 1, 0, 0, 0, 0, 0, 0, 0, 0, 2, 3, 2, 2, 1, 3, 2, 4, 4, 4, 4, 4, 1, 4, 3, 3, 3, 1, 1, 1, 1, 3]";"[0, 0, 0, 0, 7, 6, 1, 7, 2, 2, 4, 1, 1, 5, 4, 0, 5, 5, 6, 6, 7, 5, 5, 3, 0, 1, 6, 6, 3, 1, 0, 1, 1, 1, 1, 1, 1, 4, 1, 4, 2, 4, 4, 0, 2, 4, 3, 3, 3, 3, 3, 0, 3, 2, 2, 2, 0, 0, 0, 5, 2]";"[1, 4, 1, 1, 7, 4, 0, 7, 2, 2, 5, 0, 0, 6, 5, 1, 6, 6, 4, 4, 7, 6, 6, 3, 1, 0, 4, 4, 3, 0, 1, 0, 0, 0, 0, 0, 0, 0, 0, 5, 2, 5, 5, 1, 2, 5, 3, 3, 3, 3, 3, 1, 3, 2, 2, 2, 1, 1, 1, 6, 2]"
17;4;"aucs";"scml";2;0.3492;0.3514;0.3309;0.3417;"{'43': 0.18333333333333335, '15': 0.4214285714285715, '42': 0.2875, '40': 0.4076923076923077, '11': 0.35, '46': 0.2875}";"{'43': 0.18333333333333335, '15': 0.43333333333333335, '42': 0.2875, '40': 0.4076923076923077, '11': 0.35, '46': 0.2875}";"{'43': 0.18333333333333335, '15': 0.4214285714285715, '42': 0.3916666666666667, '40': 0.4076923076923077, '11': 0.35, '46': 0.2875}";"{'43': 0.2875, '15': 0.44375, '42': 0.3222222222222222, '40': 0.44375, '11': 0.35, '46': 0.2875}";0.0;0.0714285714285714;0.0714285714285714;0.0714285714285714;0.9196165572838612;0.9578783151326054;0.9769131784119296;0.9483283911785468;0.9735669463265088;0.97770211480223;0.9269539553431828;0.9690259333935896;0.9898190045248868;0.9531384352366146;0.9828554957913984;0.9877717238088856;0.0047;0.0299;0.0066;"['42', '43', '15', '40', '11', '46']";"{'1': [('intraD', ('11', '46')), ('intraD', ('15', '46'))], '2': [('intraA', ('15', '42')), ('intraD', ('15', '40'))], '3': [('interA', ('15', '2')), ('intraA', ('11', '43'))], '4': [('interD', ('10', '40')), ('intraA', ('40', '43'))], '5': [('interA', ('15', '30')), ('intraD', ('15', '40'))]}";"{'1': [('interA', ('38', '42')), ('interA', ('32', '42'))], '2': [('intraD', ('15', '40')), ('interA', ('38', '42'))], '3': [('interA', ('38', '42')), ('interA', ('32', '42'))], '4': [('interA', ('38', '42')), ('interA', ('32', '42'))], '5': [('interA', ('42', '44')), ('interA', ('42', '59'))]}";"{'1': [('interA', ('23', '42')), ('interA', ('30', '40'))], '2': [('interA', ('17', '40')), ('interA', ('15', '28'))], '3': [('interA', ('15', '35')), ('interA', ('27', '40'))], '4': [('interA', ('35', '42')), ('interA', ('14', '43'))], '5': [('interA', ('14', '43')), ('interA', ('31', '43'))]}";"[['38', '32', '12', '37', '13', '34', '30', '36', '33', '35', '39', '26', '7'], ['44', '59', '4', '16', '1', '52', '31', '25', '57', '58', '3'], ['61', '45', '55', '10', '9', '41', '54', '56'], ['53', '51', '49', '50', '24', '29', '48', '47'], ['42', '2', '43', '15', '40', '11', '46'], ['14', '22', '23', '17', '60', '18'], ['28', '20', '19', '27', '6'], ['8', '5', '21']]";"[['44', '59', '4', '16', '1', '52', '31', '25', '57', '58', '2', '60', '3'], ['32', '12', '37', '34', '13', '30', '36', '33', '35', '39', '26', '7'], ['61', '45', '55', '10', '9', '41', '54', '56'], ['53', '51', '49', '50', '24', '29', '48', '47'], ['38', '42', '43', '15', '40', '11', '46'], ['28', '20', '19', '27', '6'], ['14', '22', '23', '17', '18'], ['8', '5', '21']]";"[['44', '59', '4', '16', '1', '52', '31', '25', '57', '58', '2', '60', '3'], ['38', '32', '12', '37', '13', '34', '30', '36', '33', '35', '39', '26', '7'], ['61', '45', '55', '10', '9', '41', '54', '56'], ['53', '51', '49', '50', '24', '29', '48', '47'], ['42', '27', '43', '15', '40', '11', '46'], ['14', '22', '23', '17', '18'], ['20', '6', '19', '28'], ['8', '5', '21']]";"[0, 0, 0, 0, 7, 5, 1, 7, 2, 2, 4, 1, 1, 6, 4, 0, 6, 6, 5, 5, 7, 6, 6, 3, 0, 1, 5, 5, 3, 1, 0, 1, 1, 1, 1, 1, 1, 1, 1, 4, 2, 4, 4, 0, 2, 4, 3, 3, 3, 3, 3, 0, 3, 2, 2, 2, 0, 0, 0, 0, 2]";"[1, 4, 1, 1, 7, 6, 0, 7, 2, 2, 4, 0, 0, 5, 4, 1, 5, 5, 6, 6, 7, 5, 5, 3, 1, 0, 6, 6, 3, 0, 1, 0, 0, 0, 0, 0, 0, 0, 0, 4, 2, 4, 4, 1, 2, 4, 3, 3, 3, 3, 3, 1, 3, 2, 2, 2, 1, 1, 1, 5, 2]";"[0, 0, 0, 0, 7, 5, 1, 7, 2, 2, 4, 1, 1, 6, 4, 0, 6, 6, 5, 5, 7, 6, 6, 3, 0, 1, 5, 5, 3, 1, 0, 1, 1, 1, 1, 1, 1, 4, 1, 4, 2, 4, 4, 0, 2, 4, 3, 3, 3, 3, 3, 0, 3, 2, 2, 2, 0, 0, 0, 0, 2]";"[0, 0, 0, 0, 7, 6, 1, 7, 2, 2, 4, 1, 1, 5, 4, 0, 5, 5, 6, 6, 7, 5, 5, 3, 0, 1, 4, 6, 3, 1, 0, 1, 1, 1, 1, 1, 1, 1, 1, 4, 2, 4, 4, 0, 2, 4, 3, 3, 3, 3, 3, 0, 3, 2, 2, 2, 0, 0, 0, 0, 2]"
18;4;"aucs";"scml";2;0.3492;0.3448;0.3298;0.3366;"{'43': 0.18333333333333335, '15': 0.4214285714285715, '42': 0.2875, '40': 0.4076923076923077, '11': 0.35, '46': 0.2875}";"{'43': 0.24285714285714285, '15': 0.4214285714285715, '42': 0.24285714285714285, '40': 0.4214285714285715, '11': 0.35, '46': 0.3222222222222222}";"{'43': 0.18333333333333335, '15': 0.4214285714285715, '42': 0.3916666666666667, '40': 0.4076923076923077, '11': 0.35, '46': 0.2875}";"{'43': 0.3222222222222222, '15': 0.43333333333333335, '42': 0.35, '40': 0.43333333333333335, '11': 0.35, '46': 0.2875}";0.0;0.0;0.0714285714285714;0.0714285714285714;0.9601506359758676;0.8779569259738731;0.9769131784119296;0.9742767326878776;0.922926710372076;0.97770211480223;0.9565037603700928;0.8811207471647765;0.9898190045248868;0.96930534956694;0.9232614309326814;0.9877717238088856;0.0044;0.0296;0.0072;"['42', '43', '15', '40', '11', '46']";"{'1': [('interA', ('16', '43')), ('intraA', ('40', '46'))], '2': [('intraD', ('15', '40')), ('interA', ('12', '40'))], '3': [('intraD', ('15', '40')), ('interA', ('46', '5'))], '4': [('intraA', ('15', '42')), ('interD', ('11', '27'))], '5': [('interD', ('2', '42')), ('intraD', ('11', '40'))]}";"{'1': [('interA', ('38', '42')), ('interA', ('32', '42'))], '2': [('intraD', ('15', '40')), ('interA', ('38', '42'))], '3': [('interA', ('38', '42')), ('interA', ('32', '42'))], '4': [('interA', ('38', '42')), ('interA', ('32', '42'))], '5': [('interA', ('42', '44')), ('interA', ('42', '59'))]}";"{'1': [('interA', ('22', '42')), ('interA', ('28', '40'))], '2': [('interA', ('28', '40')), ('interA', ('15', '31'))], '3': [('interA', ('15', '20')), ('interA', ('40', '58'))], '4': [('interA', ('13', '42')), ('interA', ('41', '43'))], '5': [('interA', ('43', '61')), ('interA', ('43', '59'))]}";"[['38', '32', '12', '37', '13', '34', '30', '36', '33', '35', '39', '26', '7'], ['44', '59', '4', '16', '1', '52', '31', '25', '57', '58', '60', '3'], ['61', '45', '55', '10', '9', '41', '54', '56'], ['53', '51', '49', '50', '24', '29', '48', '47'], ['28', '20', '27', '19', '2', '6'], ['42', '43', '15', '40', '11', '46'], ['14', '22', '23', '17', '18'], ['8', '5', '21']]";"[['32', '12', '37', '34', '13', '30', '36', '33', '35', '39', '26', '7'], ['44', '59', '4', '16', '1', '52', '31', '25', '57', '58', '3'], ['61', '45', '55', '10', '9', '41', '54', '56'], ['53', '51', '49', '50', '24', '29', '48', '47'], ['38', '42', '43', '15', '40', '11', '46'], ['28', '20', '27', '19', '2', '6'], ['14', '22', '23', '17', '60', '18'], ['8', '5', '21']]";"[['44', '59', '4', '16', '1', '52', '31', '25', '57', '58', '2', '60', '3'], ['38', '32', '12', '37', '13', '34', '30', '36', '33', '35', '39', '26', '7'], ['61', '45', '55', '10', '9', '41', '54', '56'], ['53', '51', '49', '50', '24', '29', '48', '47'], ['28', '42', '43', '15', '40', '11', '46'], ['14', '22', '23', '17', '18'], ['20', '6', '27', '19'], ['8', '5', '21']]";"[0, 0, 0, 0, 7, 5, 1, 7, 2, 2, 4, 1, 1, 6, 4, 0, 6, 6, 5, 5, 7, 6, 6, 3, 0, 1, 5, 5, 3, 1, 0, 1, 1, 1, 1, 1, 1, 1, 1, 4, 2, 4, 4, 0, 2, 4, 3, 3, 3, 3, 3, 0, 3, 2, 2, 2, 0, 0, 0, 0, 2]";"[1, 4, 1, 1, 7, 4, 0, 7, 2, 2, 5, 0, 0, 6, 5, 1, 6, 6, 4, 4, 7, 6, 6, 3, 1, 0, 4, 4, 3, 0, 1, 0, 0, 0, 0, 0, 0, 0, 0, 5, 2, 5, 5, 1, 2, 5, 3, 3, 3, 3, 3, 1, 3, 2, 2, 2, 1, 1, 1, 1, 2]";"[1, 5, 1, 1, 7, 5, 0, 7, 2, 2, 4, 0, 0, 6, 4, 1, 6, 6, 5, 5, 7, 6, 6, 3, 1, 0, 5, 5, 3, 0, 1, 0, 0, 0, 0, 0, 0, 4, 0, 4, 2, 4, 4, 1, 2, 4, 3, 3, 3, 3, 3, 1, 3, 2, 2, 2, 1, 1, 1, 6, 2]";"[0, 0, 0, 0, 7, 6, 1, 7, 2, 2, 4, 1, 1, 5, 4, 0, 5, 5, 6, 6, 7, 5, 5, 3, 0, 1, 6, 4, 3, 1, 0, 1, 1, 1, 1, 1, 1, 1, 1, 4, 2, 4, 4, 0, 2, 4, 3, 3, 3, 3, 3, 0, 3, 2, 2, 2, 0, 0, 0, 0, 2]"
19;4;"aucs";"scml";2;0.3492;0.3507;0.3298;0.3395;"{'43': 0.18333333333333335, '15': 0.4214285714285715, '42': 0.2875, '40': 0.4076923076923077, '11': 0.35, '46': 0.2875}";"{'43': 0.18333333333333335, '15': 0.4214285714285715, '42': 0.24285714285714285, '40': 0.3916666666666667, '11': 0.35, '46': 0.3222222222222222}";"{'43': 0.18333333333333335, '15': 0.4214285714285715, '42': 0.3916666666666667, '40': 0.4076923076923077, '11': 0.35, '46': 0.2875}";"{'43': 0.3222222222222222, '15': 0.44375, '42': 0.35, '40': 0.44375, '11': 0.35, '46': 0.2875}";0.0;0.0;0.0714285714285714;0.125;1.0;0.8779569259738731;0.9198918501351874;1.0;0.922926710372076;0.958417722262444;1.0;0.8811207471647765;0.9421943839906576;1.0;0.9232614309326814;0.9731269915079837;0.0044;0.0275;0.0071;"['42', '43', '15', '40', '11', '46']";"{'1': [('intraD', ('15', '46')), ('intraD', ('11', '43'))], '2': [('intraA', ('40', '46')), ('intraA', ('42', '46'))], '3': [('intraA', ('11', '42')), ('intraD', ('15', '40'))], '4': [('interD', ('40', '41')), ('intraA', ('40', '42'))], '5': [('interD', ('2', '42')), ('interA', ('46', '6'))]}";"{'1': [('interA', ('38', '42')), ('interA', ('32', '42'))], '2': [('intraD', ('15', '40')), ('interA', ('38', '42'))], '3': [('interA', ('38', '42')), ('interA', ('32', '42'))], '4': [('interA', ('38', '42')), ('interA', ('32', '42'))], '5': [('interA', ('42', '44')), ('interA', ('42', '59'))]}";"{'1': [('interA', ('42', '60')), ('interA', ('40', '61'))], '2': [('interA', ('12', '40')), ('interA', ('15', '44'))], '3': [('interA', ('15', '30')), ('interA', ('3', '40'))], '4': [('interA', ('12', '42')), ('interA', ('43', '50'))], '5': [('interA', ('17', '43')), ('interA', ('36', '43'))]}";"[['44', '59', '4', '16', '1', '52', '31', '25', '57', '58', '2', '60', '3'], ['38', '32', '12', '37', '13', '34', '30', '36', '33', '35', '39', '26', '7'], ['61', '45', '55', '10', '9', '41', '54', '56'], ['53', '51', '49', '50', '24', '29', '48', '47'], ['42', '43', '15', '40', '11', '46'], ['28', '20', '19', '27', '6'], ['14', '22', '23', '17', '18'], ['8', '5', '21']]";"[['32', '12', '37', '34', '13', '30', '36', '33', '35', '39', '26', '7'], ['44', '59', '4', '16', '1', '52', '31', '25', '57', '58', '3'], ['61', '45', '55', '10', '9', '41', '54', '56'], ['53', '51', '49', '50', '24', '29', '48', '47'], ['38', '42', '43', '15', '40', '11', '46'], ['28', '20', '27', '19', '2', '6'], ['14', '22', '23', '17', '60', '18'], ['8', '5', '21']]";"[['38', '32', '12', '37', '13', '34', '30', '36', '33', '35', '39', '26', '7'], ['44', '59', '4', '16', '1', '52', '31', '25', '57', '58', '3'], ['42', '2', '43', '15', '60', '40', '11', '46'], ['61', '45', '55', '10', '9', '41', '54', '56'], ['53', '51', '49', '50', '24', '29', '48', '47'], ['28', '20', '19', '27', '6'], ['14', '22', '23', '17', '18'], ['8', '5', '21']]";"[0, 0, 0, 0, 7, 5, 1, 7, 2, 2, 4, 1, 1, 6, 4, 0, 6, 6, 5, 5, 7, 6, 6, 3, 0, 1, 5, 5, 3, 1, 0, 1, 1, 1, 1, 1, 1, 1, 1, 4, 2, 4, 4, 0, 2, 4, 3, 3, 3, 3, 3, 0, 3, 2, 2, 2, 0, 0, 0, 0, 2]";"[0, 0, 0, 0, 7, 5, 1, 7, 2, 2, 4, 1, 1, 6, 4, 0, 6, 6, 5, 5, 7, 6, 6, 3, 0, 1, 5, 5, 3, 1, 0, 1, 1, 1, 1, 1, 1, 1, 1, 4, 2, 4, 4, 0, 2, 4, 3, 3, 3, 3, 3, 0, 3, 2, 2, 2, 0, 0, 0, 0, 2]";"[1, 5, 1, 1, 7, 5, 0, 7, 2, 2, 4, 0, 0, 6, 4, 1, 6, 6, 5, 5, 7, 6, 6, 3, 1, 0, 5, 5, 3, 0, 1, 0, 0, 0, 0, 0, 0, 4, 0, 4, 2, 4, 4, 1, 2, 4, 3, 3, 3, 3, 3, 1, 3, 2, 2, 2, 1, 1, 1, 6, 2]";"[1, 2, 1, 1, 7, 5, 0, 7, 3, 3, 2, 0, 0, 6, 2, 1, 6, 6, 5, 5, 7, 6, 6, 4, 1, 0, 5, 5, 4, 0, 1, 0, 0, 0, 0, 0, 0, 0, 0, 2, 3, 2, 2, 1, 3, 2, 4, 4, 4, 4, 4, 1, 4, 3, 3, 3, 1, 1, 1, 2, 3]"
0;5;"aucs";"scml";2;0.3492;0.3357;0.3475;0.3425;"{'28': 0.5416666666666666, '20': 0.5073529411764706, '27': 0.5625, '6': 0.4027777777777778, '19': 0.5833333333333333}";"{'28': 0.225, '20': 0.5073529411764706, '27': 0.4027777777777778, '6': 0.425, '19': 0.4431818181818182}";"{'28': 0.625, '20': 0.53125, '27': 0.4375, '6': 0.4375, '19': 0.4583333333333333}";"{'28': 0.625, '20': 0.5197368421052632, '27': 0.5625, '6': 0.4583333333333333, '19': 0.625}";0.0;0.0;0.2866071428571428;0.0;0.9541341888267876;0.9236854409664742;0.9578783151326054;0.9725151728618404;0.9497118386508128;0.9735669463265088;0.9511390316644456;0.9697683549273656;0.9551194870798524;0.9679029778049324;0.9832327013296664;0.9691578328204882;0.0042;0.0309;0.0061;"['28', '20', '19', '27', '6']";"{'1': [('intraD', ('20', '6')), ('interA', ('25', '6'))], '2': [('intraA', ('28', '6')), ('interD', ('20', '32'))], '3': [('intraA', ('28', '6')), ('intraA', ('19', '28'))], '4': [('intraA', ('27', '28')), ('intraA', ('28', '6'))], '5': [('intraD', ('20', '27')), ('interA', ('19', '51'))]}";"{'1': [('interA', ('28', '38')), ('interA', ('12', '28'))], '2': [('intraD', ('19', '20')), ('intraD', ('20', '6'))], '3': [('interA', ('28', '38')), ('interA', ('28', '32'))], '4': [('interA', ('28', '38')), ('interA', ('28', '32'))], '5': [('intraD', ('20', '28')), ('intraD', ('28', '6'))]}";"{'1': [('interA', ('37', '6')), ('interA', ('17', '6'))], '2': [('interA', ('45', '6')), ('interA', ('19', '45'))], '3': [('interA', ('20', '59')), ('interA', ('19', '38'))], '4': [('interA', ('14', '20')), ('interA', ('20', '8'))], '5': [('interA', ('22', '28')), ('interA', ('18', '19'))]}";"[['44', '59', '45', '4', '16', '1', '52', '31', '25', '57', '58', '2', '60', '3'], ['38', '32', '12', '37', '13', '34', '30', '36', '33', '35', '39', '26', '7'], ['53', '51', '49', '50', '24', '29', '48', '47'], ['61', '55', '10', '9', '41', '54', '56'], ['42', '43', '15', '40', '11', '46'], ['28', '20', '19', '27', '6'], ['14', '22', '23', '17', '18'], ['8', '5', '21']]";"[['38', '28', '32', '12', '37', '13', '34', '30', '36', '33', '35', '39', '26', '7'], ['44', '59', '4', '16', '1', '52', '31', '25', '57', '58', '60', '3'], ['61', '45', '55', '10', '9', '41', '54', '56'], ['53', '51', '49', '50', '24', '29', '48', '47'], ['42', '43', '15', '40', '11', '46'], ['20', '27', '19', '2', '6'], ['14', '22', '23', '17', '18'], ['8', '5', '21']]";"[['38', '32', '12', '37', '13', '34', '30', '36', '33', '35', '39', '26', '7'], ['44', '59', '4', '16', '1', '52', '31', '25', '57', '58', '60', '3'], ['61', '45', '55', '10', '9', '41', '54', '56'], ['53', '51', '49', '50', '24', '29', '48', '47'], ['42', '2', '43', '15', '40', '11', '46'], ['28', '20', '19', '27', '6'], ['14', '22', '23', '17', '18'], ['8', '5', '21']]";"[0, 0, 0, 0, 7, 5, 1, 7, 2, 2, 4, 1, 1, 6, 4, 0, 6, 6, 5, 5, 7, 6, 6, 3, 0, 1, 5, 5, 3, 1, 0, 1, 1, 1, 1, 1, 1, 1, 1, 4, 2, 4, 4, 0, 2, 4, 3, 3, 3, 3, 3, 0, 3, 2, 2, 2, 0, 0, 0, 0, 2]";"[0, 0, 0, 0, 7, 5, 1, 7, 3, 3, 4, 1, 1, 6, 4, 0, 6, 6, 5, 5, 7, 6, 6, 2, 0, 1, 5, 5, 2, 1, 0, 1, 1, 1, 1, 1, 1, 1, 1, 4, 3, 4, 4, 0, 0, 4, 2, 2, 2, 2, 2, 0, 2, 3, 3, 3, 0, 0, 0, 0, 3]";"[1, 5, 1, 1, 7, 5, 0, 7, 2, 2, 4, 0, 0, 6, 4, 1, 6, 6, 5, 5, 7, 6, 6, 3, 1, 0, 5, 0, 3, 0, 1, 0, 0, 0, 0, 0, 0, 0, 0, 4, 2, 4, 4, 1, 2, 4, 3, 3, 3, 3, 3, 1, 3, 2, 2, 2, 1, 1, 1, 1, 2]";"[1, 4, 1, 1, 7, 5, 0, 7, 2, 2, 4, 0, 0, 6, 4, 1, 6, 6, 5, 5, 7, 6, 6, 3, 1, 0, 5, 5, 3, 0, 1, 0, 0, 0, 0, 0, 0, 0, 0, 4, 2, 4, 4, 1, 2, 4, 3, 3, 3, 3, 3, 1, 3, 2, 2, 2, 1, 1, 1, 1, 2]"
1;5;"aucs";"scml";2;0.3492;0.3523;0.348;0.3347;"{'28': 0.5416666666666666, '20': 0.5073529411764706, '27': 0.5625, '6': 0.4027777777777778, '19': 0.5833333333333333}";"{'28': 0.375, '20': 0.49166666666666664, '27': 0.5625, '6': 0.425, '19': 0.425}";"{'28': 0.625, '20': 0.53125, '27': 0.4375, '6': 0.4375, '19': 0.4583333333333333}";"{'28': 0.625, '20': 0.525, '27': 0.5625, '6': 0.4583333333333333, '19': 0.625}";0.0;0.0;0.2866071428571428;0.0833333333333333;1.0;0.8855300951043594;0.9601506359758676;1.0;0.9244697924742264;0.9742767326878776;1.0;0.9287178469880316;0.9697683549273656;1.0;0.9541658524948072;0.9832327013296664;0.0042;0.0314;0.0812;"['28', '20', '19', '27', '6']";"{'1': [('intraA', ('20', '28')), ('interA', ('24', '6'))], '2': [('interD', ('20', '3')), ('intraD', ('19', '6'))], '3': [('intraA', ('28', '6')), ('intraA', ('20', '27'))], '4': [('intraD', ('19', '20')), ('interD', ('27', '43'))], '5': [('interD', ('18', '20')), ('intraA', ('19', '28'))]}";"{'1': [('interA', ('28', '38')), ('interA', ('12', '28'))], '2': [('intraD', ('19', '20')), ('intraD', ('20', '6'))], '3': [('interA', ('28', '38')), ('interA', ('28', '32'))], '4': [('interA', ('28', '38')), ('interA', ('28', '32'))], '5': [('intraD', ('20', '28')), ('intraD', ('28', '6'))]}";"{'1': [('interA', ('34', '6')), ('interA', ('6', '7'))], '2': [('interA', ('4', '6')), ('interA', ('19', '35'))], '3': [('interA', ('20', '7')), ('interA', ('19', '39'))], '4': [('interA', ('20', '9')), ('interA', ('20', '53'))], '5': [('interA', ('28', '42')), ('interA', ('19', '21'))]}";"[['44', '59', '4', '16', '1', '52', '31', '25', '57', '58', '2', '60', '3'], ['38', '32', '12', '37', '13', '34', '30', '36', '33', '35', '39', '26', '7'], ['61', '45', '55', '10', '9', '41', '54', '56'], ['53', '51', '49', '50', '24', '29', '48', '47'], ['42', '43', '15', '40', '11', '46'], ['28', '20', '19', '27', '6'], ['14', '22', '23', '17', '18'], ['8', '5', '21']]";"[['38', '28', '32', '12', '37', '13', '34', '30', '36', '33', '35', '39', '26', '7'], ['44', '59', '4', '16', '1', '52', '31', '25', '57', '58', '3'], ['61', '45', '55', '10', '9', '41', '54', '56'], ['53', '51', '49', '50', '24', '29', '48', '47'], ['42', '43', '15', '40', '11', '46'], ['14', '22', '23', '17', '60', '18'], ['20', '27', '19', '2', '6'], ['8', '5', '21']]";"[['38', '32', '12', '37', '13', '34', '30', '36', '33', '35', '39', '26', '7'], ['44', '59', '4', '16', '1', '52', '31', '25', '57', '58', '60', '3'], ['61', '45', '55', '10', '9', '41', '54', '56'], ['53', '51', '49', '50', '24', '29', '48', '47'], ['28', '20', '27', '19', '2', '6'], ['42', '43', '15', '40', '11', '46'], ['14', '22', '23', '17', '18'], ['8', '5', '21']]";"[0, 0, 0, 0, 7, 5, 1, 7, 2, 2, 4, 1, 1, 6, 4, 0, 6, 6, 5, 5, 7, 6, 6, 3, 0, 1, 5, 5, 3, 1, 0, 1, 1, 1, 1, 1, 1, 1, 1, 4, 2, 4, 4, 0, 2, 4, 3, 3, 3, 3, 3, 0, 3, 2, 2, 2, 0, 0, 0, 0, 2]";"[0, 0, 0, 0, 7, 5, 1, 7, 2, 2, 4, 1, 1, 6, 4, 0, 6, 6, 5, 5, 7, 6, 6, 3, 0, 1, 5, 5, 3, 1, 0, 1, 1, 1, 1, 1, 1, 1, 1, 4, 2, 4, 4, 0, 2, 4, 3, 3, 3, 3, 3, 0, 3, 2, 2, 2, 0, 0, 0, 0, 2]";"[1, 6, 1, 1, 7, 6, 0, 7, 2, 2, 4, 0, 0, 5, 4, 1, 5, 5, 6, 6, 7, 5, 5, 3, 1, 0, 6, 0, 3, 0, 1, 0, 0, 0, 0, 0, 0, 0, 0, 4, 2, 4, 4, 1, 2, 4, 3, 3, 3, 3, 3, 1, 3, 2, 2, 2, 1, 1, 1, 5, 2]";"[1, 4, 1, 1, 7, 4, 0, 7, 2, 2, 5, 0, 0, 6, 5, 1, 6, 6, 4, 4, 7, 6, 6, 3, 1, 0, 4, 4, 3, 0, 1, 0, 0, 0, 0, 0, 0, 0, 0, 5, 2, 5, 5, 1, 2, 5, 3, 3, 3, 3, 3, 1, 3, 2, 2, 2, 1, 1, 1, 1, 2]"
2;5;"aucs";"scml";2;0.3492;0.3481;0.3336;0.3402;"{'28': 0.5416666666666666, '20': 0.5073529411764706, '27': 0.5625, '6': 0.4027777777777778, '19': 0.5833333333333333}";"{'28': 0.5416666666666666, '20': 0.5138888888888888, '27': 0.425, '6': 0.5357142857142857, '19': 0.6}";"{'28': 0.625, '20': 0.53125, '27': 0.4375, '6': 0.4375, '19': 0.4583333333333333}";"{'28': 0.625, '20': 0.525, '27': 0.5625, '6': 0.4583333333333333, '19': 0.625}";0.0;0.0833333333333333;0.2866071428571428;0.1875;0.9601506359758676;0.8807488909496478;0.8930588922797221;0.9742767326878776;0.922440051865688;0.9493319479760725;0.9697683549273656;0.9225729021375976;0.9219858156028368;0.9832327013296664;0.9520131856380516;0.9671463060970784;0.0044;0.0317;0.006;"['28', '20', '19', '27', '6']";"{'1': [('interD', ('15', '20')), ('interD', ('11', '27'))], '2': [('interA', ('2', '27')), ('intraD', ('19', '6'))], '3': [('interA', ('20', '8')), ('intraA', ('20', '28'))], '4': [('interD', ('29', '6')), ('interA', ('19', '34'))], '5': [('intraD', ('28', '6')), ('intraA', ('27', '28'))]}";"{'1': [('interA', ('28', '38')), ('interA', ('12', '28'))], '2': [('intraD', ('19', '20')), ('intraD', ('20', '6'))], '3': [('interA', ('28', '38')), ('interA', ('28', '32'))], '4': [('interA', ('28', '38')), ('interA', ('28', '32'))], '5': [('intraD', ('20', '28')), ('intraD', ('28', '6'))]}";"{'1': [('interA', ('45', '6')), ('interA', ('15', '6'))], '2': [('interA', ('4', '6')), ('interA', ('19', '60'))], '3': [('interA', ('13', '20')), ('interA', ('19', '47'))], '4': [('interA', ('2', '20')), ('interA', ('20', '8'))], '5': [('interA', ('28', '40')), ('interA', ('19', '48'))]}";"[['38', '32', '12', '37', '13', '34', '30', '36', '33', '35', '39', '26', '7'], ['44', '59', '4', '16', '1', '52', '31', '25', '57', '58', '60', '3'], ['61', '45', '55', '10', '9', '41', '54', '56'], ['53', '51', '49', '50', '24', '29', '48', '47'], ['28', '20', '27', '19', '2', '6'], ['42', '43', '15', '40', '11', '46'], ['14', '22', '23', '17', '18'], ['8', '5', '21']]";"[['38', '28', '32', '12', '37', '13', '34', '30', '36', '33', '35', '39', '26', '7'], ['44', '59', '45', '4', '16', '1', '52', '31', '25', '57', '58', '60', '3'], ['53', '51', '49', '50', '24', '29', '48', '47'], ['61', '55', '10', '9', '41', '54', '56'], ['42', '43', '15', '40', '11', '46'], ['20', '27', '19', '2', '6'], ['14', '22', '23', '17', '18'], ['8', '5', '21']]";"[['38', '32', '12', '37', '13', '34', '30', '36', '33', '35', '39', '26', '7'], ['44', '59', '4', '16', '52', '31', '25', '57', '58', '3'], ['28', '1', '20', '27', '19', '2', '60', '6'], ['61', '45', '55', '10', '9', '41', '54', '56'], ['53', '51', '49', '50', '24', '29', '48', '47'], ['42', '43', '15', '40', '11', '46'], ['14', '22', '23', '17', '18'], ['8', '5', '21']]";"[0, 0, 0, 0, 7, 5, 1, 7, 2, 2, 4, 1, 1, 6, 4, 0, 6, 6, 5, 5, 7, 6, 6, 3, 0, 1, 5, 5, 3, 1, 0, 1, 1, 1, 1, 1, 1, 1, 1, 4, 2, 4, 4, 0, 2, 4, 3, 3, 3, 3, 3, 0, 3, 2, 2, 2, 0, 0, 0, 0, 2]";"[1, 4, 1, 1, 7, 4, 0, 7, 2, 2, 5, 0, 0, 6, 5, 1, 6, 6, 4, 4, 7, 6, 6, 3, 1, 0, 4, 4, 3, 0, 1, 0, 0, 0, 0, 0, 0, 0, 0, 5, 2, 5, 5, 1, 2, 5, 3, 3, 3, 3, 3, 1, 3, 2, 2, 2, 1, 1, 1, 1, 2]";"[1, 5, 1, 1, 7, 5, 0, 7, 3, 3, 4, 0, 0, 6, 4, 1, 6, 6, 5, 5, 7, 6, 6, 2, 1, 0, 5, 0, 2, 0, 1, 0, 0, 0, 0, 0, 0, 0, 0, 4, 3, 4, 4, 1, 1, 4, 2, 2, 2, 2, 2, 1, 2, 3, 3, 3, 1, 1, 1, 1, 3]";"[2, 2, 1, 1, 7, 2, 0, 7, 3, 3, 5, 0, 0, 6, 5, 1, 6, 6, 2, 2, 7, 6, 6, 4, 1, 0, 2, 2, 4, 0, 1, 0, 0, 0, 0, 0, 0, 0, 0, 5, 3, 5, 5, 1, 3, 5, 4, 4, 4, 4, 4, 1, 4, 3, 3, 3, 1, 1, 1, 2, 3]"
3;5;"aucs";"scml";2;0.3492;0.351;0.34;0.3467;"{'28': 0.5416666666666666, '20': 0.5073529411764706, '27': 0.5625, '6': 0.4027777777777778, '19': 0.5833333333333333}";"{'28': 0.225, '20': 0.5073529411764706, '27': 0.4027777777777778, '6': 0.425, '19': 0.4431818181818182}";"{'28': 0.625, '20': 0.53125, '27': 0.4375, '6': 0.4375, '19': 0.4583333333333333}";"{'28': 0.625, '20': 0.5138888888888888, '27': 0.5625, '6': 0.4583333333333333, '19': 0.625}";0.0;0.0;0.2866071428571428;0.3687499999999999;1.0;0.8881878374502787;0.8963306295867131;1.0;0.9244066526402368;0.9263370560560912;1.0;0.9304246805214922;0.926301198059342;1.0;0.9543434524344032;0.9533352199602948;0.0042;0.0289;0.0057;"['28', '20', '19', '27', '6']";"{'1': [('intraD', ('27', '6')), ('intraD', ('20', '6'))], '2': [('intraA', ('27', '28')), ('intraA', ('20', '28'))], '3': [('interA', ('19', '46')), ('interA', ('50', '6'))], '4': [('intraA', ('27', '28')), ('intraA', ('20', '28'))], '5': [('intraA', ('27', '28')), ('intraA', ('19', '28'))]}";"{'1': [('interA', ('28', '38')), ('interA', ('12', '28'))], '2': [('intraD', ('19', '20')), ('intraD', ('20', '6'))], '3': [('interA', ('28', '38')), ('interA', ('28', '32'))], '4': [('interA', ('28', '38')), ('interA', ('28', '32'))], '5': [('intraD', ('20', '28')), ('intraD', ('28', '6'))]}";"{'1': [('interA', ('10', '6')), ('interA', ('51', '6'))], '2': [('interA', ('53', '6')), ('interA', ('19', '8'))], '3': [('interA', ('20', '37')), ('interA', ('19', '60'))], '4': [('interA', ('14', '20')), ('interA', ('15', '20'))], '5': [('interA', ('28', '60')), ('interA', ('19', '3'))]}";"[['44', '59', '4', '16', '1', '52', '31', '25', '57', '58', '2', '60', '3'], ['38', '32', '12', '37', '13', '34', '30', '36', '33', '35', '39', '26', '7'], ['61', '45', '55', '10', '9', '41', '54', '56'], ['53', '51', '49', '50', '24', '29', '48', '47'], ['42', '43', '15', '40', '11', '46'], ['28', '20', '19', '27', '6'], ['14', '22', '23', '17', '18'], ['8', '5', '21']]";"[['38', '28', '32', '12', '37', '13', '34', '30', '36', '33', '35', '39', '26', '7'], ['44', '59', '4', '16', '1', '14', '31', '52', '25', '57', '58', '60', '3'], ['61', '45', '55', '10', '9', '41', '54', '56'], ['53', '51', '49', '50', '24', '29', '48', '47'], ['42', '43', '15', '40', '11', '46'], ['20', '27', '19', '2', '6'], ['17', '22', '23', '18'], ['8', '5', '21']]";"[['38', '32', '12', '37', '13', '34', '30', '36', '33', '35', '39', '26', '7'], ['44', '59', '4', '16', '1', '52', '31', '25', '57', '58', '3'], ['42', '27', '2', '43', '15', '40', '11', '46'], ['61', '45', '55', '10', '9', '41', '54', '56'], ['53', '51', '49', '50', '24', '29', '48', '47'], ['28', '20', '19', '60', '6'], ['14', '22', '23', '17', '18'], ['8', '5', '21']]";"[0, 0, 0, 0, 7, 5, 1, 7, 2, 2, 4, 1, 1, 6, 4, 0, 6, 6, 5, 5, 7, 6, 6, 3, 0, 1, 5, 5, 3, 1, 0, 1, 1, 1, 1, 1, 1, 1, 1, 4, 2, 4, 4, 0, 2, 4, 3, 3, 3, 3, 3, 0, 3, 2, 2, 2, 0, 0, 0, 0, 2]";"[0, 0, 0, 0, 7, 5, 1, 7, 2, 2, 4, 1, 1, 6, 4, 0, 6, 6, 5, 5, 7, 6, 6, 3, 0, 1, 5, 5, 3, 1, 0, 1, 1, 1, 1, 1, 1, 1, 1, 4, 2, 4, 4, 0, 2, 4, 3, 3, 3, 3, 3, 0, 3, 2, 2, 2, 0, 0, 0, 0, 2]";"[1, 5, 1, 1, 7, 5, 0, 7, 2, 2, 4, 0, 0, 1, 4, 1, 6, 6, 5, 5, 7, 6, 6, 3, 1, 0, 5, 0, 3, 0, 1, 0, 0, 0, 0, 0, 0, 0, 0, 4, 2, 4, 4, 1, 2, 4, 3, 3, 3, 3, 3, 1, 3, 2, 2, 2, 1, 1, 1, 1, 2]";"[1, 2, 1, 1, 7, 5, 0, 7, 3, 3, 2, 0, 0, 6, 2, 1, 6, 6, 5, 5, 7, 6, 6, 4, 1, 0, 2, 5, 4, 0, 1, 0, 0, 0, 0, 0, 0, 0, 0, 2, 3, 2, 2, 1, 3, 2, 4, 4, 4, 4, 4, 1, 4, 3, 3, 3, 1, 1, 1, 5, 3]"
4;5;"aucs";"scml";2;0.3492;0.3428;0.3475;0.3381;"{'28': 0.5416666666666666, '20': 0.5073529411764706, '27': 0.5625, '6': 0.4027777777777778, '19': 0.5833333333333333}";"{'28': 0.7083333333333333, '20': 0.5138888888888888, '27': 0.5833333333333333, '6': 0.4027777777777778, '19': 0.6}";"{'28': 0.625, '20': 0.53125, '27': 0.4375, '6': 0.4375, '19': 0.4583333333333333}";"{'28': 0.625, '20': 0.525, '27': 0.5625, '6': 0.4583333333333333, '19': 0.625}";0.0;0.0;0.2866071428571428;0.0;1.0;0.9236854409664742;1.0;1.0;0.9497118386508128;1.0;1.0;0.9697683549273656;1.0;1.0;0.9832327013296664;1.0;0.0041;0.0295;0.0071;"['28', '20', '19', '27', '6']";"{'1': [('intraD', ('19', '20')), ('interA', ('20', '23'))], '2': [('intraA', ('19', '27')), ('interD', ('20', '47'))], '3': [('interA', ('18', '19')), ('interA', ('14', '28'))], '4': [('interA', ('28', '36')), ('intraA', ('19', '6'))], '5': [('interA', ('27', '56')), ('interA', ('28', '47'))]}";"{'1': [('interA', ('28', '38')), ('interA', ('12', '28'))], '2': [('intraD', ('19', '20')), ('intraD', ('20', '6'))], '3': [('interA', ('28', '38')), ('interA', ('28', '32'))], '4': [('interA', ('28', '38')), ('interA', ('28', '32'))], '5': [('intraD', ('20', '28')), ('intraD', ('28', '6'))]}";"{'1': [('interA', ('37', '6')), ('interA', ('6', '8'))], '2': [('interA', ('6', '9')), ('interA', ('19', '21'))], '3': [('interA', ('20', '39')), ('interA', ('19', '25'))], '4': [('interA', ('12', '20')), ('interA', ('10', '20'))], '5': [('interA', ('28', '8')), ('interA', ('17', '19'))]}";"[['44', '59', '4', '16', '1', '52', '31', '25', '57', '58', '2', '60', '3'], ['38', '32', '12', '37', '13', '34', '30', '36', '33', '35', '39', '26', '7'], ['61', '45', '55', '10', '9', '41', '54', '56'], ['53', '51', '49', '50', '24', '29', '48', '47'], ['42', '43', '15', '40', '11', '46'], ['28', '20', '19', '27', '6'], ['14', '22', '23', '17', '18'], ['8', '5', '21']]";"[['38', '28', '32', '12', '37', '13', '34', '30', '36', '33', '35', '39', '26', '7'], ['44', '59', '4', '16', '1', '52', '31', '25', '57', '58', '60', '3'], ['61', '45', '55', '10', '9', '41', '54', '56'], ['53', '51', '49', '50', '24', '29', '48', '47'], ['42', '43', '15', '40', '11', '46'], ['20', '27', '19', '2', '6'], ['14', '22', '23', '17', '18'], ['8', '5', '21']]";"[['44', '59', '4', '16', '1', '52', '31', '25', '57', '58', '2', '60', '3'], ['38', '32', '12', '37', '13', '34', '30', '36', '33', '35', '39', '26', '7'], ['61', '45', '55', '10', '9', '41', '54', '56'], ['53', '51', '49', '50', '24', '29', '48', '47'], ['42', '43', '15', '40', '11', '46'], ['28', '20', '19', '27', '6'], ['14', '22', '23', '17', '18'], ['8', '5', '21']]";"[0, 0, 0, 0, 7, 5, 1, 7, 2, 2, 4, 1, 1, 6, 4, 0, 6, 6, 5, 5, 7, 6, 6, 3, 0, 1, 5, 5, 3, 1, 0, 1, 1, 1, 1, 1, 1, 1, 1, 4, 2, 4, 4, 0, 2, 4, 3, 3, 3, 3, 3, 0, 3, 2, 2, 2, 0, 0, 0, 0, 2]";"[0, 0, 0, 0, 7, 5, 1, 7, 2, 2, 4, 1, 1, 6, 4, 0, 6, 6, 5, 5, 7, 6, 6, 3, 0, 1, 5, 5, 3, 1, 0, 1, 1, 1, 1, 1, 1, 1, 1, 4, 2, 4, 4, 0, 2, 4, 3, 3, 3, 3, 3, 0, 3, 2, 2, 2, 0, 0, 0, 0, 2]";"[1, 5, 1, 1, 7, 5, 0, 7, 2, 2, 4, 0, 0, 6, 4, 1, 6, 6, 5, 5, 7, 6, 6, 3, 1, 0, 5, 0, 3, 0, 1, 0, 0, 0, 0, 0, 0, 0, 0, 4, 2, 4, 4, 1, 2, 4, 3, 3, 3, 3, 3, 1, 3, 2, 2, 2, 1, 1, 1, 1, 2]";"[0, 0, 0, 0, 7, 5, 1, 7, 2, 2, 4, 1, 1, 6, 4, 0, 6, 6, 5, 5, 7, 6, 6, 3, 0, 1, 5, 5, 3, 1, 0, 1, 1, 1, 1, 1, 1, 1, 1, 4, 2, 4, 4, 0, 2, 4, 3, 3, 3, 3, 3, 0, 3, 2, 2, 2, 0, 0, 0, 0, 2]"
5;5;"aucs";"scml";2;0.3492;0.3533;0.3475;0.3266;"{'28': 0.5416666666666666, '20': 0.5073529411764706, '27': 0.5625, '6': 0.4027777777777778, '19': 0.5833333333333333}";"{'28': 0.5416666666666666, '20': 0.5, '27': 0.5625, '6': 0.3392857142857143, '19': 0.5625}";"{'28': 0.625, '20': 0.53125, '27': 0.4375, '6': 0.4375, '19': 0.4583333333333333}";"{'28': 0.625, '20': 0.525, '27': 0.5625, '6': 0.4583333333333333, '19': 0.625}";0.0;0.0;0.2866071428571428;0.0;1.0;0.9236854409664742;0.9141466012400624;1.0;0.9497118386508128;0.9464283048098956;1.0;0.9697683549273656;0.9085305165826564;1.0;0.9832327013296664;0.9374702982028394;0.0041;0.029;0.0055;"['28', '20', '19', '27', '6']";"{'1': [('interD', ('11', '19')), ('interD', ('15', '20'))], '2': [('interD', ('5', '6')), ('interD', ('20', '3'))], '3': [('intraA', ('20', '6')), ('interA', ('11', '20'))], '4': [('intraA', ('20', '28')), ('interD', ('29', '6'))], '5': [('intraD', ('19', '27')), ('interD', ('3', '6'))]}";"{'1': [('interA', ('28', '38')), ('interA', ('12', '28'))], '2': [('intraD', ('19', '20')), ('intraD', ('20', '6'))], '3': [('interA', ('28', '38')), ('interA', ('28', '32'))], '4': [('interA', ('28', '38')), ('interA', ('28', '32'))], '5': [('intraD', ('20', '28')), ('intraD', ('28', '6'))]}";"{'1': [('interA', ('59', '6')), ('interA', ('11', '6'))], '2': [('interA', ('37', '6')), ('interA', ('19', '9'))], '3': [('interA', ('16', '20')), ('interA', ('19', '30'))], '4': [('interA', ('20', '44')), ('interA', ('20', '21'))], '5': [('interA', ('28', '35')), ('interA', ('19', '34'))]}";"[['44', '59', '4', '16', '1', '52', '31', '25', '57', '58', '2', '60', '3'], ['38', '32', '12', '37', '13', '34', '30', '36', '33', '35', '39', '26', '7'], ['61', '45', '55', '10', '9', '41', '54', '56'], ['53', '51', '49', '50', '24', '29', '48', '47'], ['42', '43', '15', '40', '11', '46'], ['28', '20', '19', '27', '6'], ['14', '22', '23', '17', '18'], ['8', '5', '21']]";"[['38', '28', '32', '12', '37', '13', '34', '30', '36', '33', '35', '39', '26', '7'], ['44', '59', '4', '16', '1', '52', '31', '25', '57', '58', '60', '3'], ['61', '45', '55', '10', '9', '41', '54', '56'], ['53', '51', '49', '50', '24', '29', '48', '47'], ['42', '43', '15', '40', '11', '46'], ['20', '27', '19', '2', '6'], ['14', '22', '23', '17', '18'], ['8', '5', '21']]";"[['44', '59', '45', '4', '16', '1', '52', '31', '25', '57', '58', '60', '3'], ['38', '32', '12', '37', '13', '34', '30', '36', '33', '35', '39', '26', '7'], ['53', '51', '49', '50', '24', '29', '48', '47'], ['42', '2', '43', '15', '40', '11', '46'], ['61', '55', '10', '9', '41', '54', '56'], ['28', '20', '19', '27', '6'], ['14', '22', '23', '17', '18'], ['8', '5', '21']]";"[0, 0, 0, 0, 7, 5, 1, 7, 2, 2, 4, 1, 1, 6, 4, 0, 6, 6, 5, 5, 7, 6, 6, 3, 0, 1, 5, 5, 3, 1, 0, 1, 1, 1, 1, 1, 1, 1, 1, 4, 2, 4, 4, 0, 2, 4, 3, 3, 3, 3, 3, 0, 3, 2, 2, 2, 0, 0, 0, 0, 2]";"[0, 0, 0, 0, 7, 5, 1, 7, 2, 2, 4, 1, 1, 6, 4, 0, 6, 6, 5, 5, 7, 6, 6, 3, 0, 1, 5, 5, 3, 1, 0, 1, 1, 1, 1, 1, 1, 1, 1, 4, 2, 4, 4, 0, 2, 4, 3, 3, 3, 3, 3, 0, 3, 2, 2, 2, 0, 0, 0, 0, 2]";"[1, 5, 1, 1, 7, 5, 0, 7, 2, 2, 4, 0, 0, 6, 4, 1, 6, 6, 5, 5, 7, 6, 6, 3, 1, 0, 5, 0, 3, 0, 1, 0, 0, 0, 0, 0, 0, 0, 0, 4, 2, 4, 4, 1, 2, 4, 3, 3, 3, 3, 3, 1, 3, 2, 2, 2, 1, 1, 1, 1, 2]";"[0, 3, 0, 0, 7, 5, 1, 7, 4, 4, 3, 1, 1, 6, 3, 0, 6, 6, 5, 5, 7, 6, 6, 2, 0, 1, 5, 5, 2, 1, 0, 1, 1, 1, 1, 1, 1, 1, 1, 3, 4, 3, 3, 0, 0, 3, 2, 2, 2, 2, 2, 0, 2, 4, 4, 4, 0, 0, 0, 0, 4]"
6;5;"aucs";"scml";2;0.3492;0.3419;0.3429;0.3339;"{'28': 0.5416666666666666, '20': 0.5073529411764706, '27': 0.5625, '6': 0.4027777777777778, '19': 0.5833333333333333}";"{'28': 0.625, '20': 0.5138888888888888, '27': 0.5833333333333333, '6': 0.4431818181818182, '19': 0.5833333333333333}";"{'28': 0.625, '20': 0.53125, '27': 0.4375, '6': 0.4375, '19': 0.4583333333333333}";"{'28': 0.625, '20': 0.5197368421052632, '27': 0.5625, '6': 0.4583333333333333, '19': 0.625}";0.0;0.2875;0.2491071428571428;0.1428571428571428;0.9837574650994712;0.9235570189448854;0.924344995090693;0.9803320337628956;0.9489431765510332;0.9597514362201904;1.0;0.9586766423588092;0.9435972564426984;1.0;0.970313643647765;0.9737125143697548;0.0041;0.0283;0.0058;"['28', '20', '19', '27', '6']";"{'1': [('intraD', ('19', '27')), ('interA', ('20', '61'))], '2': [('intraD', ('19', '6')), ('interA', ('21', '28'))], '3': [('interA', ('11', '20')), ('interA', ('27', '8'))], '4': [('interA', ('31', '6')), ('interA', ('21', '28'))], '5': [('interA', ('21', '6')), ('interD', ('3', '6'))]}";"{'1': [('interA', ('28', '38')), ('interA', ('12', '28'))], '2': [('intraD', ('19', '20')), ('intraD', ('20', '6'))], '3': [('interA', ('28', '38')), ('interA', ('28', '32'))], '4': [('interA', ('28', '38')), ('interA', ('28', '32'))], '5': [('intraD', ('20', '28')), ('intraD', ('28', '6'))]}";"{'1': [('interA', ('56', '6')), ('interA', ('12', '6'))], '2': [('interA', ('53', '6')), ('interA', ('19', '59'))], '3': [('interA', ('20', '36')), ('interA', ('19', '3'))], '4': [('interA', ('14', '20')), ('interA', ('20', '23'))], '5': [('interA', ('25', '28')), ('interA', ('19', '26'))]}";"[['44', '59', '4', '16', '1', '52', '31', '25', '57', '58', '2', '60', '3'], ['38', '32', '12', '37', '13', '34', '30', '36', '33', '35', '39', '26', '7'], ['61', '45', '55', '10', '9', '41', '54', '56'], ['53', '51', '49', '50', '24', '29', '48', '47'], ['42', '43', '15', '40', '11', '46'], ['14', '22', '23', '17', '18'], ['8', '5', '28', '21'], ['20', '6', '27', '19']]";"[['44', '59', '4', '16', '1', '14', '31', '52', '25', '57', '58', '2', '60', '3'], ['38', '28', '32', '12', '37', '13', '34', '30', '36', '33', '35', '39', '26', '7'], ['61', '45', '55', '10', '9', '41', '54', '56'], ['53', '51', '49', '50', '24', '29', '48', '47'], ['42', '43', '15', '40', '11', '46'], ['20', '6', '27', '19'], ['17', '22', '23', '18'], ['8', '5', '21']]";"[['38', '32', '12', '37', '13', '34', '30', '36', '33', '35', '39', '26', '7'], ['44', '59', '4', '16', '1', '52', '31', '25', '57', '58', '60'], ['61', '45', '55', '10', '9', '41', '54', '56'], ['53', '51', '49', '50', '24', '29', '48', '47'], ['28', '20', '27', '19', '2', '6', '3'], ['42', '43', '15', '40', '11', '46'], ['14', '22', '23', '17', '18'], ['8', '5', '21']]";"[0, 0, 0, 0, 7, 5, 1, 7, 2, 2, 4, 1, 1, 6, 4, 0, 6, 6, 5, 5, 7, 6, 6, 3, 0, 1, 5, 5, 3, 1, 0, 1, 1, 1, 1, 1, 1, 1, 1, 4, 2, 4, 4, 0, 2, 4, 3, 3, 3, 3, 3, 0, 3, 2, 2, 2, 0, 0, 0, 0, 2]";"[0, 0, 0, 0, 6, 7, 1, 6, 2, 2, 4, 1, 1, 5, 4, 0, 5, 5, 7, 7, 6, 5, 5, 3, 0, 1, 7, 6, 3, 1, 0, 1, 1, 1, 1, 1, 1, 1, 1, 4, 2, 4, 4, 0, 2, 4, 3, 3, 3, 3, 3, 0, 3, 2, 2, 2, 0, 0, 0, 0, 2]";"[0, 0, 0, 0, 7, 5, 1, 7, 2, 2, 4, 1, 1, 0, 4, 0, 6, 6, 5, 5, 7, 6, 6, 3, 0, 1, 5, 1, 3, 1, 0, 1, 1, 1, 1, 1, 1, 1, 1, 4, 2, 4, 4, 0, 2, 4, 3, 3, 3, 3, 3, 0, 3, 2, 2, 2, 0, 0, 0, 0, 2]";"[1, 4, 4, 1, 7, 4, 0, 7, 2, 2, 5, 0, 0, 6, 5, 1, 6, 6, 4, 4, 7, 6, 6, 3, 1, 0, 4, 4, 3, 0, 1, 0, 0, 0, 0, 0, 0, 0, 0, 5, 2, 5, 5, 1, 2, 5, 3, 3, 3, 3, 3, 1, 3, 2, 2, 2, 1, 1, 1, 1, 2]"
7;5;"aucs";"scml";2;0.3492;0.3497;0.348;0.3209;"{'28': 0.5416666666666666, '20': 0.5073529411764706, '27': 0.5625, '6': 0.4027777777777778, '19': 0.5833333333333333}";"{'28': 0.375, '20': 0.5138888888888888, '27': 0.5625, '6': 0.4027777777777778, '19': 0.425}";"{'28': 0.625, '20': 0.53125, '27': 0.4375, '6': 0.4375, '19': 0.4583333333333333}";"{'28': 0.625, '20': 0.525, '27': 0.5625, '6': 0.4583333333333333, '19': 0.6136363636363636}";0.0;0.3142857142857143;0.2866071428571428;0.4392857142857143;0.9769131784119296;0.8855300951043594;0.8143147049640962;0.97770211480223;0.9244697924742264;0.8963518308319887;1.0;0.9287178469880316;0.8638002585209879;1.0;0.9541658524948072;0.9333902638097876;0.0041;0.0281;0.0055;"['28', '20', '19', '27', '6']";"{'1': [('intraD', ('20', '27')), ('interD', ('15', '20'))], '2': [('interA', ('20', '21')), ('intraA', ('28', '6'))], '3': [('interA', ('27', '46')), ('intraD', ('19', '20'))], '4': [('intraA', ('19', '28')), ('intraA', ('28', '6'))], '5': [('interD', ('20', '32')), ('intraD', ('19', '27'))]}";"{'1': [('interA', ('28', '38')), ('interA', ('12', '28'))], '2': [('intraD', ('19', '20')), ('intraD', ('20', '6'))], '3': [('interA', ('28', '38')), ('interA', ('28', '32'))], '4': [('interA', ('28', '38')), ('interA', ('28', '32'))], '5': [('intraD', ('20', '28')), ('intraD', ('28', '6'))]}";"{'1': [('interA', ('33', '6')), ('interA', ('1', '6'))], '2': [('interA', ('57', '6')), ('interA', ('1', '19'))], '3': [('interA', ('20', '51')), ('interA', ('19', '31'))], '4': [('interA', ('20', '60')), ('interA', ('20', '35'))], '5': [('interA', ('28', '57')), ('interA', ('19', '49'))]}";"[['44', '59', '4', '16', '1', '52', '31', '25', '57', '58', '2', '60', '3'], ['38', '32', '12', '37', '13', '34', '30', '36', '33', '35', '39', '26', '7'], ['61', '45', '55', '10', '9', '41', '54', '56'], ['53', '51', '49', '50', '24', '29', '48', '47'], ['42', '27', '43', '15', '40', '11', '46'], ['14', '22', '23', '17', '18'], ['20', '6', '19', '28'], ['8', '5', '21']]";"[['38', '28', '32', '12', '37', '13', '34', '30', '36', '33', '35', '39', '26', '7'], ['44', '59', '4', '16', '1', '52', '31', '25', '57', '58', '3'], ['61', '45', '55', '10', '9', '41', '54', '56'], ['53', '51', '49', '50', '24', '29', '48', '47'], ['42', '43', '15', '40', '11', '46'], ['14', '22', '23', '17', '60', '18'], ['20', '27', '19', '2', '6'], ['8', '5', '21']]";"[['38', '32', '12', '37', '13', '34', '30', '36', '33', '35', '39', '26', '7'], ['44', '59', '45', '4', '16', '52', '25', '57', '58', '3'], ['28', '1', '20', '31', '19', '2', '60', '6'], ['53', '51', '49', '50', '24', '29', '48', '47'], ['61', '55', '10', '9', '41', '54', '56'], ['42', '27', '43', '15', '40', '11', '46'], ['14', '22', '23', '17', '18'], ['8', '5', '21']]";"[0, 0, 0, 0, 7, 5, 1, 7, 2, 2, 4, 1, 1, 6, 4, 0, 6, 6, 5, 5, 7, 6, 6, 3, 0, 1, 5, 5, 3, 1, 0, 1, 1, 1, 1, 1, 1, 1, 1, 4, 2, 4, 4, 0, 2, 4, 3, 3, 3, 3, 3, 0, 3, 2, 2, 2, 0, 0, 0, 0, 2]";"[0, 0, 0, 0, 7, 6, 1, 7, 2, 2, 4, 1, 1, 5, 4, 0, 5, 5, 6, 6, 7, 5, 5, 3, 0, 1, 4, 6, 3, 1, 0, 1, 1, 1, 1, 1, 1, 1, 1, 4, 2, 4, 4, 0, 2, 4, 3, 3, 3, 3, 3, 0, 3, 2, 2, 2, 0, 0, 0, 0, 2]";"[1, 6, 1, 1, 7, 6, 0, 7, 2, 2, 4, 0, 0, 5, 4, 1, 5, 5, 6, 6, 7, 5, 5, 3, 1, 0, 6, 0, 3, 0, 1, 0, 0, 0, 0, 0, 0, 0, 0, 4, 2, 4, 4, 1, 2, 4, 3, 3, 3, 3, 3, 1, 3, 2, 2, 2, 1, 1, 1, 5, 2]";"[2, 2, 1, 1, 7, 2, 0, 7, 4, 4, 5, 0, 0, 6, 5, 1, 6, 6, 2, 2, 7, 6, 6, 3, 1, 0, 5, 2, 3, 0, 2, 0, 0, 0, 0, 0, 0, 0, 0, 5, 4, 5, 5, 1, 1, 5, 3, 3, 3, 3, 3, 1, 3, 4, 4, 4, 1, 1, 1, 2, 4]"
8;5;"aucs";"scml";2;0.3492;0.3348;0.3259;0.3318;"{'28': 0.5416666666666666, '20': 0.5073529411764706, '27': 0.5625, '6': 0.4027777777777778, '19': 0.5833333333333333}";"{'28': 0.45, '20': 0.5138888888888888, '27': 0.5625, '6': 0.4027777777777778, '19': 0.425}";"{'28': 0.625, '20': 0.53125, '27': 0.4375, '6': 0.4375, '19': 0.4583333333333333}";"{'28': 0.625, '20': 0.5197368421052632, '27': 0.5625, '6': 0.4583333333333333, '19': 0.625}";0.0;0.3642857142857142;0.2866071428571428;0.0833333333333333;0.8955837042108867;0.8441014877461571;0.9295575857113528;0.9257050403068608;0.8966100320645521;0.9500030787642516;0.9225729021375976;0.881939564300773;0.9369080003933008;0.9520131856380516;0.9225025928003538;0.9552739131445832;0.0041;0.0308;0.007;"['28', '20', '19', '27', '6']";"{'1': [('intraD', ('27', '6')), ('interD', ('20', '46'))], '2': [('intraA', ('28', '6')), ('interA', ('6', '60'))], '3': [('intraA', ('19', '28')), ('interA', ('11', '28'))], '4': [('intraA', ('19', '28')), ('interD', ('29', '6'))], '5': [('intraA', ('19', '28')), ('interA', ('20', '43'))]}";"{'1': [('interA', ('28', '38')), ('interA', ('12', '28'))], '2': [('intraD', ('19', '20')), ('intraD', ('20', '6'))], '3': [('interA', ('28', '38')), ('interA', ('28', '32'))], '4': [('interA', ('28', '38')), ('interA', ('28', '32'))], '5': [('intraD', ('20', '28')), ('intraD', ('28', '6'))]}";"{'1': [('interA', ('18', '6')), ('interA', ('21', '6'))], '2': [('interA', ('46', '6')), ('interA', ('19', '55'))], '3': [('interA', ('20', '55')), ('interA', ('19', '44'))], '4': [('interA', ('20', '38')), ('interA', ('20', '29'))], '5': [('interA', ('28', '31')), ('interA', ('19', '32'))]}";"[['44', '59', '45', '4', '16', '1', '52', '31', '25', '57', '58', '2', '3'], ['38', '32', '12', '37', '13', '34', '30', '36', '33', '35', '39', '26', '7'], ['53', '51', '49', '50', '24', '29', '48', '47'], ['61', '55', '10', '9', '41', '54', '56'], ['42', '27', '43', '15', '40', '11', '46'], ['28', '20', '19', '60', '6'], ['14', '22', '23', '17', '18'], ['8', '5', '21']]";"[['44', '59', '45', '4', '16', '1', '14', '31', '52', '25', '57', '58', '60', '3'], ['38', '28', '32', '12', '37', '13', '34', '30', '36', '33', '35', '39', '26', '7'], ['53', '51', '49', '50', '24', '29', '48', '47'], ['61', '55', '10', '9', '41', '54', '56'], ['42', '43', '15', '40', '11', '46'], ['20', '27', '19', '2', '6'], ['17', '22', '23', '18'], ['8', '5', '21']]";"[['38', '32', '12', '37', '13', '34', '30', '36', '33', '35', '39', '26', '7'], ['44', '59', '4', '16', '1', '52', '31', '25', '57', '58', '60', '3'], ['53', '51', '49', '50', '24', '29', '48', '47'], ['42', '2', '43', '15', '40', '11', '46'], ['61', '45', '10', '9', '41', '54', '56'], ['55', '28', '20', '27', '19', '6'], ['14', '22', '23', '17', '18'], ['8', '5', '21']]";"[0, 0, 0, 0, 7, 5, 1, 7, 2, 2, 4, 1, 1, 6, 4, 0, 6, 6, 5, 5, 7, 6, 6, 3, 0, 1, 5, 5, 3, 1, 0, 1, 1, 1, 1, 1, 1, 1, 1, 4, 2, 4, 4, 0, 2, 4, 3, 3, 3, 3, 3, 0, 3, 2, 2, 2, 0, 0, 0, 0, 2]";"[0, 0, 0, 0, 7, 5, 1, 7, 3, 3, 4, 1, 1, 6, 4, 0, 6, 6, 5, 5, 7, 6, 6, 2, 0, 1, 4, 5, 2, 1, 0, 1, 1, 1, 1, 1, 1, 1, 1, 4, 3, 4, 4, 0, 0, 4, 2, 2, 2, 2, 2, 0, 2, 3, 3, 3, 0, 0, 0, 5, 3]";"[0, 5, 0, 0, 7, 5, 1, 7, 3, 3, 4, 1, 1, 0, 4, 0, 6, 6, 5, 5, 7, 6, 6, 2, 0, 1, 5, 1, 2, 1, 0, 1, 1, 1, 1, 1, 1, 1, 1, 4, 3, 4, 4, 0, 0, 4, 2, 2, 2, 2, 2, 0, 2, 3, 3, 3, 0, 0, 0, 0, 3]";"[1, 3, 1, 1, 7, 5, 0, 7, 4, 4, 3, 0, 0, 6, 3, 1, 6, 6, 5, 5, 7, 6, 6, 2, 1, 0, 5, 5, 2, 0, 1, 0, 0, 0, 0, 0, 0, 0, 0, 3, 4, 3, 3, 1, 4, 3, 2, 2, 2, 2, 2, 1, 2, 4, 5, 4, 1, 1, 1, 1, 4]"
9;5;"aucs";"scml";2;0.3492;0.3505;0.3475;0.3414;"{'28': 0.5416666666666666, '20': 0.5073529411764706, '27': 0.5625, '6': 0.4027777777777778, '19': 0.5833333333333333}";"{'28': 0.225, '20': 0.5073529411764706, '27': 0.425, '6': 0.4027777777777778, '19': 0.4431818181818182}";"{'28': 0.625, '20': 0.53125, '27': 0.4375, '6': 0.4375, '19': 0.4583333333333333}";"{'28': 0.625, '20': 0.525, '27': 0.5625, '6': 0.4583333333333333, '19': 0.625}";0.0;0.0;0.2866071428571428;0.0;1.0;0.9236854409664742;0.9578783151326054;1.0;0.9497118386508128;0.9735669463265088;1.0;0.9697683549273656;0.9551194870798524;1.0;0.9832327013296664;0.9691578328204882;0.0048;0.0287;0.0056;"['28', '20', '19', '27', '6']";"{'1': [('interD', ('15', '20')), ('intraA', ('27', '28'))], '2': [('interA', ('19', '3')), ('intraA', ('27', '28'))], '3': [('intraD', ('19', '20')), ('intraA', ('20', '27'))], '4': [('intraA', ('19', '28')), ('interA', ('27', '58'))], '5': [('interD', ('20', '32')), ('intraD', ('20', '27'))]}";"{'1': [('interA', ('28', '38')), ('interA', ('12', '28'))], '2': [('intraD', ('19', '20')), ('intraD', ('20', '6'))], '3': [('interA', ('28', '38')), ('interA', ('28', '32'))], '4': [('interA', ('28', '38')), ('interA', ('28', '32'))], '5': [('intraD', ('20', '28')), ('intraD', ('28', '6'))]}";"{'1': [('interA', ('6', '61')), ('interA', ('55', '6'))], '2': [('interA', ('46', '6')), ('interA', ('19', '54'))], '3': [('interA', ('20', '7')), ('interA', ('19', '48'))], '4': [('interA', ('20', '41')), ('interA', ('20', '48'))], '5': [('interA', ('28', '7')), ('interA', ('19', '61'))]}";"[['44', '59', '4', '16', '1', '52', '31', '25', '57', '58', '2', '60', '3'], ['38', '32', '12', '37', '13', '34', '30', '36', '33', '35', '39', '26', '7'], ['61', '45', '55', '10', '9', '41', '54', '56'], ['53', '51', '49', '50', '24', '29', '48', '47'], ['42', '43', '15', '40', '11', '46'], ['28', '20', '19', '27', '6'], ['14', '22', '23', '17', '18'], ['8', '5', '21']]";"[['38', '28', '32', '12', '37', '13', '34', '30', '36', '33', '35', '39', '26', '7'], ['44', '59', '4', '16', '1', '52', '31', '25', '57', '58', '60', '3'], ['61', '45', '55', '10', '9', '41', '54', '56'], ['53', '51', '49', '50', '24', '29', '48', '47'], ['42', '43', '15', '40', '11', '46'], ['20', '27', '19', '2', '6'], ['14', '22', '23', '17', '18'], ['8', '5', '21']]";"[['38', '32', '12', '37', '13', '34', '30', '36', '33', '35', '39', '26', '7'], ['44', '59', '4', '16', '1', '52', '31', '25', '57', '58', '60', '3'], ['61', '45', '55', '10', '9', '41', '54', '56'], ['53', '51', '49', '50', '24', '29', '48', '47'], ['42', '2', '43', '15', '40', '11', '46'], ['28', '20', '19', '27', '6'], ['14', '22', '23', '17', '18'], ['8', '5', '21']]";"[0, 0, 0, 0, 7, 5, 1, 7, 2, 2, 4, 1, 1, 6, 4, 0, 6, 6, 5, 5, 7, 6, 6, 3, 0, 1, 5, 5, 3, 1, 0, 1, 1, 1, 1, 1, 1, 1, 1, 4, 2, 4, 4, 0, 2, 4, 3, 3, 3, 3, 3, 0, 3, 2, 2, 2, 0, 0, 0, 0, 2]";"[0, 0, 0, 0, 7, 5, 1, 7, 2, 2, 4, 1, 1, 6, 4, 0, 6, 6, 5, 5, 7, 6, 6, 3, 0, 1, 5, 5, 3, 1, 0, 1, 1, 1, 1, 1, 1, 1, 1, 4, 2, 4, 4, 0, 2, 4, 3, 3, 3, 3, 3, 0, 3, 2, 2, 2, 0, 0, 0, 0, 2]";"[1, 5, 1, 1, 7, 5, 0, 7, 2, 2, 4, 0, 0, 6, 4, 1, 6, 6, 5, 5, 7, 6, 6, 3, 1, 0, 5, 0, 3, 0, 1, 0, 0, 0, 0, 0, 0, 0, 0, 4, 2, 4, 4, 1, 2, 4, 3, 3, 3, 3, 3, 1, 3, 2, 2, 2, 1, 1, 1, 1, 2]";"[1, 4, 1, 1, 7, 5, 0, 7, 2, 2, 4, 0, 0, 6, 4, 1, 6, 6, 5, 5, 7, 6, 6, 3, 1, 0, 5, 5, 3, 0, 1, 0, 0, 0, 0, 0, 0, 0, 0, 4, 2, 4, 4, 1, 2, 4, 3, 3, 3, 3, 3, 1, 3, 2, 2, 2, 1, 1, 1, 1, 2]"
10;5;"aucs";"scml";2;0.3492;0.3493;0.3336;0.3226;"{'28': 0.5416666666666666, '20': 0.5073529411764706, '27': 0.5625, '6': 0.4027777777777778, '19': 0.5833333333333333}";"{'28': 0.625, '20': 0.5073529411764706, '27': 0.5833333333333333, '6': 0.4027777777777778, '19': 0.6136363636363636}";"{'28': 0.625, '20': 0.53125, '27': 0.4375, '6': 0.4375, '19': 0.4583333333333333}";"{'28': 0.625, '20': 0.5138888888888888, '27': 0.5625, '6': 0.4431818181818182, '19': 0.6136363636363636}";0.0;0.1428571428571428;0.2866071428571428;0.1428571428571428;0.924344995090693;0.8807488909496478;0.8591151714227058;0.9597514362201904;0.922440051865688;0.9009377512786572;0.9435972564426984;0.9225729021375976;0.8727104410500562;0.9737125143697548;0.9520131856380516;0.9064874502430254;0.0045;0.0312;0.0058;"['28', '20', '19', '27', '6']";"{'1': [('intraA', ('28', '6')), ('intraA', ('20', '28'))], '2': [('intraD', ('19', '6')), ('interA', ('28', '48'))], '3': [('interA', ('2', '27')), ('intraA', ('27', '6'))], '4': [('intraD', ('19', '20')), ('intraD', ('27', '6'))], '5': [('interA', ('19', '57')), ('interA', ('1', '19'))]}";"{'1': [('interA', ('28', '38')), ('interA', ('12', '28'))], '2': [('intraD', ('19', '20')), ('intraD', ('20', '6'))], '3': [('interA', ('28', '38')), ('interA', ('28', '32'))], '4': [('interA', ('28', '38')), ('interA', ('28', '32'))], '5': [('intraD', ('20', '28')), ('intraD', ('28', '6'))]}";"{'1': [('interA', ('57', '6')), ('interA', ('5', '6'))], '2': [('interA', ('54', '6')), ('interA', ('19', '53'))], '3': [('interA', ('20', '25')), ('interA', ('15', '19'))], '4': [('interA', ('14', '20')), ('interA', ('20', '42'))], '5': [('interA', ('28', '4')), ('interA', ('19', '42'))]}";"[['38', '32', '12', '37', '13', '34', '30', '36', '33', '35', '39', '26', '7'], ['44', '59', '4', '16', '52', '31', '25', '57', '58', '60', '3'], ['61', '45', '55', '10', '9', '41', '54', '56'], ['53', '51', '49', '50', '24', '29', '48', '47'], ['28', '1', '20', '27', '19', '2', '6'], ['42', '43', '15', '40', '11', '46'], ['14', '22', '23', '17', '18'], ['8', '5', '21']]";"[['38', '28', '32', '12', '37', '13', '34', '30', '36', '33', '35', '39', '26', '7'], ['44', '59', '45', '4', '16', '1', '52', '31', '25', '57', '58', '60', '3'], ['53', '51', '49', '50', '24', '29', '48', '47'], ['61', '55', '10', '9', '41', '54', '56'], ['42', '43', '15', '40', '11', '46'], ['20', '27', '19', '2', '6'], ['14', '22', '23', '17', '18'], ['8', '5', '21']]";"[['38', '32', '12', '37', '13', '34', '30', '36', '33', '35', '39', '26', '7'], ['44', '59', '45', '4', '16', '1', '52', '31', '25', '57', '58', '3'], ['53', '51', '49', '50', '24', '29', '48', '47'], ['28', '14', '20', '27', '19', '2', '6'], ['61', '55', '10', '9', '41', '54', '56'], ['42', '43', '15', '40', '11', '46'], ['17', '22', '23', '60', '18'], ['8', '5', '21']]";"[0, 0, 0, 0, 7, 5, 1, 7, 2, 2, 4, 1, 1, 6, 4, 0, 6, 6, 5, 5, 7, 6, 6, 3, 0, 1, 5, 5, 3, 1, 0, 1, 1, 1, 1, 1, 1, 1, 1, 4, 2, 4, 4, 0, 2, 4, 3, 3, 3, 3, 3, 0, 3, 2, 2, 2, 0, 0, 0, 0, 2]";"[4, 4, 1, 1, 7, 4, 0, 7, 2, 2, 5, 0, 0, 6, 5, 1, 6, 6, 4, 4, 7, 6, 6, 3, 1, 0, 4, 4, 3, 0, 1, 0, 0, 0, 0, 0, 0, 0, 0, 5, 2, 5, 5, 1, 2, 5, 3, 3, 3, 3, 3, 1, 3, 2, 2, 2, 1, 1, 1, 1, 2]";"[1, 5, 1, 1, 7, 5, 0, 7, 3, 3, 4, 0, 0, 6, 4, 1, 6, 6, 5, 5, 7, 6, 6, 2, 1, 0, 5, 0, 2, 0, 1, 0, 0, 0, 0, 0, 0, 0, 0, 4, 3, 4, 4, 1, 1, 4, 2, 2, 2, 2, 2, 1, 2, 3, 3, 3, 1, 1, 1, 1, 3]";"[1, 3, 1, 1, 7, 3, 0, 7, 4, 4, 5, 0, 0, 3, 5, 1, 6, 6, 3, 3, 7, 6, 6, 2, 1, 0, 3, 3, 2, 0, 1, 0, 0, 0, 0, 0, 0, 0, 0, 5, 4, 5, 5, 1, 1, 5, 2, 2, 2, 2, 2, 1, 2, 4, 4, 4, 1, 1, 1, 6, 4]"
11;5;"aucs";"scml";2;0.3492;0.3518;0.3429;0.3395;"{'28': 0.5416666666666666, '20': 0.5073529411764706, '27': 0.5625, '6': 0.4027777777777778, '19': 0.5833333333333333}";"{'28': 0.25, '20': 0.5073529411764706, '27': 0.5833333333333333, '6': 0.375, '19': 0.4431818181818182}";"{'28': 0.625, '20': 0.53125, '27': 0.4375, '6': 0.4375, '19': 0.4583333333333333}";"{'28': 0.625, '20': 0.5197368421052632, '27': 0.5625, '6': 0.4583333333333333, '19': 0.6136363636363636}";0.0;0.0;0.2491071428571428;0.0;1.0;0.9235570189448854;0.913269031241594;1.0;0.9489431765510332;0.954995599005884;1.0;0.9586766423588092;0.9075870122287456;1.0;0.970313643647765;0.9474754584677572;0.0044;0.0275;0.006;"['28', '20', '19', '27', '6']";"{'1': [('intraA', ('19', '28')), ('interD', ('28', '32'))], '2': [('interA', ('27', '8')), ('intraD', ('20', '6'))], '3': [('interA', ('19', '49')), ('intraA', ('19', '6'))], '4': [('interD', ('27', '46')), ('interD', ('29', '6'))], '5': [('intraD', ('19', '20')), ('intraA', ('19', '28'))]}";"{'1': [('interA', ('28', '38')), ('interA', ('12', '28'))], '2': [('intraD', ('19', '20')), ('intraD', ('20', '6'))], '3': [('interA', ('28', '38')), ('interA', ('28', '32'))], '4': [('interA', ('28', '38')), ('interA', ('28', '32'))], '5': [('intraD', ('20', '28')), ('intraD', ('28', '6'))]}";"{'1': [('interA', ('10', '6')), ('interA', ('54', '6'))], '2': [('interA', ('31', '6')), ('interA', ('19', '59'))], '3': [('interA', ('20', '56')), ('interA', ('15', '19'))], '4': [('interA', ('20', '32')), ('interA', ('20', '55'))], '5': [('interA', ('28', '51')), ('interA', ('19', '48'))]}";"[['44', '59', '4', '16', '1', '52', '31', '25', '57', '58', '2', '60', '3'], ['38', '32', '12', '37', '13', '34', '30', '36', '33', '35', '39', '26', '7'], ['61', '45', '55', '10', '9', '41', '54', '56'], ['53', '51', '49', '50', '24', '29', '48', '47'], ['42', '43', '15', '40', '11', '46'], ['28', '20', '19', '27', '6'], ['14', '22', '23', '17', '18'], ['8', '5', '21']]";"[['44', '59', '4', '16', '1', '14', '31', '52', '25', '57', '58', '2', '60', '3'], ['38', '28', '32', '12', '37', '13', '34', '30', '36', '33', '35', '39', '26', '7'], ['61', '45', '55', '10', '9', '41', '54', '56'], ['53', '51', '49', '50', '24', '29', '48', '47'], ['42', '43', '15', '40', '11', '46'], ['20', '6', '27', '19'], ['17', '22', '23', '18'], ['8', '5', '21']]";"[['44', '59', '4', '16', '1', '52', '31', '25', '57', '58', '2', '60', '3'], ['38', '12', '37', '34', '30', '36', '33', '35', '39', '26', '7'], ['21', '14', '8', '22', '17', '23', '5', '18'], ['61', '45', '55', '10', '9', '41', '54', '56'], ['53', '51', '49', '50', '24', '29', '48', '47'], ['42', '43', '15', '40', '11', '46'], ['28', '20', '19', '27', '6'], ['13', '32']]";"[0, 0, 0, 0, 7, 5, 1, 7, 2, 2, 4, 1, 1, 6, 4, 0, 6, 6, 5, 5, 7, 6, 6, 3, 0, 1, 5, 5, 3, 1, 0, 1, 1, 1, 1, 1, 1, 1, 1, 4, 2, 4, 4, 0, 2, 4, 3, 3, 3, 3, 3, 0, 3, 2, 2, 2, 0, 0, 0, 0, 2]";"[0, 0, 0, 0, 7, 5, 1, 7, 2, 2, 4, 1, 1, 6, 4, 0, 6, 6, 5, 5, 7, 6, 6, 3, 0, 1, 5, 5, 3, 1, 0, 1, 1, 1, 1, 1, 1, 1, 1, 4, 2, 4, 4, 0, 2, 4, 3, 3, 3, 3, 3, 0, 3, 2, 2, 2, 0, 0, 0, 0, 2]";"[0, 0, 0, 0, 7, 5, 1, 7, 2, 2, 4, 1, 1, 0, 4, 0, 6, 6, 5, 5, 7, 6, 6, 3, 0, 1, 5, 1, 3, 1, 0, 1, 1, 1, 1, 1, 1, 1, 1, 4, 2, 4, 4, 0, 2, 4, 3, 3, 3, 3, 3, 0, 3, 2, 2, 2, 0, 0, 0, 0, 2]";"[0, 0, 0, 0, 2, 6, 1, 2, 3, 3, 5, 1, 7, 2, 5, 0, 2, 2, 6, 6, 2, 2, 2, 4, 0, 1, 6, 6, 4, 1, 0, 7, 1, 1, 1, 1, 1, 1, 1, 5, 3, 5, 5, 0, 3, 5, 4, 4, 4, 4, 4, 0, 4, 3, 3, 3, 0, 0, 0, 0, 3]"
12;5;"aucs";"scml";2;0.3492;0.3318;0.3336;0.3203;"{'28': 0.5416666666666666, '20': 0.5073529411764706, '27': 0.5625, '6': 0.4027777777777778, '19': 0.5833333333333333}";"{'28': 0.375, '20': 0.5197368421052632, '27': 0.4027777777777778, '6': 0.5625, '19': 0.4583333333333333}";"{'28': 0.625, '20': 0.53125, '27': 0.4375, '6': 0.4375, '19': 0.4583333333333333}";"{'28': 0.625, '20': 0.525, '27': 0.5625, '6': 0.425, '19': 0.625}";0.0;0.0;0.2866071428571428;0.0;0.9163258566819924;0.8807488909496478;0.9142836012227592;0.9471583993629064;0.922440051865688;0.946600851325221;0.9108509680324178;0.9225729021375976;0.9086994508237644;0.9383296218048164;0.9520131856380516;0.9375887718385792;0.005;0.0309;0.0061;"['28', '20', '19', '27', '6']";"{'1': [('interA', ('19', '44')), ('interA', ('12', '20'))], '2': [('interA', ('20', '55')), ('intraD', ('19', '20'))], '3': [('intraA', ('19', '28')), ('interA', ('19', '38'))], '4': [('intraD', ('20', '6')), ('intraA', ('27', '28'))], '5': [('interD', ('20', '47')), ('intraD', ('28', '6'))]}";"{'1': [('interA', ('28', '38')), ('interA', ('12', '28'))], '2': [('intraD', ('19', '20')), ('intraD', ('20', '6'))], '3': [('interA', ('28', '38')), ('interA', ('28', '32'))], '4': [('interA', ('28', '38')), ('interA', ('28', '32'))], '5': [('intraD', ('20', '28')), ('intraD', ('28', '6'))]}";"{'1': [('interA', ('52', '6')), ('interA', ('29', '6'))], '2': [('interA', ('29', '6')), ('interA', ('19', '50'))], '3': [('interA', ('20', '21')), ('interA', ('19', '61'))], '4': [('interA', ('20', '4')), ('interA', ('20', '51'))], '5': [('interA', ('28', '5')), ('interA', ('19', '9'))]}";"[['44', '59', '45', '4', '16', '1', '52', '31', '25', '57', '58', '2', '3'], ['38', '32', '12', '37', '13', '34', '30', '36', '33', '35', '39', '26', '7'], ['53', '51', '49', '50', '24', '29', '48', '47'], ['61', '55', '10', '9', '41', '54', '56'], ['42', '43', '15', '40', '11', '46'], ['14', '22', '23', '17', '60', '18'], ['28', '20', '19', '27', '6'], ['8', '5', '21']]";"[['38', '28', '32', '12', '37', '13', '34', '30', '36', '33', '35', '39', '26', '7'], ['44', '59', '45', '4', '16', '1', '52', '31', '25', '57', '58', '60', '3'], ['53', '51', '49', '50', '24', '29', '48', '47'], ['61', '55', '10', '9', '41', '54', '56'], ['42', '43', '15', '40', '11', '46'], ['20', '27', '19', '2', '6'], ['14', '22', '23', '17', '18'], ['8', '5', '21']]";"[['44', '59', '45', '4', '16', '1', '14', '31', '52', '25', '57', '58', '2', '60', '3'], ['38', '32', '12', '37', '13', '34', '30', '36', '33', '35', '39', '26', '7'], ['53', '51', '49', '50', '24', '29', '48', '47'], ['61', '55', '10', '9', '41', '54', '56'], ['42', '43', '15', '40', '11', '46'], ['28', '20', '19', '27', '6'], ['17', '22', '23', '18'], ['8', '5', '21']]";"[0, 0, 0, 0, 7, 5, 1, 7, 2, 2, 4, 1, 1, 6, 4, 0, 6, 6, 5, 5, 7, 6, 6, 3, 0, 1, 5, 5, 3, 1, 0, 1, 1, 1, 1, 1, 1, 1, 1, 4, 2, 4, 4, 0, 2, 4, 3, 3, 3, 3, 3, 0, 3, 2, 2, 2, 0, 0, 0, 0, 2]";"[0, 0, 0, 0, 7, 6, 1, 7, 3, 3, 4, 1, 1, 5, 4, 0, 5, 5, 6, 6, 7, 5, 5, 2, 0, 1, 6, 6, 2, 1, 0, 1, 1, 1, 1, 1, 1, 1, 1, 4, 3, 4, 4, 0, 0, 4, 2, 2, 2, 2, 2, 0, 2, 3, 3, 3, 0, 0, 0, 5, 3]";"[1, 5, 1, 1, 7, 5, 0, 7, 3, 3, 4, 0, 0, 6, 4, 1, 6, 6, 5, 5, 7, 6, 6, 2, 1, 0, 5, 0, 2, 0, 1, 0, 0, 0, 0, 0, 0, 0, 0, 4, 3, 4, 4, 1, 1, 4, 2, 2, 2, 2, 2, 1, 2, 3, 3, 3, 1, 1, 1, 1, 3]";"[0, 0, 0, 0, 7, 5, 1, 7, 3, 3, 4, 1, 1, 0, 4, 0, 6, 6, 5, 5, 7, 6, 6, 2, 0, 1, 5, 5, 2, 1, 0, 1, 1, 1, 1, 1, 1, 1, 1, 4, 3, 4, 4, 0, 0, 4, 2, 2, 2, 2, 2, 0, 2, 3, 3, 3, 0, 0, 0, 0, 3]"
13;5;"aucs";"scml";2;0.3492;0.3458;0.3475;0.3429;"{'28': 0.5416666666666666, '20': 0.5073529411764706, '27': 0.5625, '6': 0.4027777777777778, '19': 0.5833333333333333}";"{'28': 0.225, '20': 0.5073529411764706, '27': 0.425, '6': 0.375, '19': 0.4583333333333333}";"{'28': 0.625, '20': 0.53125, '27': 0.4375, '6': 0.4375, '19': 0.4583333333333333}";"{'28': 0.625, '20': 0.525, '27': 0.5625, '6': 0.4583333333333333, '19': 0.6136363636363636}";0.0;0.2222222222222222;0.2866071428571428;0.0833333333333333;0.8666874804870434;0.9236854409664742;0.9196165572838612;0.9415759796122988;0.9497118386508128;0.9483283911785466;0.905366653011061;0.9697683549273656;0.926301198059342;0.9626361521846106;0.9832327013296664;0.9533352199602948;0.0045;0.0304;0.0061;"['28', '20', '19', '27', '6']";"{'1': [('interA', ('27', '32')), ('intraD', ('27', '6'))], '2': [('intraD', ('20', '6')), ('interD', ('20', '47'))], '3': [('interA', ('19', '4')), ('intraD', ('19', '20'))], '4': [('interA', ('19', '60')), ('interD', ('29', '6'))], '5': [('intraA', ('19', '28')), ('intraA', ('27', '28'))]}";"{'1': [('interA', ('28', '38')), ('interA', ('12', '28'))], '2': [('intraD', ('19', '20')), ('intraD', ('20', '6'))], '3': [('interA', ('28', '38')), ('interA', ('28', '32'))], '4': [('interA', ('28', '38')), ('interA', ('28', '32'))], '5': [('intraD', ('20', '28')), ('intraD', ('28', '6'))]}";"{'1': [('interA', ('32', '6')), ('interA', ('40', '6'))], '2': [('interA', ('6', '61')), ('interA', ('19', '60'))], '3': [('interA', ('20', '41')), ('interA', ('11', '19'))], '4': [('interA', ('20', '39')), ('interA', ('20', '42'))], '5': [('interA', ('16', '28')), ('interA', ('19', '47'))]}";"[['38', '32', '12', '37', '13', '34', '30', '36', '33', '35', '39', '26', '7'], ['4', '28', '1', '20', '19', '27', '2', '60', '6'], ['44', '59', '16', '52', '31', '25', '57', '58', '3'], ['61', '45', '55', '10', '9', '41', '54', '56'], ['53', '51', '49', '50', '24', '29', '48', '47'], ['42', '43', '15', '40', '11', '46'], ['14', '22', '23', '17', '18'], ['8', '5', '21']]";"[['38', '28', '32', '12', '37', '13', '34', '30', '36', '33', '35', '39', '26', '7'], ['44', '59', '4', '16', '1', '52', '31', '25', '57', '58', '60', '3'], ['61', '45', '55', '10', '9', '41', '54', '56'], ['53', '51', '49', '50', '24', '29', '48', '47'], ['42', '43', '15', '40', '11', '46'], ['20', '27', '19', '2', '6'], ['14', '22', '23', '17', '18'], ['8', '5', '21']]";"[['38', '32', '12', '37', '13', '34', '30', '36', '33', '35', '39', '26', '7'], ['44', '59', '4', '16', '1', '52', '31', '25', '57', '58', '3'], ['61', '45', '55', '10', '9', '41', '54', '56'], ['53', '51', '49', '50', '24', '29', '48', '47'], ['42', '2', '43', '15', '40', '11', '46'], ['28', '20', '19', '27', '60', '6'], ['14', '22', '23', '17', '18'], ['8', '5', '21']]";"[0, 0, 0, 0, 7, 5, 1, 7, 2, 2, 4, 1, 1, 6, 4, 0, 6, 6, 5, 5, 7, 6, 6, 3, 0, 1, 5, 5, 3, 1, 0, 1, 1, 1, 1, 1, 1, 1, 1, 4, 2, 4, 4, 0, 2, 4, 3, 3, 3, 3, 3, 0, 3, 2, 2, 2, 0, 0, 0, 0, 2]";"[1, 1, 2, 1, 7, 1, 0, 7, 3, 3, 5, 0, 0, 6, 5, 2, 6, 6, 1, 1, 7, 6, 6, 4, 2, 0, 1, 1, 4, 0, 2, 0, 0, 0, 0, 0, 0, 0, 0, 5, 3, 5, 5, 2, 3, 5, 4, 4, 4, 4, 4, 2, 4, 3, 3, 3, 2, 2, 2, 1, 3]";"[1, 5, 1, 1, 7, 5, 0, 7, 2, 2, 4, 0, 0, 6, 4, 1, 6, 6, 5, 5, 7, 6, 6, 3, 1, 0, 5, 0, 3, 0, 1, 0, 0, 0, 0, 0, 0, 0, 0, 4, 2, 4, 4, 1, 2, 4, 3, 3, 3, 3, 3, 1, 3, 2, 2, 2, 1, 1, 1, 1, 2]";"[1, 4, 1, 1, 7, 5, 0, 7, 2, 2, 4, 0, 0, 6, 4, 1, 6, 6, 5, 5, 7, 6, 6, 3, 1, 0, 5, 5, 3, 0, 1, 0, 0, 0, 0, 0, 0, 0, 0, 4, 2, 4, 4, 1, 2, 4, 3, 3, 3, 3, 3, 1, 3, 2, 2, 2, 1, 1, 1, 5, 2]"
14;5;"aucs";"scml";2;0.3492;0.3441;0.349;0.3106;"{'28': 0.5416666666666666, '20': 0.5073529411764706, '27': 0.5625, '6': 0.4027777777777778, '19': 0.5833333333333333}";"{'28': 0.675, '20': 0.5197368421052632, '27': 0.5833333333333333, '6': 0.4027777777777778, '19': 0.5833333333333333}";"{'28': 0.625, '20': 0.53125, '27': 0.4375, '6': 0.4375, '19': 0.4583333333333333}";"{'28': 0.625, '20': 0.5197368421052632, '27': 0.5625, '6': 0.4583333333333333, '19': 0.625}";0.0;0.0;0.2491071428571428;0.0833333333333333;1.0;0.9612080252378518;0.9163258566819924;1.0;0.9745885315460632;0.9471583993629064;1.0;1.0;0.9225729021375976;1.0;1.0;0.9520131856380516;0.0055;0.0284;0.0061;"['28', '20', '19', '27', '6']";"{'1': [('interA', ('19', '50')), ('intraD', ('19', '20'))], '2': [('interA', ('20', '46')), ('interA', ('10', '27'))], '3': [('interA', ('20', '4')), ('interA', ('20', '56'))], '4': [('interD', ('19', '31')), ('intraA', ('19', '6'))], '5': [('interA', ('24', '28')), ('interA', ('28', '61'))]}";"{'1': [('interA', ('28', '38')), ('interA', ('12', '28'))], '2': [('intraD', ('19', '20')), ('intraD', ('20', '6'))], '3': [('interA', ('28', '38')), ('interA', ('28', '32'))], '4': [('interA', ('28', '38')), ('interA', ('28', '32'))], '5': [('intraD', ('20', '28')), ('intraD', ('28', '6'))]}";"{'1': [('interA', ('25', '6')), ('interA', ('16', '6'))], '2': [('interA', ('17', '6')), ('interA', ('19', '59'))], '3': [('interA', ('20', '35')), ('interA', ('19', '40'))], '4': [('interA', ('20', '25')), ('interA', ('20', '9'))], '5': [('interA', ('28', '39')), ('interA', ('14', '19'))]}";"[['44', '59', '4', '16', '1', '52', '31', '25', '57', '58', '2', '60', '3'], ['38', '32', '12', '37', '13', '34', '30', '36', '33', '35', '39', '26', '7'], ['61', '45', '55', '10', '9', '41', '54', '56'], ['53', '51', '49', '50', '24', '29', '48', '47'], ['42', '43', '15', '40', '11', '46'], ['28', '20', '19', '27', '6'], ['14', '22', '23', '17', '18'], ['8', '5', '21']]";"[['38', '28', '32', '12', '37', '13', '34', '30', '36', '33', '35', '39', '26', '7'], ['44', '59', '4', '16', '1', '52', '31', '25', '57', '58', '2', '60', '3'], ['61', '45', '55', '10', '9', '41', '54', '56'], ['53', '51', '49', '50', '24', '29', '48', '47'], ['42', '43', '15', '40', '11', '46'], ['14', '22', '23', '17', '18'], ['20', '6', '27', '19'], ['8', '5', '21']]";"[['44', '59', '45', '4', '16', '1', '52', '31', '57', '58', '2', '60', '3'], ['38', '32', '12', '37', '13', '34', '30', '36', '33', '35', '39', '26', '7'], ['53', '51', '49', '50', '24', '29', '48', '47'], ['61', '55', '10', '9', '41', '54', '56'], ['28', '20', '25', '19', '27', '6'], ['42', '43', '15', '40', '11', '46'], ['14', '22', '23', '17', '18'], ['8', '5', '21']]";"[0, 0, 0, 0, 7, 5, 1, 7, 2, 2, 4, 1, 1, 6, 4, 0, 6, 6, 5, 5, 7, 6, 6, 3, 0, 1, 5, 5, 3, 1, 0, 1, 1, 1, 1, 1, 1, 1, 1, 4, 2, 4, 4, 0, 2, 4, 3, 3, 3, 3, 3, 0, 3, 2, 2, 2, 0, 0, 0, 0, 2]";"[0, 0, 0, 0, 7, 5, 1, 7, 2, 2, 4, 1, 1, 6, 4, 0, 6, 6, 5, 5, 7, 6, 6, 3, 0, 1, 5, 5, 3, 1, 0, 1, 1, 1, 1, 1, 1, 1, 1, 4, 2, 4, 4, 0, 2, 4, 3, 3, 3, 3, 3, 0, 3, 2, 2, 2, 0, 0, 0, 0, 2]";"[1, 1, 1, 1, 7, 6, 0, 7, 2, 2, 4, 0, 0, 5, 4, 1, 5, 5, 6, 6, 7, 5, 5, 3, 1, 0, 6, 0, 3, 0, 1, 0, 0, 0, 0, 0, 0, 0, 0, 4, 2, 4, 4, 1, 2, 4, 3, 3, 3, 3, 3, 1, 3, 2, 2, 2, 1, 1, 1, 1, 2]";"[0, 0, 0, 0, 7, 4, 1, 7, 3, 3, 5, 1, 1, 6, 5, 0, 6, 6, 4, 4, 7, 6, 6, 2, 4, 1, 4, 4, 2, 1, 0, 1, 1, 1, 1, 1, 1, 1, 1, 5, 3, 5, 5, 0, 0, 5, 2, 2, 2, 2, 2, 0, 2, 3, 3, 3, 0, 0, 0, 0, 3]"
15;5;"aucs";"scml";2;0.3492;0.3454;0.348;0.3447;"{'28': 0.5416666666666666, '20': 0.5073529411764706, '27': 0.5625, '6': 0.4027777777777778, '19': 0.5833333333333333}";"{'28': 0.625, '20': 0.5138888888888888, '27': 0.5833333333333333, '6': 0.425, '19': 0.5625}";"{'28': 0.625, '20': 0.53125, '27': 0.4375, '6': 0.4375, '19': 0.4583333333333333}";"{'28': 0.625, '20': 0.525, '27': 0.5625, '6': 0.4583333333333333, '19': 0.625}";0.0;0.0;0.2866071428571428;0.0833333333333333;1.0;0.8855300951043594;0.8872921371381647;1.0;0.9244697924742264;0.9295936930951048;1.0;0.9287178469880316;0.8914817606764773;1.0;0.9541658524948072;0.9317700513126244;0.0041;0.029;0.0054;"['28', '20', '19', '27', '6']";"{'1': [('interA', ('24', '28')), ('interD', ('15', '19'))], '2': [('interD', ('19', '5')), ('intraD', ('19', '20'))], '3': [('interA', ('21', '6')), ('interA', ('12', '27'))], '4': [('intraD', ('19', '20')), ('intraA', ('28', '6'))], '5': [('interD', ('20', '32')), ('interA', ('16', '20'))]}";"{'1': [('interA', ('28', '38')), ('interA', ('12', '28'))], '2': [('intraD', ('19', '20')), ('intraD', ('20', '6'))], '3': [('interA', ('28', '38')), ('interA', ('28', '32'))], '4': [('interA', ('28', '38')), ('interA', ('28', '32'))], '5': [('intraD', ('20', '28')), ('intraD', ('28', '6'))]}";"{'1': [('interA', ('17', '6')), ('interA', ('6', '60'))], '2': [('interA', ('6', '8')), ('interA', ('19', '57'))], '3': [('interA', ('20', '8')), ('interA', ('10', '19'))], '4': [('interA', ('20', '54')), ('interA', ('10', '20'))], '5': [('interA', ('18', '28')), ('interA', ('19', '30'))]}";"[['44', '59', '4', '16', '1', '52', '31', '25', '57', '58', '2', '60', '3'], ['38', '32', '12', '37', '13', '34', '30', '36', '33', '35', '39', '26', '7'], ['61', '45', '55', '10', '9', '41', '54', '56'], ['53', '51', '49', '50', '24', '29', '48', '47'], ['42', '43', '15', '40', '11', '46'], ['28', '20', '19', '27', '6'], ['14', '22', '23', '17', '18'], ['8', '5', '21']]";"[['38', '28', '32', '12', '37', '13', '34', '30', '36', '33', '35', '39', '26', '7'], ['44', '59', '4', '16', '1', '52', '31', '25', '57', '58', '3'], ['61', '45', '55', '10', '9', '41', '54', '56'], ['53', '51', '49', '50', '24', '29', '48', '47'], ['42', '43', '15', '40', '11', '46'], ['14', '22', '23', '17', '60', '18'], ['20', '27', '19', '2', '6'], ['8', '5', '21']]";"[['38', '32', '12', '37', '13', '34', '30', '36', '33', '35', '39', '26', '7'], ['44', '59', '4', '16', '1', '52', '31', '25', '57', '58', '2', '3'], ['21', '14', '8', '22', '17', '23', '5', '18'], ['53', '51', '49', '50', '24', '29', '48', '47'], ['28', '20', '19', '27', '60', '6'], ['42', '43', '15', '40', '11', '46'], ['9', '45', '55', '41'], ['54', '61', '10', '56']]";"[0, 0, 0, 0, 7, 5, 1, 7, 2, 2, 4, 1, 1, 6, 4, 0, 6, 6, 5, 5, 7, 6, 6, 3, 0, 1, 5, 5, 3, 1, 0, 1, 1, 1, 1, 1, 1, 1, 1, 4, 2, 4, 4, 0, 2, 4, 3, 3, 3, 3, 3, 0, 3, 2, 2, 2, 0, 0, 0, 0, 2]";"[0, 0, 0, 0, 7, 5, 1, 7, 2, 2, 4, 1, 1, 6, 4, 0, 6, 6, 5, 5, 7, 6, 6, 3, 0, 1, 5, 5, 3, 1, 0, 1, 1, 1, 1, 1, 1, 1, 1, 4, 2, 4, 4, 0, 2, 4, 3, 3, 3, 3, 3, 0, 3, 2, 2, 2, 0, 0, 0, 0, 2]";"[1, 6, 1, 1, 7, 6, 0, 7, 2, 2, 4, 0, 0, 5, 4, 1, 5, 5, 6, 6, 7, 5, 5, 3, 1, 0, 6, 0, 3, 0, 1, 0, 0, 0, 0, 0, 0, 0, 0, 4, 2, 4, 4, 1, 2, 4, 3, 3, 3, 3, 3, 1, 3, 2, 2, 2, 1, 1, 1, 5, 2]";"[1, 1, 1, 1, 2, 4, 0, 2, 6, 7, 5, 0, 0, 2, 5, 1, 2, 2, 4, 4, 2, 2, 2, 3, 1, 0, 4, 4, 3, 0, 1, 0, 0, 0, 0, 0, 0, 0, 0, 5, 6, 5, 5, 1, 6, 5, 3, 3, 3, 3, 3, 1, 3, 7, 6, 7, 1, 1, 1, 4, 7]"
16;5;"aucs";"scml";2;0.3492;0.3453;0.3475;0.3281;"{'28': 0.5416666666666666, '20': 0.5073529411764706, '27': 0.5625, '6': 0.4027777777777778, '19': 0.5833333333333333}";"{'28': 0.625, '20': 0.5138888888888888, '27': 0.6, '6': 0.4027777777777778, '19': 0.5625}";"{'28': 0.625, '20': 0.53125, '27': 0.4375, '6': 0.4375, '19': 0.4583333333333333}";"{'28': 0.625, '20': 0.5197368421052632, '27': 0.5625, '6': 0.4583333333333333, '19': 0.6136363636363636}";0.0;0.0;0.2866071428571428;0.3976190476190476;1.0;0.9236854409664742;0.8981636060100167;1.0;0.9497118386508128;0.9273930743813452;1.0;0.9697683549273656;0.9357926686901704;1.0;0.9832327013296664;0.96027625669394;0.0045;0.0286;0.0078;"['28', '20', '19', '27', '6']";"{'1': [('interD', ('11', '19')), ('interA', ('20', '59'))], '2': [('intraD', ('19', '6')), ('intraD', ('19', '20'))], '3': [('intraD', ('19', '20')), ('interA', ('27', '41'))], '4': [('interA', ('27', '52')), ('interD', ('27', '43'))], '5': [('interA', ('16', '28')), ('interD', ('3', '6'))]}";"{'1': [('interA', ('28', '38')), ('interA', ('12', '28'))], '2': [('intraD', ('19', '20')), ('intraD', ('20', '6'))], '3': [('interA', ('28', '38')), ('interA', ('28', '32'))], '4': [('interA', ('28', '38')), ('interA', ('28', '32'))], '5': [('intraD', ('20', '28')), ('intraD', ('28', '6'))]}";"{'1': [('interA', ('53', '6')), ('interA', ('16', '6'))], '2': [('interA', ('6', '60')), ('interA', ('13', '19'))], '3': [('interA', ('20', '60')), ('interA', ('19', '36'))], '4': [('interA', ('15', '20')), ('interA', ('20', '4'))], '5': [('interA', ('23', '28')), ('interA', ('13', '19'))]}";"[['44', '59', '4', '16', '1', '52', '31', '25', '57', '58', '2', '60', '3'], ['38', '32', '12', '37', '13', '34', '30', '36', '33', '35', '39', '26', '7'], ['61', '45', '55', '10', '9', '41', '54', '56'], ['53', '51', '49', '50', '24', '29', '48', '47'], ['42', '43', '15', '40', '11', '46'], ['28', '20', '19', '27', '6'], ['14', '22', '23', '17', '18'], ['8', '5', '21']]";"[['38', '28', '32', '12', '37', '13', '34', '30', '36', '33', '35', '39', '26', '7'], ['44', '59', '4', '16', '1', '52', '31', '25', '57', '58', '60', '3'], ['61', '45', '55', '10', '9', '41', '54', '56'], ['53', '51', '49', '50', '24', '29', '48', '47'], ['42', '43', '15', '40', '11', '46'], ['20', '27', '19', '2', '6'], ['14', '22', '23', '17', '18'], ['8', '5', '21']]";"[['44', '59', '4', '16', '1', '52', '31', '25', '57', '58', '2', '3'], ['38', '32', '12', '37', '34', '30', '36', '33', '35', '39', '26', '7'], ['61', '45', '55', '10', '9', '41', '54', '56'], ['53', '51', '49', '50', '24', '29', '48', '47'], ['42', '27', '43', '15', '40', '11', '46'], ['28', '20', '19', '13', '60', '6'], ['14', '22', '23', '17', '18'], ['8', '5', '21']]";"[0, 0, 0, 0, 7, 5, 1, 7, 2, 2, 4, 1, 1, 6, 4, 0, 6, 6, 5, 5, 7, 6, 6, 3, 0, 1, 5, 5, 3, 1, 0, 1, 1, 1, 1, 1, 1, 1, 1, 4, 2, 4, 4, 0, 2, 4, 3, 3, 3, 3, 3, 0, 3, 2, 2, 2, 0, 0, 0, 0, 2]";"[0, 0, 0, 0, 7, 5, 1, 7, 2, 2, 4, 1, 1, 6, 4, 0, 6, 6, 5, 5, 7, 6, 6, 3, 0, 1, 5, 5, 3, 1, 0, 1, 1, 1, 1, 1, 1, 1, 1, 4, 2, 4, 4, 0, 2, 4, 3, 3, 3, 3, 3, 0, 3, 2, 2, 2, 0, 0, 0, 0, 2]";"[1, 5, 1, 1, 7, 5, 0, 7, 2, 2, 4, 0, 0, 6, 4, 1, 6, 6, 5, 5, 7, 6, 6, 3, 1, 0, 5, 0, 3, 0, 1, 0, 0, 0, 0, 0, 0, 0, 0, 4, 2, 4, 4, 1, 2, 4, 3, 3, 3, 3, 3, 1, 3, 2, 2, 2, 1, 1, 1, 1, 2]";"[0, 0, 0, 0, 7, 5, 1, 7, 2, 2, 4, 1, 5, 6, 4, 0, 6, 6, 5, 5, 7, 6, 6, 3, 0, 1, 4, 5, 3, 1, 0, 1, 1, 1, 1, 1, 1, 1, 1, 4, 2, 4, 4, 0, 2, 4, 3, 3, 3, 3, 3, 0, 3, 2, 2, 2, 0, 0, 0, 5, 2]"
17;5;"aucs";"scml";2;0.3492;0.3454;0.3338;0.3403;"{'28': 0.5416666666666666, '20': 0.5073529411764706, '27': 0.5625, '6': 0.4027777777777778, '19': 0.5833333333333333}";"{'28': 0.75, '20': 0.6617647058823529, '27': 0.5833333333333333, '6': 0.425, '19': 0.5833333333333333}";"{'28': 0.625, '20': 0.53125, '27': 0.4375, '6': 0.4375, '19': 0.4583333333333333}";"{'28': 0.625, '20': 0.5138888888888888, '27': 0.5625, '6': 0.4583333333333333, '19': 0.625}";0.0;0.0;0.2491071428571428;0.0833333333333333;0.8103778096604496;0.9164022470522872;0.9601506359758676;0.8973932693200649;0.9469151056572848;0.9742767326878776;0.7978866603849778;0.9511390316644456;0.9697683549273656;0.8805357168190782;0.9679029778049324;0.9832327013296664;0.005;0.0313;0.0056;"['28', '20', '19', '27', '6']";"{'1': [('intraD', ('19', '27')), ('interA', ('32', '6'))], '2': [('interA', ('27', '3')), ('interA', ('20', '34'))], '3': [('intraA', ('20', '27')), ('intraD', ('19', '20'))], '4': [('intraD', ('27', '6')), ('intraD', ('19', '20'))], '5': [('intraD', ('20', '28')), ('interD', ('15', '20'))]}";"{'1': [('interA', ('28', '38')), ('interA', ('12', '28'))], '2': [('intraD', ('19', '20')), ('intraD', ('20', '6'))], '3': [('interA', ('28', '38')), ('interA', ('28', '32'))], '4': [('interA', ('28', '38')), ('interA', ('28', '32'))], '5': [('intraD', ('20', '28')), ('intraD', ('28', '6'))]}";"{'1': [('interA', ('21', '6')), ('interA', ('58', '6'))], '2': [('interA', ('13', '6')), ('interA', ('19', '60'))], '3': [('interA', ('20', '29')), ('interA', ('19', '30'))], '4': [('interA', ('20', '4')), ('interA', ('20', '46'))], '5': [('interA', ('12', '28')), ('interA', ('19', '23'))]}";"[['38', '32', '12', '37', '13', '34', '30', '36', '33', '35', '39', '26', '7'], ['44', '59', '45', '16', '52', '31', '25', '57'], ['53', '51', '49', '50', '24', '29', '48', '47'], ['4', '1', '14', '58', '2', '60', '3'], ['8', '21', '22', '17', '23', '5', '18'], ['61', '55', '10', '9', '41', '54', '56'], ['42', '43', '15', '40', '11', '46'], ['28', '20', '19', '27', '6']]";"[['44', '59', '45', '4', '16', '1', '52', '31', '25', '57', '58', '2', '60', '3'], ['38', '28', '32', '12', '37', '13', '34', '30', '36', '33', '35', '39', '26', '7'], ['53', '51', '49', '50', '24', '29', '48', '47'], ['61', '55', '10', '9', '41', '54', '56'], ['42', '43', '15', '40', '11', '46'], ['14', '22', '23', '17', '18'], ['20', '6', '27', '19'], ['8', '5', '21']]";"[['38', '32', '12', '37', '13', '34', '30', '36', '33', '35', '39', '26', '7'], ['44', '59', '4', '16', '1', '52', '31', '25', '57', '58', '2', '3'], ['61', '45', '55', '10', '9', '41', '54', '56'], ['53', '51', '49', '50', '24', '29', '48', '47'], ['28', '20', '19', '27', '60', '6'], ['42', '43', '15', '40', '11', '46'], ['14', '22', '23', '17', '18'], ['8', '5', '21']]";"[0, 0, 0, 0, 7, 5, 1, 7, 2, 2, 4, 1, 1, 6, 4, 0, 6, 6, 5, 5, 7, 6, 6, 3, 0, 1, 5, 5, 3, 1, 0, 1, 1, 1, 1, 1, 1, 1, 1, 4, 2, 4, 4, 0, 2, 4, 3, 3, 3, 3, 3, 0, 3, 2, 2, 2, 0, 0, 0, 0, 2]";"[3, 3, 3, 3, 4, 7, 0, 4, 5, 5, 6, 0, 0, 3, 6, 1, 4, 4, 7, 7, 4, 4, 4, 2, 1, 0, 7, 7, 2, 0, 1, 0, 0, 0, 0, 0, 0, 0, 0, 6, 5, 6, 6, 1, 1, 6, 2, 2, 2, 2, 2, 1, 2, 5, 5, 5, 1, 3, 1, 3, 5]";"[0, 0, 0, 0, 7, 6, 1, 7, 3, 3, 4, 1, 1, 5, 4, 0, 5, 5, 6, 6, 7, 5, 5, 2, 0, 1, 6, 1, 2, 1, 0, 1, 1, 1, 1, 1, 1, 1, 1, 4, 3, 4, 4, 0, 0, 4, 2, 2, 2, 2, 2, 0, 2, 3, 3, 3, 0, 0, 0, 0, 3]";"[1, 1, 1, 1, 7, 4, 0, 7, 2, 2, 5, 0, 0, 6, 5, 1, 6, 6, 4, 4, 7, 6, 6, 3, 1, 0, 4, 4, 3, 0, 1, 0, 0, 0, 0, 0, 0, 0, 0, 5, 2, 5, 5, 1, 2, 5, 3, 3, 3, 3, 3, 1, 3, 2, 2, 2, 1, 1, 1, 4, 2]"
18;5;"aucs";"scml";2;0.3492;0.3437;0.34;0.3402;"{'28': 0.5416666666666666, '20': 0.5073529411764706, '27': 0.5625, '6': 0.4027777777777778, '19': 0.5833333333333333}";"{'28': 0.75, '20': 0.6617647058823529, '27': 0.5833333333333333, '6': 0.4027777777777778, '19': 0.6}";"{'28': 0.625, '20': 0.53125, '27': 0.4375, '6': 0.4375, '19': 0.4583333333333333}";"{'28': 0.625, '20': 0.5197368421052632, '27': 0.5625, '6': 0.4583333333333333, '19': 0.625}";0.0;0.0;0.2866071428571428;0.4214285714285714;1.0;0.8881878374502787;0.8417867435158501;1.0;0.9244066526402368;0.9051062012453056;1.0;0.9304246805214922;0.8847540649023743;1.0;0.9543434524344032;0.9394462031430284;0.0042;0.0304;0.0055;"['28', '20', '19', '27', '6']";"{'1': [('intraD', ('19', '20')), ('interD', ('11', '27'))], '2': [('intraA', ('20', '27')), ('interA', ('20', '41'))], '3': [('interA', ('27', '4')), ('interA', ('19', '58'))], '4': [('intraA', ('19', '27')), ('intraD', ('19', '20'))], '5': [('intraD', ('20', '28')), ('intraD', ('19', '27'))]}";"{'1': [('interA', ('28', '38')), ('interA', ('12', '28'))], '2': [('intraD', ('19', '20')), ('intraD', ('20', '6'))], '3': [('interA', ('28', '38')), ('interA', ('28', '32'))], '4': [('interA', ('28', '38')), ('interA', ('28', '32'))], '5': [('intraD', ('20', '28')), ('intraD', ('28', '6'))]}";"{'1': [('interA', ('24', '6')), ('interA', ('39', '6'))], '2': [('interA', ('21', '6')), ('interA', ('19', '55'))], '3': [('interA', ('18', '20')), ('interA', ('19', '4'))], '4': [('interA', ('20', '4')), ('interA', ('2', '20'))], '5': [('interA', ('28', '7')), ('interA', ('16', '19'))]}";"[['44', '59', '4', '16', '1', '52', '31', '25', '57', '58', '2', '60', '3'], ['38', '32', '12', '37', '13', '34', '30', '36', '33', '35', '39', '26', '7'], ['61', '45', '55', '10', '9', '41', '54', '56'], ['53', '51', '49', '50', '24', '29', '48', '47'], ['42', '43', '15', '40', '11', '46'], ['28', '20', '19', '27', '6'], ['14', '22', '23', '17', '18'], ['8', '5', '21']]";"[['38', '28', '32', '12', '37', '13', '34', '30', '36', '33', '35', '39', '26', '7'], ['44', '59', '4', '16', '1', '14', '31', '52', '25', '57', '58', '60', '3'], ['61', '45', '55', '10', '9', '41', '54', '56'], ['53', '51', '49', '50', '24', '29', '48', '47'], ['42', '43', '15', '40', '11', '46'], ['20', '27', '19', '2', '6'], ['17', '22', '23', '18'], ['8', '5', '21']]";"[['38', '32', '12', '37', '13', '34', '30', '36', '33', '35', '39', '26', '7'], ['44', '59', '16', '52', '31', '25', '57', '58', '3'], ['61', '45', '55', '10', '9', '41', '54', '56'], ['53', '51', '49', '50', '24', '29', '48', '47'], ['4', '28', '1', '20', '19', '2', '6'], ['42', '27', '43', '15', '40', '11', '46'], ['14', '22', '23', '17', '60', '18'], ['8', '5', '21']]";"[0, 0, 0, 0, 7, 5, 1, 7, 2, 2, 4, 1, 1, 6, 4, 0, 6, 6, 5, 5, 7, 6, 6, 3, 0, 1, 5, 5, 3, 1, 0, 1, 1, 1, 1, 1, 1, 1, 1, 4, 2, 4, 4, 0, 2, 4, 3, 3, 3, 3, 3, 0, 3, 2, 2, 2, 0, 0, 0, 0, 2]";"[0, 0, 0, 0, 7, 5, 1, 7, 2, 2, 4, 1, 1, 6, 4, 0, 6, 6, 5, 5, 7, 6, 6, 3, 0, 1, 5, 5, 3, 1, 0, 1, 1, 1, 1, 1, 1, 1, 1, 4, 2, 4, 4, 0, 2, 4, 3, 3, 3, 3, 3, 0, 3, 2, 2, 2, 0, 0, 0, 0, 2]";"[1, 5, 1, 1, 7, 5, 0, 7, 2, 2, 4, 0, 0, 1, 4, 1, 6, 6, 5, 5, 7, 6, 6, 3, 1, 0, 5, 0, 3, 0, 1, 0, 0, 0, 0, 0, 0, 0, 0, 4, 2, 4, 4, 1, 2, 4, 3, 3, 3, 3, 3, 1, 3, 2, 2, 2, 1, 1, 1, 1, 2]";"[4, 4, 1, 4, 7, 4, 0, 7, 2, 2, 5, 0, 0, 6, 5, 1, 6, 6, 4, 4, 7, 6, 6, 3, 1, 0, 5, 4, 3, 0, 1, 0, 0, 0, 0, 0, 0, 0, 0, 5, 2, 5, 5, 1, 2, 5, 3, 3, 3, 3, 3, 1, 3, 2, 2, 2, 1, 1, 1, 6, 2]"
19;5;"aucs";"scml";2;0.3492;0.3083;0.3475;0.3246;"{'28': 0.5416666666666666, '20': 0.5073529411764706, '27': 0.5625, '6': 0.4027777777777778, '19': 0.5833333333333333}";"{'28': 0.5416666666666666, '20': 0.5073529411764706, '27': 0.6, '6': 0.4027777777777778, '19': 0.6}";"{'28': 0.625, '20': 0.53125, '27': 0.4375, '6': 0.4375, '19': 0.4583333333333333}";"{'28': 0.625, '20': 0.525, '27': 0.5625, '6': 0.4583333333333333, '19': 0.6136363636363636}";0.0;0.25;0.2866071428571428;0.4214285714285714;0.7654311199207136;0.9236854409664742;0.8872921371381647;0.8818308695638915;0.9497118386508128;0.9170961049643108;0.8058143607705779;0.9697683549273656;0.9333422121595524;0.8987474075969011;0.9832327013296664;0.9533295267074748;0.0048;0.0425;0.0058;"['28', '20', '19', '27', '6']";"{'1': [('interA', ('25', '27')), ('interD', ('27', '46'))], '2': [('interA', ('19', '52')), ('intraD', ('19', '20'))], '3': [('intraD', ('19', '20')), ('interA', ('20', '31'))], '4': [('intraD', ('20', '6')), ('intraD', ('19', '20'))], '5': [('interD', ('20', '25')), ('interA', ('27', '53'))]}";"{'1': [('interA', ('28', '38')), ('interA', ('12', '28'))], '2': [('intraD', ('19', '20')), ('intraD', ('20', '6'))], '3': [('interA', ('28', '38')), ('interA', ('28', '32'))], '4': [('interA', ('28', '38')), ('interA', ('28', '32'))], '5': [('intraD', ('20', '28')), ('intraD', ('28', '6'))]}";"{'1': [('interA', ('17', '6')), ('interA', ('23', '6'))], '2': [('interA', ('55', '6')), ('interA', ('19', '31'))], '3': [('interA', ('20', '9')), ('interA', ('19', '8'))], '4': [('interA', ('20', '55')), ('interA', ('20', '38'))], '5': [('interA', ('28', '29')), ('interA', ('19', '60'))]}";"[['38', '12', '37', '34', '30', '36', '33', '35', '39', '26', '7'], ['28', '32', '1', '20', '19', '13', '27', '2', '6', '3'], ['44', '59', '4', '16', '52', '31', '25', '57', '58'], ['61', '45', '55', '10', '9', '41', '54', '56'], ['53', '51', '49', '50', '24', '29', '48', '47'], ['42', '43', '15', '40', '11', '46'], ['14', '22', '23', '17', '60', '18'], ['8', '5', '21']]";"[['38', '28', '32', '12', '37', '13', '34', '30', '36', '33', '35', '39', '26', '7'], ['44', '59', '4', '16', '1', '52', '31', '25', '57', '58', '60', '3'], ['61', '45', '55', '10', '9', '41', '54', '56'], ['53', '51', '49', '50', '24', '29', '48', '47'], ['42', '43', '15', '40', '11', '46'], ['20', '27', '19', '2', '6'], ['14', '22', '23', '17', '18'], ['8', '5', '21']]";"[['38', '32', '12', '37', '13', '34', '30', '36', '33', '35', '39', '26', '7'], ['44', '59', '4', '16', '1', '52', '31', '25', '57', '58', '2', '3'], ['53', '51', '49', '50', '24', '29', '48', '47'], ['55', '28', '20', '9', '19', '60', '6'], ['42', '27', '43', '15', '40', '11', '46'], ['61', '45', '10', '41', '56', '54'], ['14', '22', '23', '17', '18'], ['8', '5', '21']]";"[0, 0, 0, 0, 7, 5, 1, 7, 2, 2, 4, 1, 1, 6, 4, 0, 6, 6, 5, 5, 7, 6, 6, 3, 0, 1, 5, 5, 3, 1, 0, 1, 1, 1, 1, 1, 1, 1, 1, 4, 2, 4, 4, 0, 2, 4, 3, 3, 3, 3, 3, 0, 3, 2, 2, 2, 0, 0, 0, 0, 2]";"[1, 1, 1, 2, 7, 1, 0, 7, 3, 3, 5, 0, 1, 6, 5, 2, 6, 6, 1, 1, 7, 6, 6, 4, 2, 0, 1, 1, 4, 0, 2, 1, 0, 0, 0, 0, 0, 0, 0, 5, 3, 5, 5, 2, 3, 5, 4, 4, 4, 4, 4, 2, 4, 3, 3, 3, 2, 2, 2, 6, 3]";"[1, 5, 1, 1, 7, 5, 0, 7, 2, 2, 4, 0, 0, 6, 4, 1, 6, 6, 5, 5, 7, 6, 6, 3, 1, 0, 5, 0, 3, 0, 1, 0, 0, 0, 0, 0, 0, 0, 0, 4, 2, 4, 4, 1, 2, 4, 3, 3, 3, 3, 3, 1, 3, 2, 2, 2, 1, 1, 1, 1, 2]";"[1, 1, 1, 1, 7, 3, 0, 7, 3, 5, 4, 0, 0, 6, 4, 1, 6, 6, 3, 3, 7, 6, 6, 2, 1, 0, 4, 3, 2, 0, 1, 0, 0, 0, 0, 0, 0, 0, 0, 4, 5, 4, 4, 1, 5, 4, 2, 2, 2, 2, 2, 1, 2, 5, 3, 5, 1, 1, 1, 3, 5]"
0;6;"aucs";"scml";2;0.3492;0.3461;0.3072;0.3298;"{'14': 0.5560344827586207, '22': 0.425, '23': 0.29166666666666663, '17': 0.3392857142857143, '18': 0.5073529411764706}";"{'14': 0.5560344827586207, '22': 0.4431818181818182, '23': 0.29166666666666663, '17': 0.4027777777777778, '18': 0.5}";"{'14': 0.560483870967742, '22': 0.425, '23': 0.29166666666666663, '17': 0.3392857142857143, '18': 0.5073529411764706}";"{'14': 0.5560344827586207, '22': 0.425, '23': 0.4583333333333333, '17': 0.425, '18': 0.5138888888888888}";0.0;0.0;0.4344155844155843;0.4321428571428571;1.0;0.665834206074277;0.7637704110828687;1.0;0.8272826761189164;0.8711944458427899;1.0;0.7022219097173393;0.8072456713719491;1.0;0.8532598056024732;0.9026146950531602;0.0044;0.0295;0.0069;"['14', '22', '23', '17', '18']";"{'1': [('interA', ('17', '3')), ('interA', ('17', '35'))], '2': [('intraD', ('22', '23')), ('interD', ('14', '45'))], '3': [('intraA', ('17', '23')), ('intraA', ('14', '22'))], '4': [('intraA', ('14', '17')), ('interA', ('22', '39'))], '5': [('intraA', ('22', '23')), ('interD', ('18', '2'))]}";"{'1': [('interA', ('14', '38')), ('interA', ('14', '32'))], '2': [('intraD', ('14', '22')), ('intraD', ('14', '23'))], '3': [('interA', ('14', '38')), ('interA', ('14', '32'))], '4': [('intraD', ('22', '23')), ('intraD', ('17', '22'))], '5': [('interA', ('14', '44')), ('interA', ('14', '59'))]}";"{'1': [('interA', ('23', '34')), ('interA', ('23', '9'))], '2': [('interA', ('23', '40')), ('interA', ('19', '23'))], '3': [('interA', ('15', '17')), ('interA', ('18', '46'))], '4': [('interA', ('23', '43')), ('interA', ('17', '29'))], '5': [('interA', ('23', '56')), ('interA', ('17', '41'))]}";"[['44', '59', '4', '16', '1', '52', '31', '25', '57', '58', '2', '60', '3'], ['38', '32', '12', '37', '13', '34', '30', '36', '33', '35', '39', '26', '7'], ['61', '45', '55', '10', '9', '41', '54', '56'], ['53', '51', '49', '50', '24', '29', '48', '47'], ['42', '43', '15', '40', '11', '46'], ['28', '20', '19', '27', '6'], ['14', '22', '23', '17', '18'], ['8', '5', '21']]";"[['45', '4', '32', '14', '1', '52', '13', '58', '2', '60', '3'], ['12', '37', '34', '30', '36', '33', '35', '39', '26', '7'], ['53', '51', '49', '50', '24', '29', '48', '47'], ['8', '21', '22', '17', '23', '5', '18'], ['61', '55', '10', '9', '41', '54', '56'], ['44', '59', '16', '38', '31', '25', '57'], ['42', '43', '15', '40', '11', '46'], ['28', '20', '19', '27', '6']]";"[['32', '12', '37', '34', '13', '30', '36', '33', '35', '39', '26', '7'], ['45', '4', '14', '52', '1', '25', '58', '2', '60', '3'], ['53', '51', '49', '50', '24', '29', '48', '47'], ['8', '21', '22', '17', '23', '5', '18'], ['61', '55', '10', '9', '41', '54', '56'], ['42', '43', '15', '40', '11', '46'], ['44', '59', '16', '38', '31', '57'], ['28', '20', '19', '27', '6']]";"[0, 0, 0, 0, 7, 5, 1, 7, 2, 2, 4, 1, 1, 6, 4, 0, 6, 6, 5, 5, 7, 6, 6, 3, 0, 1, 5, 5, 3, 1, 0, 1, 1, 1, 1, 1, 1, 1, 1, 4, 2, 4, 4, 0, 2, 4, 3, 3, 3, 3, 3, 0, 3, 2, 2, 2, 0, 0, 0, 0, 2]";"[0, 0, 0, 0, 7, 5, 1, 7, 2, 2, 4, 1, 1, 6, 4, 0, 6, 6, 5, 5, 7, 6, 6, 3, 0, 1, 5, 5, 3, 1, 0, 1, 1, 1, 1, 1, 1, 1, 1, 4, 2, 4, 4, 0, 2, 4, 3, 3, 3, 3, 3, 0, 3, 2, 2, 2, 0, 0, 0, 0, 2]";"[0, 0, 0, 0, 3, 7, 1, 3, 4, 4, 6, 1, 0, 0, 6, 5, 3, 3, 7, 7, 3, 3, 3, 2, 5, 1, 7, 7, 2, 1, 5, 0, 1, 1, 1, 1, 1, 5, 1, 6, 4, 6, 6, 5, 0, 6, 2, 2, 2, 2, 2, 0, 2, 4, 4, 4, 5, 0, 5, 0, 4]";"[1, 1, 1, 1, 3, 7, 0, 3, 4, 4, 5, 0, 0, 1, 5, 6, 3, 3, 7, 7, 3, 3, 3, 2, 1, 0, 7, 7, 2, 0, 6, 0, 0, 0, 0, 0, 0, 6, 0, 5, 4, 5, 5, 6, 1, 5, 2, 2, 2, 2, 2, 1, 2, 4, 4, 4, 6, 1, 6, 1, 4]"
1;6;"aucs";"scml";2;0.3492;0.3307;0.3072;0.3257;"{'14': 0.5560344827586207, '22': 0.425, '23': 0.29166666666666663, '17': 0.3392857142857143, '18': 0.5073529411764706}";"{'14': 0.5560344827586207, '22': 0.4583333333333333, '23': 0.29166666666666663, '17': 0.3392857142857143, '18': 0.5197368421052632}";"{'14': 0.560483870967742, '22': 0.425, '23': 0.29166666666666663, '17': 0.3392857142857143, '18': 0.5073529411764706}";"{'14': 0.5560344827586207, '22': 0.425, '23': 0.4583333333333333, '17': 0.4027777777777778, '18': 0.5138888888888888}";0.0;0.1875;0.4344155844155843;0.525;0.862875303601881;0.665834206074277;0.7743107586627591;0.9112593249505592;0.8272826761189164;0.8847941917871635;0.888776915583325;0.7022219097173393;0.8387772194304858;0.9238747901019432;0.8532598056024732;0.9289669768025312;0.0043;0.0294;0.006;"['14', '22', '23', '17', '18']";"{'1': [('interA', ('14', '36')), ('interA', ('18', '49'))], '2': [('intraA', ('17', '18')), ('interA', ('18', '55'))], '3': [('interA', ('22', '29')), ('intraD', ('17', '18'))], '4': [('intraD', ('17', '22')), ('interA', ('22', '41'))], '5': [('interD', ('18', '5')), ('intraA', ('22', '23'))]}";"{'1': [('interA', ('14', '38')), ('interA', ('14', '32'))], '2': [('intraD', ('14', '22')), ('intraD', ('14', '23'))], '3': [('interA', ('14', '38')), ('interA', ('14', '32'))], '4': [('intraD', ('22', '23')), ('intraD', ('17', '22'))], '5': [('interA', ('14', '44')), ('interA', ('14', '59'))]}";"{'1': [('interA', ('23', '48')), ('interA', ('15', '23'))], '2': [('interA', ('1', '23')), ('interA', ('23', '34'))], '3': [('interA', ('17', '37')), ('interA', ('18', '39'))], '4': [('interA', ('23', '52')), ('interA', ('17', '5'))], '5': [('interA', ('23', '49')), ('interA', ('17', '31'))]}";"[['38', '32', '12', '37', '13', '34', '30', '36', '33', '35', '39', '26', '7'], ['44', '59', '4', '16', '1', '52', '31', '25', '57', '58', '3'], ['55', '14', '22', '23', '17', '41', '60', '18'], ['53', '51', '49', '50', '24', '29', '48', '47'], ['42', '2', '43', '15', '40', '11', '46'], ['61', '45', '10', '9', '56', '54'], ['28', '20', '19', '27', '6'], ['8', '5', '21']]";"[['45', '4', '32', '14', '1', '52', '13', '58', '2', '60', '3'], ['12', '37', '34', '30', '36', '33', '35', '39', '26', '7'], ['53', '51', '49', '50', '24', '29', '48', '47'], ['8', '21', '22', '17', '23', '5', '18'], ['61', '55', '10', '9', '41', '54', '56'], ['44', '59', '16', '38', '31', '25', '57'], ['42', '43', '15', '40', '11', '46'], ['28', '20', '19', '27', '6']]";"[['32', '12', '37', '34', '13', '30', '36', '33', '35', '39', '26', '7'], ['4', '1', '52', '14', '22', '23', '58', '2', '60', '3'], ['61', '45', '55', '10', '9', '41', '54', '56'], ['53', '51', '49', '50', '24', '29', '48', '47'], ['44', '59', '16', '38', '31', '25', '57'], ['42', '43', '15', '40', '11', '46'], ['8', '21', '17', '5', '18'], ['28', '20', '19', '27', '6']]";"[0, 0, 0, 0, 7, 5, 1, 7, 2, 2, 4, 1, 1, 6, 4, 0, 6, 6, 5, 5, 7, 6, 6, 3, 0, 1, 5, 5, 3, 1, 0, 1, 1, 1, 1, 1, 1, 1, 1, 4, 2, 4, 4, 0, 2, 4, 3, 3, 3, 3, 3, 0, 3, 2, 2, 2, 0, 0, 0, 0, 2]";"[1, 4, 1, 1, 7, 6, 0, 7, 5, 5, 4, 0, 0, 2, 4, 1, 2, 2, 6, 6, 7, 2, 2, 3, 1, 0, 6, 6, 3, 0, 1, 0, 0, 0, 0, 0, 0, 0, 0, 4, 2, 4, 4, 1, 5, 4, 3, 3, 3, 3, 3, 1, 3, 5, 2, 5, 1, 1, 1, 2, 5]";"[0, 0, 0, 0, 3, 7, 1, 3, 4, 4, 6, 1, 0, 0, 6, 5, 3, 3, 7, 7, 3, 3, 3, 2, 5, 1, 7, 7, 2, 1, 5, 0, 1, 1, 1, 1, 1, 5, 1, 6, 4, 6, 6, 5, 0, 6, 2, 2, 2, 2, 2, 0, 2, 4, 4, 4, 5, 0, 5, 0, 4]";"[1, 1, 1, 1, 6, 7, 0, 6, 2, 2, 5, 0, 0, 1, 5, 4, 6, 6, 7, 7, 6, 1, 1, 3, 4, 0, 7, 7, 3, 0, 4, 0, 0, 0, 0, 0, 0, 4, 0, 5, 2, 5, 5, 4, 2, 5, 3, 3, 3, 3, 3, 1, 3, 2, 2, 2, 4, 1, 4, 1, 2]"
2;6;"aucs";"scml";2;0.3492;0.3474;0.332;0.316;"{'14': 0.5560344827586207, '22': 0.425, '23': 0.29166666666666663, '17': 0.3392857142857143, '18': 0.5073529411764706}";"{'14': 0.5560344827586207, '22': 0.4027777777777778, '23': 0.3392857142857143, '17': 0.3392857142857143, '18': 0.5197368421052632}";"{'14': 0.560483870967742, '22': 0.425, '23': 0.29166666666666663, '17': 0.3392857142857143, '18': 0.5073529411764706}";"{'14': 0.5560344827586207, '22': 0.425, '23': 0.4431818181818182, '17': 0.4027777777777778, '18': 0.5138888888888888}";0.0;0.0833333333333333;0.4344155844155843;0.4321428571428571;0.9601506359758676;0.7730846348670325;0.7248046402964634;0.9742767326878776;0.87341894254576;0.8570865317086723;0.9697683549273656;0.8192862566438877;0.7649226234340457;0.9832327013296664;0.905742489374826;0.8865314696744203;0.0049;0.0295;0.0058;"['14', '22', '23', '17', '18']";"{'1': [('interD', ('22', '8')), ('interA', ('23', '43'))], '2': [('intraD', ('22', '23')), ('intraA', ('17', '18'))], '3': [('interA', ('18', '56')), ('interA', ('10', '18'))], '4': [('intraD', ('17', '22')), ('intraD', ('22', '23'))], '5': [('intraD', ('17', '18')), ('intraD', ('18', '23'))]}";"{'1': [('interA', ('14', '38')), ('interA', ('14', '32'))], '2': [('intraD', ('14', '22')), ('intraD', ('14', '23'))], '3': [('interA', ('14', '38')), ('interA', ('14', '32'))], '4': [('intraD', ('22', '23')), ('intraD', ('17', '22'))], '5': [('interA', ('14', '44')), ('interA', ('14', '59'))]}";"{'1': [('interA', ('23', '55')), ('interA', ('15', '23'))], '2': [('interA', ('23', '47')), ('interA', ('23', '59'))], '3': [('interA', ('17', '39')), ('interA', ('18', '55'))], '4': [('interA', ('23', '5')), ('interA', ('17', '8'))], '5': [('interA', ('23', '53')), ('interA', ('12', '17'))]}";"[['38', '32', '12', '37', '13', '34', '30', '36', '33', '35', '39', '26', '7'], ['44', '59', '4', '16', '1', '52', '31', '25', '57', '58', '2', '3'], ['61', '45', '55', '10', '9', '41', '54', '56'], ['53', '51', '49', '50', '24', '29', '48', '47'], ['42', '43', '15', '40', '11', '46'], ['14', '22', '23', '17', '60', '18'], ['28', '20', '19', '27', '6'], ['8', '5', '21']]";"[['32', '12', '37', '34', '13', '30', '36', '33', '35', '39', '26', '7'], ['44', '45', '4', '14', '1', '52', '25', '58', '2', '60', '3'], ['53', '51', '49', '50', '24', '29', '48', '47'], ['8', '21', '22', '17', '23', '5', '18'], ['61', '55', '10', '9', '41', '54', '56'], ['42', '43', '15', '40', '11', '46'], ['28', '20', '19', '27', '6'], ['59', '16', '38', '31', '57']]";"[['32', '12', '37', '34', '13', '30', '36', '33', '39', '26', '7'], ['45', '4', '14', '52', '1', '25', '58', '2', '60', '3'], ['53', '51', '49', '50', '24', '29', '48', '47'], ['8', '21', '22', '17', '23', '5', '18'], ['61', '55', '10', '9', '41', '54', '56'], ['44', '59', '16', '38', '31', '57', '35'], ['42', '43', '15', '40', '11', '46'], ['28', '20', '19', '27', '6']]";"[0, 0, 0, 0, 7, 5, 1, 7, 2, 2, 4, 1, 1, 6, 4, 0, 6, 6, 5, 5, 7, 6, 6, 3, 0, 1, 5, 5, 3, 1, 0, 1, 1, 1, 1, 1, 1, 1, 1, 4, 2, 4, 4, 0, 2, 4, 3, 3, 3, 3, 3, 0, 3, 2, 2, 2, 0, 0, 0, 0, 2]";"[1, 1, 1, 1, 7, 6, 0, 7, 2, 2, 4, 0, 0, 5, 4, 1, 5, 5, 6, 6, 7, 5, 5, 3, 1, 0, 6, 6, 3, 0, 1, 0, 0, 0, 0, 0, 0, 0, 0, 4, 2, 4, 4, 1, 2, 4, 3, 3, 3, 3, 3, 1, 3, 2, 2, 2, 1, 1, 1, 5, 2]";"[1, 1, 1, 1, 3, 6, 0, 3, 4, 4, 5, 0, 0, 1, 5, 7, 3, 3, 6, 6, 3, 3, 3, 2, 1, 0, 6, 6, 2, 0, 7, 0, 0, 0, 0, 0, 0, 7, 0, 5, 4, 5, 5, 1, 1, 5, 2, 2, 2, 2, 2, 1, 2, 4, 4, 4, 7, 1, 7, 1, 4]";"[1, 1, 1, 1, 3, 7, 0, 3, 4, 4, 6, 0, 0, 1, 6, 5, 3, 3, 7, 7, 3, 3, 3, 2, 1, 0, 7, 7, 2, 0, 5, 0, 0, 0, 5, 0, 0, 5, 0, 6, 4, 6, 6, 5, 1, 6, 2, 2, 2, 2, 2, 1, 2, 4, 4, 4, 5, 1, 5, 1, 4]"
3;6;"aucs";"scml";2;0.3492;0.3482;0.3415;0.3173;"{'14': 0.5560344827586207, '22': 0.425, '23': 0.29166666666666663, '17': 0.3392857142857143, '18': 0.5073529411764706}";"{'14': 0.5560344827586207, '22': 0.425, '23': 0.29166666666666663, '17': 0.3392857142857143, '18': 0.5138888888888888}";"{'14': 0.560483870967742, '22': 0.425, '23': 0.29166666666666663, '17': 0.3392857142857143, '18': 0.5073529411764706}";"{'14': 0.5560344827586207, '22': 0.425, '23': 0.4431818181818182, '17': 0.425, '18': 0.5138888888888888}";0.0;0.0;0.4293650793650793;0.4379120879120879;1.0;0.7600610082414642;0.851746835443038;1.0;0.8704099360230393;0.8917618996935839;1.0;0.8011585706309324;0.908029197080292;1.0;0.9011044861534762;0.9279620760156746;0.0041;0.0291;0.006;"['14', '22', '23', '17', '18']";"{'1': [('interA', ('11', '18')), ('intraA', ('14', '18'))], '2': [('interA', ('11', '18')), ('intraA', ('18', '22'))], '3': [('intraA', ('14', '17')), ('intraA', ('18', '23'))], '4': [('intraD', ('17', '22')), ('intraA', ('14', '18'))], '5': [('intraD', ('18', '23')), ('intraA', ('22', '23'))]}";"{'1': [('interA', ('14', '38')), ('interA', ('14', '32'))], '2': [('intraD', ('14', '22')), ('intraD', ('14', '23'))], '3': [('interA', ('14', '38')), ('interA', ('14', '32'))], '4': [('intraD', ('22', '23')), ('intraD', ('17', '22'))], '5': [('interA', ('14', '44')), ('interA', ('14', '59'))]}";"{'1': [('interA', ('23', '45')), ('interA', ('11', '23'))], '2': [('interA', ('23', '55')), ('interA', ('16', '23'))], '3': [('interA', ('17', '56')), ('interA', ('18', '9'))], '4': [('interA', ('23', '28')), ('interA', ('17', '28'))], '5': [('interA', ('16', '23')), ('interA', ('17', '57'))]}";"[['44', '59', '4', '16', '1', '52', '31', '25', '57', '58', '2', '60', '3'], ['38', '32', '12', '37', '13', '34', '30', '36', '33', '35', '39', '26', '7'], ['61', '45', '55', '10', '9', '41', '54', '56'], ['53', '51', '49', '50', '24', '29', '48', '47'], ['42', '43', '15', '40', '11', '46'], ['28', '20', '19', '27', '6'], ['14', '22', '23', '17', '18'], ['8', '5', '21']]";"[['32', '12', '37', '34', '13', '30', '36', '33', '35', '39', '26', '7'], ['45', '4', '14', '52', '1', '58', '2', '60', '3'], ['53', '51', '49', '50', '24', '29', '48', '47'], ['8', '21', '22', '17', '23', '5', '18'], ['61', '55', '10', '9', '41', '54', '56'], ['44', '59', '16', '38', '31', '25', '57'], ['42', '43', '15', '40', '11', '46'], ['28', '20', '19', '27', '6']]";"[['44', '59', '4', '16', '1', '14', '31', '52', '25', '57', '58', '60', '3'], ['38', '32', '12', '37', '13', '34', '30', '36', '33', '35', '39', '26', '7'], ['53', '51', '49', '50', '24', '29', '48', '47'], ['42', '2', '43', '15', '40', '11', '46'], ['55', '28', '17', '23', '22', '9', '18'], ['61', '45', '10', '41', '56', '54'], ['20', '6', '27', '19'], ['8', '5', '21']]";"[0, 0, 0, 0, 7, 5, 1, 7, 2, 2, 4, 1, 1, 6, 4, 0, 6, 6, 5, 5, 7, 6, 6, 3, 0, 1, 5, 5, 3, 1, 0, 1, 1, 1, 1, 1, 1, 1, 1, 4, 2, 4, 4, 0, 2, 4, 3, 3, 3, 3, 3, 0, 3, 2, 2, 2, 0, 0, 0, 0, 2]";"[0, 0, 0, 0, 7, 5, 1, 7, 2, 2, 4, 1, 1, 6, 4, 0, 6, 6, 5, 5, 7, 6, 6, 3, 0, 1, 5, 5, 3, 1, 0, 1, 1, 1, 1, 1, 1, 1, 1, 4, 2, 4, 4, 0, 2, 4, 3, 3, 3, 3, 3, 0, 3, 2, 2, 2, 0, 0, 0, 0, 2]";"[1, 1, 1, 1, 3, 7, 0, 3, 4, 4, 6, 0, 0, 1, 6, 5, 3, 3, 7, 7, 3, 3, 3, 2, 5, 0, 7, 7, 2, 0, 5, 0, 0, 0, 0, 0, 0, 5, 0, 6, 4, 6, 6, 5, 1, 6, 2, 2, 2, 2, 2, 1, 2, 4, 4, 4, 5, 1, 5, 1, 4]";"[0, 3, 0, 0, 7, 6, 1, 7, 4, 5, 3, 1, 1, 0, 3, 0, 4, 4, 6, 6, 7, 4, 4, 2, 0, 1, 6, 4, 2, 1, 0, 1, 1, 1, 1, 1, 1, 1, 1, 3, 5, 3, 3, 0, 5, 3, 2, 2, 2, 2, 2, 0, 2, 5, 4, 5, 0, 0, 0, 0, 5]"
4;6;"aucs";"scml";2;0.3492;0.3506;0.3072;0.3565;"{'14': 0.5560344827586207, '22': 0.425, '23': 0.29166666666666663, '17': 0.3392857142857143, '18': 0.5073529411764706}";"{'14': 0.5535714285714286, '22': 0.425, '23': 0.29166666666666663, '17': 0.3392857142857143, '18': 0.5073529411764706}";"{'14': 0.560483870967742, '22': 0.425, '23': 0.29166666666666663, '17': 0.3392857142857143, '18': 0.5073529411764706}";"{'14': 0.5560344827586207, '22': 0.425, '23': 0.4583333333333333, '17': 0.425, '18': 0.5138888888888888}";0.0;0.0;0.4344155844155843;0.4214285714285714;1.0;0.665834206074277;0.8444125617726765;1.0;0.8272826761189164;0.9219837301718088;1.0;0.7022219097173393;0.8883826879271071;1.0;0.8532598056024732;0.958404265390286;0.0041;0.0295;0.0058;"['14', '22', '23', '17', '18']";"{'1': [('interA', ('14', '8')), ('intraA', ('14', '22'))], '2': [('intraD', ('14', '22')), ('intraA', ('17', '18'))], '3': [('intraD', ('17', '18')), ('intraA', ('14', '22'))], '4': [('intraA', ('14', '17')), ('interD', ('10', '22'))], '5': [('interD', ('14', '52')), ('interD', ('14', '25'))]}";"{'1': [('interA', ('14', '38')), ('interA', ('14', '32'))], '2': [('intraD', ('14', '22')), ('intraD', ('14', '23'))], '3': [('interA', ('14', '38')), ('interA', ('14', '32'))], '4': [('intraD', ('22', '23')), ('intraD', ('17', '22'))], '5': [('interA', ('14', '44')), ('interA', ('14', '59'))]}";"{'1': [('interA', ('23', '42')), ('interA', ('23', '34'))], '2': [('interA', ('20', '23')), ('interA', ('23', '7'))], '3': [('interA', ('17', '39')), ('interA', ('18', '40'))], '4': [('interA', ('23', '43')), ('interA', ('17', '38'))], '5': [('interA', ('23', '4')), ('interA', ('11', '17'))]}";"[['44', '59', '4', '16', '1', '52', '31', '25', '57', '58', '2', '60', '3'], ['38', '32', '12', '37', '13', '34', '30', '36', '33', '35', '39', '26', '7'], ['61', '45', '55', '10', '9', '41', '54', '56'], ['53', '51', '49', '50', '24', '29', '48', '47'], ['42', '43', '15', '40', '11', '46'], ['28', '20', '19', '27', '6'], ['14', '22', '23', '17', '18'], ['8', '5', '21']]";"[['45', '4', '32', '14', '1', '52', '13', '58', '2', '60', '3'], ['12', '37', '34', '30', '36', '33', '35', '39', '26', '7'], ['53', '51', '49', '50', '24', '29', '48', '47'], ['8', '21', '22', '17', '23', '5', '18'], ['61', '55', '10', '9', '41', '54', '56'], ['44', '59', '16', '38', '31', '25', '57'], ['42', '43', '15', '40', '11', '46'], ['28', '20', '19', '27', '6']]";"[['38', '32', '12', '37', '13', '34', '30', '36', '33', '35', '39', '26', '7'], ['61', '45', '55', '10', '9', '41', '54', '56'], ['53', '51', '49', '50', '24', '29', '48', '47'], ['4', '1', '14', '58', '2', '60', '3'], ['8', '21', '22', '17', '23', '5', '18'], ['44', '59', '16', '52', '31', '25', '57'], ['42', '43', '15', '40', '11', '46'], ['28', '20', '19', '27', '6']]";"[0, 0, 0, 0, 7, 5, 1, 7, 2, 2, 4, 1, 1, 6, 4, 0, 6, 6, 5, 5, 7, 6, 6, 3, 0, 1, 5, 5, 3, 1, 0, 1, 1, 1, 1, 1, 1, 1, 1, 4, 2, 4, 4, 0, 2, 4, 3, 3, 3, 3, 3, 0, 3, 2, 2, 2, 0, 0, 0, 0, 2]";"[0, 0, 0, 0, 7, 5, 1, 7, 2, 2, 4, 1, 1, 6, 4, 0, 6, 6, 5, 5, 7, 6, 6, 3, 0, 1, 5, 5, 3, 1, 0, 1, 1, 1, 1, 1, 1, 1, 1, 4, 2, 4, 4, 0, 2, 4, 3, 3, 3, 3, 3, 0, 3, 2, 2, 2, 0, 0, 0, 0, 2]";"[0, 0, 0, 0, 3, 7, 1, 3, 4, 4, 6, 1, 0, 0, 6, 5, 3, 3, 7, 7, 3, 3, 3, 2, 5, 1, 7, 7, 2, 1, 5, 0, 1, 1, 1, 1, 1, 5, 1, 6, 4, 6, 6, 5, 0, 6, 2, 2, 2, 2, 2, 0, 2, 4, 4, 4, 5, 0, 5, 0, 4]";"[3, 3, 3, 3, 4, 7, 0, 4, 1, 1, 6, 0, 0, 3, 6, 5, 4, 4, 7, 7, 4, 4, 4, 2, 5, 0, 7, 7, 2, 0, 5, 0, 0, 0, 0, 0, 0, 0, 0, 6, 1, 6, 6, 5, 1, 6, 2, 2, 2, 2, 2, 5, 2, 1, 1, 1, 5, 3, 5, 3, 1]"
5;6;"aucs";"scml";2;0.3492;0.3329;0.3072;0.3217;"{'14': 0.5560344827586207, '22': 0.425, '23': 0.29166666666666663, '17': 0.3392857142857143, '18': 0.5073529411764706}";"{'14': 0.5560344827586207, '22': 0.4431818181818182, '23': 0.29166666666666663, '17': 0.375, '18': 0.5138888888888888}";"{'14': 0.560483870967742, '22': 0.425, '23': 0.29166666666666663, '17': 0.3392857142857143, '18': 0.5073529411764706}";"{'14': 0.5560344827586207, '22': 0.425, '23': 0.4583333333333333, '17': 0.425, '18': 0.5138888888888888}";0.0;0.1875;0.4344155844155843;0.1428571428571428;0.8534184279882177;0.665834206074277;0.8825959761855882;0.9230372274353166;0.8272826761189164;0.9330339190553042;0.8784305821492157;0.7022219097173393;0.8981683528400449;0.9372696866129524;0.8532598056024732;0.9431893130945328;0.0049;0.0288;0.0055;"['14', '22', '23', '17', '18']";"{'1': [('intraA', ('14', '17')), ('intraA', ('14', '23'))], '2': [('intraD', ('14', '22')), ('interA', ('17', '42'))], '3': [('intraA', ('14', '23')), ('interA', ('1', '18'))], '4': [('intraD', ('22', '23')), ('intraD', ('17', '22'))], '5': [('intraA', ('22', '23')), ('interA', ('22', '59'))]}";"{'1': [('interA', ('14', '38')), ('interA', ('14', '32'))], '2': [('intraD', ('14', '22')), ('intraD', ('14', '23'))], '3': [('interA', ('14', '38')), ('interA', ('14', '32'))], '4': [('intraD', ('22', '23')), ('intraD', ('17', '22'))], '5': [('interA', ('14', '44')), ('interA', ('14', '59'))]}";"{'1': [('interA', ('16', '23')), ('interA', ('23', '59'))], '2': [('interA', ('23', '36')), ('interA', ('23', '43'))], '3': [('interA', ('17', '60')), ('interA', ('13', '18'))], '4': [('interA', ('23', '58')), ('interA', ('10', '17'))], '5': [('interA', ('23', '56')), ('interA', ('12', '17'))]}";"[['38', '32', '12', '37', '13', '34', '30', '36', '33', '35', '39', '26', '7'], ['44', '59', '45', '4', '16', '52', '31', '25', '57', '58', '3'], ['1', '14', '22', '17', '23', '2', '60', '18'], ['53', '51', '49', '50', '24', '29', '48', '47'], ['61', '55', '10', '9', '41', '54', '56'], ['42', '43', '15', '40', '11', '46'], ['28', '20', '19', '27', '6'], ['8', '5', '21']]";"[['45', '4', '32', '14', '1', '52', '13', '58', '2', '60', '3'], ['12', '37', '34', '30', '36', '33', '35', '39', '26', '7'], ['53', '51', '49', '50', '24', '29', '48', '47'], ['8', '21', '22', '17', '23', '5', '18'], ['61', '55', '10', '9', '41', '54', '56'], ['44', '59', '16', '38', '31', '25', '57'], ['42', '43', '15', '40', '11', '46'], ['28', '20', '19', '27', '6']]";"[['38', '32', '12', '37', '13', '34', '30', '36', '33', '35', '39', '26', '7'], ['44', '59', '45', '4', '16', '1', '52', '31', '25', '57', '2', '3'], ['53', '51', '49', '50', '24', '29', '48', '47'], ['61', '55', '10', '9', '41', '54', '56'], ['14', '22', '23', '17', '58', '60', '18'], ['42', '43', '15', '40', '11', '46'], ['28', '20', '19', '27', '6'], ['8', '5', '21']]";"[0, 0, 0, 0, 7, 5, 1, 7, 2, 2, 4, 1, 1, 6, 4, 0, 6, 6, 5, 5, 7, 6, 6, 3, 0, 1, 5, 5, 3, 1, 0, 1, 1, 1, 1, 1, 1, 1, 1, 4, 2, 4, 4, 0, 2, 4, 3, 3, 3, 3, 3, 0, 3, 2, 2, 2, 0, 0, 0, 0, 2]";"[2, 2, 1, 1, 7, 6, 0, 7, 4, 4, 5, 0, 0, 2, 5, 1, 2, 2, 6, 6, 7, 2, 2, 3, 1, 0, 6, 6, 3, 0, 1, 0, 0, 0, 0, 0, 0, 0, 0, 5, 4, 5, 5, 1, 1, 5, 3, 3, 3, 3, 3, 1, 3, 4, 4, 4, 1, 1, 1, 2, 4]";"[0, 0, 0, 0, 3, 7, 1, 3, 4, 4, 6, 1, 0, 0, 6, 5, 3, 3, 7, 7, 3, 3, 3, 2, 5, 1, 7, 7, 2, 1, 5, 0, 1, 1, 1, 1, 1, 5, 1, 6, 4, 6, 6, 5, 0, 6, 2, 2, 2, 2, 2, 0, 2, 4, 4, 4, 5, 0, 5, 0, 4]";"[1, 1, 1, 1, 7, 6, 0, 7, 3, 3, 5, 0, 0, 4, 5, 1, 4, 4, 6, 6, 7, 4, 4, 2, 1, 0, 6, 6, 2, 0, 1, 0, 0, 0, 0, 0, 0, 0, 0, 5, 3, 5, 5, 1, 1, 5, 2, 2, 2, 2, 2, 1, 2, 3, 3, 3, 1, 4, 1, 4, 3]"
6;6;"aucs";"scml";2;0.3492;0.3467;0.3072;0.3167;"{'14': 0.5560344827586207, '22': 0.425, '23': 0.29166666666666663, '17': 0.3392857142857143, '18': 0.5073529411764706}";"{'14': 0.5560344827586207, '22': 0.4431818181818182, '23': 0.29166666666666663, '17': 0.375, '18': 0.5073529411764706}";"{'14': 0.560483870967742, '22': 0.425, '23': 0.29166666666666663, '17': 0.3392857142857143, '18': 0.5073529411764706}";"{'14': 0.5560344827586207, '22': 0.425, '23': 0.4583333333333333, '17': 0.4027777777777778, '18': 0.5073529411764706}";0.0;0.0;0.4344155844155843;0.5630952380952381;1.0;0.665834206074277;0.8916736986611922;1.0;0.8272826761189164;0.916909812714922;1.0;0.7022219097173393;0.9620128268376912;1.0;0.8532598056024732;0.9750383205154196;0.0048;0.0289;0.0062;"['14', '22', '23', '17', '18']";"{'1': [('interA', ('22', '54')), ('interD', ('22', '5'))], '2': [('interD', ('14', '34')), ('interA', ('17', '4'))], '3': [('intraA', ('18', '22')), ('intraD', ('17', '18'))], '4': [('interA', ('22', '6')), ('interD', ('10', '22'))], '5': [('intraA', ('22', '23')), ('intraD', ('17', '18'))]}";"{'1': [('interA', ('14', '38')), ('interA', ('14', '32'))], '2': [('intraD', ('14', '22')), ('intraD', ('14', '23'))], '3': [('interA', ('14', '38')), ('interA', ('14', '32'))], '4': [('intraD', ('22', '23')), ('intraD', ('17', '22'))], '5': [('interA', ('14', '44')), ('interA', ('14', '59'))]}";"{'1': [('interA', ('23', '61')), ('interA', ('23', '51'))], '2': [('interA', ('23', '33')), ('interA', ('23', '55'))], '3': [('interA', ('17', '57')), ('interA', ('18', '32'))], '4': [('interA', ('23', '41')), ('interA', ('12', '17'))], '5': [('interA', ('23', '35')), ('interA', ('17', '8'))]}";"[['44', '59', '4', '16', '1', '52', '31', '25', '57', '58', '2', '60', '3'], ['38', '32', '12', '37', '13', '34', '30', '36', '33', '35', '39', '26', '7'], ['61', '45', '55', '10', '9', '41', '54', '56'], ['53', '51', '49', '50', '24', '29', '48', '47'], ['42', '43', '15', '40', '11', '46'], ['28', '20', '19', '27', '6'], ['14', '22', '23', '17', '18'], ['8', '5', '21']]";"[['45', '4', '32', '14', '1', '52', '13', '58', '2', '60', '3'], ['12', '37', '34', '30', '36', '33', '35', '39', '26', '7'], ['53', '51', '49', '50', '24', '29', '48', '47'], ['8', '21', '22', '17', '23', '5', '18'], ['61', '55', '10', '9', '41', '54', '56'], ['44', '59', '16', '38', '31', '25', '57'], ['42', '43', '15', '40', '11', '46'], ['28', '20', '19', '27', '6']]";"[['44', '59', '4', '16', '1', '14', '31', '52', '25', '57', '58', '2', '60', '3'], ['38', '32', '12', '37', '13', '34', '30', '36', '33', '35', '39', '26', '7'], ['53', '51', '49', '50', '24', '29', '48', '47'], ['55', '17', '9', '23', '22', '41'], ['42', '43', '15', '40', '11', '46'], ['28', '20', '19', '27', '6'], ['61', '45', '10', '54', '56'], ['8', '18', '5', '21']]";"[0, 0, 0, 0, 7, 5, 1, 7, 2, 2, 4, 1, 1, 6, 4, 0, 6, 6, 5, 5, 7, 6, 6, 3, 0, 1, 5, 5, 3, 1, 0, 1, 1, 1, 1, 1, 1, 1, 1, 4, 2, 4, 4, 0, 2, 4, 3, 3, 3, 3, 3, 0, 3, 2, 2, 2, 0, 0, 0, 0, 2]";"[0, 0, 0, 0, 7, 5, 1, 7, 2, 2, 4, 1, 1, 6, 4, 0, 6, 6, 5, 5, 7, 6, 6, 3, 0, 1, 5, 5, 3, 1, 0, 1, 1, 1, 1, 1, 1, 1, 1, 4, 2, 4, 4, 0, 2, 4, 3, 3, 3, 3, 3, 0, 3, 2, 2, 2, 0, 0, 0, 0, 2]";"[0, 0, 0, 0, 3, 7, 1, 3, 4, 4, 6, 1, 0, 0, 6, 5, 3, 3, 7, 7, 3, 3, 3, 2, 5, 1, 7, 7, 2, 1, 5, 0, 1, 1, 1, 1, 1, 5, 1, 6, 4, 6, 6, 5, 0, 6, 2, 2, 2, 2, 2, 0, 2, 4, 4, 4, 5, 0, 5, 0, 4]";"[0, 0, 0, 0, 7, 5, 1, 7, 3, 6, 4, 1, 1, 0, 4, 0, 3, 7, 5, 5, 7, 3, 3, 2, 0, 1, 5, 5, 2, 1, 0, 1, 1, 1, 1, 1, 1, 1, 1, 4, 3, 4, 4, 0, 6, 4, 2, 2, 2, 2, 2, 0, 2, 6, 3, 6, 0, 0, 0, 0, 6]"
7;6;"aucs";"scml";2;0.3492;0.3495;0.3415;0.3305;"{'14': 0.5560344827586207, '22': 0.425, '23': 0.29166666666666663, '17': 0.3392857142857143, '18': 0.5073529411764706}";"{'14': 0.5560344827586207, '22': 0.4027777777777778, '23': 0.29166666666666663, '17': 0.3392857142857143, '18': 0.5073529411764706}";"{'14': 0.560483870967742, '22': 0.425, '23': 0.29166666666666663, '17': 0.3392857142857143, '18': 0.5073529411764706}";"{'14': 0.5560344827586207, '22': 0.425, '23': 0.4431818181818182, '17': 0.4027777777777778, '18': 0.5138888888888888}";0.0;0.0;0.4293650793650793;0.4321428571428571;1.0;0.7600610082414642;0.7637704110828687;1.0;0.8704099360230393;0.8711944458427899;1.0;0.8011585706309324;0.8072456713719491;1.0;0.9011044861534762;0.9026146950531602;0.0049;0.0288;0.0058;"['14', '22', '23', '17', '18']";"{'1': [('interD', ('17', '8')), ('interD', ('22', '8'))], '2': [('intraA', ('17', '23')), ('interD', ('10', '14'))], '3': [('interA', ('12', '17')), ('intraA', ('14', '23'))], '4': [('intraA', ('18', '23')), ('intraA', ('17', '18'))], '5': [('intraA', ('22', '23')), ('intraD', ('17', '18'))]}";"{'1': [('interA', ('14', '38')), ('interA', ('14', '32'))], '2': [('intraD', ('14', '22')), ('intraD', ('14', '23'))], '3': [('interA', ('14', '38')), ('interA', ('14', '32'))], '4': [('intraD', ('22', '23')), ('intraD', ('17', '22'))], '5': [('interA', ('14', '44')), ('interA', ('14', '59'))]}";"{'1': [('interA', ('15', '23')), ('interA', ('23', '38'))], '2': [('interA', ('23', '8')), ('interA', ('12', '23'))], '3': [('interA', ('12', '17')), ('interA', ('16', '18'))], '4': [('interA', ('23', '45')), ('interA', ('17', '30'))], '5': [('interA', ('23', '43')), ('interA', ('17', '5'))]}";"[['44', '59', '4', '16', '1', '52', '31', '25', '57', '58', '2', '60', '3'], ['38', '32', '12', '37', '13', '34', '30', '36', '33', '35', '39', '26', '7'], ['61', '45', '55', '10', '9', '41', '54', '56'], ['53', '51', '49', '50', '24', '29', '48', '47'], ['42', '43', '15', '40', '11', '46'], ['28', '20', '19', '27', '6'], ['14', '22', '23', '17', '18'], ['8', '5', '21']]";"[['32', '12', '37', '34', '13', '30', '36', '33', '35', '39', '26', '7'], ['45', '4', '14', '52', '1', '58', '2', '60', '3'], ['53', '51', '49', '50', '24', '29', '48', '47'], ['8', '21', '22', '17', '23', '5', '18'], ['61', '55', '10', '9', '41', '54', '56'], ['44', '59', '16', '38', '31', '25', '57'], ['42', '43', '15', '40', '11', '46'], ['28', '20', '19', '27', '6']]";"[['32', '12', '37', '34', '13', '30', '36', '33', '35', '39', '26', '7'], ['45', '4', '14', '52', '1', '25', '58', '2', '60', '3'], ['53', '51', '49', '50', '24', '29', '48', '47'], ['8', '21', '22', '17', '23', '5', '18'], ['61', '55', '10', '9', '41', '54', '56'], ['42', '43', '15', '40', '11', '46'], ['44', '59', '16', '38', '31', '57'], ['28', '20', '19', '27', '6']]";"[0, 0, 0, 0, 7, 5, 1, 7, 2, 2, 4, 1, 1, 6, 4, 0, 6, 6, 5, 5, 7, 6, 6, 3, 0, 1, 5, 5, 3, 1, 0, 1, 1, 1, 1, 1, 1, 1, 1, 4, 2, 4, 4, 0, 2, 4, 3, 3, 3, 3, 3, 0, 3, 2, 2, 2, 0, 0, 0, 0, 2]";"[0, 0, 0, 0, 7, 5, 1, 7, 2, 2, 4, 1, 1, 6, 4, 0, 6, 6, 5, 5, 7, 6, 6, 3, 0, 1, 5, 5, 3, 1, 0, 1, 1, 1, 1, 1, 1, 1, 1, 4, 2, 4, 4, 0, 2, 4, 3, 3, 3, 3, 3, 0, 3, 2, 2, 2, 0, 0, 0, 0, 2]";"[1, 1, 1, 1, 3, 7, 0, 3, 4, 4, 6, 0, 0, 1, 6, 5, 3, 3, 7, 7, 3, 3, 3, 2, 5, 0, 7, 7, 2, 0, 5, 0, 0, 0, 0, 0, 0, 5, 0, 6, 4, 6, 6, 5, 1, 6, 2, 2, 2, 2, 2, 1, 2, 4, 4, 4, 5, 1, 5, 1, 4]";"[1, 1, 1, 1, 3, 7, 0, 3, 4, 4, 5, 0, 0, 1, 5, 6, 3, 3, 7, 7, 3, 3, 3, 2, 1, 0, 7, 7, 2, 0, 6, 0, 0, 0, 0, 0, 0, 6, 0, 5, 4, 5, 5, 6, 1, 5, 2, 2, 2, 2, 2, 1, 2, 4, 4, 4, 6, 1, 6, 1, 4]"
8;6;"aucs";"scml";2;0.3492;0.3309;0.3379;0.3208;"{'14': 0.5560344827586207, '22': 0.425, '23': 0.29166666666666663, '17': 0.3392857142857143, '18': 0.5073529411764706}";"{'14': 0.5560344827586207, '22': 0.425, '23': 0.3392857142857143, '17': 0.3392857142857143, '18': 0.5138888888888888}";"{'14': 0.560483870967742, '22': 0.425, '23': 0.29166666666666663, '17': 0.3392857142857143, '18': 0.5073529411764706}";"{'14': 0.5560344827586207, '22': 0.425, '23': 0.4583333333333333, '17': 0.425, '18': 0.5073529411764706}";0.0;0.1875;0.4321428571428571;0.25;0.8534184279882177;0.7637704110828687;0.8000719766589978;0.9230372274353166;0.8711944458427899;0.8917150062898581;0.8784305821492157;0.8072456713719491;0.8428464521396013;0.9372696866129524;0.9026146950531602;0.9100636763834484;0.0041;0.0304;0.0055;"['14', '22', '23', '17', '18']";"{'1': [('interD', ('14', '58')), ('intraD', ('22', '23'))], '2': [('interA', ('18', '49')), ('interD', ('10', '14'))], '3': [('intraD', ('17', '18')), ('interA', ('18', '2'))], '4': [('interA', ('23', '33')), ('intraD', ('22', '23'))], '5': [('interD', ('22', '37')), ('intraA', ('22', '23'))]}";"{'1': [('interA', ('14', '38')), ('interA', ('14', '32'))], '2': [('intraD', ('14', '22')), ('intraD', ('14', '23'))], '3': [('interA', ('14', '38')), ('interA', ('14', '32'))], '4': [('intraD', ('22', '23')), ('intraD', ('17', '22'))], '5': [('interA', ('14', '44')), ('interA', ('14', '59'))]}";"{'1': [('interA', ('23', '7')), ('interA', ('23', '57'))], '2': [('interA', ('20', '23')), ('interA', ('23', '52'))], '3': [('interA', ('17', '28')), ('interA', ('18', '3'))], '4': [('interA', ('2', '23')), ('interA', ('17', '37'))], '5': [('interA', ('23', '33')), ('interA', ('17', '3'))]}";"[['38', '32', '12', '37', '13', '34', '30', '36', '33', '35', '39', '26', '7'], ['44', '59', '45', '4', '16', '52', '31', '25', '57', '58', '3'], ['1', '14', '22', '17', '23', '2', '60', '18'], ['53', '51', '49', '50', '24', '29', '48', '47'], ['61', '55', '10', '9', '41', '54', '56'], ['42', '43', '15', '40', '11', '46'], ['28', '20', '19', '27', '6'], ['8', '5', '21']]";"[['32', '12', '37', '34', '13', '30', '36', '33', '35', '39', '26', '7'], ['45', '4', '14', '52', '1', '25', '58', '2', '60', '3'], ['53', '51', '49', '50', '24', '29', '48', '47'], ['8', '21', '22', '17', '23', '5', '18'], ['61', '55', '10', '9', '41', '54', '56'], ['42', '43', '15', '40', '11', '46'], ['44', '59', '16', '38', '31', '57'], ['28', '20', '19', '27', '6']]";"[['38', '32', '12', '37', '13', '34', '30', '36', '33', '35', '39', '26', '7'], ['28', '1', '14', '3', '22', '17', '23', '2', '60', '18'], ['44', '59', '45', '4', '16', '52', '31', '25', '57', '58'], ['53', '51', '49', '50', '24', '29', '48', '47'], ['61', '55', '10', '9', '41', '54', '56'], ['42', '43', '15', '40', '11', '46'], ['20', '6', '27', '19'], ['8', '5', '21']]";"[0, 0, 0, 0, 7, 5, 1, 7, 2, 2, 4, 1, 1, 6, 4, 0, 6, 6, 5, 5, 7, 6, 6, 3, 0, 1, 5, 5, 3, 1, 0, 1, 1, 1, 1, 1, 1, 1, 1, 4, 2, 4, 4, 0, 2, 4, 3, 3, 3, 3, 3, 0, 3, 2, 2, 2, 0, 0, 0, 0, 2]";"[2, 2, 1, 1, 7, 6, 0, 7, 4, 4, 5, 0, 0, 2, 5, 1, 2, 2, 6, 6, 7, 2, 2, 3, 1, 0, 6, 6, 3, 0, 1, 0, 0, 0, 0, 0, 0, 0, 0, 5, 4, 5, 5, 1, 1, 5, 3, 3, 3, 3, 3, 1, 3, 4, 4, 4, 1, 1, 1, 2, 4]";"[1, 1, 1, 1, 3, 7, 0, 3, 4, 4, 5, 0, 0, 1, 5, 6, 3, 3, 7, 7, 3, 3, 3, 2, 1, 0, 7, 7, 2, 0, 6, 0, 0, 0, 0, 0, 0, 6, 0, 5, 4, 5, 5, 6, 1, 5, 2, 2, 2, 2, 2, 1, 2, 4, 4, 4, 6, 1, 6, 1, 4]";"[1, 1, 1, 2, 7, 6, 0, 7, 4, 4, 5, 0, 0, 1, 5, 2, 1, 1, 6, 6, 7, 1, 1, 3, 2, 0, 6, 1, 3, 0, 2, 0, 0, 0, 0, 0, 0, 0, 0, 5, 4, 5, 5, 2, 2, 5, 3, 3, 3, 3, 3, 2, 3, 4, 4, 4, 2, 2, 2, 1, 4]"
9;6;"aucs";"scml";2;0.3492;0.349;0.3116;0.3384;"{'14': 0.5560344827586207, '22': 0.425, '23': 0.29166666666666663, '17': 0.3392857142857143, '18': 0.5073529411764706}";"{'14': 0.5560344827586207, '22': 0.4431818181818182, '23': 0.225, '17': 0.3392857142857143, '18': 0.5073529411764706}";"{'14': 0.560483870967742, '22': 0.425, '23': 0.29166666666666663, '17': 0.3392857142857143, '18': 0.5073529411764706}";"{'14': 0.5560344827586207, '22': 0.425, '23': 0.4431818181818182, '17': 0.425, '18': 0.5138888888888888}";0.0;0.0;0.4321428571428571;0.1875;1.0;0.6436318394504098;0.8930588922797221;1.0;0.8062494524194366;0.9493319479760725;1.0;0.6760473749337105;0.9219858156028368;1.0;0.8288249342372656;0.9671463060970784;0.0043;0.0314;0.0061;"['14', '22', '23', '17', '18']";"{'1': [('interD', ('23', '5')), ('interA', ('22', '61'))], '2': [('intraD', ('14', '22')), ('intraA', ('18', '23'))], '3': [('intraA', ('17', '22')), ('intraA', ('14', '18'))], '4': [('interD', ('10', '22')), ('intraA', ('18', '23'))], '5': [('intraD', ('18', '23')), ('intraD', ('17', '23'))]}";"{'1': [('interA', ('14', '38')), ('interA', ('14', '32'))], '2': [('intraD', ('14', '22')), ('intraD', ('14', '23'))], '3': [('interA', ('14', '38')), ('interA', ('14', '32'))], '4': [('intraD', ('22', '23')), ('intraD', ('17', '22'))], '5': [('interA', ('14', '44')), ('interA', ('14', '59'))]}";"{'1': [('interA', ('23', '61')), ('interA', ('23', '49'))], '2': [('interA', ('1', '23')), ('interA', ('23', '59'))], '3': [('interA', ('17', '34')), ('interA', ('18', '51'))], '4': [('interA', ('23', '31')), ('interA', ('17', '6'))], '5': [('interA', ('23', '5')), ('interA', ('17', '4'))]}";"[['44', '59', '4', '16', '1', '52', '31', '25', '57', '58', '2', '60', '3'], ['38', '32', '12', '37', '13', '34', '30', '36', '33', '35', '39', '26', '7'], ['61', '45', '55', '10', '9', '41', '54', '56'], ['53', '51', '49', '50', '24', '29', '48', '47'], ['42', '43', '15', '40', '11', '46'], ['28', '20', '19', '27', '6'], ['14', '22', '23', '17', '18'], ['8', '5', '21']]";"[['45', '4', '32', '14', '1', '52', '13', '58', '60', '3'], ['12', '37', '34', '30', '36', '33', '35', '39', '26', '7'], ['53', '51', '49', '50', '24', '29', '48', '47'], ['42', '2', '43', '15', '40', '11', '46'], ['8', '21', '22', '17', '23', '5', '18'], ['61', '55', '10', '9', '41', '54', '56'], ['44', '59', '16', '38', '31', '25', '57'], ['28', '20', '19', '27', '6']]";"[['38', '32', '12', '37', '13', '34', '30', '36', '33', '35', '39', '26', '7'], ['44', '59', '4', '16', '52', '31', '25', '57', '58', '3'], ['1', '14', '22', '17', '23', '2', '60', '18'], ['61', '45', '55', '10', '9', '41', '54', '56'], ['53', '51', '49', '50', '24', '29', '48', '47'], ['42', '43', '15', '40', '11', '46'], ['28', '20', '19', '27', '6'], ['8', '5', '21']]";"[0, 0, 0, 0, 7, 5, 1, 7, 2, 2, 4, 1, 1, 6, 4, 0, 6, 6, 5, 5, 7, 6, 6, 3, 0, 1, 5, 5, 3, 1, 0, 1, 1, 1, 1, 1, 1, 1, 1, 4, 2, 4, 4, 0, 2, 4, 3, 3, 3, 3, 3, 0, 3, 2, 2, 2, 0, 0, 0, 0, 2]";"[0, 0, 0, 0, 7, 5, 1, 7, 2, 2, 4, 1, 1, 6, 4, 0, 6, 6, 5, 5, 7, 6, 6, 3, 0, 1, 5, 5, 3, 1, 0, 1, 1, 1, 1, 1, 1, 1, 1, 4, 2, 4, 4, 0, 2, 4, 3, 3, 3, 3, 3, 0, 3, 2, 2, 2, 0, 0, 0, 0, 2]";"[0, 3, 0, 0, 4, 7, 1, 4, 5, 5, 3, 1, 0, 0, 3, 6, 4, 4, 7, 7, 4, 4, 4, 2, 6, 1, 7, 7, 2, 1, 6, 0, 1, 1, 1, 1, 1, 6, 1, 3, 5, 3, 3, 6, 0, 3, 2, 2, 2, 2, 2, 0, 2, 5, 5, 5, 6, 0, 6, 0, 5]";"[2, 2, 1, 1, 7, 6, 0, 7, 3, 3, 5, 0, 0, 2, 5, 1, 2, 2, 6, 6, 7, 2, 2, 4, 1, 0, 6, 6, 4, 0, 1, 0, 0, 0, 0, 0, 0, 0, 0, 5, 3, 5, 5, 1, 3, 5, 4, 4, 4, 4, 4, 1, 4, 3, 3, 3, 1, 1, 1, 2, 3]"
10;6;"aucs";"scml";2;0.3492;0.3431;0.3072;0.3429;"{'14': 0.5560344827586207, '22': 0.425, '23': 0.29166666666666663, '17': 0.3392857142857143, '18': 0.5073529411764706}";"{'14': 0.5583333333333333, '22': 0.4583333333333333, '23': 0.29166666666666663, '17': 0.4027777777777778, '18': 0.5073529411764706}";"{'14': 0.560483870967742, '22': 0.425, '23': 0.29166666666666663, '17': 0.3392857142857143, '18': 0.5073529411764706}";"{'14': 0.5560344827586207, '22': 0.425, '23': 0.4583333333333333, '17': 0.4027777777777778, '18': 0.5073529411764706}";0.0;0.0;0.4344155844155843;0.2222222222222222;1.0;0.665834206074277;0.8666874804870434;1.0;0.8272826761189164;0.9415759796122988;1.0;0.7022219097173393;0.905366653011061;1.0;0.8532598056024732;0.9626361521846106;0.0042;0.0314;0.0063;"['14', '22', '23', '17', '18']";"{'1': [('interA', ('18', '52')), ('intraA', ('14', '23'))], '2': [('intraD', ('14', '23')), ('interA', ('10', '17'))], '3': [('intraD', ('17', '18')), ('interA', ('12', '22'))], '4': [('interA', ('22', '51')), ('interA', ('14', '51'))], '5': [('interD', ('18', '25')), ('interA', ('17', '24'))]}";"{'1': [('interA', ('14', '38')), ('interA', ('14', '32'))], '2': [('intraD', ('14', '22')), ('intraD', ('14', '23'))], '3': [('interA', ('14', '38')), ('interA', ('14', '32'))], '4': [('intraD', ('22', '23')), ('intraD', ('17', '22'))], '5': [('interA', ('14', '44')), ('interA', ('14', '59'))]}";"{'1': [('interA', ('23', '35')), ('interA', ('1', '23'))], '2': [('interA', ('23', '31')), ('interA', ('23', '48'))], '3': [('interA', ('1', '17')), ('interA', ('18', '60'))], '4': [('interA', ('23', '4')), ('interA', ('17', '5'))], '5': [('interA', ('13', '23')), ('interA', ('11', '17'))]}";"[['44', '59', '4', '16', '1', '52', '31', '25', '57', '58', '2', '60', '3'], ['38', '32', '12', '37', '13', '34', '30', '36', '33', '35', '39', '26', '7'], ['61', '45', '55', '10', '9', '41', '54', '56'], ['53', '51', '49', '50', '24', '29', '48', '47'], ['42', '43', '15', '40', '11', '46'], ['28', '20', '19', '27', '6'], ['14', '22', '23', '17', '18'], ['8', '5', '21']]";"[['45', '4', '32', '14', '1', '52', '13', '58', '2', '60', '3'], ['12', '37', '34', '30', '36', '33', '35', '39', '26', '7'], ['53', '51', '49', '50', '24', '29', '48', '47'], ['8', '21', '22', '17', '23', '5', '18'], ['61', '55', '10', '9', '41', '54', '56'], ['44', '59', '16', '38', '31', '25', '57'], ['42', '43', '15', '40', '11', '46'], ['28', '20', '19', '27', '6']]";"[['38', '32', '12', '37', '13', '34', '30', '36', '33', '35', '39', '26', '7'], ['4', '1', '14', '22', '17', '23', '2', '60', '18'], ['44', '59', '16', '52', '31', '25', '57', '58', '3'], ['61', '45', '55', '10', '9', '41', '54', '56'], ['53', '51', '49', '50', '24', '29', '48', '47'], ['42', '43', '15', '40', '11', '46'], ['28', '20', '19', '27', '6'], ['8', '5', '21']]";"[0, 0, 0, 0, 7, 5, 1, 7, 2, 2, 4, 1, 1, 6, 4, 0, 6, 6, 5, 5, 7, 6, 6, 3, 0, 1, 5, 5, 3, 1, 0, 1, 1, 1, 1, 1, 1, 1, 1, 4, 2, 4, 4, 0, 2, 4, 3, 3, 3, 3, 3, 0, 3, 2, 2, 2, 0, 0, 0, 0, 2]";"[0, 0, 0, 0, 7, 5, 1, 7, 2, 2, 4, 1, 1, 6, 4, 0, 6, 6, 5, 5, 7, 6, 6, 3, 0, 1, 5, 5, 3, 1, 0, 1, 1, 1, 1, 1, 1, 1, 1, 4, 2, 4, 4, 0, 2, 4, 3, 3, 3, 3, 3, 0, 3, 2, 2, 2, 0, 0, 0, 0, 2]";"[0, 0, 0, 0, 3, 7, 1, 3, 4, 4, 6, 1, 0, 0, 6, 5, 3, 3, 7, 7, 3, 3, 3, 2, 5, 1, 7, 7, 2, 1, 5, 0, 1, 1, 1, 1, 1, 5, 1, 6, 4, 6, 6, 5, 0, 6, 2, 2, 2, 2, 2, 0, 2, 4, 4, 4, 5, 0, 5, 0, 4]";"[1, 1, 2, 1, 7, 6, 0, 7, 3, 3, 5, 0, 0, 1, 5, 2, 1, 1, 6, 6, 7, 1, 1, 4, 2, 0, 6, 6, 4, 0, 2, 0, 0, 0, 0, 0, 0, 0, 0, 5, 3, 5, 5, 2, 3, 5, 4, 4, 4, 4, 4, 2, 4, 3, 3, 3, 2, 2, 2, 1, 3]"
11;6;"aucs";"scml";2;0.3492;0.3453;0.3415;0.2905;"{'14': 0.5560344827586207, '22': 0.425, '23': 0.29166666666666663, '17': 0.3392857142857143, '18': 0.5073529411764706}";"{'14': 0.5560344827586207, '22': 0.4431818181818182, '23': 0.3392857142857143, '17': 0.375, '18': 0.5073529411764706}";"{'14': 0.560483870967742, '22': 0.425, '23': 0.29166666666666663, '17': 0.3392857142857143, '18': 0.5073529411764706}";"{'14': 0.5560344827586207, '22': 0.425, '23': 0.4583333333333333, '17': 0.425, '18': 0.5073529411764706}";0.0;0.0;0.4293650793650793;0.4293650793650793;1.0;0.7600610082414642;0.6342338912532123;1.0;0.8704099360230393;0.8166586729554105;1.0;0.8011585706309324;0.6638986479293091;1.0;0.9011044861534762;0.8399951889045859;0.0041;0.0306;0.0059;"['14', '22', '23', '17', '18']";"{'1': [('interA', ('23', '57')), ('interA', ('17', '33'))], '2': [('intraD', ('22', '23')), ('intraA', ('18', '22'))], '3': [('intraA', ('14', '17')), ('intraA', ('14', '22'))], '4': [('intraD', ('22', '23')), ('interA', ('19', '22'))], '5': [('intraD', ('18', '22')), ('intraA', ('22', '23'))]}";"{'1': [('interA', ('14', '38')), ('interA', ('14', '32'))], '2': [('intraD', ('14', '22')), ('intraD', ('14', '23'))], '3': [('interA', ('14', '38')), ('interA', ('14', '32'))], '4': [('intraD', ('22', '23')), ('intraD', ('17', '22'))], '5': [('interA', ('14', '44')), ('interA', ('14', '59'))]}";"{'1': [('interA', ('1', '23')), ('interA', ('23', '24'))], '2': [('interA', ('23', '33')), ('interA', ('23', '9'))], '3': [('interA', ('17', '61')), ('interA', ('18', '20'))], '4': [('interA', ('23', '6')), ('interA', ('17', '43'))], '5': [('interA', ('23', '55')), ('interA', ('17', '42'))]}";"[['44', '59', '4', '16', '1', '52', '31', '25', '57', '58', '2', '60', '3'], ['38', '32', '12', '37', '13', '34', '30', '36', '33', '35', '39', '26', '7'], ['61', '45', '55', '10', '9', '41', '54', '56'], ['53', '51', '49', '50', '24', '29', '48', '47'], ['42', '43', '15', '40', '11', '46'], ['28', '20', '19', '27', '6'], ['14', '22', '23', '17', '18'], ['8', '5', '21']]";"[['32', '12', '37', '34', '13', '30', '36', '33', '35', '39', '26', '7'], ['45', '4', '14', '52', '1', '58', '2', '60', '3'], ['53', '51', '49', '50', '24', '29', '48', '47'], ['8', '21', '22', '17', '23', '5', '18'], ['61', '55', '10', '9', '41', '54', '56'], ['44', '59', '16', '38', '31', '25', '57'], ['42', '43', '15', '40', '11', '46'], ['28', '20', '19', '27', '6']]";"[['45', '4', '14', '52', '1', '25', '58', '60', '3'], ['32', '12', '37', '34', '13', '36', '39', '26', '7'], ['44', '59', '16', '38', '31', '57', '30', '33', '35'], ['53', '51', '49', '50', '24', '29', '48', '47'], ['42', '2', '43', '15', '40', '11', '46'], ['8', '21', '22', '17', '23', '5', '18'], ['61', '55', '10', '9', '41', '54', '56'], ['28', '20', '19', '27', '6']]";"[0, 0, 0, 0, 7, 5, 1, 7, 2, 2, 4, 1, 1, 6, 4, 0, 6, 6, 5, 5, 7, 6, 6, 3, 0, 1, 5, 5, 3, 1, 0, 1, 1, 1, 1, 1, 1, 1, 1, 4, 2, 4, 4, 0, 2, 4, 3, 3, 3, 3, 3, 0, 3, 2, 2, 2, 0, 0, 0, 0, 2]";"[0, 0, 0, 0, 7, 5, 1, 7, 2, 2, 4, 1, 1, 6, 4, 0, 6, 6, 5, 5, 7, 6, 6, 3, 0, 1, 5, 5, 3, 1, 0, 1, 1, 1, 1, 1, 1, 1, 1, 4, 2, 4, 4, 0, 2, 4, 3, 3, 3, 3, 3, 0, 3, 2, 2, 2, 0, 0, 0, 0, 2]";"[1, 1, 1, 1, 3, 7, 0, 3, 4, 4, 6, 0, 0, 1, 6, 5, 3, 3, 7, 7, 3, 3, 3, 2, 5, 0, 7, 7, 2, 0, 5, 0, 0, 0, 0, 0, 0, 5, 0, 6, 4, 6, 6, 5, 1, 6, 2, 2, 2, 2, 2, 1, 2, 4, 4, 4, 5, 1, 5, 1, 4]";"[0, 4, 0, 0, 5, 7, 1, 5, 6, 6, 4, 1, 1, 0, 4, 2, 5, 5, 7, 7, 5, 5, 5, 3, 0, 1, 7, 7, 3, 2, 2, 1, 2, 1, 2, 1, 1, 2, 1, 4, 6, 4, 4, 2, 0, 4, 3, 3, 3, 3, 3, 0, 3, 6, 6, 6, 2, 0, 2, 0, 6]"
12;6;"aucs";"scml";2;0.3492;0.3515;0.3395;0.3465;"{'14': 0.5560344827586207, '22': 0.425, '23': 0.29166666666666663, '17': 0.3392857142857143, '18': 0.5073529411764706}";"{'14': 0.5583333333333333, '22': 0.4431818181818182, '23': 0.225, '17': 0.3392857142857143, '18': 0.5073529411764706}";"{'14': 0.560483870967742, '22': 0.425, '23': 0.29166666666666663, '17': 0.3392857142857143, '18': 0.5073529411764706}";"{'14': 0.5560344827586207, '22': 0.425, '23': 0.4583333333333333, '17': 0.425, '18': 0.5138888888888888}";0.0;0.0833333333333333;0.4392857142857143;0.4258928571428571;0.9196165572838612;0.8007848101265823;0.8103778096604496;0.9483283911785468;0.877276191493008;0.8973932693200649;0.926301198059342;0.8541230431747932;0.8535666124961101;0.9533352199602948;0.9118877364441073;0.9311675080169124;0.0044;0.0286;0.0064;"['14', '22', '23', '17', '18']";"{'1': [('interD', ('23', '8')), ('intraA', ('14', '17'))], '2': [('intraA', ('18', '23')), ('interA', ('18', '5'))], '3': [('interA', ('14', '9')), ('intraA', ('14', '17'))], '4': [('intraA', ('17', '23')), ('intraA', ('18', '23'))], '5': [('interA', ('16', '22')), ('intraD', ('17', '23'))]}";"{'1': [('interA', ('14', '38')), ('interA', ('14', '32'))], '2': [('intraD', ('14', '22')), ('intraD', ('14', '23'))], '3': [('interA', ('14', '38')), ('interA', ('14', '32'))], '4': [('intraD', ('22', '23')), ('intraD', ('17', '22'))], '5': [('interA', ('14', '44')), ('interA', ('14', '59'))]}";"{'1': [('interA', ('23', '53')), ('interA', ('23', '55'))], '2': [('interA', ('12', '23')), ('interA', ('23', '61'))], '3': [('interA', ('17', '40')), ('interA', ('18', '54'))], '4': [('interA', ('23', '4')), ('interA', ('17', '45'))], '5': [('interA', ('20', '23')), ('interA', ('17', '50'))]}";"[['38', '32', '12', '37', '13', '34', '30', '36', '33', '35', '39', '26', '7'], ['44', '59', '4', '16', '1', '52', '31', '25', '57', '58', '3'], ['61', '45', '55', '10', '9', '41', '54', '56'], ['53', '51', '49', '50', '24', '29', '48', '47'], ['42', '2', '43', '15', '40', '11', '46'], ['14', '22', '23', '17', '60', '18'], ['28', '20', '19', '27', '6'], ['8', '5', '21']]";"[['44', '59', '4', '38', '16', '1', '14', '31', '52', '25', '57', '58', '60', '3'], ['32', '12', '37', '34', '13', '30', '36', '33', '35', '39', '26', '7'], ['53', '51', '49', '50', '24', '29', '48', '47'], ['42', '2', '43', '15', '40', '11', '46'], ['8', '21', '22', '17', '23', '5', '18'], ['28', '20', '19', '27', '6'], ['61', '45', '10', '54', '56'], ['9', '55', '41']]";"[['38', '32', '12', '37', '13', '34', '30', '36', '33', '35', '39', '26', '7'], ['45', '4', '14', '1', '58', '2', '60', '3'], ['53', '51', '49', '50', '24', '29', '48', '47'], ['8', '21', '22', '17', '23', '5', '18'], ['61', '55', '10', '9', '41', '54', '56'], ['44', '59', '16', '52', '31', '25', '57'], ['42', '43', '15', '40', '11', '46'], ['28', '20', '19', '27', '6']]";"[0, 0, 0, 0, 7, 5, 1, 7, 2, 2, 4, 1, 1, 6, 4, 0, 6, 6, 5, 5, 7, 6, 6, 3, 0, 1, 5, 5, 3, 1, 0, 1, 1, 1, 1, 1, 1, 1, 1, 4, 2, 4, 4, 0, 2, 4, 3, 3, 3, 3, 3, 0, 3, 2, 2, 2, 0, 0, 0, 0, 2]";"[1, 4, 1, 1, 7, 6, 0, 7, 2, 2, 4, 0, 0, 5, 4, 1, 5, 5, 6, 6, 7, 5, 5, 3, 1, 0, 6, 6, 3, 0, 1, 0, 0, 0, 0, 0, 0, 0, 0, 4, 2, 4, 4, 1, 2, 4, 3, 3, 3, 3, 3, 1, 3, 2, 2, 2, 1, 1, 1, 5, 2]";"[0, 3, 0, 0, 4, 5, 1, 4, 7, 6, 3, 1, 1, 0, 3, 0, 4, 4, 5, 5, 4, 4, 4, 2, 0, 1, 5, 5, 2, 1, 0, 1, 1, 1, 1, 1, 1, 0, 1, 3, 7, 3, 3, 0, 6, 3, 2, 2, 2, 2, 2, 0, 2, 6, 7, 6, 0, 0, 0, 0, 6]";"[1, 1, 1, 1, 3, 7, 0, 3, 4, 4, 6, 0, 0, 1, 6, 5, 3, 3, 7, 7, 3, 3, 3, 2, 5, 0, 7, 7, 2, 0, 5, 0, 0, 0, 0, 0, 0, 0, 0, 6, 4, 6, 6, 5, 1, 6, 2, 2, 2, 2, 2, 5, 2, 4, 4, 4, 5, 1, 5, 1, 4]"
13;6;"aucs";"scml";2;0.3492;0.3413;0.3189;0.3313;"{'14': 0.5560344827586207, '22': 0.425, '23': 0.29166666666666663, '17': 0.3392857142857143, '18': 0.5073529411764706}";"{'14': 0.5560344827586207, '22': 0.425, '23': 0.29166666666666663, '17': 0.375, '18': 0.5138888888888888}";"{'14': 0.560483870967742, '22': 0.425, '23': 0.29166666666666663, '17': 0.3392857142857143, '18': 0.5073529411764706}";"{'14': 0.5560344827586207, '22': 0.425, '23': 0.4583333333333333, '17': 0.4027777777777778, '18': 0.5073529411764706}";0.0;0.3321428571428571;0.4392857142857143;0.4321428571428571;0.9612080252378518;0.7415681734329079;0.7637704110828687;0.9745885315460632;0.8424940011688254;0.8711944458427899;1.0;0.7890269981288426;0.8072456713719491;1.0;0.8723227461449456;0.9026146950531602;0.0042;0.0297;0.0055;"['14', '22', '23', '17', '18']";"{'1': [('intraD', ('18', '23')), ('interD', ('18', '8'))], '2': [('intraA', ('14', '18')), ('intraD', ('14', '22'))], '3': [('intraD', ('17', '18')), ('intraA', ('22', '23'))], '4': [('interD', ('15', '18')), ('interA', ('18', '43'))], '5': [('interA', ('10', '17')), ('intraA', ('22', '23'))]}";"{'1': [('interA', ('14', '38')), ('interA', ('14', '32'))], '2': [('intraD', ('14', '22')), ('intraD', ('14', '23'))], '3': [('interA', ('14', '38')), ('interA', ('14', '32'))], '4': [('intraD', ('22', '23')), ('intraD', ('17', '22'))], '5': [('interA', ('14', '44')), ('interA', ('14', '59'))]}";"{'1': [('interA', ('23', '53')), ('interA', ('23', '31'))], '2': [('interA', ('23', '9')), ('interA', ('23', '35'))], '3': [('interA', ('17', '5')), ('interA', ('18', '25'))], '4': [('interA', ('23', '42')), ('interA', ('17', '44'))], '5': [('interA', ('23', '49')), ('interA', ('17', '2'))]}";"[['44', '59', '4', '16', '1', '14', '31', '52', '25', '57', '58', '2', '60', '3'], ['38', '32', '12', '37', '13', '34', '30', '36', '33', '35', '39', '26', '7'], ['61', '45', '55', '10', '9', '41', '54', '56'], ['53', '51', '49', '50', '24', '29', '48', '47'], ['42', '43', '15', '40', '11', '46'], ['28', '20', '19', '27', '6'], ['17', '22', '23', '18'], ['8', '5', '21']]";"[['44', '59', '4', '38', '16', '45', '1', '14', '52', '25', '58', '2', '60', '3'], ['32', '12', '37', '34', '13', '30', '36', '33', '35', '39', '26', '7'], ['53', '51', '49', '50', '24', '29', '48', '47'], ['8', '21', '22', '17', '23', '5', '18'], ['42', '43', '15', '40', '11', '46'], ['28', '20', '19', '27', '6'], ['55', '31', '57', '9', '41'], ['54', '61', '10', '56']]";"[['32', '12', '37', '34', '13', '30', '36', '33', '35', '39', '26', '7'], ['45', '4', '14', '52', '1', '25', '58', '2', '60', '3'], ['53', '51', '49', '50', '24', '29', '48', '47'], ['8', '21', '22', '17', '23', '5', '18'], ['61', '55', '10', '9', '41', '54', '56'], ['42', '43', '15', '40', '11', '46'], ['44', '59', '16', '38', '31', '57'], ['28', '20', '19', '27', '6']]";"[0, 0, 0, 0, 7, 5, 1, 7, 2, 2, 4, 1, 1, 6, 4, 0, 6, 6, 5, 5, 7, 6, 6, 3, 0, 1, 5, 5, 3, 1, 0, 1, 1, 1, 1, 1, 1, 1, 1, 4, 2, 4, 4, 0, 2, 4, 3, 3, 3, 3, 3, 0, 3, 2, 2, 2, 0, 0, 0, 0, 2]";"[0, 0, 0, 0, 7, 5, 1, 7, 2, 2, 4, 1, 1, 0, 4, 0, 6, 6, 5, 5, 7, 6, 6, 3, 0, 1, 5, 5, 3, 1, 0, 1, 1, 1, 1, 1, 1, 1, 1, 4, 2, 4, 4, 0, 2, 4, 3, 3, 3, 3, 3, 0, 3, 2, 2, 2, 0, 0, 0, 0, 2]";"[0, 0, 0, 0, 3, 5, 1, 3, 6, 7, 4, 1, 1, 0, 4, 0, 3, 3, 5, 5, 3, 3, 3, 2, 0, 1, 5, 5, 2, 1, 6, 1, 1, 1, 1, 1, 1, 0, 1, 4, 6, 4, 4, 0, 0, 4, 2, 2, 2, 2, 2, 0, 2, 7, 6, 7, 6, 0, 0, 0, 7]";"[1, 1, 1, 1, 3, 7, 0, 3, 4, 4, 5, 0, 0, 1, 5, 6, 3, 3, 7, 7, 3, 3, 3, 2, 1, 0, 7, 7, 2, 0, 6, 0, 0, 0, 0, 0, 0, 6, 0, 5, 4, 5, 5, 6, 1, 5, 2, 2, 2, 2, 2, 1, 2, 4, 4, 4, 6, 1, 6, 1, 4]"
14;6;"aucs";"scml";2;0.3492;0.3462;0.3116;0.3386;"{'14': 0.5560344827586207, '22': 0.425, '23': 0.29166666666666663, '17': 0.3392857142857143, '18': 0.5073529411764706}";"{'14': 0.5560344827586207, '22': 0.4027777777777778, '23': 0.3392857142857143, '17': 0.3392857142857143, '18': 0.5197368421052632}";"{'14': 0.560483870967742, '22': 0.425, '23': 0.29166666666666663, '17': 0.3392857142857143, '18': 0.5073529411764706}";"{'14': 0.5560344827586207, '22': 0.425, '23': 0.4431818181818182, '17': 0.425, '18': 0.5138888888888888}";0.0;0.1428571428571428;0.4321428571428571;0.1428571428571428;0.924344995090693;0.6436318394504098;0.924344995090693;0.9597514362201904;0.8062494524194366;0.9597514362201904;0.9435972564426984;0.6760473749337105;0.9435972564426984;0.9737125143697548;0.8288249342372656;0.9737125143697548;0.0045;0.0314;0.0055;"['14', '22', '23', '17', '18']";"{'1': [('intraA', ('14', '17')), ('interD', ('22', '34'))], '2': [('interA', ('23', '58')), ('intraA', ('14', '17'))], '3': [('interA', ('18', '33')), ('interA', ('14', '29'))], '4': [('interD', ('15', '18')), ('intraA', ('18', '22'))], '5': [('interA', ('18', '56')), ('intraA', ('22', '23'))]}";"{'1': [('interA', ('14', '38')), ('interA', ('14', '32'))], '2': [('intraD', ('14', '22')), ('intraD', ('14', '23'))], '3': [('interA', ('14', '38')), ('interA', ('14', '32'))], '4': [('intraD', ('22', '23')), ('intraD', ('17', '22'))], '5': [('interA', ('14', '44')), ('interA', ('14', '59'))]}";"{'1': [('interA', ('23', '46')), ('interA', ('23', '55'))], '2': [('interA', ('23', '46')), ('interA', ('23', '57'))], '3': [('interA', ('17', '40')), ('interA', ('18', '31'))], '4': [('interA', ('2', '23')), ('interA', ('17', '27'))], '5': [('interA', ('23', '53')), ('interA', ('17', '26'))]}";"[['38', '32', '12', '37', '13', '34', '30', '36', '33', '35', '39', '26', '7'], ['44', '59', '4', '16', '1', '52', '31', '25', '57', '2', '3'], ['61', '45', '55', '10', '9', '41', '54', '56'], ['53', '51', '49', '50', '24', '29', '48', '47'], ['14', '22', '23', '17', '58', '60', '18'], ['42', '43', '15', '40', '11', '46'], ['28', '20', '19', '27', '6'], ['8', '5', '21']]";"[['45', '4', '32', '14', '1', '52', '13', '58', '60', '3'], ['12', '37', '34', '30', '36', '33', '35', '39', '26', '7'], ['53', '51', '49', '50', '24', '29', '48', '47'], ['42', '2', '43', '15', '40', '11', '46'], ['8', '21', '22', '17', '23', '5', '18'], ['61', '55', '10', '9', '41', '54', '56'], ['44', '59', '16', '38', '31', '25', '57'], ['28', '20', '19', '27', '6']]";"[['38', '32', '12', '37', '13', '34', '30', '36', '33', '35', '39', '26', '7'], ['44', '59', '4', '16', '52', '31', '25', '57', '58', '60', '3'], ['61', '45', '55', '10', '9', '41', '54', '56'], ['53', '51', '49', '50', '24', '29', '48', '47'], ['1', '14', '22', '17', '23', '2', '18'], ['42', '43', '15', '40', '11', '46'], ['28', '20', '19', '27', '6'], ['8', '5', '21']]";"[0, 0, 0, 0, 7, 5, 1, 7, 2, 2, 4, 1, 1, 6, 4, 0, 6, 6, 5, 5, 7, 6, 6, 3, 0, 1, 5, 5, 3, 1, 0, 1, 1, 1, 1, 1, 1, 1, 1, 4, 2, 4, 4, 0, 2, 4, 3, 3, 3, 3, 3, 0, 3, 2, 2, 2, 0, 0, 0, 0, 2]";"[1, 1, 1, 1, 7, 6, 0, 7, 2, 2, 5, 0, 0, 4, 5, 1, 4, 4, 6, 6, 7, 4, 4, 3, 1, 0, 6, 6, 3, 0, 1, 0, 0, 0, 0, 0, 0, 0, 0, 5, 2, 5, 5, 1, 2, 5, 3, 3, 3, 3, 3, 1, 3, 2, 2, 2, 1, 4, 1, 4, 2]";"[0, 3, 0, 0, 4, 7, 1, 4, 5, 5, 3, 1, 0, 0, 3, 6, 4, 4, 7, 7, 4, 4, 4, 2, 6, 1, 7, 7, 2, 1, 6, 0, 1, 1, 1, 1, 1, 6, 1, 3, 5, 3, 3, 6, 0, 3, 2, 2, 2, 2, 2, 0, 2, 5, 5, 5, 6, 0, 6, 0, 5]";"[4, 4, 1, 1, 7, 6, 0, 7, 2, 2, 5, 0, 0, 4, 5, 1, 4, 4, 6, 6, 7, 4, 4, 3, 1, 0, 6, 6, 3, 0, 1, 0, 0, 0, 0, 0, 0, 0, 0, 5, 2, 5, 5, 1, 2, 5, 3, 3, 3, 3, 3, 1, 3, 2, 2, 2, 1, 1, 1, 1, 2]"
15;6;"aucs";"scml";2;0.3492;0.3389;0.3415;0.3277;"{'14': 0.5560344827586207, '22': 0.425, '23': 0.29166666666666663, '17': 0.3392857142857143, '18': 0.5073529411764706}";"{'14': 0.5560344827586207, '22': 0.4431818181818182, '23': 0.3392857142857143, '17': 0.3392857142857143, '18': 0.5073529411764706}";"{'14': 0.560483870967742, '22': 0.425, '23': 0.29166666666666663, '17': 0.3392857142857143, '18': 0.5073529411764706}";"{'14': 0.5560344827586207, '22': 0.425, '23': 0.4431818181818182, '17': 0.425, '18': 0.5138888888888888}";0.0;0.0833333333333333;0.4293650793650793;0.0833333333333333;0.9601506359758676;0.7600610082414642;0.8778998152330117;0.9742767326878776;0.8704099360230393;0.9215907016430976;0.9697683549273656;0.8011585706309324;0.8813870407394054;0.9832327013296664;0.9011044861534762;0.9225552185540524;0.0047;0.0322;0.008;"['14', '22', '23', '17', '18']";"{'1': [('intraA', ('14', '22')), ('intraA', ('14', '23'))], '2': [('interD', ('10', '14')), ('intraA', ('17', '22'))], '3': [('interA', ('22', '3')), ('intraD', ('17', '18'))], '4': [('intraA', ('18', '22')), ('intraD', ('22', '23'))], '5': [('interA', ('23', '30')), ('intraA', ('22', '23'))]}";"{'1': [('interA', ('14', '38')), ('interA', ('14', '32'))], '2': [('intraD', ('14', '22')), ('intraD', ('14', '23'))], '3': [('interA', ('14', '38')), ('interA', ('14', '32'))], '4': [('intraD', ('22', '23')), ('intraD', ('17', '22'))], '5': [('interA', ('14', '44')), ('interA', ('14', '59'))]}";"{'1': [('interA', ('23', '26')), ('interA', ('23', '34'))], '2': [('interA', ('23', '57')), ('interA', ('23', '8'))], '3': [('interA', ('17', '7')), ('interA', ('18', '51'))], '4': [('interA', ('16', '23')), ('interA', ('10', '17'))], '5': [('interA', ('23', '28')), ('interA', ('17', '3'))]}";"[['38', '32', '12', '37', '13', '34', '30', '36', '33', '35', '39', '26', '7'], ['44', '59', '4', '16', '1', '52', '31', '25', '57', '58', '2', '60'], ['61', '45', '55', '10', '9', '41', '54', '56'], ['53', '51', '49', '50', '24', '29', '48', '47'], ['14', '22', '23', '17', '18', '3'], ['42', '43', '15', '40', '11', '46'], ['28', '20', '19', '27', '6'], ['8', '5', '21']]";"[['32', '12', '37', '34', '13', '30', '36', '33', '35', '39', '26', '7'], ['45', '4', '14', '52', '1', '58', '2', '60', '3'], ['53', '51', '49', '50', '24', '29', '48', '47'], ['8', '21', '22', '17', '23', '5', '18'], ['61', '55', '10', '9', '41', '54', '56'], ['44', '59', '16', '38', '31', '25', '57'], ['42', '43', '15', '40', '11', '46'], ['28', '20', '19', '27', '6']]";"[['38', '32', '12', '37', '13', '34', '30', '36', '33', '35', '39', '26', '7'], ['44', '59', '45', '4', '16', '1', '52', '31', '25', '57', '58', '3'], ['53', '51', '49', '50', '24', '29', '48', '47'], ['42', '2', '43', '15', '40', '11', '46'], ['61', '55', '10', '9', '41', '54', '56'], ['14', '22', '23', '17', '60', '18'], ['28', '20', '19', '27', '6'], ['8', '5', '21']]";"[0, 0, 0, 0, 7, 5, 1, 7, 2, 2, 4, 1, 1, 6, 4, 0, 6, 6, 5, 5, 7, 6, 6, 3, 0, 1, 5, 5, 3, 1, 0, 1, 1, 1, 1, 1, 1, 1, 1, 4, 2, 4, 4, 0, 2, 4, 3, 3, 3, 3, 3, 0, 3, 2, 2, 2, 0, 0, 0, 0, 2]";"[1, 1, 4, 1, 7, 6, 0, 7, 2, 2, 5, 0, 0, 4, 5, 1, 4, 4, 6, 6, 7, 4, 4, 3, 1, 0, 6, 6, 3, 0, 1, 0, 0, 0, 0, 0, 0, 0, 0, 5, 2, 5, 5, 1, 2, 5, 3, 3, 3, 3, 3, 1, 3, 2, 2, 2, 1, 1, 1, 1, 2]";"[1, 1, 1, 1, 3, 7, 0, 3, 4, 4, 6, 0, 0, 1, 6, 5, 3, 3, 7, 7, 3, 3, 3, 2, 5, 0, 7, 7, 2, 0, 5, 0, 0, 0, 0, 0, 0, 5, 0, 6, 4, 6, 6, 5, 1, 6, 2, 2, 2, 2, 2, 1, 2, 4, 4, 4, 5, 1, 5, 1, 4]";"[1, 3, 1, 1, 7, 6, 0, 7, 4, 4, 3, 0, 0, 5, 3, 1, 5, 5, 6, 6, 7, 5, 5, 2, 1, 0, 6, 6, 2, 0, 1, 0, 0, 0, 0, 0, 0, 0, 0, 3, 4, 3, 3, 1, 1, 3, 2, 2, 2, 2, 2, 1, 2, 4, 4, 4, 1, 1, 1, 5, 4]"
16;6;"aucs";"scml";2;0.3492;0.3465;0.3415;0.3372;"{'14': 0.5560344827586207, '22': 0.425, '23': 0.29166666666666663, '17': 0.3392857142857143, '18': 0.5073529411764706}";"{'14': 0.5560344827586207, '22': 0.425, '23': 0.375, '17': 0.3392857142857143, '18': 0.5073529411764706}";"{'14': 0.560483870967742, '22': 0.425, '23': 0.29166666666666663, '17': 0.3392857142857143, '18': 0.5073529411764706}";"{'14': 0.5560344827586207, '22': 0.425, '23': 0.4583333333333333, '17': 0.425, '18': 0.5138888888888888}";0.0;0.0;0.4293650793650793;0.1875;1.0;0.7600610082414642;0.8602709942928136;1.0;0.8704099360230393;0.9113793545606762;1.0;0.8011585706309324;0.8859873468838336;1.0;0.9011044861534762;0.9240131909618884;0.0054;0.0303;0.0068;"['14', '22', '23', '17', '18']";"{'1': [('interD', ('17', '5')), ('intraA', ('14', '18'))], '2': [('interD', ('14', '32')), ('intraA', ('18', '23'))], '3': [('intraD', ('17', '18')), ('interA', ('23', '57'))], '4': [('interA', ('23', '53')), ('intraA', ('14', '23'))], '5': [('interA', ('17', '29')), ('interD', ('14', '3'))]}";"{'1': [('interA', ('14', '38')), ('interA', ('14', '32'))], '2': [('intraD', ('14', '22')), ('intraD', ('14', '23'))], '3': [('interA', ('14', '38')), ('interA', ('14', '32'))], '4': [('intraD', ('22', '23')), ('intraD', ('17', '22'))], '5': [('interA', ('14', '44')), ('interA', ('14', '59'))]}";"{'1': [('interA', ('1', '23')), ('interA', ('23', '32'))], '2': [('interA', ('23', '53')), ('interA', ('23', '35'))], '3': [('interA', ('17', '28')), ('interA', ('18', '56'))], '4': [('interA', ('23', '33')), ('interA', ('17', '51'))], '5': [('interA', ('16', '23')), ('interA', ('17', '50'))]}";"[['44', '59', '4', '16', '1', '52', '31', '25', '57', '58', '2', '60', '3'], ['38', '32', '12', '37', '13', '34', '30', '36', '33', '35', '39', '26', '7'], ['61', '45', '55', '10', '9', '41', '54', '56'], ['53', '51', '49', '50', '24', '29', '48', '47'], ['42', '43', '15', '40', '11', '46'], ['28', '20', '19', '27', '6'], ['14', '22', '23', '17', '18'], ['8', '5', '21']]";"[['32', '12', '37', '34', '13', '30', '36', '33', '35', '39', '26', '7'], ['45', '4', '14', '52', '1', '58', '2', '60', '3'], ['53', '51', '49', '50', '24', '29', '48', '47'], ['8', '21', '22', '17', '23', '5', '18'], ['61', '55', '10', '9', '41', '54', '56'], ['44', '59', '16', '38', '31', '25', '57'], ['42', '43', '15', '40', '11', '46'], ['28', '20', '19', '27', '6']]";"[['38', '32', '12', '37', '13', '34', '30', '36', '33', '35', '39', '26', '7'], ['44', '59', '4', '16', '52', '31', '25', '57', '58', '3'], ['28', '1', '14', '17', '22', '23', '60', '18'], ['61', '45', '55', '10', '9', '41', '54', '56'], ['53', '51', '49', '50', '24', '29', '48', '47'], ['42', '2', '43', '15', '40', '11', '46'], ['20', '6', '27', '19'], ['8', '5', '21']]";"[0, 0, 0, 0, 7, 5, 1, 7, 2, 2, 4, 1, 1, 6, 4, 0, 6, 6, 5, 5, 7, 6, 6, 3, 0, 1, 5, 5, 3, 1, 0, 1, 1, 1, 1, 1, 1, 1, 1, 4, 2, 4, 4, 0, 2, 4, 3, 3, 3, 3, 3, 0, 3, 2, 2, 2, 0, 0, 0, 0, 2]";"[0, 0, 0, 0, 7, 5, 1, 7, 2, 2, 4, 1, 1, 6, 4, 0, 6, 6, 5, 5, 7, 6, 6, 3, 0, 1, 5, 5, 3, 1, 0, 1, 1, 1, 1, 1, 1, 1, 1, 4, 2, 4, 4, 0, 2, 4, 3, 3, 3, 3, 3, 0, 3, 2, 2, 2, 0, 0, 0, 0, 2]";"[1, 1, 1, 1, 3, 7, 0, 3, 4, 4, 6, 0, 0, 1, 6, 5, 3, 3, 7, 7, 3, 3, 3, 2, 5, 0, 7, 7, 2, 0, 5, 0, 0, 0, 0, 0, 0, 5, 0, 6, 4, 6, 6, 5, 1, 6, 2, 2, 2, 2, 2, 1, 2, 4, 4, 4, 5, 1, 5, 1, 4]";"[2, 5, 1, 1, 7, 6, 0, 7, 3, 3, 5, 0, 0, 2, 5, 1, 2, 2, 6, 6, 7, 2, 2, 4, 1, 0, 6, 2, 4, 0, 1, 0, 0, 0, 0, 0, 0, 0, 0, 5, 3, 5, 5, 1, 3, 5, 4, 4, 4, 4, 4, 1, 4, 3, 3, 3, 1, 1, 1, 2, 3]"
17;6;"aucs";"scml";2;0.3492;0.3418;0.3129;0.2693;"{'14': 0.5560344827586207, '22': 0.425, '23': 0.29166666666666663, '17': 0.3392857142857143, '18': 0.5073529411764706}";"{'14': 0.5560344827586207, '22': 0.4583333333333333, '23': 0.3392857142857143, '17': 0.375, '18': 0.5138888888888888}";"{'14': 0.560483870967742, '22': 0.425, '23': 0.29166666666666663, '17': 0.3392857142857143, '18': 0.5073529411764706}";"{'14': 0.5560344827586207, '22': 0.425, '23': 0.4583333333333333, '17': 0.425, '18': 0.5138888888888888}";0.0;0.0;0.4293650793650793;0.2727272727272727;1.0;0.6809327921104966;0.6353419416547107;1.0;0.8321666464151757;0.8461349623217187;1.0;0.7152812344449975;0.6714783474365356;1.0;0.8575612262406386;0.8618407771497091;0.0051;0.0299;0.0058;"['14', '22', '23', '17', '18']";"{'1': [('intraA', ('14', '17')), ('interA', ('17', '7'))], '2': [('interD', ('22', '37')), ('interD', ('14', '34'))], '3': [('interA', ('12', '22')), ('interA', ('23', '48'))], '4': [('interD', ('15', '18')), ('interA', ('14', '33'))], '5': [('interA', ('18', '39')), ('interA', ('22', '38'))]}";"{'1': [('interA', ('14', '38')), ('interA', ('14', '32'))], '2': [('intraD', ('14', '22')), ('intraD', ('14', '23'))], '3': [('interA', ('14', '38')), ('interA', ('14', '32'))], '4': [('intraD', ('22', '23')), ('intraD', ('17', '22'))], '5': [('interA', ('14', '44')), ('interA', ('14', '59'))]}";"{'1': [('interA', ('23', '28')), ('interA', ('13', '23'))], '2': [('interA', ('23', '61')), ('interA', ('23', '3'))], '3': [('interA', ('17', '53')), ('interA', ('18', '36'))], '4': [('interA', ('23', '6')), ('interA', ('17', '34'))], '5': [('interA', ('23', '33')), ('interA', ('17', '59'))]}";"[['44', '59', '4', '16', '1', '52', '31', '25', '57', '58', '2', '60', '3'], ['38', '32', '12', '37', '13', '34', '30', '36', '33', '35', '39', '26', '7'], ['61', '45', '55', '10', '9', '41', '54', '56'], ['53', '51', '49', '50', '24', '29', '48', '47'], ['42', '43', '15', '40', '11', '46'], ['28', '20', '19', '27', '6'], ['14', '22', '23', '17', '18'], ['8', '5', '21']]";"[['12', '37', '34', '30', '36', '33', '35', '39', '26', '7'], ['45', '4', '14', '52', '1', '58', '2', '60', '3'], ['53', '51', '49', '50', '24', '29', '48', '47'], ['8', '21', '22', '17', '23', '5', '18'], ['28', '32', '20', '19', '27', '13', '6'], ['61', '55', '10', '9', '41', '54', '56'], ['44', '59', '16', '38', '31', '25', '57'], ['42', '43', '15', '40', '11', '46']]";"[['4', '1', '14', '3', '22', '17', '23', '58', '2', '60', '18'], ['44', '59', '45', '16', '21', '8', '52', '31', '25', '57', '5'], ['38', '12', '30', '36', '33', '35', '7', '26'], ['53', '51', '49', '50', '24', '29', '48', '47'], ['61', '55', '10', '9', '41', '54', '56'], ['42', '43', '15', '40', '11', '46'], ['28', '20', '19', '27', '6'], ['32', '37', '13', '34', '39']]";"[0, 0, 0, 0, 7, 5, 1, 7, 2, 2, 4, 1, 1, 6, 4, 0, 6, 6, 5, 5, 7, 6, 6, 3, 0, 1, 5, 5, 3, 1, 0, 1, 1, 1, 1, 1, 1, 1, 1, 4, 2, 4, 4, 0, 2, 4, 3, 3, 3, 3, 3, 0, 3, 2, 2, 2, 0, 0, 0, 0, 2]";"[0, 0, 0, 0, 7, 5, 1, 7, 2, 2, 4, 1, 1, 6, 4, 0, 6, 6, 5, 5, 7, 6, 6, 3, 0, 1, 5, 5, 3, 1, 0, 1, 1, 1, 1, 1, 1, 1, 1, 4, 2, 4, 4, 0, 2, 4, 3, 3, 3, 3, 3, 0, 3, 2, 2, 2, 0, 0, 0, 0, 2]";"[1, 1, 1, 1, 3, 4, 0, 3, 5, 5, 7, 0, 4, 1, 7, 6, 3, 3, 4, 4, 3, 3, 3, 2, 6, 0, 4, 4, 2, 0, 6, 4, 0, 0, 0, 0, 0, 6, 0, 7, 5, 7, 7, 6, 1, 7, 2, 2, 2, 2, 2, 1, 2, 5, 5, 5, 6, 1, 6, 1, 5]";"[0, 0, 0, 0, 1, 6, 2, 1, 4, 4, 5, 2, 7, 0, 5, 1, 0, 0, 6, 6, 1, 0, 0, 3, 1, 2, 6, 6, 3, 2, 1, 7, 2, 7, 2, 2, 7, 2, 7, 5, 4, 5, 5, 1, 1, 5, 3, 3, 3, 3, 3, 1, 3, 4, 4, 4, 1, 0, 1, 0, 4]"
18;6;"aucs";"scml";2;0.3492;0.3469;0.3072;0.3229;"{'14': 0.5560344827586207, '22': 0.425, '23': 0.29166666666666663, '17': 0.3392857142857143, '18': 0.5073529411764706}";"{'14': 0.5560344827586207, '22': 0.425, '23': 0.29166666666666663, '17': 0.375, '18': 0.5138888888888888}";"{'14': 0.560483870967742, '22': 0.425, '23': 0.29166666666666663, '17': 0.3392857142857143, '18': 0.5073529411764706}";"{'14': 0.5560344827586207, '22': 0.425, '23': 0.4583333333333333, '17': 0.425, '18': 0.5138888888888888}";0.0;0.0;0.4344155844155843;0.4141025641025641;1.0;0.665834206074277;0.8977316026113242;1.0;0.8272826761189164;0.9264494954796596;1.0;0.7022219097173393;0.9490841764200224;1.0;0.8532598056024732;0.962593491707914;0.0047;0.0288;0.0074;"['14', '22', '23', '17', '18']";"{'1': [('intraD', ('18', '22')), ('intraD', ('17', '22'))], '2': [('interA', ('17', '3')), ('intraA', ('17', '22'))], '3': [('intraD', ('17', '18')), ('intraA', ('22', '23'))], '4': [('interD', ('10', '22')), ('interA', ('18', '28'))], '5': [('intraD', ('18', '23')), ('intraD', ('17', '22'))]}";"{'1': [('interA', ('14', '38')), ('interA', ('14', '32'))], '2': [('intraD', ('14', '22')), ('intraD', ('14', '23'))], '3': [('interA', ('14', '38')), ('interA', ('14', '32'))], '4': [('intraD', ('22', '23')), ('intraD', ('17', '22'))], '5': [('interA', ('14', '44')), ('interA', ('14', '59'))]}";"{'1': [('interA', ('23', '26')), ('interA', ('23', '40'))], '2': [('interA', ('23', '44')), ('interA', ('23', '31'))], '3': [('interA', ('17', '60')), ('interA', ('18', '31'))], '4': [('interA', ('11', '23')), ('interA', ('17', '55'))], '5': [('interA', ('23', '53')), ('interA', ('17', '9'))]}";"[['44', '59', '4', '16', '1', '52', '31', '25', '57', '58', '2', '60', '3'], ['38', '32', '12', '37', '13', '34', '30', '36', '33', '35', '39', '26', '7'], ['61', '45', '55', '10', '9', '41', '54', '56'], ['53', '51', '49', '50', '24', '29', '48', '47'], ['42', '43', '15', '40', '11', '46'], ['28', '20', '19', '27', '6'], ['14', '22', '23', '17', '18'], ['8', '5', '21']]";"[['45', '4', '32', '14', '1', '52', '13', '58', '2', '60', '3'], ['12', '37', '34', '30', '36', '33', '35', '39', '26', '7'], ['53', '51', '49', '50', '24', '29', '48', '47'], ['8', '21', '22', '17', '23', '5', '18'], ['61', '55', '10', '9', '41', '54', '56'], ['44', '59', '16', '38', '31', '25', '57'], ['42', '43', '15', '40', '11', '46'], ['28', '20', '19', '27', '6']]";"[['44', '59', '4', '16', '1', '14', '31', '52', '25', '57', '58', '2', '3'], ['38', '32', '12', '37', '13', '34', '30', '36', '33', '35', '39', '26', '7'], ['53', '51', '49', '50', '24', '29', '48', '47'], ['61', '45', '10', '9', '41', '54', '56'], ['42', '43', '15', '40', '11', '46'], ['55', '17', '23', '22', '60', '18'], ['28', '20', '19', '27', '6'], ['8', '5', '21']]";"[0, 0, 0, 0, 7, 5, 1, 7, 2, 2, 4, 1, 1, 6, 4, 0, 6, 6, 5, 5, 7, 6, 6, 3, 0, 1, 5, 5, 3, 1, 0, 1, 1, 1, 1, 1, 1, 1, 1, 4, 2, 4, 4, 0, 2, 4, 3, 3, 3, 3, 3, 0, 3, 2, 2, 2, 0, 0, 0, 0, 2]";"[0, 0, 0, 0, 7, 5, 1, 7, 2, 2, 4, 1, 1, 6, 4, 0, 6, 6, 5, 5, 7, 6, 6, 3, 0, 1, 5, 5, 3, 1, 0, 1, 1, 1, 1, 1, 1, 1, 1, 4, 2, 4, 4, 0, 2, 4, 3, 3, 3, 3, 3, 0, 3, 2, 2, 2, 0, 0, 0, 0, 2]";"[0, 0, 0, 0, 3, 7, 1, 3, 4, 4, 6, 1, 0, 0, 6, 5, 3, 3, 7, 7, 3, 3, 3, 2, 5, 1, 7, 7, 2, 1, 5, 0, 1, 1, 1, 1, 1, 5, 1, 6, 4, 6, 6, 5, 0, 6, 2, 2, 2, 2, 2, 0, 2, 4, 4, 4, 5, 0, 5, 0, 4]";"[0, 0, 0, 0, 7, 6, 1, 7, 3, 3, 4, 1, 1, 0, 4, 0, 5, 5, 6, 6, 7, 5, 5, 2, 0, 1, 6, 6, 2, 1, 0, 1, 1, 1, 1, 1, 1, 1, 1, 4, 3, 4, 4, 0, 3, 4, 2, 2, 2, 2, 2, 0, 2, 3, 5, 3, 0, 0, 0, 5, 3]"
19;6;"aucs";"scml";2;0.3492;0.3398;0.3072;0.3292;"{'14': 0.5560344827586207, '22': 0.425, '23': 0.29166666666666663, '17': 0.3392857142857143, '18': 0.5073529411764706}";"{'14': 0.5560344827586207, '22': 0.4027777777777778, '23': 0.29166666666666663, '17': 0.375, '18': 0.5073529411764706}";"{'14': 0.560483870967742, '22': 0.425, '23': 0.29166666666666663, '17': 0.3392857142857143, '18': 0.5073529411764706}";"{'14': 0.5560344827586207, '22': 0.425, '23': 0.4431818181818182, '17': 0.425, '18': 0.5138888888888888}";0.0;0.0833333333333333;0.4344155844155843;0.4321428571428571;0.8778998152330117;0.665834206074277;0.7637704110828687;0.9215907016430976;0.8272826761189164;0.8711944458427899;0.8813870407394054;0.7022219097173393;0.8072456713719491;0.9225552185540524;0.8532598056024732;0.9026146950531602;0.0042;0.0306;0.0067;"['14', '22', '23', '17', '18']";"{'1': [('intraD', ('18', '23')), ('interD', ('22', '34'))], '2': [('intraD', ('22', '23')), ('intraD', ('14', '22'))], '3': [('intraA', ('18', '22')), ('intraD', ('17', '18'))], '4': [('intraD', ('22', '23')), ('intraA', ('14', '17'))], '5': [('interA', ('17', '49')), ('intraA', ('22', '23'))]}";"{'1': [('interA', ('14', '38')), ('interA', ('14', '32'))], '2': [('intraD', ('14', '22')), ('intraD', ('14', '23'))], '3': [('interA', ('14', '38')), ('interA', ('14', '32'))], '4': [('intraD', ('22', '23')), ('intraD', ('17', '22'))], '5': [('interA', ('14', '44')), ('interA', ('14', '59'))]}";"{'1': [('interA', ('23', '49')), ('interA', ('23', '45'))], '2': [('interA', ('23', '5')), ('interA', ('23', '24'))], '3': [('interA', ('17', '44')), ('interA', ('18', '36'))], '4': [('interA', ('23', '35')), ('interA', ('17', '31'))], '5': [('interA', ('16', '23')), ('interA', ('17', '30'))]}";"[['38', '32', '12', '37', '13', '34', '30', '36', '33', '35', '39', '26', '7'], ['44', '59', '45', '4', '16', '1', '52', '31', '25', '57', '58', '3'], ['53', '51', '49', '50', '24', '29', '48', '47'], ['42', '2', '43', '15', '40', '11', '46'], ['61', '55', '10', '9', '41', '54', '56'], ['14', '22', '23', '17', '60', '18'], ['28', '20', '19', '27', '6'], ['8', '5', '21']]";"[['45', '4', '32', '14', '1', '52', '13', '58', '2', '60', '3'], ['12', '37', '34', '30', '36', '33', '35', '39', '26', '7'], ['53', '51', '49', '50', '24', '29', '48', '47'], ['8', '21', '22', '17', '23', '5', '18'], ['61', '55', '10', '9', '41', '54', '56'], ['44', '59', '16', '38', '31', '25', '57'], ['42', '43', '15', '40', '11', '46'], ['28', '20', '19', '27', '6']]";"[['32', '12', '37', '34', '13', '30', '36', '33', '35', '39', '26', '7'], ['45', '4', '14', '52', '1', '25', '58', '2', '60', '3'], ['53', '51', '49', '50', '24', '29', '48', '47'], ['8', '21', '22', '17', '23', '5', '18'], ['61', '55', '10', '9', '41', '54', '56'], ['42', '43', '15', '40', '11', '46'], ['44', '59', '16', '38', '31', '57'], ['28', '20', '19', '27', '6']]";"[0, 0, 0, 0, 7, 5, 1, 7, 2, 2, 4, 1, 1, 6, 4, 0, 6, 6, 5, 5, 7, 6, 6, 3, 0, 1, 5, 5, 3, 1, 0, 1, 1, 1, 1, 1, 1, 1, 1, 4, 2, 4, 4, 0, 2, 4, 3, 3, 3, 3, 3, 0, 3, 2, 2, 2, 0, 0, 0, 0, 2]";"[1, 3, 1, 1, 7, 6, 0, 7, 4, 4, 3, 0, 0, 5, 3, 1, 5, 5, 6, 6, 7, 5, 5, 2, 1, 0, 6, 6, 2, 0, 1, 0, 0, 0, 0, 0, 0, 0, 0, 3, 4, 3, 3, 1, 1, 3, 2, 2, 2, 2, 2, 1, 2, 4, 4, 4, 1, 1, 1, 5, 4]";"[0, 0, 0, 0, 3, 7, 1, 3, 4, 4, 6, 1, 0, 0, 6, 5, 3, 3, 7, 7, 3, 3, 3, 2, 5, 1, 7, 7, 2, 1, 5, 0, 1, 1, 1, 1, 1, 5, 1, 6, 4, 6, 6, 5, 0, 6, 2, 2, 2, 2, 2, 0, 2, 4, 4, 4, 5, 0, 5, 0, 4]";"[1, 1, 1, 1, 3, 7, 0, 3, 4, 4, 5, 0, 0, 1, 5, 6, 3, 3, 7, 7, 3, 3, 3, 2, 1, 0, 7, 7, 2, 0, 6, 0, 0, 0, 0, 0, 0, 6, 0, 5, 4, 5, 5, 6, 1, 5, 2, 2, 2, 2, 2, 1, 2, 4, 4, 4, 6, 1, 6, 1, 4]"
0;7;"aucs";"scml";2;0.3492;0.3328;0.3213;0.3291;"{'8': 0.6666666666666667, '5': 0.6785714285714286, '21': 0.55}";"{'8': 0.6730769230769231, '5': 0.6666666666666667, '21': 0.6071428571428572}";"{'8': 0.6730769230769231, '5': 0.6785714285714286, '21': 0.55}";"{'8': 0.6785714285714286, '5': 0.6911764705882353, '21': 0.5833333333333333}";0.0;0.0;0.125;0.0;0.9541341888267876;0.9185124871184844;0.9163258566819924;0.9725151728618404;0.9487985990799044;0.9471583993629064;0.9528736254807432;0.9230726720088422;0.914036339682714;0.969482456163647;0.9539705832536434;0.9413518574209148;0.0049;0.0209;0.0059;"['8', '5', '21']";"{'1': [('interD', ('22', '5')), ('interD', ('18', '21'))], '2': [('interD', ('19', '5')), ('interA', ('21', '59'))], '3': [('intraA', ('21', '5')), ('interA', ('21', '56'))], '4': [('interA', ('21', '24')), ('intraD', ('21', '5'))], '5': [('interA', ('28', '8')), ('intraD', ('21', '8'))]}";"{'1': [('interA', ('38', '8')), ('interA', ('32', '8'))], '2': [('interA', ('38', '8')), ('interA', ('32', '8'))], '3': [('interA', ('38', '8')), ('interA', ('32', '8'))], '4': [('intraD', ('5', '8')), ('intraD', ('21', '8'))], '5': [('intraD', ('5', '8')), ('intraD', ('21', '8'))]}";"{'1': [('interA', ('21', '33')), ('interA', ('52', '8'))], '2': [], '3': [('interA', ('46', '8')), ('interA', ('27', '5'))], '4': [('interA', ('19', '8')), ('interA', ('5', '9'))], '5': [('interA', ('21', '22')), ('interA', ('5', '52'))]}";"[['44', '59', '45', '4', '16', '1', '52', '31', '25', '57', '58', '2', '60', '3'], ['38', '32', '12', '37', '13', '34', '30', '36', '33', '35', '39', '26', '7'], ['53', '51', '49', '50', '24', '29', '48', '47'], ['61', '55', '10', '9', '41', '54', '56'], ['42', '43', '15', '40', '11', '46'], ['28', '20', '19', '27', '6'], ['14', '22', '23', '17', '18'], ['8', '5', '21']]";"[['44', '59', '45', '4', '16', '1', '52', '31', '25', '57', '58', '2', '60', '3'], ['32', '12', '37', '34', '13', '30', '36', '33', '35', '39', '26', '7'], ['53', '51', '49', '50', '24', '29', '48', '47'], ['61', '55', '10', '9', '41', '54', '56'], ['42', '43', '15', '40', '11', '46'], ['28', '20', '19', '27', '6'], ['14', '22', '23', '17', '18'], ['8', '5', '38', '21']]";"[['44', '59', '45', '4', '16', '1', '52', '31', '25', '57', '58', '2', '3'], ['38', '32', '12', '37', '13', '34', '30', '36', '33', '35', '39', '26', '7'], ['53', '51', '49', '50', '24', '29', '48', '47'], ['61', '55', '10', '9', '41', '54', '56'], ['42', '43', '15', '40', '11', '46'], ['14', '22', '23', '17', '60', '18'], ['28', '20', '19', '27', '6'], ['8', '5', '21']]";"[0, 0, 0, 0, 7, 5, 1, 7, 2, 2, 4, 1, 1, 6, 4, 0, 6, 6, 5, 5, 7, 6, 6, 3, 0, 1, 5, 5, 3, 1, 0, 1, 1, 1, 1, 1, 1, 1, 1, 4, 2, 4, 4, 0, 2, 4, 3, 3, 3, 3, 3, 0, 3, 2, 2, 2, 0, 0, 0, 0, 2]";"[0, 0, 0, 0, 7, 5, 1, 7, 3, 3, 4, 1, 1, 6, 4, 0, 6, 6, 5, 5, 7, 6, 6, 2, 0, 1, 5, 5, 2, 1, 0, 1, 1, 1, 1, 1, 1, 1, 1, 4, 3, 4, 4, 0, 0, 4, 2, 2, 2, 2, 2, 0, 2, 3, 3, 3, 0, 0, 0, 0, 3]";"[0, 0, 0, 0, 7, 5, 1, 7, 3, 3, 4, 1, 1, 6, 4, 0, 6, 6, 5, 5, 7, 6, 6, 2, 0, 1, 5, 5, 2, 1, 0, 1, 1, 1, 1, 1, 1, 7, 1, 4, 3, 4, 4, 0, 0, 4, 2, 2, 2, 2, 2, 0, 2, 3, 3, 3, 0, 0, 0, 0, 3]";"[0, 0, 0, 0, 7, 6, 1, 7, 3, 3, 4, 1, 1, 5, 4, 0, 5, 5, 6, 6, 7, 5, 5, 2, 0, 1, 6, 6, 2, 1, 0, 1, 1, 1, 1, 1, 1, 1, 1, 4, 3, 4, 4, 0, 0, 4, 2, 2, 2, 2, 2, 0, 2, 3, 3, 3, 0, 0, 0, 5, 3]"
1;7;"aucs";"scml";2;0.3492;0.3446;0.3151;0.3353;"{'8': 0.6666666666666667, '5': 0.6785714285714286, '21': 0.55}";"{'8': 0.6666666666666667, '5': 0.6875, '21': 0.5833333333333333}";"{'8': 0.6730769230769231, '5': 0.6785714285714286, '21': 0.55}";"{'8': 0.6730769230769231, '5': 0.6875, '21': 0.6071428571428572}";0.0;0.0;0.125;0.2857142857142857;0.9218464883332688;0.8786578423890605;0.7637704110828687;0.9490534185199428;0.9229061818130118;0.8711944458427899;0.9197214998741716;0.8817934782608695;0.7828512700044047;0.94348707062976;0.9255452309776434;0.8814355458962593;0.0048;0.0216;0.0056;"['8', '5', '21']";"{'1': [('interA', ('21', '29')), ('interA', ('47', '8'))], '2': [('interA', ('39', '5')), ('intraA', ('5', '8'))], '3': [('intraA', ('21', '5')), ('intraD', ('5', '8'))], '4': [('intraD', ('21', '5')), ('interA', ('5', '52'))], '5': [('interD', ('14', '5')), ('interD', ('25', '8'))]}";"{'1': [('interA', ('38', '8')), ('interA', ('32', '8'))], '2': [('interA', ('38', '8')), ('interA', ('32', '8'))], '3': [('interA', ('38', '8')), ('interA', ('32', '8'))], '4': [('intraD', ('5', '8')), ('intraD', ('21', '8'))], '5': [('intraD', ('5', '8')), ('intraD', ('21', '8'))]}";"{'1': [('interA', ('21', '24')), ('interA', ('10', '8'))], '2': [], '3': [('interA', ('22', '8')), ('interA', ('28', '5'))], '4': [('interA', ('23', '8')), ('interA', ('31', '5'))], '5': [('interA', ('21', '44')), ('interA', ('20', '5'))]}";"[['38', '32', '12', '37', '13', '34', '30', '36', '33', '35', '39', '26', '7'], ['44', '59', '4', '16', '1', '52', '31', '25', '57', '58', '3'], ['61', '45', '55', '10', '9', '41', '54', '56'], ['53', '51', '49', '50', '24', '29', '48', '47'], ['28', '20', '27', '19', '2', '6'], ['42', '43', '15', '40', '11', '46'], ['14', '22', '23', '17', '60', '18'], ['8', '5', '21']]";"[['44', '59', '45', '4', '16', '1', '14', '31', '52', '25', '57', '58', '2', '60', '3'], ['32', '12', '37', '34', '13', '30', '36', '33', '35', '39', '26', '7'], ['53', '51', '49', '50', '24', '29', '48', '47'], ['61', '55', '10', '9', '41', '54', '56'], ['42', '43', '15', '40', '11', '46'], ['28', '20', '19', '27', '6'], ['8', '5', '38', '21'], ['17', '22', '23', '18']]";"[['32', '12', '37', '34', '13', '30', '36', '33', '35', '39', '26', '7'], ['45', '4', '14', '52', '1', '25', '58', '2', '60', '3'], ['53', '51', '49', '50', '24', '29', '48', '47'], ['8', '21', '22', '17', '23', '5', '18'], ['61', '55', '10', '9', '41', '54', '56'], ['42', '43', '15', '40', '11', '46'], ['44', '59', '16', '38', '31', '57'], ['28', '20', '19', '27', '6']]";"[0, 0, 0, 0, 7, 5, 1, 7, 2, 2, 4, 1, 1, 6, 4, 0, 6, 6, 5, 5, 7, 6, 6, 3, 0, 1, 5, 5, 3, 1, 0, 1, 1, 1, 1, 1, 1, 1, 1, 4, 2, 4, 4, 0, 2, 4, 3, 3, 3, 3, 3, 0, 3, 2, 2, 2, 0, 0, 0, 0, 2]";"[1, 4, 1, 1, 7, 4, 0, 7, 2, 2, 5, 0, 0, 6, 5, 1, 6, 6, 4, 4, 7, 6, 6, 3, 1, 0, 4, 4, 3, 0, 1, 0, 0, 0, 0, 0, 0, 0, 0, 5, 2, 5, 5, 1, 2, 5, 3, 3, 3, 3, 3, 1, 3, 2, 2, 2, 1, 1, 1, 6, 2]";"[0, 0, 0, 0, 6, 5, 1, 6, 3, 3, 4, 1, 1, 0, 4, 0, 7, 7, 5, 5, 6, 7, 7, 2, 0, 1, 5, 5, 2, 1, 0, 1, 1, 1, 1, 1, 1, 6, 1, 4, 3, 4, 4, 0, 0, 4, 2, 2, 2, 2, 2, 0, 2, 3, 3, 3, 0, 0, 0, 0, 3]";"[1, 1, 1, 1, 3, 7, 0, 3, 4, 4, 5, 0, 0, 1, 5, 6, 3, 3, 7, 7, 3, 3, 3, 2, 1, 0, 7, 7, 2, 0, 6, 0, 0, 0, 0, 0, 0, 6, 0, 5, 4, 5, 5, 6, 1, 5, 2, 2, 2, 2, 2, 1, 2, 4, 4, 4, 6, 1, 6, 1, 4]"
2;7;"aucs";"scml";2;0.3492;0.3211;0.3364;0.3372;"{'8': 0.6666666666666667, '5': 0.6785714285714286, '21': 0.55}";"{'8': 0.6785714285714286, '5': 0.6785714285714286, '21': 0.6071428571428572}";"{'8': 0.6730769230769231, '5': 0.6785714285714286, '21': 0.55}";"{'8': 0.6833333333333333, '5': 0.6911764705882353, '21': 0.6071428571428572}";0.0;0.125;0.125;0.125;0.8796316597237448;0.9647185841162936;0.9263294591260308;0.9236628176818804;0.976196363676446;0.9510142843217014;0.8830317629264467;0.9708575256811076;0.931299001635738;0.9263512883480258;0.984042447787234;0.9563719539734286;0.0037;0.0216;0.0051;"['8', '5', '21']";"{'1': [('interD', ('22', '5')), ('interA', ('21', '45'))], '2': [('interA', ('44', '8')), ('interA', ('21', '38'))], '3': [('interA', ('45', '8')), ('intraA', ('21', '5'))], '4': [('interA', ('35', '5')), ('intraD', ('21', '8'))], '5': [('interD', ('18', '8')), ('intraD', ('21', '5'))]}";"{'1': [('interA', ('38', '8')), ('interA', ('32', '8'))], '2': [('interA', ('38', '8')), ('interA', ('32', '8'))], '3': [('interA', ('38', '8')), ('interA', ('32', '8'))], '4': [('intraD', ('5', '8')), ('intraD', ('21', '8'))], '5': [('intraD', ('5', '8')), ('intraD', ('21', '8'))]}";"{'1': [('interA', ('12', '21')), ('interA', ('2', '8'))], '2': [], '3': [('interA', ('16', '8')), ('interA', ('11', '5'))], '4': [('interA', ('43', '8')), ('interA', ('46', '5'))], '5': [('interA', ('21', '52')), ('interA', ('5', '58'))]}";"[['44', '59', '45', '4', '16', '1', '52', '31', '25', '57', '58', '2', '3'], ['32', '12', '37', '34', '13', '30', '36', '33', '35', '39', '26', '7'], ['53', '51', '49', '50', '24', '29', '48', '47'], ['61', '55', '10', '9', '41', '54', '56'], ['42', '43', '15', '40', '11', '46'], ['14', '22', '23', '17', '60', '18'], ['28', '20', '19', '27', '6'], ['8', '5', '38', '21']]";"[['44', '59', '4', '16', '1', '52', '31', '25', '57', '58', '2', '60', '3'], ['32', '12', '37', '34', '13', '30', '36', '33', '35', '39', '26', '7'], ['61', '45', '55', '10', '9', '41', '54', '56'], ['53', '51', '49', '50', '24', '29', '48', '47'], ['42', '43', '15', '40', '11', '46'], ['28', '20', '19', '27', '6'], ['14', '22', '23', '17', '18'], ['8', '5', '38', '21']]";"[['38', '32', '12', '37', '13', '34', '30', '36', '33', '35', '39', '26', '7'], ['44', '59', '4', '16', '1', '52', '31', '25', '57', '58', '3'], ['61', '45', '55', '10', '9', '41', '54', '56'], ['53', '51', '49', '50', '24', '29', '48', '47'], ['42', '43', '15', '40', '11', '46'], ['14', '22', '23', '17', '60', '18'], ['28', '20', '19', '27', '6'], ['2', '8', '5', '21']]";"[0, 0, 0, 0, 7, 5, 1, 7, 2, 2, 4, 1, 1, 6, 4, 0, 6, 6, 5, 5, 7, 6, 6, 3, 0, 1, 5, 5, 3, 1, 0, 1, 1, 1, 1, 1, 1, 1, 1, 4, 2, 4, 4, 0, 2, 4, 3, 3, 3, 3, 3, 0, 3, 2, 2, 2, 0, 0, 0, 0, 2]";"[0, 0, 0, 0, 7, 6, 1, 7, 3, 3, 4, 1, 1, 5, 4, 0, 5, 5, 6, 6, 7, 5, 5, 2, 0, 1, 6, 6, 2, 1, 0, 1, 1, 1, 1, 1, 1, 7, 1, 4, 3, 4, 4, 0, 0, 4, 2, 2, 2, 2, 2, 0, 2, 3, 3, 3, 0, 0, 0, 5, 3]";"[0, 0, 0, 0, 7, 5, 1, 7, 2, 2, 4, 1, 1, 6, 4, 0, 6, 6, 5, 5, 7, 6, 6, 3, 0, 1, 5, 5, 3, 1, 0, 1, 1, 1, 1, 1, 1, 7, 1, 4, 2, 4, 4, 0, 2, 4, 3, 3, 3, 3, 3, 0, 3, 2, 2, 2, 0, 0, 0, 0, 2]";"[1, 7, 1, 1, 7, 6, 0, 7, 2, 2, 4, 0, 0, 5, 4, 1, 5, 5, 6, 6, 7, 5, 5, 3, 1, 0, 6, 6, 3, 0, 1, 0, 0, 0, 0, 0, 0, 0, 0, 4, 2, 4, 4, 1, 2, 4, 3, 3, 3, 3, 3, 1, 3, 2, 2, 2, 1, 1, 1, 5, 2]"
3;7;"aucs";"scml";2;0.3492;0.3459;0.3151;0.3278;"{'8': 0.6666666666666667, '5': 0.6785714285714286, '21': 0.55}";"{'8': 0.6730769230769231, '5': 0.6730769230769231, '21': 0.625}";"{'8': 0.6730769230769231, '5': 0.6785714285714286, '21': 0.55}";"{'8': 0.6833333333333333, '5': 0.6911764705882353, '21': 0.6071428571428572}";0.0;0.0;0.125;0.125;1.0;0.8786578423890605;0.9207065300504664;1.0;0.9229061818130118;0.949132943539349;1.0;0.8817934782608695;0.9253508262060948;1.0;0.9255452309776434;0.9543359980864984;0.0042;0.0209;0.0048;"['8', '5', '21']";"{'1': [('interA', ('21', '27')), ('interA', ('49', '8'))], '2': [('interD', ('19', '5')), ('intraA', ('21', '8'))], '3': [('interA', ('21', '43')), ('intraD', ('5', '8'))], '4': [('interA', ('16', '21')), ('interA', ('26', '8'))], '5': [('intraD', ('5', '8')), ('interD', ('52', '8'))]}";"{'1': [('interA', ('38', '8')), ('interA', ('32', '8'))], '2': [('interA', ('38', '8')), ('interA', ('32', '8'))], '3': [('interA', ('38', '8')), ('interA', ('32', '8'))], '4': [('intraD', ('5', '8')), ('intraD', ('21', '8'))], '5': [('intraD', ('5', '8')), ('intraD', ('21', '8'))]}";"{'1': [('interA', ('11', '21')), ('interA', ('19', '8'))], '2': [], '3': [('interA', ('31', '8')), ('interA', ('28', '5'))], '4': [('interA', ('58', '8')), ('interA', ('5', '60'))], '5': [('interA', ('21', '6')), ('interA', ('5', '50'))]}";"[['44', '59', '4', '16', '1', '52', '31', '25', '57', '58', '2', '60', '3'], ['38', '32', '12', '37', '13', '34', '30', '36', '33', '35', '39', '26', '7'], ['61', '45', '55', '10', '9', '41', '54', '56'], ['53', '51', '49', '50', '24', '29', '48', '47'], ['42', '43', '15', '40', '11', '46'], ['28', '20', '19', '27', '6'], ['14', '22', '23', '17', '18'], ['8', '5', '21']]";"[['44', '59', '45', '4', '16', '1', '14', '31', '52', '25', '57', '58', '2', '60', '3'], ['32', '12', '37', '34', '13', '30', '36', '33', '35', '39', '26', '7'], ['53', '51', '49', '50', '24', '29', '48', '47'], ['61', '55', '10', '9', '41', '54', '56'], ['42', '43', '15', '40', '11', '46'], ['28', '20', '19', '27', '6'], ['8', '5', '38', '21'], ['17', '22', '23', '18']]";"[['44', '59', '45', '4', '16', '1', '52', '31', '25', '57', '58', '2', '3'], ['38', '32', '12', '37', '13', '34', '30', '36', '33', '35', '39', '26', '7'], ['53', '51', '49', '50', '24', '29', '48', '47'], ['61', '55', '10', '9', '41', '54', '56'], ['42', '43', '15', '40', '11', '46'], ['28', '20', '19', '27', '6'], ['14', '22', '23', '17', '18'], ['8', '5', '60', '21']]";"[0, 0, 0, 0, 7, 5, 1, 7, 2, 2, 4, 1, 1, 6, 4, 0, 6, 6, 5, 5, 7, 6, 6, 3, 0, 1, 5, 5, 3, 1, 0, 1, 1, 1, 1, 1, 1, 1, 1, 4, 2, 4, 4, 0, 2, 4, 3, 3, 3, 3, 3, 0, 3, 2, 2, 2, 0, 0, 0, 0, 2]";"[0, 0, 0, 0, 7, 5, 1, 7, 2, 2, 4, 1, 1, 6, 4, 0, 6, 6, 5, 5, 7, 6, 6, 3, 0, 1, 5, 5, 3, 1, 0, 1, 1, 1, 1, 1, 1, 1, 1, 4, 2, 4, 4, 0, 2, 4, 3, 3, 3, 3, 3, 0, 3, 2, 2, 2, 0, 0, 0, 0, 2]";"[0, 0, 0, 0, 6, 5, 1, 6, 3, 3, 4, 1, 1, 0, 4, 0, 7, 7, 5, 5, 6, 7, 7, 2, 0, 1, 5, 5, 2, 1, 0, 1, 1, 1, 1, 1, 1, 6, 1, 4, 3, 4, 4, 0, 0, 4, 2, 2, 2, 2, 2, 0, 2, 3, 3, 3, 0, 0, 0, 0, 3]";"[0, 0, 0, 0, 7, 5, 1, 7, 3, 3, 4, 1, 1, 6, 4, 0, 6, 6, 5, 5, 7, 6, 6, 2, 0, 1, 5, 5, 2, 1, 0, 1, 1, 1, 1, 1, 1, 1, 1, 4, 3, 4, 4, 0, 0, 4, 2, 2, 2, 2, 2, 0, 2, 3, 3, 3, 0, 0, 0, 7, 3]"
4;7;"aucs";"scml";2;0.3492;0.3507;0.3364;0.3393;"{'8': 0.6666666666666667, '5': 0.6785714285714286, '21': 0.55}";"{'8': 0.6730769230769231, '5': 0.6785714285714286, '21': 0.5833333333333333}";"{'8': 0.6730769230769231, '5': 0.6785714285714286, '21': 0.55}";"{'8': 0.6833333333333333, '5': 0.6875, '21': 0.6071428571428572}";0.0;0.0;0.125;0.2857142857142857;0.9196165572838612;0.9647185841162936;0.8642131038064851;0.9483283911785468;0.976196363676446;0.912144555904737;0.9174296560964716;0.9708575256811076;0.8861442826762637;0.9426785072523706;0.984042447787234;0.9262726946686216;0.0044;0.0219;0.0051;"['8', '5', '21']";"{'1': [('intraD', ('21', '5')), ('intraD', ('5', '8'))], '2': [('intraA', ('21', '8')), ('intraA', ('21', '5'))], '3': [('intraA', ('21', '5')), ('interA', ('18', '5'))], '4': [('intraD', ('21', '8')), ('interA', ('21', '40'))], '5': [('interA', ('36', '8')), ('interD', ('18', '8'))]}";"{'1': [('interA', ('38', '8')), ('interA', ('32', '8'))], '2': [('interA', ('38', '8')), ('interA', ('32', '8'))], '3': [('interA', ('38', '8')), ('interA', ('32', '8'))], '4': [('intraD', ('5', '8')), ('intraD', ('21', '8'))], '5': [('intraD', ('5', '8')), ('intraD', ('21', '8'))]}";"{'1': [('interA', ('21', '57')), ('interA', ('45', '8'))], '2': [], '3': [('interA', ('49', '8')), ('interA', ('23', '5'))], '4': [('interA', ('44', '8')), ('interA', ('5', '55'))], '5': [('interA', ('21', '32')), ('interA', ('44', '5'))]}";"[['38', '32', '12', '37', '13', '34', '30', '36', '33', '35', '39', '26', '7'], ['44', '59', '4', '16', '1', '52', '31', '25', '57', '58', '3'], ['61', '45', '55', '10', '9', '41', '54', '56'], ['53', '51', '49', '50', '24', '29', '48', '47'], ['42', '2', '43', '15', '40', '11', '46'], ['14', '22', '23', '17', '60', '18'], ['28', '20', '19', '27', '6'], ['8', '5', '21']]";"[['44', '59', '4', '16', '1', '52', '31', '25', '57', '58', '2', '60', '3'], ['32', '12', '37', '34', '13', '30', '36', '33', '35', '39', '26', '7'], ['61', '45', '55', '10', '9', '41', '54', '56'], ['53', '51', '49', '50', '24', '29', '48', '47'], ['42', '43', '15', '40', '11', '46'], ['28', '20', '19', '27', '6'], ['14', '22', '23', '17', '18'], ['8', '5', '38', '21']]";"[['44', '59', '45', '4', '16', '1', '14', '31', '52', '25', '57', '58', '60', '3'], ['38', '32', '12', '37', '13', '34', '30', '36', '33', '35', '39', '26', '7'], ['53', '51', '49', '50', '24', '29', '48', '47'], ['8', '21', '22', '17', '23', '5', '18'], ['61', '55', '10', '9', '41', '54', '56'], ['42', '43', '15', '40', '11', '46'], ['28', '20', '19', '27', '6'], ['2']]";"[0, 0, 0, 0, 7, 5, 1, 7, 2, 2, 4, 1, 1, 6, 4, 0, 6, 6, 5, 5, 7, 6, 6, 3, 0, 1, 5, 5, 3, 1, 0, 1, 1, 1, 1, 1, 1, 1, 1, 4, 2, 4, 4, 0, 2, 4, 3, 3, 3, 3, 3, 0, 3, 2, 2, 2, 0, 0, 0, 0, 2]";"[1, 4, 1, 1, 7, 6, 0, 7, 2, 2, 4, 0, 0, 5, 4, 1, 5, 5, 6, 6, 7, 5, 5, 3, 1, 0, 6, 6, 3, 0, 1, 0, 0, 0, 0, 0, 0, 0, 0, 4, 2, 4, 4, 1, 2, 4, 3, 3, 3, 3, 3, 1, 3, 2, 2, 2, 1, 1, 1, 5, 2]";"[0, 0, 0, 0, 7, 5, 1, 7, 2, 2, 4, 1, 1, 6, 4, 0, 6, 6, 5, 5, 7, 6, 6, 3, 0, 1, 5, 5, 3, 1, 0, 1, 1, 1, 1, 1, 1, 7, 1, 4, 2, 4, 4, 0, 2, 4, 3, 3, 3, 3, 3, 0, 3, 2, 2, 2, 0, 0, 0, 0, 2]";"[0, 7, 0, 0, 3, 6, 1, 3, 4, 4, 5, 1, 1, 0, 5, 0, 3, 3, 6, 6, 3, 3, 3, 2, 0, 1, 6, 6, 2, 1, 0, 1, 1, 1, 1, 1, 1, 1, 1, 5, 4, 5, 5, 0, 0, 5, 2, 2, 2, 2, 2, 0, 2, 4, 4, 4, 0, 0, 0, 0, 4]"
5;7;"aucs";"scml";2;0.3492;0.347;0.337;0.3319;"{'8': 0.6666666666666667, '5': 0.6785714285714286, '21': 0.55}";"{'8': 0.6833333333333333, '5': 0.6875, '21': 0.5833333333333333}";"{'8': 0.6730769230769231, '5': 0.6785714285714286, '21': 0.55}";"{'8': 0.6833333333333333, '5': 0.6911764705882353, '21': 0.6071428571428572}";0.0;0.0;0.125;0.125;0.9196165572838612;0.9238214174211676;0.8952544489541056;0.9483283911785468;0.9506883376531278;0.9268732289134164;0.9174296560964716;0.9287227731163658;0.8992287481989999;0.9426785072523706;0.9560121329381392;0.9298684827441958;0.0038;0.0207;0.0048;"['8', '5', '21']";"{'1': [('interA', ('46', '8')), ('interA', ('14', '8'))], '2': [('interA', ('43', '5')), ('interA', ('11', '8'))], '3': [('intraD', ('21', '8')), ('intraA', ('21', '5'))], '4': [('interA', ('27', '5')), ('interA', ('12', '21'))], '5': [('intraD', ('5', '8')), ('interA', ('54', '8'))]}";"{'1': [('interA', ('38', '8')), ('interA', ('32', '8'))], '2': [('interA', ('38', '8')), ('interA', ('32', '8'))], '3': [('interA', ('38', '8')), ('interA', ('32', '8'))], '4': [('intraD', ('5', '8')), ('intraD', ('21', '8'))], '5': [('intraD', ('5', '8')), ('intraD', ('21', '8'))]}";"{'1': [('interA', ('21', '53')), ('interA', ('50', '8'))], '2': [], '3': [('interA', ('49', '8')), ('interA', ('5', '52'))], '4': [('interA', ('55', '8')), ('interA', ('4', '5'))], '5': [('interA', ('21', '41')), ('interA', ('48', '5'))]}";"[['38', '32', '12', '37', '13', '34', '30', '36', '33', '35', '39', '26', '7'], ['44', '59', '4', '16', '1', '52', '31', '25', '57', '58', '3'], ['61', '45', '55', '10', '9', '41', '54', '56'], ['53', '51', '49', '50', '24', '29', '48', '47'], ['42', '2', '43', '15', '40', '11', '46'], ['14', '22', '23', '17', '60', '18'], ['28', '20', '19', '27', '6'], ['8', '5', '21']]";"[['44', '59', '4', '16', '1', '52', '31', '25', '57', '58', '2', '3'], ['32', '12', '37', '34', '13', '30', '36', '33', '35', '39', '26', '7'], ['61', '45', '55', '10', '9', '41', '54', '56'], ['53', '51', '49', '50', '24', '29', '48', '47'], ['42', '43', '15', '40', '11', '46'], ['14', '22', '23', '17', '60', '18'], ['28', '20', '19', '27', '6'], ['8', '5', '38', '21']]";"[['38', '32', '12', '37', '13', '34', '30', '36', '33', '35', '39', '26', '7'], ['44', '59', '4', '16', '1', '52', '31', '25', '57', '58', '3'], ['53', '51', '49', '50', '24', '29', '48', '47'], ['42', '2', '43', '15', '40', '11', '46'], ['61', '45', '10', '9', '41', '54', '56'], ['14', '22', '23', '17', '60', '18'], ['28', '20', '19', '27', '6'], ['8', '5', '55', '21']]";"[0, 0, 0, 0, 7, 5, 1, 7, 2, 2, 4, 1, 1, 6, 4, 0, 6, 6, 5, 5, 7, 6, 6, 3, 0, 1, 5, 5, 3, 1, 0, 1, 1, 1, 1, 1, 1, 1, 1, 4, 2, 4, 4, 0, 2, 4, 3, 3, 3, 3, 3, 0, 3, 2, 2, 2, 0, 0, 0, 0, 2]";"[1, 4, 1, 1, 7, 6, 0, 7, 2, 2, 4, 0, 0, 5, 4, 1, 5, 5, 6, 6, 7, 5, 5, 3, 1, 0, 6, 6, 3, 0, 1, 0, 0, 0, 0, 0, 0, 0, 0, 4, 2, 4, 4, 1, 2, 4, 3, 3, 3, 3, 3, 1, 3, 2, 2, 2, 1, 1, 1, 5, 2]";"[0, 0, 0, 0, 7, 6, 1, 7, 2, 2, 4, 1, 1, 5, 4, 0, 5, 5, 6, 6, 7, 5, 5, 3, 0, 1, 6, 6, 3, 1, 0, 1, 1, 1, 1, 1, 1, 7, 1, 4, 2, 4, 4, 0, 2, 4, 3, 3, 3, 3, 3, 0, 3, 2, 2, 2, 0, 0, 0, 5, 2]";"[1, 3, 1, 1, 7, 6, 0, 7, 4, 4, 3, 0, 0, 5, 3, 1, 5, 5, 6, 6, 7, 5, 5, 2, 1, 0, 6, 6, 2, 0, 1, 0, 0, 0, 0, 0, 0, 0, 0, 3, 4, 3, 3, 1, 4, 3, 2, 2, 2, 2, 2, 1, 2, 4, 7, 4, 1, 1, 1, 5, 4]"
6;7;"aucs";"scml";2;0.3492;0.3406;0.3213;0.3454;"{'8': 0.6666666666666667, '5': 0.6785714285714286, '21': 0.55}";"{'8': 0.6785714285714286, '5': 0.6833333333333333, '21': 0.55}";"{'8': 0.6730769230769231, '5': 0.6785714285714286, '21': 0.55}";"{'8': 0.6785714285714286, '5': 0.6911764705882353, '21': 0.6071428571428572}";0.0;0.2857142857142857;0.125;0.0;0.7600610082414642;0.9185124871184844;0.8835530160379196;0.8704099360230393;0.9487985990799044;0.9336191515700428;0.7791095890410958;0.9230726720088422;0.8803905614320586;0.8805675091337628;0.9539705832536434;0.9263720848809164;0.0038;0.0212;0.0054;"['8', '5', '21']";"{'1': [('interA', ('46', '8')), ('intraD', ('21', '5'))], '2': [('interA', ('48', '5')), ('interD', ('19', '5'))], '3': [('interA', ('10', '8')), ('interA', ('44', '8'))], '4': [('intraD', ('5', '8')), ('intraD', ('21', '5'))], '5': [('interA', ('35', '5')), ('interD', ('14', '8'))]}";"{'1': [('interA', ('38', '8')), ('interA', ('32', '8'))], '2': [('interA', ('38', '8')), ('interA', ('32', '8'))], '3': [('interA', ('38', '8')), ('interA', ('32', '8'))], '4': [('intraD', ('5', '8')), ('intraD', ('21', '8'))], '5': [('intraD', ('5', '8')), ('intraD', ('21', '8'))]}";"{'1': [('interA', ('21', '39')), ('interA', ('26', '8'))], '2': [], '3': [('interA', ('27', '8')), ('interA', ('5', '55'))], '4': [('interA', ('14', '8')), ('interA', ('36', '5'))], '5': [('interA', ('21', '50')), ('interA', ('41', '5'))]}";"[['32', '12', '37', '34', '13', '30', '36', '33', '35', '39', '26', '7'], ['45', '4', '14', '52', '1', '58', '2', '60', '3'], ['53', '51', '49', '50', '24', '29', '48', '47'], ['8', '21', '22', '17', '23', '5', '18'], ['61', '55', '10', '9', '41', '54', '56'], ['44', '59', '16', '38', '31', '25', '57'], ['42', '43', '15', '40', '11', '46'], ['28', '20', '19', '27', '6']]";"[['44', '59', '45', '4', '16', '1', '52', '31', '25', '57', '58', '2', '60', '3'], ['32', '12', '37', '34', '13', '30', '36', '33', '35', '39', '26', '7'], ['53', '51', '49', '50', '24', '29', '48', '47'], ['61', '55', '10', '9', '41', '54', '56'], ['42', '43', '15', '40', '11', '46'], ['28', '20', '19', '27', '6'], ['14', '22', '23', '17', '18'], ['8', '5', '38', '21']]";"[['38', '32', '12', '37', '13', '34', '30', '36', '33', '35', '39', '26', '7'], ['44', '59', '4', '16', '52', '31', '25', '57', '58', '3'], ['42', '1', '2', '43', '15', '40', '11', '46'], ['61', '45', '55', '10', '9', '41', '54', '56'], ['53', '51', '49', '50', '24', '29', '48', '47'], ['14', '22', '23', '17', '60', '18'], ['28', '20', '19', '27', '6'], ['8', '5', '21']]";"[0, 0, 0, 0, 7, 5, 1, 7, 2, 2, 4, 1, 1, 6, 4, 0, 6, 6, 5, 5, 7, 6, 6, 3, 0, 1, 5, 5, 3, 1, 0, 1, 1, 1, 1, 1, 1, 1, 1, 4, 2, 4, 4, 0, 2, 4, 3, 3, 3, 3, 3, 0, 3, 2, 2, 2, 0, 0, 0, 0, 2]";"[1, 1, 1, 1, 3, 7, 0, 3, 4, 4, 6, 0, 0, 1, 6, 5, 3, 3, 7, 7, 3, 3, 3, 2, 5, 0, 7, 7, 2, 0, 5, 0, 0, 0, 0, 0, 0, 5, 0, 6, 4, 6, 6, 5, 1, 6, 2, 2, 2, 2, 2, 1, 2, 4, 4, 4, 5, 1, 5, 1, 4]";"[0, 0, 0, 0, 7, 5, 1, 7, 3, 3, 4, 1, 1, 6, 4, 0, 6, 6, 5, 5, 7, 6, 6, 2, 0, 1, 5, 5, 2, 1, 0, 1, 1, 1, 1, 1, 1, 7, 1, 4, 3, 4, 4, 0, 0, 4, 2, 2, 2, 2, 2, 0, 2, 3, 3, 3, 0, 0, 0, 0, 3]";"[2, 2, 1, 1, 7, 6, 0, 7, 3, 3, 2, 0, 0, 5, 2, 1, 5, 5, 6, 6, 7, 5, 5, 4, 1, 0, 6, 6, 4, 0, 1, 0, 0, 0, 0, 0, 0, 0, 0, 2, 3, 2, 2, 1, 3, 2, 4, 4, 4, 4, 4, 1, 4, 3, 3, 3, 1, 1, 1, 5, 3]"
7;7;"aucs";"scml";2;0.3492;0.3486;0.3364;0.2935;"{'8': 0.6666666666666667, '5': 0.6785714285714286, '21': 0.55}";"{'8': 0.6730769230769231, '5': 0.6833333333333333, '21': 0.6071428571428572}";"{'8': 0.6730769230769231, '5': 0.6785714285714286, '21': 0.55}";"{'8': 0.6785714285714286, '5': 0.6875, '21': 0.6071428571428572}";0.0;0.0;0.125;0.2857142857142857;0.9196165572838612;0.9647185841162936;0.787220298692574;0.9483283911785468;0.976196363676446;0.8922368938178358;0.9174296560964716;0.9708575256811076;0.8066225920437706;0.9426785072523706;0.984042447787234;0.9043518545797228;0.0039;0.0212;0.0065;"['8', '5', '21']";"{'1': [('intraD', ('5', '8')), ('interD', ('18', '5'))], '2': [('interA', ('21', '46')), ('interA', ('5', '50'))], '3': [('intraA', ('21', '5')), ('intraD', ('21', '8'))], '4': [('interA', ('7', '8')), ('interA', ('21', '50'))], '5': [('intraD', ('21', '5')), ('intraD', ('21', '8'))]}";"{'1': [('interA', ('38', '8')), ('interA', ('32', '8'))], '2': [('interA', ('38', '8')), ('interA', ('32', '8'))], '3': [('interA', ('38', '8')), ('interA', ('32', '8'))], '4': [('intraD', ('5', '8')), ('intraD', ('21', '8'))], '5': [('intraD', ('5', '8')), ('intraD', ('21', '8'))]}";"{'1': [('interA', ('21', '30')), ('interA', ('16', '8'))], '2': [], '3': [('interA', ('23', '8')), ('interA', ('25', '5'))], '4': [('interA', ('49', '8')), ('interA', ('10', '5'))], '5': [('interA', ('21', '58')), ('interA', ('5', '50'))]}";"[['38', '32', '12', '37', '13', '34', '30', '36', '33', '35', '39', '26', '7'], ['44', '59', '4', '16', '1', '52', '31', '25', '57', '58', '3'], ['61', '45', '55', '10', '9', '41', '54', '56'], ['53', '51', '49', '50', '24', '29', '48', '47'], ['42', '2', '43', '15', '40', '11', '46'], ['14', '22', '23', '17', '60', '18'], ['28', '20', '19', '27', '6'], ['8', '5', '21']]";"[['44', '59', '4', '16', '1', '52', '31', '25', '57', '58', '2', '60', '3'], ['32', '12', '37', '34', '13', '30', '36', '33', '35', '39', '26', '7'], ['61', '45', '55', '10', '9', '41', '54', '56'], ['53', '51', '49', '50', '24', '29', '48', '47'], ['42', '43', '15', '40', '11', '46'], ['28', '20', '19', '27', '6'], ['14', '22', '23', '17', '18'], ['8', '5', '38', '21']]";"[['44', '59', '45', '4', '16', '1', '14', '31', '52', '25', '57', '58', '2', '60', '3'], ['38', '12', '30', '36', '33', '35', '7', '26'], ['53', '51', '49', '50', '24', '29', '48', '47'], ['8', '21', '22', '17', '23', '5', '18'], ['61', '55', '10', '9', '41', '54', '56'], ['42', '43', '15', '40', '11', '46'], ['28', '20', '19', '27', '6'], ['32', '37', '13', '34', '39']]";"[0, 0, 0, 0, 7, 5, 1, 7, 2, 2, 4, 1, 1, 6, 4, 0, 6, 6, 5, 5, 7, 6, 6, 3, 0, 1, 5, 5, 3, 1, 0, 1, 1, 1, 1, 1, 1, 1, 1, 4, 2, 4, 4, 0, 2, 4, 3, 3, 3, 3, 3, 0, 3, 2, 2, 2, 0, 0, 0, 0, 2]";"[1, 4, 1, 1, 7, 6, 0, 7, 2, 2, 4, 0, 0, 5, 4, 1, 5, 5, 6, 6, 7, 5, 5, 3, 1, 0, 6, 6, 3, 0, 1, 0, 0, 0, 0, 0, 0, 0, 0, 4, 2, 4, 4, 1, 2, 4, 3, 3, 3, 3, 3, 1, 3, 2, 2, 2, 1, 1, 1, 5, 2]";"[0, 0, 0, 0, 7, 5, 1, 7, 2, 2, 4, 1, 1, 6, 4, 0, 6, 6, 5, 5, 7, 6, 6, 3, 0, 1, 5, 5, 3, 1, 0, 1, 1, 1, 1, 1, 1, 7, 1, 4, 2, 4, 4, 0, 2, 4, 3, 3, 3, 3, 3, 0, 3, 2, 2, 2, 0, 0, 0, 0, 2]";"[0, 0, 0, 0, 3, 6, 1, 3, 4, 4, 5, 1, 7, 0, 5, 0, 3, 3, 6, 6, 3, 3, 3, 2, 0, 1, 6, 6, 2, 1, 0, 7, 1, 7, 1, 1, 7, 1, 7, 5, 4, 5, 5, 0, 0, 5, 2, 2, 2, 2, 2, 0, 2, 4, 4, 4, 0, 0, 0, 0, 4]"
8;7;"aucs";"scml";2;0.3492;0.3476;0.3213;0.2843;"{'8': 0.6666666666666667, '5': 0.6785714285714286, '21': 0.55}";"{'8': 0.6730769230769231, '5': 0.6833333333333333, '21': 0.625}";"{'8': 0.6730769230769231, '5': 0.6785714285714286, '21': 0.55}";"{'8': 0.6785714285714286, '5': 0.6875, '21': 0.6071428571428572}";0.0;0.0;0.125;0.2857142857142857;0.9578783151326054;0.9185124871184844;0.6944989783244521;0.9735669463265088;0.9487985990799044;0.878042887695828;0.9567283780049738;0.9230726720088422;0.7102820263460349;0.9706669091772658;0.9539705832536434;0.8888527315303993;0.0039;0.0223;0.005;"['8', '5', '21']";"{'1': [('interA', ('21', '37')), ('interA', ('27', '5'))], '2': [('interD', ('14', '5')), ('intraA', ('5', '8'))], '3': [('intraD', ('5', '8')), ('interA', ('11', '21'))], '4': [('intraD', ('21', '5')), ('intraD', ('5', '8'))], '5': [('interA', ('19', '8')), ('interA', ('14', '21'))]}";"{'1': [('interA', ('38', '8')), ('interA', ('32', '8'))], '2': [('interA', ('38', '8')), ('interA', ('32', '8'))], '3': [('interA', ('38', '8')), ('interA', ('32', '8'))], '4': [('intraD', ('5', '8')), ('intraD', ('21', '8'))], '5': [('intraD', ('5', '8')), ('intraD', ('21', '8'))]}";"{'1': [('interA', ('12', '21')), ('interA', ('55', '8'))], '2': [], '3': [('interA', ('23', '8')), ('interA', ('23', '5'))], '4': [('interA', ('45', '8')), ('interA', ('26', '5'))], '5': [('interA', ('10', '21')), ('interA', ('49', '5'))]}";"[['38', '32', '12', '37', '13', '34', '30', '36', '33', '35', '39', '26', '7'], ['44', '59', '4', '16', '1', '52', '31', '25', '57', '58', '60', '3'], ['61', '45', '55', '10', '9', '41', '54', '56'], ['53', '51', '49', '50', '24', '29', '48', '47'], ['42', '2', '43', '15', '40', '11', '46'], ['28', '20', '19', '27', '6'], ['14', '22', '23', '17', '18'], ['8', '5', '21']]";"[['44', '59', '45', '4', '16', '1', '52', '31', '25', '57', '58', '2', '60', '3'], ['32', '12', '37', '34', '13', '30', '36', '33', '35', '39', '26', '7'], ['53', '51', '49', '50', '24', '29', '48', '47'], ['61', '55', '10', '9', '41', '54', '56'], ['42', '43', '15', '40', '11', '46'], ['28', '20', '19', '27', '6'], ['14', '22', '23', '17', '18'], ['8', '5', '38', '21']]";"[['4', '1', '52', '14', '3', '17', '22', '23', '58', '2', '60', '18'], ['32', '12', '37', '34', '13', '36', '39', '26', '7'], ['61', '45', '55', '10', '9', '41', '54', '56'], ['53', '51', '49', '50', '24', '29', '48', '47'], ['38', '8', '21', '30', '33', '35', '5'], ['42', '43', '15', '40', '11', '46'], ['44', '59', '16', '31', '25', '57'], ['28', '20', '19', '27', '6']]";"[0, 0, 0, 0, 7, 5, 1, 7, 2, 2, 4, 1, 1, 6, 4, 0, 6, 6, 5, 5, 7, 6, 6, 3, 0, 1, 5, 5, 3, 1, 0, 1, 1, 1, 1, 1, 1, 1, 1, 4, 2, 4, 4, 0, 2, 4, 3, 3, 3, 3, 3, 0, 3, 2, 2, 2, 0, 0, 0, 0, 2]";"[1, 4, 1, 1, 7, 5, 0, 7, 2, 2, 4, 0, 0, 6, 4, 1, 6, 6, 5, 5, 7, 6, 6, 3, 1, 0, 5, 5, 3, 0, 1, 0, 0, 0, 0, 0, 0, 0, 0, 4, 2, 4, 4, 1, 2, 4, 3, 3, 3, 3, 3, 1, 3, 2, 2, 2, 1, 1, 1, 1, 2]";"[0, 0, 0, 0, 7, 5, 1, 7, 3, 3, 4, 1, 1, 6, 4, 0, 6, 6, 5, 5, 7, 6, 6, 2, 0, 1, 5, 5, 2, 1, 0, 1, 1, 1, 1, 1, 1, 7, 1, 4, 3, 4, 4, 0, 0, 4, 2, 2, 2, 2, 2, 0, 2, 3, 3, 3, 0, 0, 0, 0, 3]";"[0, 0, 0, 0, 4, 7, 1, 4, 2, 2, 5, 1, 1, 0, 5, 6, 0, 0, 7, 7, 4, 0, 0, 3, 6, 1, 7, 7, 3, 4, 6, 1, 4, 1, 4, 1, 1, 4, 1, 5, 2, 5, 5, 6, 2, 5, 3, 3, 3, 3, 3, 0, 3, 2, 2, 2, 6, 0, 6, 0, 2]"
9;7;"aucs";"scml";2;0.3492;0.3438;0.3364;0.3366;"{'8': 0.6666666666666667, '5': 0.6785714285714286, '21': 0.55}";"{'8': 0.6666666666666667, '5': 0.6730769230769231, '21': 0.625}";"{'8': 0.6730769230769231, '5': 0.6785714285714286, '21': 0.55}";"{'8': 0.6833333333333333, '5': 0.6833333333333333, '21': 0.6071428571428572}";0.0;0.2;0.125;0.0;0.9333437402435216;0.9647185841162936;0.9612080252378518;0.9632660147246777;0.976196363676446;0.9745885315460632;0.945646617822457;0.9708575256811076;0.9601401428378924;0.974970317195194;0.984042447787234;0.9717779532866574;0.0044;0.0218;0.0056;"['8', '5', '21']";"{'1': [('interA', ('21', '48')), ('interA', ('21', '39'))], '2': [('interD', ('5', '6')), ('interD', ('16', '5'))], '3': [('interA', ('1', '5')), ('interA', ('15', '8'))], '4': [('intraD', ('21', '5')), ('interA', ('21', '56'))], '5': [('intraD', ('5', '8')), ('interD', ('14', '8'))]}";"{'1': [('interA', ('38', '8')), ('interA', ('32', '8'))], '2': [('interA', ('38', '8')), ('interA', ('32', '8'))], '3': [('interA', ('38', '8')), ('interA', ('32', '8'))], '4': [('intraD', ('5', '8')), ('intraD', ('21', '8'))], '5': [('intraD', ('5', '8')), ('intraD', ('21', '8'))]}";"{'1': [('interA', ('21', '32')), ('interA', ('28', '8'))], '2': [], '3': [('interA', ('43', '8')), ('interA', ('5', '52'))], '4': [('interA', ('50', '8')), ('interA', ('15', '5'))], '5': [('interA', ('21', '34')), ('interA', ('22', '5'))]}";"[['38', '32', '12', '37', '13', '34', '30', '36', '33', '35', '39', '26', '7'], ['44', '59', '4', '16', '52', '31', '25', '57', '58', '60', '3'], ['61', '45', '55', '10', '9', '41', '54', '56'], ['53', '51', '49', '50', '24', '29', '48', '47'], ['42', '43', '15', '40', '11', '46'], ['8', '1', '21', '2', '5'], ['28', '20', '19', '27', '6'], ['14', '22', '23', '17', '18']]";"[['44', '59', '4', '16', '1', '52', '31', '25', '57', '58', '2', '60', '3'], ['32', '12', '37', '34', '13', '30', '36', '33', '35', '39', '26', '7'], ['61', '45', '55', '10', '9', '41', '54', '56'], ['53', '51', '49', '50', '24', '29', '48', '47'], ['42', '43', '15', '40', '11', '46'], ['28', '20', '19', '27', '6'], ['14', '22', '23', '17', '18'], ['8', '5', '38', '21']]";"[['44', '59', '4', '16', '1', '14', '31', '52', '25', '57', '58', '2', '60', '3'], ['38', '32', '12', '37', '13', '34', '30', '36', '33', '35', '39', '26', '7'], ['61', '45', '55', '10', '9', '41', '54', '56'], ['53', '51', '49', '50', '24', '29', '48', '47'], ['42', '43', '15', '40', '11', '46'], ['28', '20', '19', '27', '6'], ['17', '22', '23', '18'], ['8', '5', '21']]";"[0, 0, 0, 0, 7, 5, 1, 7, 2, 2, 4, 1, 1, 6, 4, 0, 6, 6, 5, 5, 7, 6, 6, 3, 0, 1, 5, 5, 3, 1, 0, 1, 1, 1, 1, 1, 1, 1, 1, 4, 2, 4, 4, 0, 2, 4, 3, 3, 3, 3, 3, 0, 3, 2, 2, 2, 0, 0, 0, 0, 2]";"[5, 5, 1, 1, 5, 6, 0, 5, 2, 2, 4, 0, 0, 7, 4, 1, 7, 7, 6, 6, 5, 7, 7, 3, 1, 0, 6, 6, 3, 0, 1, 0, 0, 0, 0, 0, 0, 0, 0, 4, 2, 4, 4, 1, 2, 4, 3, 3, 3, 3, 3, 1, 3, 2, 2, 2, 1, 1, 1, 1, 2]";"[0, 0, 0, 0, 7, 5, 1, 7, 2, 2, 4, 1, 1, 6, 4, 0, 6, 6, 5, 5, 7, 6, 6, 3, 0, 1, 5, 5, 3, 1, 0, 1, 1, 1, 1, 1, 1, 7, 1, 4, 2, 4, 4, 0, 2, 4, 3, 3, 3, 3, 3, 0, 3, 2, 2, 2, 0, 0, 0, 0, 2]";"[0, 0, 0, 0, 7, 5, 1, 7, 2, 2, 4, 1, 1, 0, 4, 0, 6, 6, 5, 5, 7, 6, 6, 3, 0, 1, 5, 5, 3, 1, 0, 1, 1, 1, 1, 1, 1, 1, 1, 4, 2, 4, 4, 0, 2, 4, 3, 3, 3, 3, 3, 0, 3, 2, 2, 2, 0, 0, 0, 0, 2]"
10;7;"aucs";"scml";2;0.3492;0.3411;0.3364;0.3427;"{'8': 0.6666666666666667, '5': 0.6785714285714286, '21': 0.55}";"{'8': 0.6666666666666667, '5': 0.6730769230769231, '21': 0.5}";"{'8': 0.6730769230769231, '5': 0.6785714285714286, '21': 0.55}";"{'8': 0.6785714285714286, '5': 0.6875, '21': 0.6071428571428572}";0.0;0.0;0.125;0.125;0.8778998152330117;0.9647185841162936;0.9263294591260308;0.9215907016430976;0.976196363676446;0.9510142843217012;0.8745702561827658;0.9708575256811076;0.931299001635738;0.913000462861316;0.984042447787234;0.9563719539734288;0.0038;0.0206;0.0052;"['8', '5', '21']";"{'1': [('interD', ('21', '22')), ('interA', ('3', '8'))], '2': [('interD', ('15', '5')), ('intraA', ('21', '5'))], '3': [('intraA', ('21', '5')), ('intraD', ('21', '8'))], '4': [('intraD', ('5', '8')), ('intraD', ('21', '8'))], '5': [('intraD', ('21', '5')), ('intraD', ('21', '8'))]}";"{'1': [('interA', ('38', '8')), ('interA', ('32', '8'))], '2': [('interA', ('38', '8')), ('interA', ('32', '8'))], '3': [('interA', ('38', '8')), ('interA', ('32', '8'))], '4': [('intraD', ('5', '8')), ('intraD', ('21', '8'))], '5': [('intraD', ('5', '8')), ('intraD', ('21', '8'))]}";"{'1': [('interA', ('21', '48')), ('interA', ('25', '8'))], '2': [], '3': [('interA', ('60', '8')), ('interA', ('11', '5'))], '4': [('interA', ('45', '8')), ('interA', ('5', '6'))], '5': [('interA', ('21', '42')), ('interA', ('48', '5'))]}";"[['38', '32', '12', '37', '13', '34', '30', '36', '33', '35', '39', '26', '7'], ['44', '59', '45', '4', '16', '1', '52', '31', '25', '57', '58', '3'], ['53', '51', '49', '50', '24', '29', '48', '47'], ['42', '2', '43', '15', '40', '11', '46'], ['61', '55', '10', '9', '41', '54', '56'], ['14', '22', '23', '17', '60', '18'], ['28', '20', '19', '27', '6'], ['8', '5', '21']]";"[['44', '59', '4', '16', '1', '52', '31', '25', '57', '58', '2', '60', '3'], ['32', '12', '37', '34', '13', '30', '36', '33', '35', '39', '26', '7'], ['61', '45', '55', '10', '9', '41', '54', '56'], ['53', '51', '49', '50', '24', '29', '48', '47'], ['42', '43', '15', '40', '11', '46'], ['28', '20', '19', '27', '6'], ['14', '22', '23', '17', '18'], ['8', '5', '38', '21']]";"[['38', '32', '12', '37', '13', '34', '30', '36', '33', '35', '39', '26', '7'], ['44', '59', '4', '16', '1', '52', '31', '25', '57', '58', '3'], ['61', '45', '55', '10', '9', '41', '54', '56'], ['53', '51', '49', '50', '24', '29', '48', '47'], ['28', '20', '27', '19', '2', '6'], ['42', '43', '15', '40', '11', '46'], ['14', '22', '23', '17', '18'], ['8', '5', '60', '21']]";"[0, 0, 0, 0, 7, 5, 1, 7, 2, 2, 4, 1, 1, 6, 4, 0, 6, 6, 5, 5, 7, 6, 6, 3, 0, 1, 5, 5, 3, 1, 0, 1, 1, 1, 1, 1, 1, 1, 1, 4, 2, 4, 4, 0, 2, 4, 3, 3, 3, 3, 3, 0, 3, 2, 2, 2, 0, 0, 0, 0, 2]";"[1, 3, 1, 1, 7, 6, 0, 7, 4, 4, 3, 0, 0, 5, 3, 1, 5, 5, 6, 6, 7, 5, 5, 2, 1, 0, 6, 6, 2, 0, 1, 0, 0, 0, 0, 0, 0, 0, 0, 3, 4, 3, 3, 1, 1, 3, 2, 2, 2, 2, 2, 1, 2, 4, 4, 4, 1, 1, 1, 5, 4]";"[0, 0, 0, 0, 7, 5, 1, 7, 2, 2, 4, 1, 1, 6, 4, 0, 6, 6, 5, 5, 7, 6, 6, 3, 0, 1, 5, 5, 3, 1, 0, 1, 1, 1, 1, 1, 1, 7, 1, 4, 2, 4, 4, 0, 2, 4, 3, 3, 3, 3, 3, 0, 3, 2, 2, 2, 0, 0, 0, 0, 2]";"[1, 4, 1, 1, 7, 4, 0, 7, 2, 2, 5, 0, 0, 6, 5, 1, 6, 6, 4, 4, 7, 6, 6, 3, 1, 0, 4, 4, 3, 0, 1, 0, 0, 0, 0, 0, 0, 0, 0, 5, 2, 5, 5, 1, 2, 5, 3, 3, 3, 3, 3, 1, 3, 2, 2, 2, 1, 1, 1, 7, 2]"
11;7;"aucs";"scml";2;0.3492;0.3301;0.3259;0.3354;"{'8': 0.6666666666666667, '5': 0.6785714285714286, '21': 0.55}";"{'8': 0.6785714285714286, '5': 0.6875, '21': 0.625}";"{'8': 0.6730769230769231, '5': 0.6785714285714286, '21': 0.55}";"{'8': 0.6730769230769231, '5': 0.6911764705882353, '21': 0.6071428571428572}";0.0;0.125;0.125;0.2;0.9647185841162936;0.8774816531479336;0.945901828978317;0.976196363676446;0.9229203538754872;0.9555698618111452;0.9708575256811076;0.8807985907222549;0.9585028478437754;0.984042447787234;0.9255380683111932;0.9666111446150112;0.004;0.021;0.0047;"['8', '5', '21']";"{'1': [('interA', ('14', '21')), ('interA', ('46', '5'))], '2': [('interA', ('24', '8')), ('interA', ('21', '36'))], '3': [('intraD', ('21', '8')), ('interA', ('38', '8'))], '4': [('interA', ('47', '5')), ('interA', ('21', '35'))], '5': [('intraD', ('5', '8')), ('interA', ('10', '8'))]}";"{'1': [('interA', ('38', '8')), ('interA', ('32', '8'))], '2': [('interA', ('38', '8')), ('interA', ('32', '8'))], '3': [('interA', ('38', '8')), ('interA', ('32', '8'))], '4': [('intraD', ('5', '8')), ('intraD', ('21', '8'))], '5': [('intraD', ('5', '8')), ('intraD', ('21', '8'))]}";"{'1': [('interA', ('21', '30')), ('interA', ('1', '8'))], '2': [], '3': [('interA', ('14', '8')), ('interA', ('47', '5'))], '4': [('interA', ('14', '8')), ('interA', ('5', '61'))], '5': [('interA', ('21', '52')), ('interA', ('5', '9'))]}";"[['44', '59', '4', '16', '1', '52', '31', '25', '57', '58', '2', '60', '3'], ['32', '12', '37', '34', '13', '30', '36', '33', '35', '39', '26', '7'], ['61', '45', '55', '10', '9', '41', '54', '56'], ['53', '51', '49', '50', '24', '29', '48', '47'], ['42', '43', '15', '40', '11', '46'], ['28', '20', '19', '27', '6'], ['14', '22', '23', '17', '18'], ['8', '5', '38', '21']]";"[['44', '59', '45', '4', '16', '1', '52', '31', '25', '57', '58', '60', '3'], ['32', '12', '37', '34', '13', '30', '36', '33', '35', '39', '26', '7'], ['53', '51', '49', '50', '24', '29', '48', '47'], ['42', '2', '43', '15', '40', '11', '46'], ['61', '55', '10', '9', '41', '54', '56'], ['28', '20', '19', '27', '6'], ['14', '22', '23', '17', '18'], ['8', '5', '38', '21']]";"[['38', '32', '12', '37', '13', '34', '30', '36', '33', '35', '39', '26', '7'], ['44', '59', '4', '16', '52', '31', '25', '57', '58', '2', '60', '3'], ['61', '45', '55', '10', '9', '41', '54', '56'], ['53', '51', '49', '50', '24', '29', '48', '47'], ['42', '43', '15', '40', '11', '46'], ['8', '1', '14', '21', '5'], ['28', '20', '19', '27', '6'], ['17', '22', '23', '18']]";"[0, 0, 0, 0, 7, 5, 1, 7, 2, 2, 4, 1, 1, 6, 4, 0, 6, 6, 5, 5, 7, 6, 6, 3, 0, 1, 5, 5, 3, 1, 0, 1, 1, 1, 1, 1, 1, 1, 1, 4, 2, 4, 4, 0, 2, 4, 3, 3, 3, 3, 3, 0, 3, 2, 2, 2, 0, 0, 0, 0, 2]";"[0, 0, 0, 0, 7, 5, 1, 7, 2, 2, 4, 1, 1, 6, 4, 0, 6, 6, 5, 5, 7, 6, 6, 3, 0, 1, 5, 5, 3, 1, 0, 1, 1, 1, 1, 1, 1, 7, 1, 4, 2, 4, 4, 0, 2, 4, 3, 3, 3, 3, 3, 0, 3, 2, 2, 2, 0, 0, 0, 0, 2]";"[0, 3, 0, 0, 7, 5, 1, 7, 4, 4, 3, 1, 1, 6, 3, 0, 6, 6, 5, 5, 7, 6, 6, 2, 0, 1, 5, 5, 2, 1, 0, 1, 1, 1, 1, 1, 1, 7, 1, 3, 4, 3, 3, 0, 0, 3, 2, 2, 2, 2, 2, 0, 2, 4, 4, 4, 0, 0, 0, 0, 4]";"[5, 1, 1, 1, 5, 6, 0, 5, 2, 2, 4, 0, 0, 5, 4, 1, 7, 7, 6, 6, 5, 7, 7, 3, 1, 0, 6, 6, 3, 0, 1, 0, 0, 0, 0, 0, 0, 0, 0, 4, 2, 4, 4, 1, 2, 4, 3, 3, 3, 3, 3, 1, 3, 2, 2, 2, 1, 1, 1, 1, 2]"
12;7;"aucs";"scml";2;0.3492;0.3488;0.3396;0.339;"{'8': 0.6666666666666667, '5': 0.6785714285714286, '21': 0.55}";"{'8': 0.6730769230769231, '5': 0.6730769230769231, '21': 0.55}";"{'8': 0.6730769230769231, '5': 0.6785714285714286, '21': 0.55}";"{'8': 0.6833333333333333, '5': 0.6911764705882353, '21': 0.6071428571428572}";0.0;0.0;0.3125;0.0;1.0;0.7580431908329661;1.0;1.0;0.8697500784099604;1.0;1.0;0.7834666666666666;1.0;1.0;0.8823881491135678;1.0;0.0043;0.0208;0.0047;"['8', '5', '21']";"{'1': [('interD', ('25', '5')), ('intraD', ('21', '5'))], '2': [('intraA', ('21', '5')), ('interD', ('19', '5'))], '3': [('intraD', ('5', '8')), ('intraA', ('21', '5'))], '4': [('intraD', ('21', '5')), ('interA', ('39', '5'))], '5': [('intraD', ('21', '8')), ('interA', ('29', '8'))]}";"{'1': [('interA', ('38', '8')), ('interA', ('32', '8'))], '2': [('interA', ('38', '8')), ('interA', ('32', '8'))], '3': [('interA', ('38', '8')), ('interA', ('32', '8'))], '4': [('intraD', ('5', '8')), ('intraD', ('21', '8'))], '5': [('intraD', ('5', '8')), ('intraD', ('21', '8'))]}";"{'1': [('interA', ('21', '55')), ('interA', ('57', '8'))], '2': [], '3': [('interA', ('32', '8')), ('interA', ('36', '5'))], '4': [('interA', ('36', '8')), ('interA', ('5', '7'))], '5': [('interA', ('21', '29')), ('interA', ('33', '5'))]}";"[['44', '59', '4', '16', '1', '52', '31', '25', '57', '58', '2', '60', '3'], ['38', '32', '12', '37', '13', '34', '30', '36', '33', '35', '39', '26', '7'], ['61', '45', '55', '10', '9', '41', '54', '56'], ['53', '51', '49', '50', '24', '29', '48', '47'], ['42', '43', '15', '40', '11', '46'], ['28', '20', '19', '27', '6'], ['14', '22', '23', '17', '18'], ['8', '5', '21']]";"[['32', '12', '37', '34', '13', '30', '36', '33', '35', '39', '26', '7'], ['45', '4', '14', '52', '1', '58', '2', '60', '3'], ['38', '8', '21', '22', '17', '23', '5', '18'], ['53', '51', '49', '50', '24', '29', '48', '47'], ['61', '55', '10', '9', '41', '54', '56'], ['42', '43', '15', '40', '11', '46'], ['44', '59', '16', '31', '25', '57'], ['28', '20', '19', '27', '6']]";"[['44', '59', '4', '16', '1', '52', '31', '25', '57', '58', '2', '60', '3'], ['38', '32', '12', '37', '13', '34', '30', '36', '33', '35', '39', '26', '7'], ['61', '45', '55', '10', '9', '41', '54', '56'], ['53', '51', '49', '50', '24', '29', '48', '47'], ['42', '43', '15', '40', '11', '46'], ['28', '20', '19', '27', '6'], ['14', '22', '23', '17', '18'], ['8', '5', '21']]";"[0, 0, 0, 0, 7, 5, 1, 7, 2, 2, 4, 1, 1, 6, 4, 0, 6, 6, 5, 5, 7, 6, 6, 3, 0, 1, 5, 5, 3, 1, 0, 1, 1, 1, 1, 1, 1, 1, 1, 4, 2, 4, 4, 0, 2, 4, 3, 3, 3, 3, 3, 0, 3, 2, 2, 2, 0, 0, 0, 0, 2]";"[0, 0, 0, 0, 7, 5, 1, 7, 2, 2, 4, 1, 1, 6, 4, 0, 6, 6, 5, 5, 7, 6, 6, 3, 0, 1, 5, 5, 3, 1, 0, 1, 1, 1, 1, 1, 1, 1, 1, 4, 2, 4, 4, 0, 2, 4, 3, 3, 3, 3, 3, 0, 3, 2, 2, 2, 0, 0, 0, 0, 2]";"[1, 1, 1, 1, 2, 7, 0, 2, 4, 4, 5, 0, 0, 1, 5, 6, 2, 2, 7, 7, 2, 2, 2, 3, 6, 0, 7, 7, 3, 0, 6, 0, 0, 0, 0, 0, 0, 2, 0, 5, 4, 5, 5, 6, 1, 5, 3, 3, 3, 3, 3, 1, 3, 4, 4, 4, 6, 1, 6, 1, 4]";"[0, 0, 0, 0, 7, 5, 1, 7, 2, 2, 4, 1, 1, 6, 4, 0, 6, 6, 5, 5, 7, 6, 6, 3, 0, 1, 5, 5, 3, 1, 0, 1, 1, 1, 1, 1, 1, 1, 1, 4, 2, 4, 4, 0, 2, 4, 3, 3, 3, 3, 3, 0, 3, 2, 2, 2, 0, 0, 0, 0, 2]"
13;7;"aucs";"scml";2;0.3492;0.3511;0.3302;0.3447;"{'8': 0.6666666666666667, '5': 0.6785714285714286, '21': 0.55}";"{'8': 0.6785714285714286, '5': 0.6785714285714286, '21': 0.55}";"{'8': 0.6730769230769231, '5': 0.6785714285714286, '21': 0.55}";"{'8': 0.6833333333333333, '5': 0.6911764705882353, '21': 0.6071428571428572}";0.0;0.0;0.5520833333333334;0.125;0.8835530160379196;0.7482671581393485;0.9240841089994556;0.9336191515700428;0.8541868426173156;0.9502919609114412;0.8803905614320586;0.7791095890410958;0.9289675948084124;0.9263720848809164;0.8805675091337629;0.9555829996433016;0.0042;0.0206;0.0056;"['8', '5', '21']";"{'1': [('intraD', ('21', '8')), ('interD', ('18', '8'))], '2': [('interA', ('34', '8')), ('intraA', ('5', '8'))], '3': [('intraA', ('21', '5')), ('intraD', ('5', '8'))], '4': [('interA', ('17', '8')), ('interA', ('41', '8'))], '5': [('intraD', ('21', '5')), ('intraD', ('21', '8'))]}";"{'1': [('interA', ('38', '8')), ('interA', ('32', '8'))], '2': [('interA', ('38', '8')), ('interA', ('32', '8'))], '3': [('interA', ('38', '8')), ('interA', ('32', '8'))], '4': [('intraD', ('5', '8')), ('intraD', ('21', '8'))], '5': [('intraD', ('5', '8')), ('intraD', ('21', '8'))]}";"{'1': [('interA', ('1', '21')), ('interA', ('11', '8'))], '2': [], '3': [('interA', ('29', '8')), ('interA', ('3', '5'))], '4': [('interA', ('36', '8')), ('interA', ('37', '5'))], '5': [('interA', ('19', '21')), ('interA', ('11', '5'))]}";"[['38', '32', '12', '37', '13', '34', '30', '36', '33', '35', '39', '26', '7'], ['44', '59', '4', '16', '52', '31', '25', '57', '58', '3'], ['42', '1', '2', '43', '15', '40', '11', '46'], ['61', '45', '55', '10', '9', '41', '54', '56'], ['53', '51', '49', '50', '24', '29', '48', '47'], ['14', '22', '23', '17', '60', '18'], ['28', '20', '19', '27', '6'], ['8', '5', '21']]";"[['32', '12', '37', '34', '13', '30', '36', '33', '35', '39', '26', '7'], ['45', '4', '14', '52', '1', '58', '2', '60', '3'], ['44', '59', '16', '38', '8', '31', '25', '57'], ['53', '51', '49', '50', '24', '29', '48', '47'], ['61', '55', '10', '9', '41', '54', '56'], ['21', '22', '17', '23', '5', '18'], ['42', '43', '15', '40', '11', '46'], ['28', '20', '19', '27', '6']]";"[['38', '32', '12', '37', '13', '34', '30', '36', '33', '35', '39', '26', '7'], ['44', '59', '4', '16', '52', '31', '25', '57', '58', '60', '3'], ['61', '45', '55', '10', '9', '41', '54', '56'], ['53', '51', '49', '50', '24', '29', '48', '47'], ['42', '2', '43', '15', '40', '11', '46'], ['28', '20', '19', '27', '6'], ['14', '22', '23', '17', '18'], ['1', '8', '5', '21']]";"[0, 0, 0, 0, 7, 5, 1, 7, 2, 2, 4, 1, 1, 6, 4, 0, 6, 6, 5, 5, 7, 6, 6, 3, 0, 1, 5, 5, 3, 1, 0, 1, 1, 1, 1, 1, 1, 1, 1, 4, 2, 4, 4, 0, 2, 4, 3, 3, 3, 3, 3, 0, 3, 2, 2, 2, 0, 0, 0, 0, 2]";"[2, 2, 1, 1, 7, 6, 0, 7, 3, 3, 2, 0, 0, 5, 2, 1, 5, 5, 6, 6, 7, 5, 5, 4, 1, 0, 6, 6, 4, 0, 1, 0, 0, 0, 0, 0, 0, 0, 0, 2, 3, 2, 2, 1, 3, 2, 4, 4, 4, 4, 4, 1, 4, 3, 3, 3, 1, 1, 1, 5, 3]";"[1, 1, 1, 1, 5, 7, 0, 2, 4, 4, 6, 0, 0, 1, 6, 2, 5, 5, 7, 7, 5, 5, 5, 3, 2, 0, 7, 7, 3, 0, 2, 0, 0, 0, 0, 0, 0, 2, 0, 6, 4, 6, 6, 2, 1, 6, 3, 3, 3, 3, 3, 1, 3, 4, 4, 4, 2, 1, 2, 1, 4]";"[7, 4, 1, 1, 7, 5, 0, 7, 2, 2, 4, 0, 0, 6, 4, 1, 6, 6, 5, 5, 7, 6, 6, 3, 1, 0, 5, 5, 3, 0, 1, 0, 0, 0, 0, 0, 0, 0, 0, 4, 2, 4, 4, 1, 2, 4, 3, 3, 3, 3, 3, 1, 3, 2, 2, 2, 1, 1, 1, 1, 2]"
14;7;"aucs";"scml";2;0.3492;0.3475;0.3364;0.3426;"{'8': 0.6666666666666667, '5': 0.6785714285714286, '21': 0.55}";"{'8': 0.6666666666666667, '5': 0.6833333333333333, '21': 0.5833333333333333}";"{'8': 0.6730769230769231, '5': 0.6785714285714286, '21': 0.55}";"{'8': 0.6785714285714286, '5': 0.6875, '21': 0.6071428571428572}";0.0;0.0;0.125;0.0;0.9601506359758676;0.9647185841162936;1.0;0.9742767326878776;0.976196363676446;1.0;0.959063356306568;0.9708575256811076;1.0;0.9714567334885568;0.984042447787234;1.0;0.0037;0.0223;0.0852;"['8', '5', '21']";"{'1': [('interD', ('18', '5')), ('intraD', ('21', '8'))], '2': [('interD', ('15', '5')), ('interA', ('27', '5'))], '3': [('interA', ('21', '43')), ('intraA', ('21', '5'))], '4': [('intraD', ('21', '8')), ('intraD', ('21', '5'))], '5': [('interD', ('14', '5')), ('interA', ('33', '5'))]}";"{'1': [('interA', ('38', '8')), ('interA', ('32', '8'))], '2': [('interA', ('38', '8')), ('interA', ('32', '8'))], '3': [('interA', ('38', '8')), ('interA', ('32', '8'))], '4': [('intraD', ('5', '8')), ('intraD', ('21', '8'))], '5': [('intraD', ('5', '8')), ('intraD', ('21', '8'))]}";"{'1': [('interA', ('14', '21')), ('interA', ('46', '8'))], '2': [], '3': [('interA', ('46', '8')), ('interA', ('20', '5'))], '4': [('interA', ('39', '8')), ('interA', ('3', '5'))], '5': [('interA', ('21', '50')), ('interA', ('5', '57'))]}";"[['38', '32', '12', '37', '13', '34', '30', '36', '33', '35', '39', '26', '7'], ['44', '59', '4', '16', '1', '52', '31', '25', '57', '58', '2', '3'], ['61', '45', '55', '10', '9', '41', '54', '56'], ['53', '51', '49', '50', '24', '29', '48', '47'], ['42', '43', '15', '40', '11', '46'], ['14', '22', '23', '17', '60', '18'], ['28', '20', '19', '27', '6'], ['8', '5', '21']]";"[['44', '59', '4', '16', '1', '52', '31', '25', '57', '58', '2', '60', '3'], ['32', '12', '37', '34', '13', '30', '36', '33', '35', '39', '26', '7'], ['61', '45', '55', '10', '9', '41', '54', '56'], ['53', '51', '49', '50', '24', '29', '48', '47'], ['42', '43', '15', '40', '11', '46'], ['28', '20', '19', '27', '6'], ['14', '22', '23', '17', '18'], ['8', '5', '38', '21']]";"[['44', '59', '4', '16', '1', '52', '31', '25', '57', '58', '2', '60', '3'], ['38', '32', '12', '37', '13', '34', '30', '36', '33', '35', '39', '26', '7'], ['61', '45', '55', '10', '9', '41', '54', '56'], ['53', '51', '49', '50', '24', '29', '48', '47'], ['42', '43', '15', '40', '11', '46'], ['28', '20', '19', '27', '6'], ['14', '22', '23', '17', '18'], ['8', '5', '21']]";"[0, 0, 0, 0, 7, 5, 1, 7, 2, 2, 4, 1, 1, 6, 4, 0, 6, 6, 5, 5, 7, 6, 6, 3, 0, 1, 5, 5, 3, 1, 0, 1, 1, 1, 1, 1, 1, 1, 1, 4, 2, 4, 4, 0, 2, 4, 3, 3, 3, 3, 3, 0, 3, 2, 2, 2, 0, 0, 0, 0, 2]";"[1, 1, 1, 1, 7, 6, 0, 7, 2, 2, 4, 0, 0, 5, 4, 1, 5, 5, 6, 6, 7, 5, 5, 3, 1, 0, 6, 6, 3, 0, 1, 0, 0, 0, 0, 0, 0, 0, 0, 4, 2, 4, 4, 1, 2, 4, 3, 3, 3, 3, 3, 1, 3, 2, 2, 2, 1, 1, 1, 5, 2]";"[0, 0, 0, 0, 7, 5, 1, 7, 2, 2, 4, 1, 1, 6, 4, 0, 6, 6, 5, 5, 7, 6, 6, 3, 0, 1, 5, 5, 3, 1, 0, 1, 1, 1, 1, 1, 1, 7, 1, 4, 2, 4, 4, 0, 2, 4, 3, 3, 3, 3, 3, 0, 3, 2, 2, 2, 0, 0, 0, 0, 2]";"[0, 0, 0, 0, 7, 5, 1, 7, 2, 2, 4, 1, 1, 6, 4, 0, 6, 6, 5, 5, 7, 6, 6, 3, 0, 1, 5, 5, 3, 1, 0, 1, 1, 1, 1, 1, 1, 1, 1, 4, 2, 4, 4, 0, 2, 4, 3, 3, 3, 3, 3, 0, 3, 2, 2, 2, 0, 0, 0, 0, 2]"
15;7;"aucs";"scml";2;0.3492;0.3526;0.3545;0.327;"{'8': 0.6666666666666667, '5': 0.6785714285714286, '21': 0.55}";"{'8': 0.6666666666666667, '5': 0.6590909090909092, '21': 0.6071428571428572}";"{'8': 0.6730769230769231, '5': 0.6785714285714286, '21': 0.55}";"{'8': 0.6833333333333333, '5': 0.6875, '21': 0.5833333333333333}";0.0;0.0;0.3125;0.0;0.8941557523488811;0.7964241197678626;0.9541341888267876;0.925444481580608;0.8955254949715006;0.9725151728618404;0.8912711417224428;0.8240751754490305;0.9528736254807432;0.9172732953132218;0.9102638576209792;0.969482456163647;0.0039;0.023;0.0046;"['8', '5', '21']";"{'1': [('interD', ('17', '5')), ('interD', ('18', '8'))], '2': [('interD', ('19', '5')), ('interD', ('14', '5'))], '3': [('interA', ('21', '58')), ('intraD', ('5', '8'))], '4': [('intraD', ('21', '8')), ('interA', ('21', '23'))], '5': [('interD', ('14', '5')), ('interD', ('18', '5'))]}";"{'1': [('interA', ('38', '8')), ('interA', ('32', '8'))], '2': [('interA', ('38', '8')), ('interA', ('32', '8'))], '3': [('interA', ('38', '8')), ('interA', ('32', '8'))], '4': [('intraD', ('5', '8')), ('intraD', ('21', '8'))], '5': [('intraD', ('5', '8')), ('intraD', ('21', '8'))]}";"{'1': [('interA', ('21', '30')), ('interA', ('37', '8'))], '2': [], '3': [('interA', ('13', '8')), ('interA', ('17', '5'))], '4': [('interA', ('10', '8')), ('interA', ('5', '51'))], '5': [('interA', ('18', '21')), ('interA', ('33', '5'))]}";"[['38', '32', '12', '37', '13', '34', '30', '36', '33', '35', '39', '26', '7'], ['44', '59', '4', '16', '1', '52', '31', '25', '57', '58', '3'], ['42', '27', '2', '43', '15', '40', '11', '46'], ['61', '45', '55', '10', '9', '41', '54', '56'], ['53', '51', '49', '50', '24', '29', '48', '47'], ['14', '22', '23', '17', '60', '18'], ['20', '6', '19', '28'], ['8', '5', '21']]";"[['32', '12', '37', '34', '13', '30', '36', '33', '35', '39', '26', '7'], ['38', '8', '21', '22', '17', '23', '5', '18'], ['61', '45', '55', '10', '9', '41', '54', '56'], ['53', '51', '49', '50', '24', '29', '48', '47'], ['4', '1', '14', '58', '2', '60', '3'], ['44', '59', '16', '52', '31', '25', '57'], ['42', '43', '15', '40', '11', '46'], ['28', '20', '19', '27', '6']]";"[['44', '59', '45', '4', '16', '1', '52', '31', '25', '57', '58', '2', '60', '3'], ['38', '32', '12', '37', '13', '34', '30', '36', '33', '35', '39', '26', '7'], ['53', '51', '49', '50', '24', '29', '48', '47'], ['61', '55', '10', '9', '41', '54', '56'], ['42', '43', '15', '40', '11', '46'], ['28', '20', '19', '27', '6'], ['14', '22', '23', '17', '18'], ['8', '5', '21']]";"[0, 0, 0, 0, 7, 5, 1, 7, 2, 2, 4, 1, 1, 6, 4, 0, 6, 6, 5, 5, 7, 6, 6, 3, 0, 1, 5, 5, 3, 1, 0, 1, 1, 1, 1, 1, 1, 1, 1, 4, 2, 4, 4, 0, 2, 4, 3, 3, 3, 3, 3, 0, 3, 2, 2, 2, 0, 0, 0, 0, 2]";"[1, 2, 1, 1, 7, 6, 0, 7, 3, 3, 2, 0, 0, 5, 2, 1, 5, 5, 6, 6, 7, 5, 5, 4, 1, 0, 2, 6, 4, 0, 1, 0, 0, 0, 0, 0, 0, 0, 0, 2, 3, 2, 2, 1, 3, 2, 4, 4, 4, 4, 4, 1, 4, 3, 3, 3, 1, 1, 1, 5, 3]";"[4, 4, 4, 4, 1, 7, 0, 1, 2, 2, 6, 0, 0, 4, 6, 5, 1, 1, 7, 7, 1, 1, 1, 3, 5, 0, 7, 7, 3, 0, 5, 0, 0, 0, 0, 0, 0, 1, 0, 6, 2, 6, 6, 5, 2, 6, 3, 3, 3, 3, 3, 5, 3, 2, 2, 2, 5, 4, 5, 4, 2]";"[0, 0, 0, 0, 7, 5, 1, 7, 3, 3, 4, 1, 1, 6, 4, 0, 6, 6, 5, 5, 7, 6, 6, 2, 0, 1, 5, 5, 2, 1, 0, 1, 1, 1, 1, 1, 1, 1, 1, 4, 3, 4, 4, 0, 0, 4, 2, 2, 2, 2, 2, 0, 2, 3, 3, 3, 0, 0, 0, 0, 3]"
16;7;"aucs";"scml";2;0.3492;0.3457;0.3213;0.3343;"{'8': 0.6666666666666667, '5': 0.6785714285714286, '21': 0.55}";"{'8': 0.6730769230769231, '5': 0.6875, '21': 0.55}";"{'8': 0.6730769230769231, '5': 0.6785714285714286, '21': 0.55}";"{'8': 0.6833333333333333, '5': 0.6875, '21': 0.6071428571428572}";0.0;0.0;0.125;0.125;1.0;0.9185124871184844;0.8952544489541056;1.0;0.9487985990799044;0.9268732289134164;1.0;0.9230726720088422;0.8992287481989999;1.0;0.9539705832536434;0.9298684827441958;0.0044;0.0203;0.0047;"['8', '5', '21']";"{'1': [('interA', ('20', '5')), ('interD', ('22', '8'))], '2': [('interA', ('13', '8')), ('interA', ('57', '8'))], '3': [('intraA', ('21', '5')), ('interA', ('45', '8'))], '4': [('interA', ('5', '54')), ('interA', ('27', '5'))], '5': [('intraD', ('21', '8')), ('interD', ('14', '8'))]}";"{'1': [('interA', ('38', '8')), ('interA', ('32', '8'))], '2': [('interA', ('38', '8')), ('interA', ('32', '8'))], '3': [('interA', ('38', '8')), ('interA', ('32', '8'))], '4': [('intraD', ('5', '8')), ('intraD', ('21', '8'))], '5': [('intraD', ('5', '8')), ('intraD', ('21', '8'))]}";"{'1': [('interA', ('16', '21')), ('interA', ('34', '8'))], '2': [], '3': [('interA', ('8', '9')), ('interA', ('19', '5'))], '4': [('interA', ('39', '8')), ('interA', ('34', '5'))], '5': [('interA', ('21', '42')), ('interA', ('5', '52'))]}";"[['44', '59', '4', '16', '1', '52', '31', '25', '57', '58', '2', '60', '3'], ['38', '32', '12', '37', '13', '34', '30', '36', '33', '35', '39', '26', '7'], ['61', '45', '55', '10', '9', '41', '54', '56'], ['53', '51', '49', '50', '24', '29', '48', '47'], ['42', '43', '15', '40', '11', '46'], ['28', '20', '19', '27', '6'], ['14', '22', '23', '17', '18'], ['8', '5', '21']]";"[['44', '59', '45', '4', '16', '1', '52', '31', '25', '57', '58', '2', '60', '3'], ['32', '12', '37', '34', '13', '30', '36', '33', '35', '39', '26', '7'], ['53', '51', '49', '50', '24', '29', '48', '47'], ['61', '55', '10', '9', '41', '54', '56'], ['42', '43', '15', '40', '11', '46'], ['28', '20', '19', '27', '6'], ['14', '22', '23', '17', '18'], ['8', '5', '38', '21']]";"[['38', '32', '12', '37', '13', '34', '30', '36', '33', '35', '39', '26', '7'], ['44', '59', '4', '16', '1', '52', '31', '25', '57', '58', '3'], ['53', '51', '49', '50', '24', '29', '48', '47'], ['42', '2', '43', '15', '40', '11', '46'], ['61', '45', '55', '10', '41', '54', '56'], ['14', '22', '23', '17', '60', '18'], ['28', '20', '19', '27', '6'], ['8', '5', '9', '21']]";"[0, 0, 0, 0, 7, 5, 1, 7, 2, 2, 4, 1, 1, 6, 4, 0, 6, 6, 5, 5, 7, 6, 6, 3, 0, 1, 5, 5, 3, 1, 0, 1, 1, 1, 1, 1, 1, 1, 1, 4, 2, 4, 4, 0, 2, 4, 3, 3, 3, 3, 3, 0, 3, 2, 2, 2, 0, 0, 0, 0, 2]";"[0, 0, 0, 0, 7, 5, 1, 7, 2, 2, 4, 1, 1, 6, 4, 0, 6, 6, 5, 5, 7, 6, 6, 3, 0, 1, 5, 5, 3, 1, 0, 1, 1, 1, 1, 1, 1, 1, 1, 4, 2, 4, 4, 0, 2, 4, 3, 3, 3, 3, 3, 0, 3, 2, 2, 2, 0, 0, 0, 0, 2]";"[0, 0, 0, 0, 7, 5, 1, 7, 3, 3, 4, 1, 1, 6, 4, 0, 6, 6, 5, 5, 7, 6, 6, 2, 0, 1, 5, 5, 2, 1, 0, 1, 1, 1, 1, 1, 1, 7, 1, 4, 3, 4, 4, 0, 0, 4, 2, 2, 2, 2, 2, 0, 2, 3, 3, 3, 0, 0, 0, 0, 3]";"[1, 3, 1, 1, 7, 6, 0, 7, 7, 4, 3, 0, 0, 5, 3, 1, 5, 5, 6, 6, 7, 5, 5, 2, 1, 0, 6, 6, 2, 0, 1, 0, 0, 0, 0, 0, 0, 0, 0, 3, 4, 3, 3, 1, 4, 3, 2, 2, 2, 2, 2, 1, 2, 4, 4, 4, 1, 1, 1, 5, 4]"
17;7;"aucs";"scml";2;0.3492;0.3466;0.337;0.3319;"{'8': 0.6666666666666667, '5': 0.6785714285714286, '21': 0.55}";"{'8': 0.6730769230769231, '5': 0.6833333333333333, '21': 0.5833333333333333}";"{'8': 0.6730769230769231, '5': 0.6785714285714286, '21': 0.55}";"{'8': 0.6785714285714286, '5': 0.6911764705882353, '21': 0.6071428571428572}";0.0;0.0;0.125;0.0;0.9601506359758676;0.9238214174211676;0.865007570757464;0.9742767326878776;0.9506883376531278;0.9196499876636018;0.959063356306568;0.9287227731163658;0.8613371361462965;0.9714567334885568;0.9560121329381392;0.9108676947493508;0.0038;0.0214;0.0046;"['8', '5', '21']";"{'1': [('intraD', ('5', '8')), ('intraD', ('21', '5'))], '2': [('interA', ('35', '5')), ('intraA', ('5', '8'))], '3': [('interA', ('19', '8')), ('intraA', ('21', '5'))], '4': [('intraD', ('21', '5')), ('interA', ('21', '54'))], '5': [('interD', ('18', '8')), ('intraD', ('5', '8'))]}";"{'1': [('interA', ('38', '8')), ('interA', ('32', '8'))], '2': [('interA', ('38', '8')), ('interA', ('32', '8'))], '3': [('interA', ('38', '8')), ('interA', ('32', '8'))], '4': [('intraD', ('5', '8')), ('intraD', ('21', '8'))], '5': [('intraD', ('5', '8')), ('intraD', ('21', '8'))]}";"{'1': [('interA', ('10', '21')), ('interA', ('11', '8'))], '2': [], '3': [('interA', ('15', '8')), ('interA', ('32', '5'))], '4': [('interA', ('52', '8')), ('interA', ('5', '56'))], '5': [('interA', ('21', '59')), ('interA', ('47', '5'))]}";"[['38', '32', '12', '37', '13', '34', '30', '36', '33', '35', '39', '26', '7'], ['44', '59', '4', '16', '1', '52', '31', '25', '57', '58', '2', '3'], ['61', '45', '55', '10', '9', '41', '54', '56'], ['53', '51', '49', '50', '24', '29', '48', '47'], ['42', '43', '15', '40', '11', '46'], ['14', '22', '23', '17', '60', '18'], ['28', '20', '19', '27', '6'], ['8', '5', '21']]";"[['44', '59', '4', '16', '1', '52', '31', '25', '57', '58', '2', '3'], ['32', '12', '37', '34', '13', '30', '36', '33', '35', '39', '26', '7'], ['61', '45', '55', '10', '9', '41', '54', '56'], ['53', '51', '49', '50', '24', '29', '48', '47'], ['42', '43', '15', '40', '11', '46'], ['14', '22', '23', '17', '60', '18'], ['28', '20', '19', '27', '6'], ['8', '5', '38', '21']]";"[['44', '59', '4', '38', '16', '1', '52', '31', '25', '57', '58', '3'], ['32', '12', '37', '34', '13', '30', '36', '33', '35', '39', '26', '7'], ['61', '45', '55', '10', '9', '41', '54', '56'], ['53', '51', '49', '50', '24', '29', '48', '47'], ['42', '2', '43', '15', '40', '11', '46'], ['14', '22', '23', '17', '60', '18'], ['28', '20', '19', '27', '6'], ['8', '5', '21']]";"[0, 0, 0, 0, 7, 5, 1, 7, 2, 2, 4, 1, 1, 6, 4, 0, 6, 6, 5, 5, 7, 6, 6, 3, 0, 1, 5, 5, 3, 1, 0, 1, 1, 1, 1, 1, 1, 1, 1, 4, 2, 4, 4, 0, 2, 4, 3, 3, 3, 3, 3, 0, 3, 2, 2, 2, 0, 0, 0, 0, 2]";"[1, 1, 1, 1, 7, 6, 0, 7, 2, 2, 4, 0, 0, 5, 4, 1, 5, 5, 6, 6, 7, 5, 5, 3, 1, 0, 6, 6, 3, 0, 1, 0, 0, 0, 0, 0, 0, 0, 0, 4, 2, 4, 4, 1, 2, 4, 3, 3, 3, 3, 3, 1, 3, 2, 2, 2, 1, 1, 1, 5, 2]";"[0, 0, 0, 0, 7, 6, 1, 7, 2, 2, 4, 1, 1, 5, 4, 0, 5, 5, 6, 6, 7, 5, 5, 3, 0, 1, 6, 6, 3, 1, 0, 1, 1, 1, 1, 1, 1, 7, 1, 4, 2, 4, 4, 0, 2, 4, 3, 3, 3, 3, 3, 0, 3, 2, 2, 2, 0, 0, 0, 5, 2]";"[0, 4, 0, 0, 7, 6, 1, 7, 2, 2, 4, 1, 1, 5, 4, 0, 5, 5, 6, 6, 7, 5, 5, 3, 0, 1, 6, 6, 3, 1, 0, 1, 1, 1, 1, 1, 1, 0, 1, 4, 2, 4, 4, 0, 2, 4, 3, 3, 3, 3, 3, 0, 3, 2, 2, 2, 0, 0, 0, 5, 2]"
18;7;"aucs";"scml";2;0.3492;0.3327;0.3151;0.3416;"{'8': 0.6666666666666667, '5': 0.6785714285714286, '21': 0.55}";"{'8': 0.6785714285714286, '5': 0.6730769230769231, '21': 0.5833333333333333}";"{'8': 0.6730769230769231, '5': 0.6785714285714286, '21': 0.55}";"{'8': 0.6833333333333333, '5': 0.6875, '21': 0.6071428571428572}";0.0;0.0;0.125;0.0;0.9163258566819924;0.8786578423890605;1.0;0.9471583993629064;0.9229061818130118;1.0;0.914036339682714;0.8817934782608695;1.0;0.9413518574209148;0.9255452309776434;1.0;0.0038;0.0207;0.0052;"['8', '5', '21']";"{'1': [('interA', ('5', '6')), ('interA', ('54', '8'))], '2': [('interD', ('15', '5')), ('intraA', ('5', '8'))], '3': [('intraD', ('21', '8')), ('interA', ('21', '40'))], '4': [('intraD', ('5', '8')), ('intraD', ('21', '5'))], '5': [('interA', ('7', '8')), ('interD', ('18', '5'))]}";"{'1': [('interA', ('38', '8')), ('interA', ('32', '8'))], '2': [('interA', ('38', '8')), ('interA', ('32', '8'))], '3': [('interA', ('38', '8')), ('interA', ('32', '8'))], '4': [('intraD', ('5', '8')), ('intraD', ('21', '8'))], '5': [('intraD', ('5', '8')), ('intraD', ('21', '8'))]}";"{'1': [('interA', ('11', '21')), ('interA', ('7', '8'))], '2': [], '3': [('interA', ('49', '8')), ('interA', ('18', '5'))], '4': [('interA', ('10', '8')), ('interA', ('45', '5'))], '5': [('interA', ('13', '21')), ('interA', ('29', '5'))]}";"[['44', '59', '45', '4', '16', '1', '52', '31', '25', '57', '58', '2', '3'], ['38', '32', '12', '37', '13', '34', '30', '36', '33', '35', '39', '26', '7'], ['53', '51', '49', '50', '24', '29', '48', '47'], ['61', '55', '10', '9', '41', '54', '56'], ['42', '43', '15', '40', '11', '46'], ['14', '22', '23', '17', '60', '18'], ['28', '20', '19', '27', '6'], ['8', '5', '21']]";"[['44', '59', '45', '4', '16', '1', '14', '31', '52', '25', '57', '58', '2', '60', '3'], ['32', '12', '37', '34', '13', '30', '36', '33', '35', '39', '26', '7'], ['53', '51', '49', '50', '24', '29', '48', '47'], ['61', '55', '10', '9', '41', '54', '56'], ['42', '43', '15', '40', '11', '46'], ['28', '20', '19', '27', '6'], ['8', '5', '38', '21'], ['17', '22', '23', '18']]";"[['44', '59', '4', '16', '1', '52', '31', '25', '57', '58', '2', '60', '3'], ['38', '32', '12', '37', '13', '34', '30', '36', '33', '35', '39', '26', '7'], ['61', '45', '55', '10', '9', '41', '54', '56'], ['53', '51', '49', '50', '24', '29', '48', '47'], ['42', '43', '15', '40', '11', '46'], ['28', '20', '19', '27', '6'], ['14', '22', '23', '17', '18'], ['8', '5', '21']]";"[0, 0, 0, 0, 7, 5, 1, 7, 2, 2, 4, 1, 1, 6, 4, 0, 6, 6, 5, 5, 7, 6, 6, 3, 0, 1, 5, 5, 3, 1, 0, 1, 1, 1, 1, 1, 1, 1, 1, 4, 2, 4, 4, 0, 2, 4, 3, 3, 3, 3, 3, 0, 3, 2, 2, 2, 0, 0, 0, 0, 2]";"[0, 0, 0, 0, 7, 6, 1, 7, 3, 3, 4, 1, 1, 5, 4, 0, 5, 5, 6, 6, 7, 5, 5, 2, 0, 1, 6, 6, 2, 1, 0, 1, 1, 1, 1, 1, 1, 1, 1, 4, 3, 4, 4, 0, 0, 4, 2, 2, 2, 2, 2, 0, 2, 3, 3, 3, 0, 0, 0, 5, 3]";"[0, 0, 0, 0, 6, 5, 1, 6, 3, 3, 4, 1, 1, 0, 4, 0, 7, 7, 5, 5, 6, 7, 7, 2, 0, 1, 5, 5, 2, 1, 0, 1, 1, 1, 1, 1, 1, 6, 1, 4, 3, 4, 4, 0, 0, 4, 2, 2, 2, 2, 2, 0, 2, 3, 3, 3, 0, 0, 0, 0, 3]";"[0, 0, 0, 0, 7, 5, 1, 7, 2, 2, 4, 1, 1, 6, 4, 0, 6, 6, 5, 5, 7, 6, 6, 3, 0, 1, 5, 5, 3, 1, 0, 1, 1, 1, 1, 1, 1, 1, 1, 4, 2, 4, 4, 0, 2, 4, 3, 3, 3, 3, 3, 0, 3, 2, 2, 2, 0, 0, 0, 0, 2]"
19;7;"aucs";"scml";2;0.3492;0.3445;0.3397;0.341;"{'8': 0.6666666666666667, '5': 0.6785714285714286, '21': 0.55}";"{'8': 0.6833333333333333, '5': 0.6785714285714286, '21': 0.6071428571428572}";"{'8': 0.6730769230769231, '5': 0.6785714285714286, '21': 0.55}";"{'8': 0.6730769230769231, '5': 0.6875, '21': 0.6071428571428572}";0.0;0.0;0.125;0.2857142857142857;0.9601506359758676;0.9215765210051295;0.8103778096604496;0.9742767326878776;0.9499660376120296;0.8973932693200649;0.959063356306568;0.9263917874668622;0.8316918747801618;0.9714567334885568;0.955223203752448;0.909853739331218;0.0038;0.0219;0.005;"['8', '5', '21']";"{'1': [('interA', ('21', '53')), ('intraD', ('21', '5'))], '2': [('intraA', ('21', '5')), ('intraA', ('21', '8'))], '3': [('interA', ('40', '8')), ('interA', ('59', '8'))], '4': [('interA', ('39', '8')), ('interA', ('29', '8'))], '5': [('interA', ('21', '55')), ('interD', ('52', '8'))]}";"{'1': [('interA', ('38', '8')), ('interA', ('32', '8'))], '2': [('interA', ('38', '8')), ('interA', ('32', '8'))], '3': [('interA', ('38', '8')), ('interA', ('32', '8'))], '4': [('intraD', ('5', '8')), ('intraD', ('21', '8'))], '5': [('intraD', ('5', '8')), ('intraD', ('21', '8'))]}";"{'1': [('interA', ('21', '23')), ('interA', ('3', '8'))], '2': [], '3': [('interA', ('57', '8')), ('interA', ('49', '5'))], '4': [('interA', ('3', '8')), ('interA', ('40', '5'))], '5': [('interA', ('21', '40')), ('interA', ('15', '5'))]}";"[['38', '32', '12', '37', '13', '34', '30', '36', '33', '35', '39', '26', '7'], ['44', '59', '4', '16', '1', '52', '31', '25', '57', '58', '2', '3'], ['61', '45', '55', '10', '9', '41', '54', '56'], ['53', '51', '49', '50', '24', '29', '48', '47'], ['42', '43', '15', '40', '11', '46'], ['14', '22', '23', '17', '60', '18'], ['28', '20', '19', '27', '6'], ['8', '5', '21']]";"[['44', '59', '4', '16', '1', '52', '31', '25', '57', '58', '60', '3'], ['32', '12', '37', '34', '13', '30', '36', '33', '35', '39', '26', '7'], ['61', '45', '55', '10', '9', '41', '54', '56'], ['53', '51', '49', '50', '24', '29', '48', '47'], ['42', '2', '43', '15', '40', '11', '46'], ['28', '20', '19', '27', '6'], ['14', '22', '23', '17', '18'], ['8', '5', '38', '21']]";"[['38', '32', '12', '37', '13', '34', '30', '36', '33', '35', '39', '26', '7'], ['45', '4', '14', '52', '1', '58', '2', '60'], ['53', '51', '49', '50', '24', '29', '48', '47'], ['44', '59', '16', '31', '25', '57', '3'], ['8', '21', '22', '17', '23', '5', '18'], ['61', '55', '10', '9', '41', '54', '56'], ['42', '43', '15', '40', '11', '46'], ['28', '20', '19', '27', '6']]";"[0, 0, 0, 0, 7, 5, 1, 7, 2, 2, 4, 1, 1, 6, 4, 0, 6, 6, 5, 5, 7, 6, 6, 3, 0, 1, 5, 5, 3, 1, 0, 1, 1, 1, 1, 1, 1, 1, 1, 4, 2, 4, 4, 0, 2, 4, 3, 3, 3, 3, 3, 0, 3, 2, 2, 2, 0, 0, 0, 0, 2]";"[1, 1, 1, 1, 7, 6, 0, 7, 2, 2, 4, 0, 0, 5, 4, 1, 5, 5, 6, 6, 7, 5, 5, 3, 1, 0, 6, 6, 3, 0, 1, 0, 0, 0, 0, 0, 0, 0, 0, 4, 2, 4, 4, 1, 2, 4, 3, 3, 3, 3, 3, 1, 3, 2, 2, 2, 1, 1, 1, 5, 2]";"[0, 4, 0, 0, 7, 5, 1, 7, 2, 2, 4, 1, 1, 6, 4, 0, 6, 6, 5, 5, 7, 6, 6, 3, 0, 1, 5, 5, 3, 1, 0, 1, 1, 1, 1, 1, 1, 7, 1, 4, 2, 4, 4, 0, 2, 4, 3, 3, 3, 3, 3, 0, 3, 2, 2, 2, 0, 0, 0, 0, 2]";"[1, 1, 3, 1, 4, 7, 0, 4, 5, 5, 6, 0, 0, 1, 6, 3, 4, 4, 7, 7, 4, 4, 4, 2, 3, 0, 7, 7, 2, 0, 3, 0, 0, 0, 0, 0, 0, 0, 0, 6, 5, 6, 6, 3, 1, 6, 2, 2, 2, 2, 2, 1, 2, 5, 5, 5, 3, 1, 3, 1, 5]"
