"run_index";"target_community_index";"dataset_name";"comm_algo";"budget";"modularity_before";"modularity_random";"modularity_after_mod";"modularity_after_saf";"safeness_before";"safeness_random";"safeness_after_mod";"safeness_after_saf";"deception_before";"deception_random";"deception_after_mod";"deception_after_saf";"ari_gen_random";"ari_gen_mod";"ari_gen_saf";"nmi_gen_random";"nmi_gen_mod";"nmi_gen_saf";"ari_spec_random";"ari_spec_mod";"ari_spec_saf";"nmi_spec_random";"nmi_spec_mod";"nmi_spec_saf";"time_random";"time_mod";"time_saf";"target_community_nodes";"edits_random";"edits_mod";"edits_saf";"communities_random";"communities_mod";"communities_saf";"community_structure_original";"community_structure_random";"community_structure_mod";"community_structure_saf"
0;0;"aucs";"flat_nw";4;0.4162;0.4136;0.408;0.4054;"{'16': 0.44642857142857145, '24': 0.3055555555555556, '25': 0.5523809523809524, '29': 0.4512987012987013, '31': 0.2542016806722689, '51': 0.3968253968253968, '48': 0.21428571428571427, '52': 0.2888198757763975, '47': 0.41541353383458646, '53': 0.17857142857142858, '50': 0.35714285714285715, '57': 0.3051948051948052, '44': 0.44642857142857145, '49': 0.32142857142857145, '59': 0.48809523809523814}";"{'16': 0.44642857142857145, '24': 0.3055555555555556, '25': 0.5523809523809524, '29': 0.44047619047619047, '31': 0.2738095238095238, '51': 0.4357142857142857, '48': 0.21428571428571427, '52': 0.275974025974026, '47': 0.41541353383458646, '53': 0.17857142857142858, '50': 0.35714285714285715, '57': 0.3051948051948052, '44': 0.44642857142857145, '49': 0.32142857142857145, '59': 0.48809523809523814}";"{'16': 0.5714285714285714, '24': 0.3055555555555556, '25': 0.5523809523809524, '29': 0.4512987012987013, '31': 0.2542016806722689, '51': 0.3968253968253968, '48': 0.21428571428571427, '52': 0.2888198757763975, '47': 0.41541353383458646, '53': 0.17857142857142858, '50': 0.35714285714285715, '57': 0.3051948051948052, '44': 0.44642857142857145, '49': 0.32142857142857145, '59': 0.48809523809523814}";"{'16': 0.44642857142857145, '24': 0.3055555555555556, '25': 0.5523809523809524, '29': 0.4512987012987013, '31': 0.2542016806722689, '51': 0.3968253968253968, '48': 0.2642857142857143, '52': 0.2888198757763975, '47': 0.41541353383458646, '53': 0.22402597402597402, '50': 0.44047619047619047, '57': 0.3051948051948052, '44': 0.44642857142857145, '49': 0.3928571428571429, '59': 0.48809523809523814}";0.0;0.0;0.0;0.0;0.958151101963811;1.0;0.958151101963811;0.9636579250469968;1.0;0.9636579250469968;0.936885433340956;1.0;0.936885433340956;0.9439972731128782;1.0;0.9439972731128782;0.0639;0.0513;0.0081;"['16', '24', '25', '29', '31', '51', '48', '52', '47', '53', '50', '57', '44', '49', '59']";"[('interD', ('32', '52')), ('interA', ('51', '56')), ('interD', ('26', '29')), ('interA', ('2', '31'))]";"[('interA', ('16', '7')), ('interA', ('16', '32')), ('interA', ('16', '37')), ('interA', ('16', '26'))]";"[('interA', ('23', '48')), ('interA', ('33', '53')), ('interA', ('19', '50')), ('interA', ('40', '49'))]";"[['16', '24', '25', '29', '31', '51', '48', '52', '47', '53', '50', '57', '44', '49', '59'], ['7', '32', '37', '26', '13', '34', '12', '30', '35', '36', '38', '39', '33', '14'], ['2', '46', '6', '27', '3', '19', '20', '15', '43', '28', '42', '11', '40'], ['18', '21', '23', '17', '1', '4', '58', '60', '8', '5', '22'], ['56', '41', '9', '61', '45', '10', '55', '54']]";"[['16', '24', '25', '29', '31', '51', '48', '52', '47', '53', '50', '57', '44', '49', '59'], ['2', '46', '6', '27', '3', '19', '20', '15', '43', '28', '42', '11', '40'], ['7', '32', '37', '26', '13', '34', '12', '30', '35', '36', '38', '39', '33'], ['22', '18', '21', '23', '17', '1', '4', '58', '60', '8', '5', '14'], ['56', '41', '9', '61', '45', '10', '55', '54']]";"[['16', '24', '25', '29', '31', '51', '48', '52', '47', '53', '50', '57', '44', '49', '59'], ['7', '32', '37', '26', '13', '34', '12', '30', '35', '36', '38', '39', '33', '14'], ['2', '46', '6', '27', '3', '19', '20', '15', '43', '28', '42', '11', '40'], ['18', '21', '23', '17', '1', '4', '58', '60', '8', '5', '22'], ['56', '41', '9', '61', '45', '10', '55', '54']]";"[3, 2, 2, 3, 3, 2, 1, 3, 4, 4, 2, 1, 1, 3, 2, 0, 3, 3, 2, 2, 3, 3, 3, 0, 0, 1, 2, 2, 0, 1, 0, 1, 1, 1, 1, 1, 1, 1, 1, 2, 4, 2, 2, 0, 4, 2, 0, 0, 0, 0, 0, 0, 0, 4, 4, 4, 0, 3, 0, 3, 4]";"[3, 2, 2, 3, 3, 2, 1, 3, 4, 4, 2, 1, 1, 1, 2, 0, 3, 3, 2, 2, 3, 3, 3, 0, 0, 1, 2, 2, 0, 1, 0, 1, 1, 1, 1, 1, 1, 1, 1, 2, 4, 2, 2, 0, 4, 2, 0, 0, 0, 0, 0, 0, 0, 4, 4, 4, 0, 3, 0, 3, 4]";"[3, 1, 1, 3, 3, 1, 2, 3, 4, 4, 1, 2, 2, 3, 1, 0, 3, 3, 1, 1, 3, 3, 3, 0, 0, 2, 1, 1, 0, 2, 0, 2, 2, 2, 2, 2, 2, 2, 2, 1, 4, 1, 1, 0, 4, 1, 0, 0, 0, 0, 0, 0, 0, 4, 4, 4, 0, 3, 0, 3, 4]";"[3, 2, 2, 3, 3, 2, 1, 3, 4, 4, 2, 1, 1, 1, 2, 0, 3, 3, 2, 2, 3, 3, 3, 0, 0, 1, 2, 2, 0, 1, 0, 1, 1, 1, 1, 1, 1, 1, 1, 2, 4, 2, 2, 0, 4, 2, 0, 0, 0, 0, 0, 0, 0, 4, 4, 4, 0, 3, 0, 3, 4]"
1;0;"aucs";"flat_nw";4;0.4162;0.421;0.408;0.4089;"{'16': 0.44642857142857145, '24': 0.3055555555555556, '25': 0.5523809523809524, '29': 0.4512987012987013, '31': 0.2542016806722689, '51': 0.3968253968253968, '48': 0.21428571428571427, '52': 0.2888198757763975, '47': 0.41541353383458646, '53': 0.17857142857142858, '50': 0.35714285714285715, '57': 0.3051948051948052, '44': 0.44642857142857145, '49': 0.32142857142857145, '59': 0.48809523809523814}";"{'16': 0.44047619047619047, '24': 0.3055555555555556, '25': 0.5523809523809524, '29': 0.44047619047619047, '31': 0.2542016806722689, '51': 0.3968253968253968, '48': 0.21428571428571427, '52': 0.3344155844155844, '47': 0.4007936507936508, '53': 0.17857142857142858, '50': 0.35714285714285715, '57': 0.3051948051948052, '44': 0.44642857142857145, '49': 0.32142857142857145, '59': 0.48809523809523814}";"{'16': 0.5714285714285714, '24': 0.3055555555555556, '25': 0.5523809523809524, '29': 0.4512987012987013, '31': 0.2542016806722689, '51': 0.3968253968253968, '48': 0.21428571428571427, '52': 0.2888198757763975, '47': 0.41541353383458646, '53': 0.17857142857142858, '50': 0.35714285714285715, '57': 0.3051948051948052, '44': 0.44642857142857145, '49': 0.32142857142857145, '59': 0.48809523809523814}";"{'16': 0.44642857142857145, '24': 0.3055555555555556, '25': 0.5523809523809524, '29': 0.4512987012987013, '31': 0.2542016806722689, '51': 0.3968253968253968, '48': 0.2642857142857143, '52': 0.2888198757763975, '47': 0.41541353383458646, '53': 0.22402597402597402, '50': 0.44047619047619047, '57': 0.3051948051948052, '44': 0.44642857142857145, '49': 0.3928571428571429, '59': 0.48809523809523814}";0.0;0.0;0.0;0.0;1.0;1.0;0.9196180472666508;1.0;1.0;0.9281697666967568;1.0;1.0;0.8787006369426752;1.0;1.0;0.8893599197280153;0.0019;0.0625;0.0074;"['16', '24', '25', '29', '31', '51', '48', '52', '47', '53', '50', '57', '44', '49', '59']";"[('interD', ('26', '29')), ('interD', ('16', '4')), ('intraD', ('16', '52')), ('interD', ('18', '47'))]";"[('interA', ('16', '7')), ('interA', ('16', '32')), ('interA', ('16', '37')), ('interA', ('16', '26'))]";"[('interA', ('1', '48')), ('interA', ('26', '53')), ('interA', ('20', '50')), ('interA', ('19', '49'))]";"[['16', '24', '25', '29', '31', '51', '48', '52', '47', '53', '50', '57', '44', '49', '59'], ['7', '32', '37', '26', '13', '34', '12', '30', '35', '36', '38', '39', '33'], ['2', '46', '6', '27', '3', '19', '20', '15', '43', '28', '42', '11', '40'], ['22', '18', '21', '23', '17', '1', '4', '58', '60', '8', '5', '14'], ['56', '41', '9', '61', '45', '10', '55', '54']]";"[['16', '24', '25', '29', '31', '51', '48', '52', '47', '53', '50', '57', '44', '49', '59'], ['2', '46', '6', '27', '3', '19', '20', '15', '43', '28', '42', '11', '40'], ['7', '32', '37', '26', '13', '34', '12', '30', '35', '36', '38', '39', '33'], ['22', '18', '21', '23', '17', '1', '4', '58', '60', '8', '5', '14'], ['56', '41', '9', '61', '45', '10', '55', '54']]";"[['16', '24', '25', '29', '31', '51', '48', '52', '47', '53', '50', '57', '44', '49', '59'], ['7', '32', '37', '26', '13', '34', '12', '30', '35', '36', '38', '39', '33'], ['2', '46', '6', '27', '19', '20', '15', '1', '43', '28', '42', '11', '40'], ['22', '18', '21', '23', '17', '3', '4', '58', '60', '8', '5', '14'], ['56', '41', '9', '61', '45', '10', '55', '54']]";"[3, 2, 2, 3, 3, 2, 1, 3, 4, 4, 2, 1, 1, 3, 2, 0, 3, 3, 2, 2, 3, 3, 3, 0, 0, 1, 2, 2, 0, 1, 0, 1, 1, 1, 1, 1, 1, 1, 1, 2, 4, 2, 2, 0, 4, 2, 0, 0, 0, 0, 0, 0, 0, 4, 4, 4, 0, 3, 0, 3, 4]";"[3, 2, 2, 3, 3, 2, 1, 3, 4, 4, 2, 1, 1, 3, 2, 0, 3, 3, 2, 2, 3, 3, 3, 0, 0, 1, 2, 2, 0, 1, 0, 1, 1, 1, 1, 1, 1, 1, 1, 2, 4, 2, 2, 0, 4, 2, 0, 0, 0, 0, 0, 0, 0, 4, 4, 4, 0, 3, 0, 3, 4]";"[3, 1, 1, 3, 3, 1, 2, 3, 4, 4, 1, 2, 2, 3, 1, 0, 3, 3, 1, 1, 3, 3, 3, 0, 0, 2, 1, 1, 0, 2, 0, 2, 2, 2, 2, 2, 2, 2, 2, 1, 4, 1, 1, 0, 4, 1, 0, 0, 0, 0, 0, 0, 0, 4, 4, 4, 0, 3, 0, 3, 4]";"[2, 2, 3, 3, 3, 2, 1, 3, 4, 4, 2, 1, 1, 3, 2, 0, 3, 3, 2, 2, 3, 3, 3, 0, 0, 1, 2, 2, 0, 1, 0, 1, 1, 1, 1, 1, 1, 1, 1, 2, 4, 2, 2, 0, 4, 2, 0, 0, 0, 0, 0, 0, 0, 4, 4, 4, 0, 3, 0, 3, 4]"
2;0;"aucs";"flat_nw";4;0.4162;0.4172;0.408;0.4059;"{'16': 0.44642857142857145, '24': 0.3055555555555556, '25': 0.5523809523809524, '29': 0.4512987012987013, '31': 0.2542016806722689, '51': 0.3968253968253968, '48': 0.21428571428571427, '52': 0.2888198757763975, '47': 0.41541353383458646, '53': 0.17857142857142858, '50': 0.35714285714285715, '57': 0.3051948051948052, '44': 0.44642857142857145, '49': 0.32142857142857145, '59': 0.48809523809523814}";"{'16': 0.3928571428571429, '24': 0.3055555555555556, '25': 0.5523809523809524, '29': 0.4512987012987013, '31': 0.29910714285714285, '51': 0.4357142857142857, '48': 0.21428571428571427, '52': 0.3214285714285714, '47': 0.41541353383458646, '53': 0.17857142857142858, '50': 0.35714285714285715, '57': 0.3051948051948052, '44': 0.44642857142857145, '49': 0.32142857142857145, '59': 0.48809523809523814}";"{'16': 0.5714285714285714, '24': 0.3055555555555556, '25': 0.5523809523809524, '29': 0.4512987012987013, '31': 0.2542016806722689, '51': 0.3968253968253968, '48': 0.21428571428571427, '52': 0.2888198757763975, '47': 0.41541353383458646, '53': 0.17857142857142858, '50': 0.35714285714285715, '57': 0.3051948051948052, '44': 0.44642857142857145, '49': 0.32142857142857145, '59': 0.48809523809523814}";"{'16': 0.44642857142857145, '24': 0.3055555555555556, '25': 0.5523809523809524, '29': 0.4512987012987013, '31': 0.2542016806722689, '51': 0.3968253968253968, '48': 0.2642857142857143, '52': 0.2888198757763975, '47': 0.41541353383458646, '53': 0.22402597402597402, '50': 0.44047619047619047, '57': 0.3051948051948052, '44': 0.44642857142857145, '49': 0.3928571428571429, '59': 0.48809523809523814}";0.0;0.0;0.0;0.0;1.0;1.0;0.958151101963811;1.0;1.0;0.9636579250469968;1.0;1.0;0.936885433340956;1.0;1.0;0.9439972731128782;0.0018;0.0495;0.0074;"['16', '24', '25', '29', '31', '51', '48', '52', '47', '53', '50', '57', '44', '49', '59']";"[('intraD', ('31', '52')), ('interD', ('16', '4')), ('interA', ('15', '51')), ('interD', ('2', '52'))]";"[('interA', ('16', '7')), ('interA', ('16', '32')), ('interA', ('16', '37')), ('interA', ('16', '26'))]";"[('interA', ('48', '55')), ('interA', ('53', '54')), ('interA', ('13', '50')), ('interA', ('10', '49'))]";"[['16', '24', '25', '29', '31', '51', '48', '52', '47', '53', '50', '57', '44', '49', '59'], ['7', '32', '37', '26', '13', '34', '12', '30', '35', '36', '38', '39', '33'], ['2', '46', '6', '27', '3', '19', '20', '15', '43', '28', '42', '11', '40'], ['22', '18', '21', '23', '17', '1', '4', '58', '60', '8', '5', '14'], ['56', '41', '9', '61', '45', '10', '55', '54']]";"[['16', '24', '25', '29', '31', '51', '48', '52', '47', '53', '50', '57', '44', '49', '59'], ['2', '46', '6', '27', '3', '19', '20', '15', '43', '28', '42', '11', '40'], ['7', '32', '37', '26', '13', '34', '12', '30', '35', '36', '38', '39', '33'], ['22', '18', '21', '23', '17', '1', '4', '58', '60', '8', '5', '14'], ['56', '41', '9', '61', '45', '10', '55', '54']]";"[['16', '24', '25', '29', '31', '51', '48', '52', '47', '53', '50', '57', '44', '49', '59'], ['7', '32', '37', '26', '13', '34', '12', '30', '35', '36', '38', '39', '33', '14'], ['2', '46', '6', '27', '3', '19', '20', '15', '43', '28', '42', '11', '40'], ['18', '21', '23', '17', '1', '4', '58', '60', '8', '5', '22'], ['56', '41', '9', '61', '45', '10', '55', '54']]";"[3, 2, 2, 3, 3, 2, 1, 3, 4, 4, 2, 1, 1, 3, 2, 0, 3, 3, 2, 2, 3, 3, 3, 0, 0, 1, 2, 2, 0, 1, 0, 1, 1, 1, 1, 1, 1, 1, 1, 2, 4, 2, 2, 0, 4, 2, 0, 0, 0, 0, 0, 0, 0, 4, 4, 4, 0, 3, 0, 3, 4]";"[3, 2, 2, 3, 3, 2, 1, 3, 4, 4, 2, 1, 1, 3, 2, 0, 3, 3, 2, 2, 3, 3, 3, 0, 0, 1, 2, 2, 0, 1, 0, 1, 1, 1, 1, 1, 1, 1, 1, 2, 4, 2, 2, 0, 4, 2, 0, 0, 0, 0, 0, 0, 0, 4, 4, 4, 0, 3, 0, 3, 4]";"[3, 1, 1, 3, 3, 1, 2, 3, 4, 4, 1, 2, 2, 3, 1, 0, 3, 3, 1, 1, 3, 3, 3, 0, 0, 2, 1, 1, 0, 2, 0, 2, 2, 2, 2, 2, 2, 2, 2, 1, 4, 1, 1, 0, 4, 1, 0, 0, 0, 0, 0, 0, 0, 4, 4, 4, 0, 3, 0, 3, 4]";"[3, 2, 2, 3, 3, 2, 1, 3, 4, 4, 2, 1, 1, 1, 2, 0, 3, 3, 2, 2, 3, 3, 3, 0, 0, 1, 2, 2, 0, 1, 0, 1, 1, 1, 1, 1, 1, 1, 1, 2, 4, 2, 2, 0, 4, 2, 0, 0, 0, 0, 0, 0, 0, 4, 4, 4, 0, 3, 0, 3, 4]"
3;0;"aucs";"flat_nw";4;0.4162;0.4162;0.408;0.4083;"{'16': 0.44642857142857145, '24': 0.3055555555555556, '25': 0.5523809523809524, '29': 0.4512987012987013, '31': 0.2542016806722689, '51': 0.3968253968253968, '48': 0.21428571428571427, '52': 0.2888198757763975, '47': 0.41541353383458646, '53': 0.17857142857142858, '50': 0.35714285714285715, '57': 0.3051948051948052, '44': 0.44642857142857145, '49': 0.32142857142857145, '59': 0.48809523809523814}";"{'16': 0.44642857142857145, '24': 0.3055555555555556, '25': 0.5, '29': 0.4892857142857143, '31': 0.2542016806722689, '51': 0.44642857142857145, '48': 0.21428571428571427, '52': 0.2888198757763975, '47': 0.4285714285714286, '53': 0.17857142857142858, '50': 0.32142857142857145, '57': 0.3051948051948052, '44': 0.44642857142857145, '49': 0.32142857142857145, '59': 0.48809523809523814}";"{'16': 0.5714285714285714, '24': 0.3055555555555556, '25': 0.5523809523809524, '29': 0.4512987012987013, '31': 0.2542016806722689, '51': 0.3968253968253968, '48': 0.21428571428571427, '52': 0.2888198757763975, '47': 0.41541353383458646, '53': 0.17857142857142858, '50': 0.35714285714285715, '57': 0.3051948051948052, '44': 0.44642857142857145, '49': 0.32142857142857145, '59': 0.48809523809523814}";"{'16': 0.44642857142857145, '24': 0.3055555555555556, '25': 0.5523809523809524, '29': 0.4512987012987013, '31': 0.2542016806722689, '51': 0.3968253968253968, '48': 0.2642857142857143, '52': 0.2888198757763975, '47': 0.41541353383458646, '53': 0.22402597402597402, '50': 0.44047619047619047, '57': 0.3051948051948052, '44': 0.44642857142857145, '49': 0.3928571428571429, '59': 0.48809523809523814}";0.0;0.0;0.0;0.0;1.0;1.0;1.0;1.0;1.0;1.0;1.0;1.0;1.0;1.0;1.0;1.0;0.0025;0.0587;0.0073;"['16', '24', '25', '29', '31', '51', '48', '52', '47', '53', '50', '57', '44', '49', '59']";"[('intraA', ('25', '50')), ('interA', ('47', '7')), ('interD', ('29', '37')), ('intraD', ('29', '51'))]";"[('interA', ('16', '7')), ('interA', ('16', '32')), ('interA', ('16', '37')), ('interA', ('16', '26'))]";"[('interA', ('39', '48')), ('interA', ('12', '53')), ('interA', ('46', '50')), ('interA', ('12', '49'))]";"[['16', '24', '25', '29', '31', '51', '48', '52', '47', '53', '50', '57', '44', '49', '59'], ['2', '46', '6', '27', '3', '19', '20', '15', '43', '28', '42', '11', '40'], ['7', '32', '37', '26', '13', '34', '12', '30', '35', '36', '38', '39', '33'], ['22', '18', '21', '23', '17', '1', '4', '58', '60', '8', '5', '14'], ['56', '41', '9', '61', '45', '10', '55', '54']]";"[['16', '24', '25', '29', '31', '51', '48', '52', '47', '53', '50', '57', '44', '49', '59'], ['2', '46', '6', '27', '3', '19', '20', '15', '43', '28', '42', '11', '40'], ['7', '32', '37', '26', '13', '34', '12', '30', '35', '36', '38', '39', '33'], ['22', '18', '21', '23', '17', '1', '4', '58', '60', '8', '5', '14'], ['56', '41', '9', '61', '45', '10', '55', '54']]";"[['16', '24', '25', '29', '31', '51', '48', '52', '47', '53', '50', '57', '44', '49', '59'], ['2', '46', '6', '27', '3', '19', '20', '15', '43', '28', '42', '11', '40'], ['7', '32', '37', '26', '13', '34', '12', '30', '35', '36', '38', '39', '33'], ['22', '18', '21', '23', '17', '1', '4', '58', '60', '8', '5', '14'], ['56', '41', '9', '61', '45', '10', '55', '54']]";"[3, 2, 2, 3, 3, 2, 1, 3, 4, 4, 2, 1, 1, 3, 2, 0, 3, 3, 2, 2, 3, 3, 3, 0, 0, 1, 2, 2, 0, 1, 0, 1, 1, 1, 1, 1, 1, 1, 1, 2, 4, 2, 2, 0, 4, 2, 0, 0, 0, 0, 0, 0, 0, 4, 4, 4, 0, 3, 0, 3, 4]";"[3, 1, 1, 3, 3, 1, 2, 3, 4, 4, 1, 2, 2, 3, 1, 0, 3, 3, 1, 1, 3, 3, 3, 0, 0, 2, 1, 1, 0, 2, 0, 2, 2, 2, 2, 2, 2, 2, 2, 1, 4, 1, 1, 0, 4, 1, 0, 0, 0, 0, 0, 0, 0, 4, 4, 4, 0, 3, 0, 3, 4]";"[3, 1, 1, 3, 3, 1, 2, 3, 4, 4, 1, 2, 2, 3, 1, 0, 3, 3, 1, 1, 3, 3, 3, 0, 0, 2, 1, 1, 0, 2, 0, 2, 2, 2, 2, 2, 2, 2, 2, 1, 4, 1, 1, 0, 4, 1, 0, 0, 0, 0, 0, 0, 0, 4, 4, 4, 0, 3, 0, 3, 4]";"[3, 1, 1, 3, 3, 1, 2, 3, 4, 4, 1, 2, 2, 3, 1, 0, 3, 3, 1, 1, 3, 3, 3, 0, 0, 2, 1, 1, 0, 2, 0, 2, 2, 2, 2, 2, 2, 2, 2, 1, 4, 1, 1, 0, 4, 1, 0, 0, 0, 0, 0, 0, 0, 4, 4, 4, 0, 3, 0, 3, 4]"
4;0;"aucs";"flat_nw";4;0.4162;0.4147;0.408;0.4054;"{'16': 0.44642857142857145, '24': 0.3055555555555556, '25': 0.5523809523809524, '29': 0.4512987012987013, '31': 0.2542016806722689, '51': 0.3968253968253968, '48': 0.21428571428571427, '52': 0.2888198757763975, '47': 0.41541353383458646, '53': 0.17857142857142858, '50': 0.35714285714285715, '57': 0.3051948051948052, '44': 0.44642857142857145, '49': 0.32142857142857145, '59': 0.48809523809523814}";"{'16': 0.44642857142857145, '24': 0.2642857142857143, '25': 0.5523809523809524, '29': 0.40372670807453415, '31': 0.23214285714285715, '51': 0.3968253968253968, '48': 0.21428571428571427, '52': 0.3005952380952381, '47': 0.41541353383458646, '53': 0.17857142857142858, '50': 0.35714285714285715, '57': 0.3051948051948052, '44': 0.3968253968253968, '49': 0.2857142857142857, '59': 0.48809523809523814}";"{'16': 0.5714285714285714, '24': 0.3055555555555556, '25': 0.5523809523809524, '29': 0.4512987012987013, '31': 0.2542016806722689, '51': 0.3968253968253968, '48': 0.21428571428571427, '52': 0.2888198757763975, '47': 0.41541353383458646, '53': 0.17857142857142858, '50': 0.35714285714285715, '57': 0.3051948051948052, '44': 0.44642857142857145, '49': 0.32142857142857145, '59': 0.48809523809523814}";"{'16': 0.44642857142857145, '24': 0.3055555555555556, '25': 0.5523809523809524, '29': 0.4512987012987013, '31': 0.2542016806722689, '51': 0.3968253968253968, '48': 0.2642857142857143, '52': 0.2888198757763975, '47': 0.41541353383458646, '53': 0.22402597402597402, '50': 0.44047619047619047, '57': 0.3051948051948052, '44': 0.44642857142857145, '49': 0.3928571428571429, '59': 0.48809523809523814}";0.0;0.0;0.0;0.0;0.958151101963811;1.0;0.958151101963811;0.9636579250469968;1.0;0.9636579250469968;0.936885433340956;1.0;0.936885433340956;0.9439972731128782;1.0;0.9439972731128782;0.0018;0.0494;0.0129;"['16', '24', '25', '29', '31', '51', '48', '52', '47', '53', '50', '57', '44', '49', '59']";"[('interD', ('26', '31')), ('interA', ('11', '52')), ('intraA', ('24', '49')), ('intraA', ('29', '44'))]";"[('interA', ('16', '7')), ('interA', ('16', '32')), ('interA', ('16', '37')), ('interA', ('16', '26'))]";"[('interA', ('48', '7')), ('interA', ('53', '56')), ('interA', ('40', '50')), ('interA', ('40', '49'))]";"[['16', '24', '25', '29', '31', '51', '48', '52', '47', '53', '50', '57', '44', '49', '59'], ['7', '32', '37', '26', '13', '34', '12', '30', '35', '36', '38', '39', '33', '14'], ['2', '46', '6', '27', '3', '19', '20', '15', '43', '28', '42', '11', '40'], ['18', '21', '23', '17', '1', '4', '58', '60', '8', '5', '22'], ['56', '41', '9', '61', '45', '10', '55', '54']]";"[['16', '24', '25', '29', '31', '51', '48', '52', '47', '53', '50', '57', '44', '49', '59'], ['7', '32', '37', '26', '13', '34', '12', '30', '35', '36', '38', '39', '33'], ['2', '46', '6', '27', '3', '19', '20', '15', '43', '28', '42', '11', '40'], ['22', '18', '21', '23', '17', '1', '4', '58', '60', '8', '5', '14'], ['56', '41', '9', '61', '45', '10', '55', '54']]";"[['16', '24', '25', '29', '31', '51', '48', '52', '47', '53', '50', '57', '44', '49', '59'], ['7', '32', '37', '26', '13', '34', '12', '30', '35', '36', '38', '39', '33', '14'], ['2', '46', '6', '27', '3', '19', '20', '15', '43', '28', '42', '11', '40'], ['18', '21', '23', '17', '1', '4', '58', '60', '8', '5', '22'], ['56', '41', '9', '61', '45', '10', '55', '54']]";"[3, 2, 2, 3, 3, 2, 1, 3, 4, 4, 2, 1, 1, 3, 2, 0, 3, 3, 2, 2, 3, 3, 3, 0, 0, 1, 2, 2, 0, 1, 0, 1, 1, 1, 1, 1, 1, 1, 1, 2, 4, 2, 2, 0, 4, 2, 0, 0, 0, 0, 0, 0, 0, 4, 4, 4, 0, 3, 0, 3, 4]";"[3, 2, 2, 3, 3, 2, 1, 3, 4, 4, 2, 1, 1, 1, 2, 0, 3, 3, 2, 2, 3, 3, 3, 0, 0, 1, 2, 2, 0, 1, 0, 1, 1, 1, 1, 1, 1, 1, 1, 2, 4, 2, 2, 0, 4, 2, 0, 0, 0, 0, 0, 0, 0, 4, 4, 4, 0, 3, 0, 3, 4]";"[3, 2, 2, 3, 3, 2, 1, 3, 4, 4, 2, 1, 1, 3, 2, 0, 3, 3, 2, 2, 3, 3, 3, 0, 0, 1, 2, 2, 0, 1, 0, 1, 1, 1, 1, 1, 1, 1, 1, 2, 4, 2, 2, 0, 4, 2, 0, 0, 0, 0, 0, 0, 0, 4, 4, 4, 0, 3, 0, 3, 4]";"[3, 2, 2, 3, 3, 2, 1, 3, 4, 4, 2, 1, 1, 1, 2, 0, 3, 3, 2, 2, 3, 3, 3, 0, 0, 1, 2, 2, 0, 1, 0, 1, 1, 1, 1, 1, 1, 1, 1, 2, 4, 2, 2, 0, 4, 2, 0, 0, 0, 0, 0, 0, 0, 4, 4, 4, 0, 3, 0, 3, 4]"
5;0;"aucs";"flat_nw";4;0.4162;0.4186;0.408;0.4056;"{'16': 0.44642857142857145, '24': 0.3055555555555556, '25': 0.5523809523809524, '29': 0.4512987012987013, '31': 0.2542016806722689, '51': 0.3968253968253968, '48': 0.21428571428571427, '52': 0.2888198757763975, '47': 0.41541353383458646, '53': 0.17857142857142858, '50': 0.35714285714285715, '57': 0.3051948051948052, '44': 0.44642857142857145, '49': 0.32142857142857145, '59': 0.48809523809523814}";"{'16': 0.3968253968253968, '24': 0.3055555555555556, '25': 0.5523809523809524, '29': 0.35714285714285715, '31': 0.2542016806722689, '51': 0.3482142857142857, '48': 0.21428571428571427, '52': 0.2888198757763975, '47': 0.4642857142857143, '53': 0.17857142857142858, '50': 0.35714285714285715, '57': 0.3051948051948052, '44': 0.44642857142857145, '49': 0.32142857142857145, '59': 0.48809523809523814}";"{'16': 0.5714285714285714, '24': 0.3055555555555556, '25': 0.5523809523809524, '29': 0.4512987012987013, '31': 0.2542016806722689, '51': 0.3968253968253968, '48': 0.21428571428571427, '52': 0.2888198757763975, '47': 0.41541353383458646, '53': 0.17857142857142858, '50': 0.35714285714285715, '57': 0.3051948051948052, '44': 0.44642857142857145, '49': 0.32142857142857145, '59': 0.48809523809523814}";"{'16': 0.44642857142857145, '24': 0.3055555555555556, '25': 0.5523809523809524, '29': 0.4512987012987013, '31': 0.2542016806722689, '51': 0.3968253968253968, '48': 0.2642857142857143, '52': 0.2888198757763975, '47': 0.41541353383458646, '53': 0.22402597402597402, '50': 0.44047619047619047, '57': 0.3051948051948052, '44': 0.44642857142857145, '49': 0.3928571428571429, '59': 0.48809523809523814}";0.0;0.0;0.0;0.0;1.0;1.0;0.958151101963811;1.0;1.0;0.9636579250469968;1.0;1.0;0.936885433340956;1.0;1.0;0.9439972731128782;0.0031;0.0662;0.0095;"['16', '24', '25', '29', '31', '51', '48', '52', '47', '53', '50', '57', '44', '49', '59']";"[('intraD', ('25', '47')), ('intraA', ('25', '29')), ('interD', ('51', '54')), ('intraA', ('16', '29'))]";"[('interA', ('16', '7')), ('interA', ('16', '32')), ('interA', ('16', '37')), ('interA', ('16', '26'))]";"[('interA', ('12', '48')), ('interA', ('53', '8')), ('interA', ('43', '50')), ('interA', ('49', '60'))]";"[['16', '24', '25', '29', '31', '51', '48', '52', '47', '53', '50', '57', '44', '49', '59'], ['2', '46', '6', '27', '3', '19', '20', '15', '43', '28', '42', '11', '40'], ['7', '32', '37', '26', '13', '34', '12', '30', '35', '36', '38', '39', '33'], ['22', '18', '21', '23', '17', '1', '4', '58', '60', '8', '5', '14'], ['56', '41', '9', '61', '45', '10', '55', '54']]";"[['16', '24', '25', '29', '31', '51', '48', '52', '47', '53', '50', '57', '44', '49', '59'], ['2', '46', '6', '27', '3', '19', '20', '15', '43', '28', '42', '11', '40'], ['7', '32', '37', '26', '13', '34', '12', '30', '35', '36', '38', '39', '33'], ['22', '18', '21', '23', '17', '1', '4', '58', '60', '8', '5', '14'], ['56', '41', '9', '61', '45', '10', '55', '54']]";"[['16', '24', '25', '29', '31', '51', '48', '52', '47', '53', '50', '57', '44', '49', '59'], ['7', '32', '37', '26', '13', '34', '12', '30', '35', '36', '38', '39', '33', '14'], ['2', '46', '6', '27', '3', '19', '20', '15', '43', '28', '42', '11', '40'], ['18', '21', '23', '17', '1', '4', '58', '60', '8', '5', '22'], ['56', '41', '9', '61', '45', '10', '55', '54']]";"[3, 2, 2, 3, 3, 2, 1, 3, 4, 4, 2, 1, 1, 3, 2, 0, 3, 3, 2, 2, 3, 3, 3, 0, 0, 1, 2, 2, 0, 1, 0, 1, 1, 1, 1, 1, 1, 1, 1, 2, 4, 2, 2, 0, 4, 2, 0, 0, 0, 0, 0, 0, 0, 4, 4, 4, 0, 3, 0, 3, 4]";"[3, 1, 1, 3, 3, 1, 2, 3, 4, 4, 1, 2, 2, 3, 1, 0, 3, 3, 1, 1, 3, 3, 3, 0, 0, 2, 1, 1, 0, 2, 0, 2, 2, 2, 2, 2, 2, 2, 2, 1, 4, 1, 1, 0, 4, 1, 0, 0, 0, 0, 0, 0, 0, 4, 4, 4, 0, 3, 0, 3, 4]";"[3, 1, 1, 3, 3, 1, 2, 3, 4, 4, 1, 2, 2, 3, 1, 0, 3, 3, 1, 1, 3, 3, 3, 0, 0, 2, 1, 1, 0, 2, 0, 2, 2, 2, 2, 2, 2, 2, 2, 1, 4, 1, 1, 0, 4, 1, 0, 0, 0, 0, 0, 0, 0, 4, 4, 4, 0, 3, 0, 3, 4]";"[3, 2, 2, 3, 3, 2, 1, 3, 4, 4, 2, 1, 1, 1, 2, 0, 3, 3, 2, 2, 3, 3, 3, 0, 0, 1, 2, 2, 0, 1, 0, 1, 1, 1, 1, 1, 1, 1, 1, 2, 4, 2, 2, 0, 4, 2, 0, 0, 0, 0, 0, 0, 0, 4, 4, 4, 0, 3, 0, 3, 4]"
6;0;"aucs";"flat_nw";4;0.4162;0.4108;0.408;0.4052;"{'16': 0.44642857142857145, '24': 0.3055555555555556, '25': 0.5523809523809524, '29': 0.4512987012987013, '31': 0.2542016806722689, '51': 0.3968253968253968, '48': 0.21428571428571427, '52': 0.2888198757763975, '47': 0.41541353383458646, '53': 0.17857142857142858, '50': 0.35714285714285715, '57': 0.3051948051948052, '44': 0.44642857142857145, '49': 0.32142857142857145, '59': 0.48809523809523814}";"{'16': 0.5, '24': 0.3055555555555556, '25': 0.5523809523809524, '29': 0.4512987012987013, '31': 0.29910714285714285, '51': 0.3968253968253968, '48': 0.21428571428571427, '52': 0.38095238095238093, '47': 0.4007936507936508, '53': 0.17857142857142858, '50': 0.35714285714285715, '57': 0.3051948051948052, '44': 0.44642857142857145, '49': 0.32142857142857145, '59': 0.5214285714285715}";"{'16': 0.5714285714285714, '24': 0.3055555555555556, '25': 0.5523809523809524, '29': 0.4512987012987013, '31': 0.2542016806722689, '51': 0.3968253968253968, '48': 0.21428571428571427, '52': 0.2888198757763975, '47': 0.41541353383458646, '53': 0.17857142857142858, '50': 0.35714285714285715, '57': 0.3051948051948052, '44': 0.44642857142857145, '49': 0.32142857142857145, '59': 0.48809523809523814}";"{'16': 0.44642857142857145, '24': 0.3055555555555556, '25': 0.5523809523809524, '29': 0.4512987012987013, '31': 0.2542016806722689, '51': 0.3968253968253968, '48': 0.2642857142857143, '52': 0.2888198757763975, '47': 0.41541353383458646, '53': 0.22402597402597402, '50': 0.44047619047619047, '57': 0.3051948051948052, '44': 0.44642857142857145, '49': 0.3928571428571429, '59': 0.48809523809523814}";0.0;0.0;0.0;0.0;0.958151101963811;1.0;0.958151101963811;0.9636579250469968;1.0;0.9636579250469968;0.936885433340956;1.0;0.936885433340956;0.9439972731128782;1.0;0.9439972731128782;0.0024;0.049;0.0075;"['16', '24', '25', '29', '31', '51', '48', '52', '47', '53', '50', '57', '44', '49', '59']";"[('interA', ('23', '59')), ('interD', ('45', '47')), ('intraD', ('16', '52')), ('intraD', ('31', '52'))]";"[('interA', ('16', '7')), ('interA', ('16', '32')), ('interA', ('16', '37')), ('interA', ('16', '26'))]";"[('interA', ('28', '48')), ('interA', ('42', '53')), ('interA', ('46', '50')), ('interA', ('33', '49'))]";"[['16', '24', '25', '29', '31', '51', '48', '52', '47', '53', '50', '57', '44', '49', '59'], ['7', '32', '37', '26', '13', '34', '12', '30', '35', '36', '38', '39', '33', '14'], ['2', '46', '6', '27', '3', '19', '20', '15', '43', '28', '42', '11', '40'], ['18', '21', '23', '17', '1', '4', '58', '60', '8', '5', '22'], ['56', '41', '9', '61', '45', '10', '55', '54']]";"[['16', '24', '25', '29', '31', '51', '48', '52', '47', '53', '50', '57', '44', '49', '59'], ['7', '32', '37', '26', '13', '34', '12', '30', '35', '36', '38', '39', '33'], ['2', '46', '6', '27', '3', '19', '20', '15', '43', '28', '42', '11', '40'], ['22', '18', '21', '23', '17', '1', '4', '58', '60', '8', '5', '14'], ['56', '41', '9', '61', '45', '10', '55', '54']]";"[['16', '24', '25', '29', '31', '51', '48', '52', '47', '53', '50', '57', '44', '49', '59'], ['7', '32', '37', '26', '13', '34', '12', '30', '35', '36', '38', '39', '33', '14'], ['2', '46', '6', '27', '3', '19', '20', '15', '43', '28', '42', '11', '40'], ['18', '21', '23', '17', '1', '4', '58', '60', '8', '5', '22'], ['56', '41', '9', '61', '45', '10', '55', '54']]";"[3, 2, 2, 3, 3, 2, 1, 3, 4, 4, 2, 1, 1, 3, 2, 0, 3, 3, 2, 2, 3, 3, 3, 0, 0, 1, 2, 2, 0, 1, 0, 1, 1, 1, 1, 1, 1, 1, 1, 2, 4, 2, 2, 0, 4, 2, 0, 0, 0, 0, 0, 0, 0, 4, 4, 4, 0, 3, 0, 3, 4]";"[3, 2, 2, 3, 3, 2, 1, 3, 4, 4, 2, 1, 1, 1, 2, 0, 3, 3, 2, 2, 3, 3, 3, 0, 0, 1, 2, 2, 0, 1, 0, 1, 1, 1, 1, 1, 1, 1, 1, 2, 4, 2, 2, 0, 4, 2, 0, 0, 0, 0, 0, 0, 0, 4, 4, 4, 0, 3, 0, 3, 4]";"[3, 2, 2, 3, 3, 2, 1, 3, 4, 4, 2, 1, 1, 3, 2, 0, 3, 3, 2, 2, 3, 3, 3, 0, 0, 1, 2, 2, 0, 1, 0, 1, 1, 1, 1, 1, 1, 1, 1, 2, 4, 2, 2, 0, 4, 2, 0, 0, 0, 0, 0, 0, 0, 4, 4, 4, 0, 3, 0, 3, 4]";"[3, 2, 2, 3, 3, 2, 1, 3, 4, 4, 2, 1, 1, 1, 2, 0, 3, 3, 2, 2, 3, 3, 3, 0, 0, 1, 2, 2, 0, 1, 0, 1, 1, 1, 1, 1, 1, 1, 1, 2, 4, 2, 2, 0, 4, 2, 0, 0, 0, 0, 0, 0, 0, 4, 4, 4, 0, 3, 0, 3, 4]"
7;0;"aucs";"flat_nw";4;0.4162;0.4162;0.408;0.4061;"{'16': 0.44642857142857145, '24': 0.3055555555555556, '25': 0.5523809523809524, '29': 0.4512987012987013, '31': 0.2542016806722689, '51': 0.3968253968253968, '48': 0.21428571428571427, '52': 0.2888198757763975, '47': 0.41541353383458646, '53': 0.17857142857142858, '50': 0.35714285714285715, '57': 0.3051948051948052, '44': 0.44642857142857145, '49': 0.32142857142857145, '59': 0.48809523809523814}";"{'16': 0.44642857142857145, '24': 0.3055555555555556, '25': 0.5523809523809524, '29': 0.4512987012987013, '31': 0.29910714285714285, '51': 0.3968253968253968, '48': 0.21428571428571427, '52': 0.3344155844155844, '47': 0.3678571428571429, '53': 0.14285714285714285, '50': 0.35714285714285715, '57': 0.35, '44': 0.3968253968253968, '49': 0.32142857142857145, '59': 0.48809523809523814}";"{'16': 0.5714285714285714, '24': 0.3055555555555556, '25': 0.5523809523809524, '29': 0.4512987012987013, '31': 0.2542016806722689, '51': 0.3968253968253968, '48': 0.21428571428571427, '52': 0.2888198757763975, '47': 0.41541353383458646, '53': 0.17857142857142858, '50': 0.35714285714285715, '57': 0.3051948051948052, '44': 0.44642857142857145, '49': 0.32142857142857145, '59': 0.48809523809523814}";"{'16': 0.44642857142857145, '24': 0.3055555555555556, '25': 0.5523809523809524, '29': 0.4512987012987013, '31': 0.2542016806722689, '51': 0.3968253968253968, '48': 0.2642857142857143, '52': 0.2888198757763975, '47': 0.41541353383458646, '53': 0.22402597402597402, '50': 0.44047619047619047, '57': 0.3051948051948052, '44': 0.44642857142857145, '49': 0.3928571428571429, '59': 0.48809523809523814}";0.0;0.0;0.0;0.0833333333333333;1.0;1.0;0.8413901082002964;1.0;1.0;0.8876013987878366;1.0;1.0;0.8695138286975022;1.0;1.0;0.8979839896889152;0.0035;0.0591;0.0087;"['16', '24', '25', '29', '31', '51', '48', '52', '47', '53', '50', '57', '44', '49', '59']";"[('intraA', ('44', '47')), ('intraD', ('25', '57')), ('intraA', ('25', '53')), ('intraD', ('31', '52'))]";"[('interA', ('16', '7')), ('interA', ('16', '32')), ('interA', ('16', '37')), ('interA', ('16', '26'))]";"[('interA', ('48', '55')), ('interA', ('2', '53')), ('interA', ('20', '50')), ('interA', ('49', '58'))]";"[['16', '24', '25', '29', '31', '51', '48', '52', '47', '53', '50', '57', '44', '49', '59'], ['7', '32', '37', '26', '13', '34', '12', '30', '35', '36', '38', '39', '33'], ['2', '46', '6', '27', '3', '19', '20', '15', '43', '28', '42', '11', '40'], ['22', '18', '21', '23', '17', '1', '4', '58', '60', '8', '5', '14'], ['56', '41', '9', '61', '45', '10', '55', '54']]";"[['16', '24', '25', '29', '31', '51', '48', '52', '47', '53', '50', '57', '44', '49', '59'], ['7', '32', '37', '26', '13', '34', '12', '30', '35', '36', '38', '39', '33'], ['2', '46', '6', '27', '3', '19', '20', '15', '43', '28', '42', '11', '40'], ['22', '18', '21', '23', '17', '1', '4', '58', '60', '8', '5', '14'], ['56', '41', '9', '61', '45', '10', '55', '54']]";"[['16', '24', '25', '29', '31', '51', '48', '52', '47', '53', '50', '57', '1', '4', '44', '58', '49', '59'], ['7', '32', '37', '26', '13', '34', '12', '30', '35', '36', '38', '39', '33', '14'], ['2', '46', '6', '27', '3', '19', '20', '15', '43', '28', '42', '11', '40'], ['56', '41', '9', '61', '45', '10', '55', '54'], ['18', '21', '23', '17', '60', '8', '5', '22']]";"[3, 2, 2, 3, 3, 2, 1, 3, 4, 4, 2, 1, 1, 3, 2, 0, 3, 3, 2, 2, 3, 3, 3, 0, 0, 1, 2, 2, 0, 1, 0, 1, 1, 1, 1, 1, 1, 1, 1, 2, 4, 2, 2, 0, 4, 2, 0, 0, 0, 0, 0, 0, 0, 4, 4, 4, 0, 3, 0, 3, 4]";"[3, 2, 2, 3, 3, 2, 1, 3, 4, 4, 2, 1, 1, 3, 2, 0, 3, 3, 2, 2, 3, 3, 3, 0, 0, 1, 2, 2, 0, 1, 0, 1, 1, 1, 1, 1, 1, 1, 1, 2, 4, 2, 2, 0, 4, 2, 0, 0, 0, 0, 0, 0, 0, 4, 4, 4, 0, 3, 0, 3, 4]";"[3, 2, 2, 3, 3, 2, 1, 3, 4, 4, 2, 1, 1, 3, 2, 0, 3, 3, 2, 2, 3, 3, 3, 0, 0, 1, 2, 2, 0, 1, 0, 1, 1, 1, 1, 1, 1, 1, 1, 2, 4, 2, 2, 0, 4, 2, 0, 0, 0, 0, 0, 0, 0, 4, 4, 4, 0, 3, 0, 3, 4]";"[0, 2, 2, 0, 4, 2, 1, 4, 3, 3, 2, 1, 1, 1, 2, 0, 4, 4, 2, 2, 4, 4, 4, 0, 0, 1, 2, 2, 0, 1, 0, 1, 1, 1, 1, 1, 1, 1, 1, 2, 3, 2, 2, 0, 3, 2, 0, 0, 0, 0, 0, 0, 0, 3, 3, 3, 0, 0, 0, 4, 3]"
8;0;"aucs";"flat_nw";4;0.4162;0.4104;0.408;0.4063;"{'16': 0.44642857142857145, '24': 0.3055555555555556, '25': 0.5523809523809524, '29': 0.4512987012987013, '31': 0.2542016806722689, '51': 0.3968253968253968, '48': 0.21428571428571427, '52': 0.2888198757763975, '47': 0.41541353383458646, '53': 0.17857142857142858, '50': 0.35714285714285715, '57': 0.3051948051948052, '44': 0.44642857142857145, '49': 0.32142857142857145, '59': 0.48809523809523814}";"{'16': 0.44642857142857145, '24': 0.3055555555555556, '25': 0.5, '29': 0.4512987012987013, '31': 0.2542016806722689, '51': 0.35, '48': 0.21428571428571427, '52': 0.3005952380952381, '47': 0.41541353383458646, '53': 0.22402597402597402, '50': 0.32142857142857145, '57': 0.3051948051948052, '44': 0.44642857142857145, '49': 0.32142857142857145, '59': 0.4357142857142857}";"{'16': 0.5714285714285714, '24': 0.3055555555555556, '25': 0.5523809523809524, '29': 0.4512987012987013, '31': 0.2542016806722689, '51': 0.3968253968253968, '48': 0.21428571428571427, '52': 0.2888198757763975, '47': 0.41541353383458646, '53': 0.17857142857142858, '50': 0.35714285714285715, '57': 0.3051948051948052, '44': 0.44642857142857145, '49': 0.32142857142857145, '59': 0.48809523809523814}";"{'16': 0.44642857142857145, '24': 0.3055555555555556, '25': 0.5523809523809524, '29': 0.4512987012987013, '31': 0.2542016806722689, '51': 0.3968253968253968, '48': 0.2642857142857143, '52': 0.2888198757763975, '47': 0.41541353383458646, '53': 0.22402597402597402, '50': 0.44047619047619047, '57': 0.3051948051948052, '44': 0.44642857142857145, '49': 0.3928571428571429, '59': 0.48809523809523814}";0.0;0.0;0.0;0.0;0.958151101963811;1.0;0.958151101963811;0.9636579250469968;1.0;0.9636579250469968;0.936885433340956;1.0;0.936885433340956;0.9439972731128782;1.0;0.9439972731128782;0.0019;0.0522;0.0098;"['16', '24', '25', '29', '31', '51', '48', '52', '47', '53', '50', '57', '44', '49', '59']";"[('intraA', ('25', '50')), ('interA', ('53', '7')), ('interA', ('15', '52')), ('intraA', ('51', '59'))]";"[('interA', ('16', '7')), ('interA', ('16', '32')), ('interA', ('16', '37')), ('interA', ('16', '26'))]";"[('interA', ('48', '61')), ('interA', ('45', '53')), ('interA', ('40', '50')), ('interA', ('41', '49'))]";"[['16', '24', '25', '29', '31', '51', '48', '52', '47', '53', '50', '57', '44', '49', '59'], ['7', '32', '37', '26', '13', '34', '12', '30', '35', '36', '38', '39', '33', '14'], ['2', '46', '6', '27', '3', '19', '20', '15', '43', '28', '42', '11', '40'], ['18', '21', '23', '17', '1', '4', '58', '60', '8', '5', '22'], ['56', '41', '9', '61', '45', '10', '55', '54']]";"[['16', '24', '25', '29', '31', '51', '48', '52', '47', '53', '50', '57', '44', '49', '59'], ['2', '46', '6', '27', '3', '19', '20', '15', '43', '28', '42', '11', '40'], ['7', '32', '37', '26', '13', '34', '12', '30', '35', '36', '38', '39', '33'], ['22', '18', '21', '23', '17', '1', '4', '58', '60', '8', '5', '14'], ['56', '41', '9', '61', '45', '10', '55', '54']]";"[['16', '24', '25', '29', '31', '51', '48', '52', '47', '53', '50', '57', '44', '49', '59'], ['7', '32', '37', '26', '13', '34', '12', '30', '35', '36', '38', '39', '33', '14'], ['2', '46', '6', '27', '3', '19', '20', '15', '43', '28', '42', '11', '40'], ['18', '21', '23', '17', '1', '4', '58', '60', '8', '5', '22'], ['56', '41', '9', '61', '45', '10', '55', '54']]";"[3, 2, 2, 3, 3, 2, 1, 3, 4, 4, 2, 1, 1, 3, 2, 0, 3, 3, 2, 2, 3, 3, 3, 0, 0, 1, 2, 2, 0, 1, 0, 1, 1, 1, 1, 1, 1, 1, 1, 2, 4, 2, 2, 0, 4, 2, 0, 0, 0, 0, 0, 0, 0, 4, 4, 4, 0, 3, 0, 3, 4]";"[3, 2, 2, 3, 3, 2, 1, 3, 4, 4, 2, 1, 1, 1, 2, 0, 3, 3, 2, 2, 3, 3, 3, 0, 0, 1, 2, 2, 0, 1, 0, 1, 1, 1, 1, 1, 1, 1, 1, 2, 4, 2, 2, 0, 4, 2, 0, 0, 0, 0, 0, 0, 0, 4, 4, 4, 0, 3, 0, 3, 4]";"[3, 1, 1, 3, 3, 1, 2, 3, 4, 4, 1, 2, 2, 3, 1, 0, 3, 3, 1, 1, 3, 3, 3, 0, 0, 2, 1, 1, 0, 2, 0, 2, 2, 2, 2, 2, 2, 2, 2, 1, 4, 1, 1, 0, 4, 1, 0, 0, 0, 0, 0, 0, 0, 4, 4, 4, 0, 3, 0, 3, 4]";"[3, 2, 2, 3, 3, 2, 1, 3, 4, 4, 2, 1, 1, 1, 2, 0, 3, 3, 2, 2, 3, 3, 3, 0, 0, 1, 2, 2, 0, 1, 0, 1, 1, 1, 1, 1, 1, 1, 1, 2, 4, 2, 2, 0, 4, 2, 0, 0, 0, 0, 0, 0, 0, 4, 4, 4, 0, 3, 0, 3, 4]"
9;0;"aucs";"flat_nw";4;0.4162;0.4157;0.408;0.4057;"{'16': 0.44642857142857145, '24': 0.3055555555555556, '25': 0.5523809523809524, '29': 0.4512987012987013, '31': 0.2542016806722689, '51': 0.3968253968253968, '48': 0.21428571428571427, '52': 0.2888198757763975, '47': 0.41541353383458646, '53': 0.17857142857142858, '50': 0.35714285714285715, '57': 0.3051948051948052, '44': 0.44642857142857145, '49': 0.32142857142857145, '59': 0.48809523809523814}";"{'16': 0.5, '24': 0.3055555555555556, '25': 0.5523809523809524, '29': 0.4512987012987013, '31': 0.29910714285714285, '51': 0.3968253968253968, '48': 0.21428571428571427, '52': 0.275974025974026, '47': 0.41541353383458646, '53': 0.22402597402597402, '50': 0.35714285714285715, '57': 0.3051948051948052, '44': 0.3968253968253968, '49': 0.2857142857142857, '59': 0.48809523809523814}";"{'16': 0.5714285714285714, '24': 0.3055555555555556, '25': 0.5523809523809524, '29': 0.4512987012987013, '31': 0.2542016806722689, '51': 0.3968253968253968, '48': 0.21428571428571427, '52': 0.2888198757763975, '47': 0.41541353383458646, '53': 0.17857142857142858, '50': 0.35714285714285715, '57': 0.3051948051948052, '44': 0.44642857142857145, '49': 0.32142857142857145, '59': 0.48809523809523814}";"{'16': 0.44642857142857145, '24': 0.3055555555555556, '25': 0.5523809523809524, '29': 0.4512987012987013, '31': 0.2542016806722689, '51': 0.3968253968253968, '48': 0.2642857142857143, '52': 0.2888198757763975, '47': 0.41541353383458646, '53': 0.22402597402597402, '50': 0.44047619047619047, '57': 0.3051948051948052, '44': 0.44642857142857145, '49': 0.3928571428571429, '59': 0.48809523809523814}";0.0;0.0;0.0;0.0;1.0;1.0;0.958151101963811;1.0;1.0;0.9636579250469968;1.0;1.0;0.936885433340956;1.0;1.0;0.9439972731128782;0.0018;0.0483;0.0074;"['16', '24', '25', '29', '31', '51', '48', '52', '47', '53', '50', '57', '44', '49', '59']";"[('intraA', ('44', '49')), ('interA', ('26', '53')), ('interD', ('10', '52')), ('intraD', ('16', '31'))]";"[('interA', ('16', '7')), ('interA', ('16', '32')), ('interA', ('16', '37')), ('interA', ('16', '26'))]";"[('interA', ('27', '48')), ('interA', ('22', '53')), ('interA', ('43', '50')), ('interA', ('40', '49'))]";"[['16', '24', '25', '29', '31', '51', '48', '52', '47', '53', '50', '57', '44', '49', '59'], ['2', '46', '6', '27', '3', '19', '20', '15', '43', '28', '42', '11', '40'], ['7', '32', '37', '26', '13', '34', '12', '30', '35', '36', '38', '39', '33'], ['22', '18', '21', '23', '17', '1', '4', '58', '60', '8', '5', '14'], ['56', '41', '9', '61', '45', '10', '55', '54']]";"[['16', '24', '25', '29', '31', '51', '48', '52', '47', '53', '50', '57', '44', '49', '59'], ['2', '46', '6', '27', '3', '19', '20', '15', '43', '28', '42', '11', '40'], ['7', '32', '37', '26', '13', '34', '12', '30', '35', '36', '38', '39', '33'], ['22', '18', '21', '23', '17', '1', '4', '58', '60', '8', '5', '14'], ['56', '41', '9', '61', '45', '10', '55', '54']]";"[['16', '24', '25', '29', '31', '51', '48', '52', '47', '53', '50', '57', '44', '49', '59'], ['7', '32', '37', '26', '13', '34', '12', '30', '35', '36', '38', '39', '33', '14'], ['2', '46', '6', '27', '3', '19', '20', '15', '43', '28', '42', '11', '40'], ['18', '21', '23', '17', '1', '4', '58', '60', '8', '5', '22'], ['56', '41', '9', '61', '45', '10', '55', '54']]";"[3, 2, 2, 3, 3, 2, 1, 3, 4, 4, 2, 1, 1, 3, 2, 0, 3, 3, 2, 2, 3, 3, 3, 0, 0, 1, 2, 2, 0, 1, 0, 1, 1, 1, 1, 1, 1, 1, 1, 2, 4, 2, 2, 0, 4, 2, 0, 0, 0, 0, 0, 0, 0, 4, 4, 4, 0, 3, 0, 3, 4]";"[3, 1, 1, 3, 3, 1, 2, 3, 4, 4, 1, 2, 2, 3, 1, 0, 3, 3, 1, 1, 3, 3, 3, 0, 0, 2, 1, 1, 0, 2, 0, 2, 2, 2, 2, 2, 2, 2, 2, 1, 4, 1, 1, 0, 4, 1, 0, 0, 0, 0, 0, 0, 0, 4, 4, 4, 0, 3, 0, 3, 4]";"[3, 1, 1, 3, 3, 1, 2, 3, 4, 4, 1, 2, 2, 3, 1, 0, 3, 3, 1, 1, 3, 3, 3, 0, 0, 2, 1, 1, 0, 2, 0, 2, 2, 2, 2, 2, 2, 2, 2, 1, 4, 1, 1, 0, 4, 1, 0, 0, 0, 0, 0, 0, 0, 4, 4, 4, 0, 3, 0, 3, 4]";"[3, 2, 2, 3, 3, 2, 1, 3, 4, 4, 2, 1, 1, 1, 2, 0, 3, 3, 2, 2, 3, 3, 3, 0, 0, 1, 2, 2, 0, 1, 0, 1, 1, 1, 1, 1, 1, 1, 1, 2, 4, 2, 2, 0, 4, 2, 0, 0, 0, 0, 0, 0, 0, 4, 4, 4, 0, 3, 0, 3, 4]"
10;0;"aucs";"flat_nw";4;0.4162;0.413;0.408;0.405;"{'16': 0.44642857142857145, '24': 0.3055555555555556, '25': 0.5523809523809524, '29': 0.4512987012987013, '31': 0.2542016806722689, '51': 0.3968253968253968, '48': 0.21428571428571427, '52': 0.2888198757763975, '47': 0.41541353383458646, '53': 0.17857142857142858, '50': 0.35714285714285715, '57': 0.3051948051948052, '44': 0.44642857142857145, '49': 0.32142857142857145, '59': 0.48809523809523814}";"{'16': 0.48809523809523814, '24': 0.3055555555555556, '25': 0.5523809523809524, '29': 0.4512987012987013, '31': 0.23214285714285715, '51': 0.3968253968253968, '48': 0.25, '52': 0.2888198757763975, '47': 0.3678571428571429, '53': 0.17857142857142858, '50': 0.35714285714285715, '57': 0.3051948051948052, '44': 0.44642857142857145, '49': 0.35714285714285715, '59': 0.4357142857142857}";"{'16': 0.5714285714285714, '24': 0.3055555555555556, '25': 0.5523809523809524, '29': 0.4512987012987013, '31': 0.2542016806722689, '51': 0.3968253968253968, '48': 0.21428571428571427, '52': 0.2888198757763975, '47': 0.41541353383458646, '53': 0.17857142857142858, '50': 0.35714285714285715, '57': 0.3051948051948052, '44': 0.44642857142857145, '49': 0.32142857142857145, '59': 0.48809523809523814}";"{'16': 0.44642857142857145, '24': 0.3055555555555556, '25': 0.5523809523809524, '29': 0.4512987012987013, '31': 0.2542016806722689, '51': 0.3968253968253968, '48': 0.2642857142857143, '52': 0.2888198757763975, '47': 0.41541353383458646, '53': 0.22402597402597402, '50': 0.44047619047619047, '57': 0.3051948051948052, '44': 0.44642857142857145, '49': 0.3928571428571429, '59': 0.48809523809523814}";0.0;0.0;0.0;0.0;0.958151101963811;1.0;0.958151101963811;0.9636579250469968;1.0;0.9636579250469968;0.936885433340956;1.0;0.936885433340956;0.9439972731128782;1.0;0.9439972731128782;0.0023;0.0555;0.0123;"['16', '24', '25', '29', '31', '51', '48', '52', '47', '53', '50', '57', '44', '49', '59']";"[('intraA', ('47', '59')), ('interD', ('31', '35')), ('interA', ('16', '2')), ('intraD', ('48', '49'))]";"[('interA', ('16', '7')), ('interA', ('16', '32')), ('interA', ('16', '37')), ('interA', ('16', '26'))]";"[('interA', ('22', '48')), ('interA', ('13', '53')), ('interA', ('26', '50')), ('interA', ('28', '49'))]";"[['16', '24', '25', '29', '31', '51', '48', '52', '47', '53', '50', '57', '44', '49', '59'], ['7', '32', '37', '26', '13', '34', '12', '30', '35', '36', '38', '39', '33', '14'], ['2', '46', '6', '27', '3', '19', '20', '15', '43', '28', '42', '11', '40'], ['18', '21', '23', '17', '1', '4', '58', '60', '8', '5', '22'], ['56', '41', '9', '61', '45', '10', '55', '54']]";"[['16', '24', '25', '29', '31', '51', '48', '52', '47', '53', '50', '57', '44', '49', '59'], ['2', '46', '6', '27', '3', '19', '20', '15', '43', '28', '42', '11', '40'], ['7', '32', '37', '26', '13', '34', '12', '30', '35', '36', '38', '39', '33'], ['22', '18', '21', '23', '17', '1', '4', '58', '60', '8', '5', '14'], ['56', '41', '9', '61', '45', '10', '55', '54']]";"[['16', '24', '25', '29', '31', '51', '48', '52', '47', '53', '50', '57', '44', '49', '59'], ['7', '32', '37', '26', '13', '34', '12', '30', '35', '36', '38', '39', '33', '14'], ['2', '46', '6', '27', '3', '19', '20', '15', '43', '28', '42', '11', '40'], ['18', '21', '23', '17', '1', '4', '58', '60', '8', '5', '22'], ['56', '41', '9', '61', '45', '10', '55', '54']]";"[3, 2, 2, 3, 3, 2, 1, 3, 4, 4, 2, 1, 1, 3, 2, 0, 3, 3, 2, 2, 3, 3, 3, 0, 0, 1, 2, 2, 0, 1, 0, 1, 1, 1, 1, 1, 1, 1, 1, 2, 4, 2, 2, 0, 4, 2, 0, 0, 0, 0, 0, 0, 0, 4, 4, 4, 0, 3, 0, 3, 4]";"[3, 2, 2, 3, 3, 2, 1, 3, 4, 4, 2, 1, 1, 1, 2, 0, 3, 3, 2, 2, 3, 3, 3, 0, 0, 1, 2, 2, 0, 1, 0, 1, 1, 1, 1, 1, 1, 1, 1, 2, 4, 2, 2, 0, 4, 2, 0, 0, 0, 0, 0, 0, 0, 4, 4, 4, 0, 3, 0, 3, 4]";"[3, 1, 1, 3, 3, 1, 2, 3, 4, 4, 1, 2, 2, 3, 1, 0, 3, 3, 1, 1, 3, 3, 3, 0, 0, 2, 1, 1, 0, 2, 0, 2, 2, 2, 2, 2, 2, 2, 2, 1, 4, 1, 1, 0, 4, 1, 0, 0, 0, 0, 0, 0, 0, 4, 4, 4, 0, 3, 0, 3, 4]";"[3, 2, 2, 3, 3, 2, 1, 3, 4, 4, 2, 1, 1, 1, 2, 0, 3, 3, 2, 2, 3, 3, 3, 0, 0, 1, 2, 2, 0, 1, 0, 1, 1, 1, 1, 1, 1, 1, 1, 2, 4, 2, 2, 0, 4, 2, 0, 0, 0, 0, 0, 0, 0, 4, 4, 4, 0, 3, 0, 3, 4]"
11;0;"aucs";"flat_nw";4;0.4162;0.4165;0.408;0.4088;"{'16': 0.44642857142857145, '24': 0.3055555555555556, '25': 0.5523809523809524, '29': 0.4512987012987013, '31': 0.2542016806722689, '51': 0.3968253968253968, '48': 0.21428571428571427, '52': 0.2888198757763975, '47': 0.41541353383458646, '53': 0.17857142857142858, '50': 0.35714285714285715, '57': 0.3051948051948052, '44': 0.44642857142857145, '49': 0.32142857142857145, '59': 0.48809523809523814}";"{'16': 0.3968253968253968, '24': 0.3055555555555556, '25': 0.6071428571428572, '29': 0.4512987012987013, '31': 0.2542016806722689, '51': 0.3968253968253968, '48': 0.21428571428571427, '52': 0.3005952380952381, '47': 0.4007936507936508, '53': 0.17857142857142858, '50': 0.35714285714285715, '57': 0.3051948051948052, '44': 0.5, '49': 0.2857142857142857, '59': 0.48809523809523814}";"{'16': 0.5714285714285714, '24': 0.3055555555555556, '25': 0.5523809523809524, '29': 0.4512987012987013, '31': 0.2542016806722689, '51': 0.3968253968253968, '48': 0.21428571428571427, '52': 0.2888198757763975, '47': 0.41541353383458646, '53': 0.17857142857142858, '50': 0.35714285714285715, '57': 0.3051948051948052, '44': 0.44642857142857145, '49': 0.32142857142857145, '59': 0.48809523809523814}";"{'16': 0.44642857142857145, '24': 0.3055555555555556, '25': 0.5523809523809524, '29': 0.4512987012987013, '31': 0.2542016806722689, '51': 0.3968253968253968, '48': 0.2642857142857143, '52': 0.2888198757763975, '47': 0.41541353383458646, '53': 0.22402597402597402, '50': 0.44047619047619047, '57': 0.3051948051948052, '44': 0.44642857142857145, '49': 0.3928571428571429, '59': 0.48809523809523814}";0.0;0.0;0.0;0.0;1.0;1.0;1.0;1.0;1.0;1.0;1.0;1.0;1.0;1.0;1.0;1.0;0.0026;0.0527;0.0083;"['16', '24', '25', '29', '31', '51', '48', '52', '47', '53', '50', '57', '44', '49', '59']";"[('interD', ('3', '47')), ('intraD', ('25', '44')), ('intraA', ('16', '49')), ('interA', ('52', '61'))]";"[('interA', ('16', '7')), ('interA', ('16', '32')), ('interA', ('16', '37')), ('interA', ('16', '26'))]";"[('interA', ('38', '48')), ('interA', ('13', '53')), ('interA', ('46', '50')), ('interA', ('49', '54'))]";"[['16', '24', '25', '29', '31', '51', '48', '52', '47', '53', '50', '57', '44', '49', '59'], ['2', '46', '6', '27', '3', '19', '20', '15', '43', '28', '42', '11', '40'], ['7', '32', '37', '26', '13', '34', '12', '30', '35', '36', '38', '39', '33'], ['22', '18', '21', '23', '17', '1', '4', '58', '60', '8', '5', '14'], ['56', '41', '9', '61', '45', '10', '55', '54']]";"[['16', '24', '25', '29', '31', '51', '48', '52', '47', '53', '50', '57', '44', '49', '59'], ['7', '32', '37', '26', '13', '34', '12', '30', '35', '36', '38', '39', '33'], ['2', '46', '6', '27', '3', '19', '20', '15', '43', '28', '42', '11', '40'], ['22', '18', '21', '23', '17', '1', '4', '58', '60', '8', '5', '14'], ['56', '41', '9', '61', '45', '10', '55', '54']]";"[['16', '24', '25', '29', '31', '51', '48', '52', '47', '53', '50', '57', '44', '49', '59'], ['2', '46', '6', '27', '3', '19', '20', '15', '43', '28', '42', '11', '40'], ['7', '32', '37', '26', '13', '34', '12', '30', '35', '36', '38', '39', '33'], ['22', '18', '21', '23', '17', '1', '4', '58', '60', '8', '5', '14'], ['56', '41', '9', '61', '45', '10', '55', '54']]";"[3, 2, 2, 3, 3, 2, 1, 3, 4, 4, 2, 1, 1, 3, 2, 0, 3, 3, 2, 2, 3, 3, 3, 0, 0, 1, 2, 2, 0, 1, 0, 1, 1, 1, 1, 1, 1, 1, 1, 2, 4, 2, 2, 0, 4, 2, 0, 0, 0, 0, 0, 0, 0, 4, 4, 4, 0, 3, 0, 3, 4]";"[3, 1, 1, 3, 3, 1, 2, 3, 4, 4, 1, 2, 2, 3, 1, 0, 3, 3, 1, 1, 3, 3, 3, 0, 0, 2, 1, 1, 0, 2, 0, 2, 2, 2, 2, 2, 2, 2, 2, 1, 4, 1, 1, 0, 4, 1, 0, 0, 0, 0, 0, 0, 0, 4, 4, 4, 0, 3, 0, 3, 4]";"[3, 2, 2, 3, 3, 2, 1, 3, 4, 4, 2, 1, 1, 3, 2, 0, 3, 3, 2, 2, 3, 3, 3, 0, 0, 1, 2, 2, 0, 1, 0, 1, 1, 1, 1, 1, 1, 1, 1, 2, 4, 2, 2, 0, 4, 2, 0, 0, 0, 0, 0, 0, 0, 4, 4, 4, 0, 3, 0, 3, 4]";"[3, 1, 1, 3, 3, 1, 2, 3, 4, 4, 1, 2, 2, 3, 1, 0, 3, 3, 1, 1, 3, 3, 3, 0, 0, 2, 1, 1, 0, 2, 0, 2, 2, 2, 2, 2, 2, 2, 2, 1, 4, 1, 1, 0, 4, 1, 0, 0, 0, 0, 0, 0, 0, 4, 4, 4, 0, 3, 0, 3, 4]"
12;0;"aucs";"flat_nw";4;0.4162;0.4128;0.408;0.4085;"{'16': 0.44642857142857145, '24': 0.3055555555555556, '25': 0.5523809523809524, '29': 0.4512987012987013, '31': 0.2542016806722689, '51': 0.3968253968253968, '48': 0.21428571428571427, '52': 0.2888198757763975, '47': 0.41541353383458646, '53': 0.17857142857142858, '50': 0.35714285714285715, '57': 0.3051948051948052, '44': 0.44642857142857145, '49': 0.32142857142857145, '59': 0.48809523809523814}";"{'16': 0.44642857142857145, '24': 0.3055555555555556, '25': 0.5523809523809524, '29': 0.55, '31': 0.29910714285714285, '51': 0.5, '48': 0.21428571428571427, '52': 0.3344155844155844, '47': 0.41541353383458646, '53': 0.21428571428571427, '50': 0.39285714285714285, '57': 0.3051948051948052, '44': 0.44642857142857145, '49': 0.32142857142857145, '59': 0.48809523809523814}";"{'16': 0.5714285714285714, '24': 0.3055555555555556, '25': 0.5523809523809524, '29': 0.4512987012987013, '31': 0.2542016806722689, '51': 0.3968253968253968, '48': 0.21428571428571427, '52': 0.2888198757763975, '47': 0.41541353383458646, '53': 0.17857142857142858, '50': 0.35714285714285715, '57': 0.3051948051948052, '44': 0.44642857142857145, '49': 0.32142857142857145, '59': 0.48809523809523814}";"{'16': 0.44642857142857145, '24': 0.3055555555555556, '25': 0.5523809523809524, '29': 0.4512987012987013, '31': 0.2542016806722689, '51': 0.3968253968253968, '48': 0.2642857142857143, '52': 0.2888198757763975, '47': 0.41541353383458646, '53': 0.22402597402597402, '50': 0.44047619047619047, '57': 0.3051948051948052, '44': 0.44642857142857145, '49': 0.3928571428571429, '59': 0.48809523809523814}";0.0;0.0;0.0;0.0;1.0;1.0;1.0;1.0;1.0;1.0;1.0;1.0;1.0;1.0;1.0;1.0;0.0017;0.0589;0.0099;"['16', '24', '25', '29', '31', '51', '48', '52', '47', '53', '50', '57', '44', '49', '59']";"[('intraD', ('29', '51')), ('intraD', ('29', '50')), ('intraD', ('51', '53')), ('intraD', ('31', '52'))]";"[('interA', ('16', '7')), ('interA', ('16', '32')), ('interA', ('16', '37')), ('interA', ('16', '26'))]";"[('interA', ('13', '48')), ('interA', ('43', '53')), ('interA', ('36', '50')), ('interA', ('3', '49'))]";"[['16', '24', '25', '29', '31', '51', '48', '52', '47', '53', '50', '57', '44', '49', '59'], ['7', '32', '37', '26', '13', '34', '12', '30', '35', '36', '38', '39', '33'], ['2', '46', '6', '27', '3', '19', '20', '15', '43', '28', '42', '11', '40'], ['22', '18', '21', '23', '17', '1', '4', '58', '60', '8', '5', '14'], ['56', '41', '9', '61', '45', '10', '55', '54']]";"[['16', '24', '25', '29', '31', '51', '48', '52', '47', '53', '50', '57', '44', '49', '59'], ['2', '46', '6', '27', '3', '19', '20', '15', '43', '28', '42', '11', '40'], ['7', '32', '37', '26', '13', '34', '12', '30', '35', '36', '38', '39', '33'], ['22', '18', '21', '23', '17', '1', '4', '58', '60', '8', '5', '14'], ['56', '41', '9', '61', '45', '10', '55', '54']]";"[['16', '24', '25', '29', '31', '51', '48', '52', '47', '53', '50', '57', '44', '49', '59'], ['7', '32', '37', '26', '13', '34', '12', '30', '35', '36', '38', '39', '33'], ['2', '46', '6', '27', '3', '19', '20', '15', '43', '28', '42', '11', '40'], ['22', '18', '21', '23', '17', '1', '4', '58', '60', '8', '5', '14'], ['56', '41', '9', '61', '45', '10', '55', '54']]";"[3, 2, 2, 3, 3, 2, 1, 3, 4, 4, 2, 1, 1, 3, 2, 0, 3, 3, 2, 2, 3, 3, 3, 0, 0, 1, 2, 2, 0, 1, 0, 1, 1, 1, 1, 1, 1, 1, 1, 2, 4, 2, 2, 0, 4, 2, 0, 0, 0, 0, 0, 0, 0, 4, 4, 4, 0, 3, 0, 3, 4]";"[3, 2, 2, 3, 3, 2, 1, 3, 4, 4, 2, 1, 1, 3, 2, 0, 3, 3, 2, 2, 3, 3, 3, 0, 0, 1, 2, 2, 0, 1, 0, 1, 1, 1, 1, 1, 1, 1, 1, 2, 4, 2, 2, 0, 4, 2, 0, 0, 0, 0, 0, 0, 0, 4, 4, 4, 0, 3, 0, 3, 4]";"[3, 1, 1, 3, 3, 1, 2, 3, 4, 4, 1, 2, 2, 3, 1, 0, 3, 3, 1, 1, 3, 3, 3, 0, 0, 2, 1, 1, 0, 2, 0, 2, 2, 2, 2, 2, 2, 2, 2, 1, 4, 1, 1, 0, 4, 1, 0, 0, 0, 0, 0, 0, 0, 4, 4, 4, 0, 3, 0, 3, 4]";"[3, 2, 2, 3, 3, 2, 1, 3, 4, 4, 2, 1, 1, 3, 2, 0, 3, 3, 2, 2, 3, 3, 3, 0, 0, 1, 2, 2, 0, 1, 0, 1, 1, 1, 1, 1, 1, 1, 1, 2, 4, 2, 2, 0, 4, 2, 0, 0, 0, 0, 0, 0, 0, 4, 4, 4, 0, 3, 0, 3, 4]"
13;0;"aucs";"flat_nw";4;0.4162;0.4145;0.408;0.4059;"{'16': 0.44642857142857145, '24': 0.3055555555555556, '25': 0.5523809523809524, '29': 0.4512987012987013, '31': 0.2542016806722689, '51': 0.3968253968253968, '48': 0.21428571428571427, '52': 0.2888198757763975, '47': 0.41541353383458646, '53': 0.17857142857142858, '50': 0.35714285714285715, '57': 0.3051948051948052, '44': 0.44642857142857145, '49': 0.32142857142857145, '59': 0.48809523809523814}";"{'16': 0.44642857142857145, '24': 0.3055555555555556, '25': 0.5523809523809524, '29': 0.46118012422360244, '31': 0.29910714285714285, '51': 0.3968253968253968, '48': 0.21428571428571427, '52': 0.3214285714285714, '47': 0.5147058823529411, '53': 0.17857142857142858, '50': 0.35714285714285715, '57': 0.3051948051948052, '44': 0.44642857142857145, '49': 0.32142857142857145, '59': 0.48809523809523814}";"{'16': 0.5714285714285714, '24': 0.3055555555555556, '25': 0.5523809523809524, '29': 0.4512987012987013, '31': 0.2542016806722689, '51': 0.3968253968253968, '48': 0.21428571428571427, '52': 0.2888198757763975, '47': 0.41541353383458646, '53': 0.17857142857142858, '50': 0.35714285714285715, '57': 0.3051948051948052, '44': 0.44642857142857145, '49': 0.32142857142857145, '59': 0.48809523809523814}";"{'16': 0.44642857142857145, '24': 0.3055555555555556, '25': 0.5523809523809524, '29': 0.4512987012987013, '31': 0.2542016806722689, '51': 0.3968253968253968, '48': 0.2642857142857143, '52': 0.2888198757763975, '47': 0.41541353383458646, '53': 0.22402597402597402, '50': 0.44047619047619047, '57': 0.3051948051948052, '44': 0.44642857142857145, '49': 0.3928571428571429, '59': 0.48809523809523814}";0.0;0.0;0.0;0.0;1.0;1.0;0.958151101963811;1.0;1.0;0.9636579250469968;1.0;1.0;0.936885433340956;1.0;1.0;0.9439972731128782;0.0018;0.0483;0.0098;"['16', '24', '25', '29', '31', '51', '48', '52', '47', '53', '50', '57', '44', '49', '59']";"[('interA', ('29', '33')), ('interD', ('32', '52')), ('intraD', ('31', '47')), ('intraD', ('47', '52'))]";"[('interA', ('16', '7')), ('interA', ('16', '32')), ('interA', ('16', '37')), ('interA', ('16', '26'))]";"[('interA', ('20', '48')), ('interA', ('17', '53')), ('interA', ('27', '50')), ('interA', ('49', '5'))]";"[['16', '24', '25', '29', '31', '51', '48', '52', '47', '53', '50', '57', '44', '49', '59'], ['7', '32', '37', '26', '13', '34', '12', '30', '35', '36', '38', '39', '33'], ['2', '46', '6', '27', '3', '19', '20', '15', '43', '28', '42', '11', '40'], ['22', '18', '21', '23', '17', '1', '4', '58', '60', '8', '5', '14'], ['56', '41', '9', '61', '45', '10', '55', '54']]";"[['16', '24', '25', '29', '31', '51', '48', '52', '47', '53', '50', '57', '44', '49', '59'], ['2', '46', '6', '27', '3', '19', '20', '15', '43', '28', '42', '11', '40'], ['7', '32', '37', '26', '13', '34', '12', '30', '35', '36', '38', '39', '33'], ['22', '18', '21', '23', '17', '1', '4', '58', '60', '8', '5', '14'], ['56', '41', '9', '61', '45', '10', '55', '54']]";"[['16', '24', '25', '29', '31', '51', '48', '52', '47', '53', '50', '57', '44', '49', '59'], ['7', '32', '37', '26', '13', '34', '12', '30', '35', '36', '38', '39', '33', '14'], ['2', '46', '6', '27', '3', '19', '20', '15', '43', '28', '42', '11', '40'], ['18', '21', '23', '17', '1', '4', '58', '60', '8', '5', '22'], ['56', '41', '9', '61', '45', '10', '55', '54']]";"[3, 2, 2, 3, 3, 2, 1, 3, 4, 4, 2, 1, 1, 3, 2, 0, 3, 3, 2, 2, 3, 3, 3, 0, 0, 1, 2, 2, 0, 1, 0, 1, 1, 1, 1, 1, 1, 1, 1, 2, 4, 2, 2, 0, 4, 2, 0, 0, 0, 0, 0, 0, 0, 4, 4, 4, 0, 3, 0, 3, 4]";"[3, 2, 2, 3, 3, 2, 1, 3, 4, 4, 2, 1, 1, 3, 2, 0, 3, 3, 2, 2, 3, 3, 3, 0, 0, 1, 2, 2, 0, 1, 0, 1, 1, 1, 1, 1, 1, 1, 1, 2, 4, 2, 2, 0, 4, 2, 0, 0, 0, 0, 0, 0, 0, 4, 4, 4, 0, 3, 0, 3, 4]";"[3, 1, 1, 3, 3, 1, 2, 3, 4, 4, 1, 2, 2, 3, 1, 0, 3, 3, 1, 1, 3, 3, 3, 0, 0, 2, 1, 1, 0, 2, 0, 2, 2, 2, 2, 2, 2, 2, 2, 1, 4, 1, 1, 0, 4, 1, 0, 0, 0, 0, 0, 0, 0, 4, 4, 4, 0, 3, 0, 3, 4]";"[3, 2, 2, 3, 3, 2, 1, 3, 4, 4, 2, 1, 1, 1, 2, 0, 3, 3, 2, 2, 3, 3, 3, 0, 0, 1, 2, 2, 0, 1, 0, 1, 1, 1, 1, 1, 1, 1, 1, 2, 4, 2, 2, 0, 4, 2, 0, 0, 0, 0, 0, 0, 0, 4, 4, 4, 0, 3, 0, 3, 4]"
14;0;"aucs";"flat_nw";4;0.4162;0.417;0.408;0.4058;"{'16': 0.44642857142857145, '24': 0.3055555555555556, '25': 0.5523809523809524, '29': 0.4512987012987013, '31': 0.2542016806722689, '51': 0.3968253968253968, '48': 0.21428571428571427, '52': 0.2888198757763975, '47': 0.41541353383458646, '53': 0.17857142857142858, '50': 0.35714285714285715, '57': 0.3051948051948052, '44': 0.44642857142857145, '49': 0.32142857142857145, '59': 0.48809523809523814}";"{'16': 0.44642857142857145, '24': 0.35, '25': 0.5357142857142857, '29': 0.4512987012987013, '31': 0.2542016806722689, '51': 0.3968253968253968, '48': 0.25, '52': 0.2888198757763975, '47': 0.4007936507936508, '53': 0.17857142857142858, '50': 0.35714285714285715, '57': 0.3051948051948052, '44': 0.44642857142857145, '49': 0.35714285714285715, '59': 0.48809523809523814}";"{'16': 0.5714285714285714, '24': 0.3055555555555556, '25': 0.5523809523809524, '29': 0.4512987012987013, '31': 0.2542016806722689, '51': 0.3968253968253968, '48': 0.21428571428571427, '52': 0.2888198757763975, '47': 0.41541353383458646, '53': 0.17857142857142858, '50': 0.35714285714285715, '57': 0.3051948051948052, '44': 0.44642857142857145, '49': 0.32142857142857145, '59': 0.48809523809523814}";"{'16': 0.44642857142857145, '24': 0.3055555555555556, '25': 0.5523809523809524, '29': 0.4512987012987013, '31': 0.2542016806722689, '51': 0.3968253968253968, '48': 0.2642857142857143, '52': 0.2888198757763975, '47': 0.41541353383458646, '53': 0.22402597402597402, '50': 0.44047619047619047, '57': 0.3051948051948052, '44': 0.44642857142857145, '49': 0.3928571428571429, '59': 0.48809523809523814}";0.0;0.0;0.0;0.0833333333333333;1.0;1.0;0.8413901082002964;1.0;1.0;0.8876013987878366;1.0;1.0;0.8695138286975022;1.0;1.0;0.8979839896889152;0.0023;0.06;0.0078;"['16', '24', '25', '29', '31', '51', '48', '52', '47', '53', '50', '57', '44', '49', '59']";"[('interD', ('45', '47')), ('intraD', ('48', '49')), ('interD', ('25', '8')), ('interA', ('17', '24'))]";"[('interA', ('16', '7')), ('interA', ('16', '32')), ('interA', ('16', '37')), ('interA', ('16', '26'))]";"[('interA', ('13', '48')), ('interA', ('18', '53')), ('interA', ('28', '50')), ('interA', ('49', '58'))]";"[['16', '24', '25', '29', '31', '51', '48', '52', '47', '53', '50', '57', '44', '49', '59'], ['2', '46', '6', '27', '3', '19', '20', '15', '43', '28', '42', '11', '40'], ['7', '32', '37', '26', '13', '34', '12', '30', '35', '36', '38', '39', '33'], ['22', '18', '21', '23', '17', '1', '4', '58', '60', '8', '5', '14'], ['56', '41', '9', '61', '45', '10', '55', '54']]";"[['16', '24', '25', '29', '31', '51', '48', '52', '47', '53', '50', '57', '44', '49', '59'], ['2', '46', '6', '27', '3', '19', '20', '15', '43', '28', '42', '11', '40'], ['7', '32', '37', '26', '13', '34', '12', '30', '35', '36', '38', '39', '33'], ['22', '18', '21', '23', '17', '1', '4', '58', '60', '8', '5', '14'], ['56', '41', '9', '61', '45', '10', '55', '54']]";"[['16', '24', '25', '29', '31', '51', '48', '52', '47', '53', '50', '57', '1', '4', '44', '58', '49', '59'], ['7', '32', '37', '26', '13', '34', '12', '30', '35', '36', '38', '39', '33', '14'], ['2', '46', '6', '27', '3', '19', '20', '15', '43', '28', '42', '11', '40'], ['18', '21', '23', '17', '60', '8', '5', '22'], ['56', '41', '9', '61', '45', '10', '55', '54']]";"[3, 2, 2, 3, 3, 2, 1, 3, 4, 4, 2, 1, 1, 3, 2, 0, 3, 3, 2, 2, 3, 3, 3, 0, 0, 1, 2, 2, 0, 1, 0, 1, 1, 1, 1, 1, 1, 1, 1, 2, 4, 2, 2, 0, 4, 2, 0, 0, 0, 0, 0, 0, 0, 4, 4, 4, 0, 3, 0, 3, 4]";"[3, 1, 1, 3, 3, 1, 2, 3, 4, 4, 1, 2, 2, 3, 1, 0, 3, 3, 1, 1, 3, 3, 3, 0, 0, 2, 1, 1, 0, 2, 0, 2, 2, 2, 2, 2, 2, 2, 2, 1, 4, 1, 1, 0, 4, 1, 0, 0, 0, 0, 0, 0, 0, 4, 4, 4, 0, 3, 0, 3, 4]";"[3, 1, 1, 3, 3, 1, 2, 3, 4, 4, 1, 2, 2, 3, 1, 0, 3, 3, 1, 1, 3, 3, 3, 0, 0, 2, 1, 1, 0, 2, 0, 2, 2, 2, 2, 2, 2, 2, 2, 1, 4, 1, 1, 0, 4, 1, 0, 0, 0, 0, 0, 0, 0, 4, 4, 4, 0, 3, 0, 3, 4]";"[0, 2, 2, 0, 3, 2, 1, 3, 4, 4, 2, 1, 1, 1, 2, 0, 3, 3, 2, 2, 3, 3, 3, 0, 0, 1, 2, 2, 0, 1, 0, 1, 1, 1, 1, 1, 1, 1, 1, 2, 4, 2, 2, 0, 4, 2, 0, 0, 0, 0, 0, 0, 0, 4, 4, 4, 0, 0, 0, 3, 4]"
15;0;"aucs";"flat_nw";4;0.4162;0.4169;0.408;0.4088;"{'16': 0.44642857142857145, '24': 0.3055555555555556, '25': 0.5523809523809524, '29': 0.4512987012987013, '31': 0.2542016806722689, '51': 0.3968253968253968, '48': 0.21428571428571427, '52': 0.2888198757763975, '47': 0.41541353383458646, '53': 0.17857142857142858, '50': 0.35714285714285715, '57': 0.3051948051948052, '44': 0.44642857142857145, '49': 0.32142857142857145, '59': 0.48809523809523814}";"{'16': 0.44642857142857145, '24': 0.3055555555555556, '25': 0.5523809523809524, '29': 0.44047619047619047, '31': 0.2542016806722689, '51': 0.3482142857142857, '48': 0.21428571428571427, '52': 0.2888198757763975, '47': 0.41541353383458646, '53': 0.17857142857142858, '50': 0.39285714285714285, '57': 0.3051948051948052, '44': 0.3968253968253968, '49': 0.32142857142857145, '59': 0.48809523809523814}";"{'16': 0.5714285714285714, '24': 0.3055555555555556, '25': 0.5523809523809524, '29': 0.4512987012987013, '31': 0.2542016806722689, '51': 0.3968253968253968, '48': 0.21428571428571427, '52': 0.2888198757763975, '47': 0.41541353383458646, '53': 0.17857142857142858, '50': 0.35714285714285715, '57': 0.3051948051948052, '44': 0.44642857142857145, '49': 0.32142857142857145, '59': 0.48809523809523814}";"{'16': 0.44642857142857145, '24': 0.3055555555555556, '25': 0.5523809523809524, '29': 0.4512987012987013, '31': 0.2542016806722689, '51': 0.3968253968253968, '48': 0.2642857142857143, '52': 0.2888198757763975, '47': 0.41541353383458646, '53': 0.22402597402597402, '50': 0.44047619047619047, '57': 0.3051948051948052, '44': 0.44642857142857145, '49': 0.3928571428571429, '59': 0.48809523809523814}";0.0;0.0;0.0;0.0;0.958151101963811;1.0;1.0;0.9636579250469968;1.0;1.0;0.936885433340956;1.0;1.0;0.9439972731128782;1.0;1.0;0.0021;0.053;0.0115;"['16', '24', '25', '29', '31', '51', '48', '52', '47', '53', '50', '57', '44', '49', '59']";"[('interD', ('29', '35')), ('intraA', ('29', '44')), ('intraD', ('29', '50')), ('interD', ('37', '51'))]";"[('interA', ('16', '7')), ('interA', ('16', '32')), ('interA', ('16', '37')), ('interA', ('16', '26'))]";"[('interA', ('38', '48')), ('interA', ('26', '53')), ('interA', ('50', '61')), ('interA', ('19', '49'))]";"[['16', '24', '25', '29', '31', '51', '48', '52', '47', '53', '50', '57', '44', '49', '59'], ['7', '32', '37', '26', '13', '34', '12', '30', '35', '36', '38', '39', '33', '14'], ['2', '46', '6', '27', '3', '19', '20', '15', '43', '28', '42', '11', '40'], ['18', '21', '23', '17', '1', '4', '58', '60', '8', '5', '22'], ['56', '41', '9', '61', '45', '10', '55', '54']]";"[['16', '24', '25', '29', '31', '51', '48', '52', '47', '53', '50', '57', '44', '49', '59'], ['2', '46', '6', '27', '3', '19', '20', '15', '43', '28', '42', '11', '40'], ['7', '32', '37', '26', '13', '34', '12', '30', '35', '36', '38', '39', '33'], ['22', '18', '21', '23', '17', '1', '4', '58', '60', '8', '5', '14'], ['56', '41', '9', '61', '45', '10', '55', '54']]";"[['16', '24', '25', '29', '31', '51', '48', '52', '47', '53', '50', '57', '44', '49', '59'], ['7', '32', '37', '26', '13', '34', '12', '30', '35', '36', '38', '39', '33'], ['2', '46', '6', '27', '3', '19', '20', '15', '43', '28', '42', '11', '40'], ['22', '18', '21', '23', '17', '1', '4', '58', '60', '8', '5', '14'], ['56', '41', '9', '61', '45', '10', '55', '54']]";"[3, 2, 2, 3, 3, 2, 1, 3, 4, 4, 2, 1, 1, 3, 2, 0, 3, 3, 2, 2, 3, 3, 3, 0, 0, 1, 2, 2, 0, 1, 0, 1, 1, 1, 1, 1, 1, 1, 1, 2, 4, 2, 2, 0, 4, 2, 0, 0, 0, 0, 0, 0, 0, 4, 4, 4, 0, 3, 0, 3, 4]";"[3, 2, 2, 3, 3, 2, 1, 3, 4, 4, 2, 1, 1, 1, 2, 0, 3, 3, 2, 2, 3, 3, 3, 0, 0, 1, 2, 2, 0, 1, 0, 1, 1, 1, 1, 1, 1, 1, 1, 2, 4, 2, 2, 0, 4, 2, 0, 0, 0, 0, 0, 0, 0, 4, 4, 4, 0, 3, 0, 3, 4]";"[3, 1, 1, 3, 3, 1, 2, 3, 4, 4, 1, 2, 2, 3, 1, 0, 3, 3, 1, 1, 3, 3, 3, 0, 0, 2, 1, 1, 0, 2, 0, 2, 2, 2, 2, 2, 2, 2, 2, 1, 4, 1, 1, 0, 4, 1, 0, 0, 0, 0, 0, 0, 0, 4, 4, 4, 0, 3, 0, 3, 4]";"[3, 2, 2, 3, 3, 2, 1, 3, 4, 4, 2, 1, 1, 3, 2, 0, 3, 3, 2, 2, 3, 3, 3, 0, 0, 1, 2, 2, 0, 1, 0, 1, 1, 1, 1, 1, 1, 1, 1, 2, 4, 2, 2, 0, 4, 2, 0, 0, 0, 0, 0, 0, 0, 4, 4, 4, 0, 3, 0, 3, 4]"
16;0;"aucs";"flat_nw";4;0.4162;0.4132;0.408;0.4106;"{'16': 0.44642857142857145, '24': 0.3055555555555556, '25': 0.5523809523809524, '29': 0.4512987012987013, '31': 0.2542016806722689, '51': 0.3968253968253968, '48': 0.21428571428571427, '52': 0.2888198757763975, '47': 0.41541353383458646, '53': 0.17857142857142858, '50': 0.35714285714285715, '57': 0.3051948051948052, '44': 0.44642857142857145, '49': 0.32142857142857145, '59': 0.48809523809523814}";"{'16': 0.44642857142857145, '24': 0.3055555555555556, '25': 0.5523809523809524, '29': 0.4512987012987013, '31': 0.2738095238095238, '51': 0.3968253968253968, '48': 0.21428571428571427, '52': 0.2888198757763975, '47': 0.41541353383458646, '53': 0.17857142857142858, '50': 0.35714285714285715, '57': 0.3051948051948052, '44': 0.3928571428571429, '49': 0.32142857142857145, '59': 0.48809523809523814}";"{'16': 0.5714285714285714, '24': 0.3055555555555556, '25': 0.5523809523809524, '29': 0.4512987012987013, '31': 0.2542016806722689, '51': 0.3968253968253968, '48': 0.21428571428571427, '52': 0.2888198757763975, '47': 0.41541353383458646, '53': 0.17857142857142858, '50': 0.35714285714285715, '57': 0.3051948051948052, '44': 0.44642857142857145, '49': 0.32142857142857145, '59': 0.48809523809523814}";"{'16': 0.44642857142857145, '24': 0.3055555555555556, '25': 0.5523809523809524, '29': 0.4512987012987013, '31': 0.2542016806722689, '51': 0.3968253968253968, '48': 0.2642857142857143, '52': 0.2888198757763975, '47': 0.41541353383458646, '53': 0.22402597402597402, '50': 0.44047619047619047, '57': 0.3051948051948052, '44': 0.44642857142857145, '49': 0.3928571428571429, '59': 0.48809523809523814}";0.0;0.0;0.0;0.03125;0.958151101963811;1.0;0.9146495845270842;0.9636579250469968;1.0;0.9269794556380848;0.936885433340956;1.0;0.908853087443017;0.9439972731128782;1.0;0.9196015958925574;0.0028;0.0782;0.0137;"['16', '24', '25', '29', '31', '51', '48', '52', '47', '53', '50', '57', '44', '49', '59']";"[('interA', ('21', '31')), ('interD', ('14', '52')), ('interD', ('40', '44')), ('interA', ('19', '52'))]";"[('interA', ('16', '7')), ('interA', ('16', '32')), ('interA', ('16', '37')), ('interA', ('16', '26'))]";"[('interA', ('27', '48')), ('interA', ('1', '53')), ('interA', ('1', '50')), ('interA', ('49', '7'))]";"[['16', '24', '25', '29', '31', '51', '48', '52', '47', '53', '50', '57', '44', '49', '59'], ['7', '32', '37', '26', '13', '34', '12', '30', '35', '36', '38', '39', '33', '14'], ['2', '46', '6', '27', '3', '19', '20', '15', '43', '28', '42', '11', '40'], ['18', '21', '23', '17', '1', '4', '58', '60', '8', '5', '22'], ['56', '41', '9', '61', '45', '10', '55', '54']]";"[['16', '24', '25', '29', '31', '51', '48', '52', '47', '53', '50', '57', '44', '49', '59'], ['7', '32', '37', '26', '13', '34', '12', '30', '35', '36', '38', '39', '33'], ['2', '46', '6', '27', '3', '19', '20', '15', '43', '28', '42', '11', '40'], ['22', '18', '21', '23', '17', '1', '4', '58', '60', '8', '5', '14'], ['56', '41', '9', '61', '45', '10', '55', '54']]";"[['16', '24', '25', '29', '31', '51', '48', '52', '47', '53', '50', '57', '1', '44', '49', '59'], ['7', '32', '37', '26', '13', '34', '12', '30', '35', '36', '38', '39', '33'], ['2', '46', '6', '27', '19', '20', '15', '43', '28', '42', '11', '40'], ['22', '18', '21', '23', '17', '3', '4', '58', '60', '8', '5', '14'], ['56', '41', '9', '61', '45', '10', '55', '54']]";"[3, 2, 2, 3, 3, 2, 1, 3, 4, 4, 2, 1, 1, 3, 2, 0, 3, 3, 2, 2, 3, 3, 3, 0, 0, 1, 2, 2, 0, 1, 0, 1, 1, 1, 1, 1, 1, 1, 1, 2, 4, 2, 2, 0, 4, 2, 0, 0, 0, 0, 0, 0, 0, 4, 4, 4, 0, 3, 0, 3, 4]";"[3, 2, 2, 3, 3, 2, 1, 3, 4, 4, 2, 1, 1, 1, 2, 0, 3, 3, 2, 2, 3, 3, 3, 0, 0, 1, 2, 2, 0, 1, 0, 1, 1, 1, 1, 1, 1, 1, 1, 2, 4, 2, 2, 0, 4, 2, 0, 0, 0, 0, 0, 0, 0, 4, 4, 4, 0, 3, 0, 3, 4]";"[3, 2, 2, 3, 3, 2, 1, 3, 4, 4, 2, 1, 1, 3, 2, 0, 3, 3, 2, 2, 3, 3, 3, 0, 0, 1, 2, 2, 0, 1, 0, 1, 1, 1, 1, 1, 1, 1, 1, 2, 4, 2, 2, 0, 4, 2, 0, 0, 0, 0, 0, 0, 0, 4, 4, 4, 0, 3, 0, 3, 4]";"[0, 2, 3, 3, 3, 2, 1, 3, 4, 4, 2, 1, 1, 3, 2, 0, 3, 3, 2, 2, 3, 3, 3, 0, 0, 1, 2, 2, 0, 1, 0, 1, 1, 1, 1, 1, 1, 1, 1, 2, 4, 2, 2, 0, 4, 2, 0, 0, 0, 0, 0, 0, 0, 4, 4, 4, 0, 3, 0, 3, 4]"
17;0;"aucs";"flat_nw";4;0.4162;0.4167;0.408;0.406;"{'16': 0.44642857142857145, '24': 0.3055555555555556, '25': 0.5523809523809524, '29': 0.4512987012987013, '31': 0.2542016806722689, '51': 0.3968253968253968, '48': 0.21428571428571427, '52': 0.2888198757763975, '47': 0.41541353383458646, '53': 0.17857142857142858, '50': 0.35714285714285715, '57': 0.3051948051948052, '44': 0.44642857142857145, '49': 0.32142857142857145, '59': 0.48809523809523814}";"{'16': 0.44642857142857145, '24': 0.3055555555555556, '25': 0.5357142857142857, '29': 0.4512987012987013, '31': 0.2542016806722689, '51': 0.3482142857142857, '48': 0.25, '52': 0.3344155844155844, '47': 0.41541353383458646, '53': 0.22402597402597402, '50': 0.35714285714285715, '57': 0.3051948051948052, '44': 0.44642857142857145, '49': 0.32142857142857145, '59': 0.48809523809523814}";"{'16': 0.5714285714285714, '24': 0.3055555555555556, '25': 0.5523809523809524, '29': 0.4512987012987013, '31': 0.2542016806722689, '51': 0.3968253968253968, '48': 0.21428571428571427, '52': 0.2888198757763975, '47': 0.41541353383458646, '53': 0.17857142857142858, '50': 0.35714285714285715, '57': 0.3051948051948052, '44': 0.44642857142857145, '49': 0.32142857142857145, '59': 0.48809523809523814}";"{'16': 0.44642857142857145, '24': 0.3055555555555556, '25': 0.5523809523809524, '29': 0.4512987012987013, '31': 0.2542016806722689, '51': 0.3968253968253968, '48': 0.2642857142857143, '52': 0.2888198757763975, '47': 0.41541353383458646, '53': 0.22402597402597402, '50': 0.44047619047619047, '57': 0.3051948051948052, '44': 0.44642857142857145, '49': 0.3928571428571429, '59': 0.48809523809523814}";0.0;0.0;0.0;0.0833333333333333;1.0;1.0;0.8413901082002964;1.0;1.0;0.8876013987878366;1.0;1.0;0.8695138286975022;1.0;1.0;0.8979839896889152;0.0107;0.0532;0.0137;"['16', '24', '25', '29', '31', '51', '48', '52', '47', '53', '50', '57', '44', '49', '59']";"[('intraD', ('48', '52')), ('interD', ('51', '54')), ('interD', ('25', '5')), ('interA', ('39', '53'))]";"[('interA', ('16', '7')), ('interA', ('16', '32')), ('interA', ('16', '37')), ('interA', ('16', '26'))]";"[('interA', ('45', '48')), ('interA', ('32', '53')), ('interA', ('10', '50')), ('interA', ('49', '58'))]";"[['16', '24', '25', '29', '31', '51', '48', '52', '47', '53', '50', '57', '44', '49', '59'], ['7', '32', '37', '26', '13', '34', '12', '30', '35', '36', '38', '39', '33'], ['2', '46', '6', '27', '3', '19', '20', '15', '43', '28', '42', '11', '40'], ['22', '18', '21', '23', '17', '1', '4', '58', '60', '8', '5', '14'], ['56', '41', '9', '61', '45', '10', '55', '54']]";"[['16', '24', '25', '29', '31', '51', '48', '52', '47', '53', '50', '57', '44', '49', '59'], ['2', '46', '6', '27', '3', '19', '20', '15', '43', '28', '42', '11', '40'], ['7', '32', '37', '26', '13', '34', '12', '30', '35', '36', '38', '39', '33'], ['22', '18', '21', '23', '17', '1', '4', '58', '60', '8', '5', '14'], ['56', '41', '9', '61', '45', '10', '55', '54']]";"[['16', '24', '25', '29', '31', '51', '48', '52', '47', '53', '50', '57', '1', '4', '44', '58', '49', '59'], ['7', '32', '37', '26', '13', '34', '12', '30', '35', '36', '38', '39', '33', '14'], ['2', '46', '6', '27', '3', '19', '20', '15', '43', '28', '42', '11', '40'], ['18', '21', '23', '17', '60', '8', '5', '22'], ['56', '41', '9', '61', '45', '10', '55', '54']]";"[3, 2, 2, 3, 3, 2, 1, 3, 4, 4, 2, 1, 1, 3, 2, 0, 3, 3, 2, 2, 3, 3, 3, 0, 0, 1, 2, 2, 0, 1, 0, 1, 1, 1, 1, 1, 1, 1, 1, 2, 4, 2, 2, 0, 4, 2, 0, 0, 0, 0, 0, 0, 0, 4, 4, 4, 0, 3, 0, 3, 4]";"[3, 2, 2, 3, 3, 2, 1, 3, 4, 4, 2, 1, 1, 3, 2, 0, 3, 3, 2, 2, 3, 3, 3, 0, 0, 1, 2, 2, 0, 1, 0, 1, 1, 1, 1, 1, 1, 1, 1, 2, 4, 2, 2, 0, 4, 2, 0, 0, 0, 0, 0, 0, 0, 4, 4, 4, 0, 3, 0, 3, 4]";"[3, 1, 1, 3, 3, 1, 2, 3, 4, 4, 1, 2, 2, 3, 1, 0, 3, 3, 1, 1, 3, 3, 3, 0, 0, 2, 1, 1, 0, 2, 0, 2, 2, 2, 2, 2, 2, 2, 2, 1, 4, 1, 1, 0, 4, 1, 0, 0, 0, 0, 0, 0, 0, 4, 4, 4, 0, 3, 0, 3, 4]";"[0, 2, 2, 0, 3, 2, 1, 3, 4, 4, 2, 1, 1, 1, 2, 0, 3, 3, 2, 2, 3, 3, 3, 0, 0, 1, 2, 2, 0, 1, 0, 1, 1, 1, 1, 1, 1, 1, 1, 2, 4, 2, 2, 0, 4, 2, 0, 0, 0, 0, 0, 0, 0, 4, 4, 4, 0, 0, 0, 3, 4]"
18;0;"aucs";"flat_nw";4;0.4162;0.4184;0.408;0.4056;"{'16': 0.44642857142857145, '24': 0.3055555555555556, '25': 0.5523809523809524, '29': 0.4512987012987013, '31': 0.2542016806722689, '51': 0.3968253968253968, '48': 0.21428571428571427, '52': 0.2888198757763975, '47': 0.41541353383458646, '53': 0.17857142857142858, '50': 0.35714285714285715, '57': 0.3051948051948052, '44': 0.44642857142857145, '49': 0.32142857142857145, '59': 0.48809523809523814}";"{'16': 0.44642857142857145, '24': 0.3055555555555556, '25': 0.6071428571428572, '29': 0.4512987012987013, '31': 0.2761904761904762, '51': 0.3968253968253968, '48': 0.21428571428571427, '52': 0.3214285714285714, '47': 0.41541353383458646, '53': 0.17857142857142858, '50': 0.35714285714285715, '57': 0.3051948051948052, '44': 0.44642857142857145, '49': 0.32142857142857145, '59': 0.5446428571428572}";"{'16': 0.5714285714285714, '24': 0.3055555555555556, '25': 0.5523809523809524, '29': 0.4512987012987013, '31': 0.2542016806722689, '51': 0.3968253968253968, '48': 0.21428571428571427, '52': 0.2888198757763975, '47': 0.41541353383458646, '53': 0.17857142857142858, '50': 0.35714285714285715, '57': 0.3051948051948052, '44': 0.44642857142857145, '49': 0.32142857142857145, '59': 0.48809523809523814}";"{'16': 0.44642857142857145, '24': 0.3055555555555556, '25': 0.5523809523809524, '29': 0.4512987012987013, '31': 0.2542016806722689, '51': 0.3968253968253968, '48': 0.2642857142857143, '52': 0.2888198757763975, '47': 0.41541353383458646, '53': 0.22402597402597402, '50': 0.44047619047619047, '57': 0.3051948051948052, '44': 0.44642857142857145, '49': 0.3928571428571429, '59': 0.48809523809523814}";0.0;0.0;0.0;0.0;1.0;1.0;0.958151101963811;1.0;1.0;0.9636579250469968;1.0;1.0;0.936885433340956;1.0;1.0;0.9439972731128782;0.0021;0.0541;0.0133;"['16', '24', '25', '29', '31', '51', '48', '52', '47', '53', '50', '57', '44', '49', '59']";"[('interD', ('3', '52')), ('intraD', ('52', '59')), ('intraD', ('25', '31')), ('interD', ('26', '31'))]";"[('interA', ('16', '7')), ('interA', ('16', '32')), ('interA', ('16', '37')), ('interA', ('16', '26'))]";"[('interA', ('18', '48')), ('interA', ('53', '54')), ('interA', ('50', '7')), ('interA', ('20', '49'))]";"[['16', '24', '25', '29', '31', '51', '48', '52', '47', '53', '50', '57', '44', '49', '59'], ['2', '46', '6', '27', '3', '19', '20', '15', '43', '28', '42', '11', '40'], ['7', '32', '37', '26', '13', '34', '12', '30', '35', '36', '38', '39', '33'], ['22', '18', '21', '23', '17', '1', '4', '58', '60', '8', '5', '14'], ['56', '41', '9', '61', '45', '10', '55', '54']]";"[['16', '24', '25', '29', '31', '51', '48', '52', '47', '53', '50', '57', '44', '49', '59'], ['7', '32', '37', '26', '13', '34', '12', '30', '35', '36', '38', '39', '33'], ['2', '46', '6', '27', '3', '19', '20', '15', '43', '28', '42', '11', '40'], ['22', '18', '21', '23', '17', '1', '4', '58', '60', '8', '5', '14'], ['56', '41', '9', '61', '45', '10', '55', '54']]";"[['16', '24', '25', '29', '31', '51', '48', '52', '47', '53', '50', '57', '44', '49', '59'], ['7', '32', '37', '26', '13', '34', '12', '30', '35', '36', '38', '39', '33', '14'], ['2', '46', '6', '27', '3', '19', '20', '15', '43', '28', '42', '11', '40'], ['18', '21', '23', '17', '1', '4', '58', '60', '8', '5', '22'], ['56', '41', '9', '61', '45', '10', '55', '54']]";"[3, 2, 2, 3, 3, 2, 1, 3, 4, 4, 2, 1, 1, 3, 2, 0, 3, 3, 2, 2, 3, 3, 3, 0, 0, 1, 2, 2, 0, 1, 0, 1, 1, 1, 1, 1, 1, 1, 1, 2, 4, 2, 2, 0, 4, 2, 0, 0, 0, 0, 0, 0, 0, 4, 4, 4, 0, 3, 0, 3, 4]";"[3, 1, 1, 3, 3, 1, 2, 3, 4, 4, 1, 2, 2, 3, 1, 0, 3, 3, 1, 1, 3, 3, 3, 0, 0, 2, 1, 1, 0, 2, 0, 2, 2, 2, 2, 2, 2, 2, 2, 1, 4, 1, 1, 0, 4, 1, 0, 0, 0, 0, 0, 0, 0, 4, 4, 4, 0, 3, 0, 3, 4]";"[3, 2, 2, 3, 3, 2, 1, 3, 4, 4, 2, 1, 1, 3, 2, 0, 3, 3, 2, 2, 3, 3, 3, 0, 0, 1, 2, 2, 0, 1, 0, 1, 1, 1, 1, 1, 1, 1, 1, 2, 4, 2, 2, 0, 4, 2, 0, 0, 0, 0, 0, 0, 0, 4, 4, 4, 0, 3, 0, 3, 4]";"[3, 2, 2, 3, 3, 2, 1, 3, 4, 4, 2, 1, 1, 1, 2, 0, 3, 3, 2, 2, 3, 3, 3, 0, 0, 1, 2, 2, 0, 1, 0, 1, 1, 1, 1, 1, 1, 1, 1, 2, 4, 2, 2, 0, 4, 2, 0, 0, 0, 0, 0, 0, 0, 4, 4, 4, 0, 3, 0, 3, 4]"
19;0;"aucs";"flat_nw";4;0.4162;0.4089;0.408;0.4064;"{'16': 0.44642857142857145, '24': 0.3055555555555556, '25': 0.5523809523809524, '29': 0.4512987012987013, '31': 0.2542016806722689, '51': 0.3968253968253968, '48': 0.21428571428571427, '52': 0.2888198757763975, '47': 0.41541353383458646, '53': 0.17857142857142858, '50': 0.35714285714285715, '57': 0.3051948051948052, '44': 0.44642857142857145, '49': 0.32142857142857145, '59': 0.48809523809523814}";"{'16': 0.5, '24': 0.3055555555555556, '25': 0.5523809523809524, '29': 0.4512987012987013, '31': 0.2738095238095238, '51': 0.3968253968253968, '48': 0.21428571428571427, '52': 0.2888198757763975, '47': 0.41541353383458646, '53': 0.17857142857142858, '50': 0.32142857142857145, '57': 0.35, '44': 0.44642857142857145, '49': 0.3928571428571429, '59': 0.4357142857142857}";"{'16': 0.5714285714285714, '24': 0.3055555555555556, '25': 0.5523809523809524, '29': 0.4512987012987013, '31': 0.2542016806722689, '51': 0.3968253968253968, '48': 0.21428571428571427, '52': 0.2888198757763975, '47': 0.41541353383458646, '53': 0.17857142857142858, '50': 0.35714285714285715, '57': 0.3051948051948052, '44': 0.44642857142857145, '49': 0.32142857142857145, '59': 0.48809523809523814}";"{'16': 0.44642857142857145, '24': 0.3055555555555556, '25': 0.5523809523809524, '29': 0.4512987012987013, '31': 0.2542016806722689, '51': 0.3968253968253968, '48': 0.2642857142857143, '52': 0.2888198757763975, '47': 0.41541353383458646, '53': 0.22402597402597402, '50': 0.44047619047619047, '57': 0.3051948051948052, '44': 0.44642857142857145, '49': 0.3928571428571429, '59': 0.48809523809523814}";0.0;0.0;0.0;0.0833333333333333;0.958151101963811;1.0;0.8413901082002964;0.9636579250469968;1.0;0.8876013987878366;0.936885433340956;1.0;0.8695138286975022;0.9439972731128782;1.0;0.8979839896889152;0.005;0.0477;0.0111;"['16', '24', '25', '29', '31', '51', '48', '52', '47', '53', '50', '57', '44', '49', '59']";"[('interA', ('31', '60')), ('interA', ('12', '49')), ('intraD', ('16', '57')), ('intraA', ('50', '59'))]";"[('interA', ('16', '7')), ('interA', ('16', '32')), ('interA', ('16', '37')), ('interA', ('16', '26'))]";"[('interA', ('22', '48')), ('interA', ('46', '53')), ('interA', ('22', '50')), ('interA', ('49', '58'))]";"[['16', '24', '25', '29', '31', '51', '48', '52', '47', '53', '50', '57', '44', '49', '59'], ['7', '32', '37', '26', '13', '34', '12', '30', '35', '36', '38', '39', '33', '14'], ['2', '46', '6', '27', '3', '19', '20', '15', '43', '28', '42', '11', '40'], ['18', '21', '23', '17', '1', '4', '58', '60', '8', '5', '22'], ['56', '41', '9', '61', '45', '10', '55', '54']]";"[['16', '24', '25', '29', '31', '51', '48', '52', '47', '53', '50', '57', '44', '49', '59'], ['2', '46', '6', '27', '3', '19', '20', '15', '43', '28', '42', '11', '40'], ['7', '32', '37', '26', '13', '34', '12', '30', '35', '36', '38', '39', '33'], ['22', '18', '21', '23', '17', '1', '4', '58', '60', '8', '5', '14'], ['56', '41', '9', '61', '45', '10', '55', '54']]";"[['16', '24', '25', '29', '31', '51', '48', '52', '47', '53', '50', '57', '1', '4', '44', '58', '49', '59'], ['7', '32', '37', '26', '13', '34', '12', '30', '35', '36', '38', '39', '33', '14'], ['2', '46', '6', '27', '3', '19', '20', '15', '43', '28', '42', '11', '40'], ['56', '41', '9', '61', '45', '10', '55', '54'], ['18', '21', '23', '17', '60', '8', '5', '22']]";"[3, 2, 2, 3, 3, 2, 1, 3, 4, 4, 2, 1, 1, 3, 2, 0, 3, 3, 2, 2, 3, 3, 3, 0, 0, 1, 2, 2, 0, 1, 0, 1, 1, 1, 1, 1, 1, 1, 1, 2, 4, 2, 2, 0, 4, 2, 0, 0, 0, 0, 0, 0, 0, 4, 4, 4, 0, 3, 0, 3, 4]";"[3, 2, 2, 3, 3, 2, 1, 3, 4, 4, 2, 1, 1, 1, 2, 0, 3, 3, 2, 2, 3, 3, 3, 0, 0, 1, 2, 2, 0, 1, 0, 1, 1, 1, 1, 1, 1, 1, 1, 2, 4, 2, 2, 0, 4, 2, 0, 0, 0, 0, 0, 0, 0, 4, 4, 4, 0, 3, 0, 3, 4]";"[3, 1, 1, 3, 3, 1, 2, 3, 4, 4, 1, 2, 2, 3, 1, 0, 3, 3, 1, 1, 3, 3, 3, 0, 0, 2, 1, 1, 0, 2, 0, 2, 2, 2, 2, 2, 2, 2, 2, 1, 4, 1, 1, 0, 4, 1, 0, 0, 0, 0, 0, 0, 0, 4, 4, 4, 0, 3, 0, 3, 4]";"[0, 2, 2, 0, 4, 2, 1, 4, 3, 3, 2, 1, 1, 1, 2, 0, 4, 4, 2, 2, 4, 4, 4, 0, 0, 1, 2, 2, 0, 1, 0, 1, 1, 1, 1, 1, 1, 1, 1, 2, 3, 2, 2, 0, 3, 2, 0, 0, 0, 0, 0, 0, 0, 3, 3, 3, 0, 0, 0, 4, 3]"
0;1;"aucs";"flat_nw";4;0.4162;0.416;0.408;0.4089;"{'7': 0.17045454545454547, '32': 0.3214285714285714, '37': 0.2916666666666667, '26': 0.3472222222222222, '13': 0.3205128205128205, '34': 0.26785714285714285, '12': 0.125, '30': 0.08012820512820512, '35': 0.293859649122807, '36': 0.14166666666666666, '38': 0.4226190476190476, '39': 0.30833333333333335, '33': 0.17045454545454547}";"{'7': 0.16025641025641024, '32': 0.3214285714285714, '37': 0.2916666666666667, '26': 0.293859649122807, '13': 0.3205128205128205, '34': 0.2403846153846154, '12': 0.17045454545454547, '30': 0.08012820512820512, '35': 0.293859649122807, '36': 0.14166666666666666, '38': 0.4226190476190476, '39': 0.30833333333333335, '33': 0.21666666666666667}";"{'7': 0.29166666666666663, '32': 0.3214285714285714, '37': 0.2916666666666667, '26': 0.3472222222222222, '13': 0.3205128205128205, '34': 0.26785714285714285, '12': 0.125, '30': 0.08012820512820512, '35': 0.293859649122807, '36': 0.14166666666666666, '38': 0.4226190476190476, '39': 0.30833333333333335, '33': 0.17045454545454547}";"{'7': 0.20833333333333331, '32': 0.3214285714285714, '37': 0.2916666666666667, '26': 0.3472222222222222, '13': 0.3205128205128205, '34': 0.26785714285714285, '12': 0.16025641025641024, '30': 0.11309523809523808, '35': 0.293859649122807, '36': 0.14166666666666666, '38': 0.4226190476190476, '39': 0.30833333333333335, '33': 0.20833333333333331}";0.0;0.0;0.0;0.0;1.0;1.0;1.0;1.0;1.0;1.0;1.0;1.0;1.0;1.0;1.0;1.0;0.0016;0.0403;0.0073;"['7', '32', '37', '26', '13', '34', '12', '30', '35', '36', '38', '39', '33']";"[('intraD', ('12', '33')), ('interD', ('10', '34')), ('intraA', ('26', '7')), ('interA', ('28', '7'))]";"[('interA', ('16', '7')), ('interA', ('24', '7')), ('interA', ('25', '7')), ('interA', ('29', '7'))]";"[('interA', ('30', '48')), ('interA', ('12', '55')), ('interA', ('42', '7')), ('interA', ('33', '4'))]";"[['16', '24', '25', '29', '31', '51', '48', '52', '47', '53', '50', '57', '44', '49', '59'], ['7', '32', '37', '26', '13', '34', '12', '30', '35', '36', '38', '39', '33'], ['2', '46', '6', '27', '3', '19', '20', '15', '43', '28', '42', '11', '40'], ['22', '18', '21', '23', '17', '1', '4', '58', '60', '8', '5', '14'], ['56', '41', '9', '61', '45', '10', '55', '54']]";"[['16', '24', '25', '29', '31', '51', '48', '52', '47', '53', '50', '57', '44', '49', '59'], ['2', '46', '6', '27', '3', '19', '20', '15', '43', '28', '42', '11', '40'], ['7', '32', '37', '26', '13', '34', '12', '30', '35', '36', '38', '39', '33'], ['22', '18', '21', '23', '17', '1', '4', '58', '60', '8', '5', '14'], ['56', '41', '9', '61', '45', '10', '55', '54']]";"[['16', '24', '25', '29', '31', '51', '48', '52', '47', '53', '50', '57', '44', '49', '59'], ['7', '32', '37', '26', '13', '34', '12', '30', '35', '36', '38', '39', '33'], ['2', '46', '6', '27', '3', '19', '20', '15', '43', '28', '42', '11', '40'], ['22', '18', '21', '23', '17', '1', '4', '58', '60', '8', '5', '14'], ['56', '41', '9', '61', '45', '10', '55', '54']]";"[3, 2, 2, 3, 3, 2, 1, 3, 4, 4, 2, 1, 1, 3, 2, 0, 3, 3, 2, 2, 3, 3, 3, 0, 0, 1, 2, 2, 0, 1, 0, 1, 1, 1, 1, 1, 1, 1, 1, 2, 4, 2, 2, 0, 4, 2, 0, 0, 0, 0, 0, 0, 0, 4, 4, 4, 0, 3, 0, 3, 4]";"[3, 2, 2, 3, 3, 2, 1, 3, 4, 4, 2, 1, 1, 3, 2, 0, 3, 3, 2, 2, 3, 3, 3, 0, 0, 1, 2, 2, 0, 1, 0, 1, 1, 1, 1, 1, 1, 1, 1, 2, 4, 2, 2, 0, 4, 2, 0, 0, 0, 0, 0, 0, 0, 4, 4, 4, 0, 3, 0, 3, 4]";"[3, 1, 1, 3, 3, 1, 2, 3, 4, 4, 1, 2, 2, 3, 1, 0, 3, 3, 1, 1, 3, 3, 3, 0, 0, 2, 1, 1, 0, 2, 0, 2, 2, 2, 2, 2, 2, 2, 2, 1, 4, 1, 1, 0, 4, 1, 0, 0, 0, 0, 0, 0, 0, 4, 4, 4, 0, 3, 0, 3, 4]";"[3, 2, 2, 3, 3, 2, 1, 3, 4, 4, 2, 1, 1, 3, 2, 0, 3, 3, 2, 2, 3, 3, 3, 0, 0, 1, 2, 2, 0, 1, 0, 1, 1, 1, 1, 1, 1, 1, 1, 2, 4, 2, 2, 0, 4, 2, 0, 0, 0, 0, 0, 0, 0, 4, 4, 4, 0, 3, 0, 3, 4]"
1;1;"aucs";"flat_nw";4;0.4162;0.4101;0.408;0.4086;"{'7': 0.17045454545454547, '32': 0.3214285714285714, '37': 0.2916666666666667, '26': 0.3472222222222222, '13': 0.3205128205128205, '34': 0.26785714285714285, '12': 0.125, '30': 0.08012820512820512, '35': 0.293859649122807, '36': 0.14166666666666666, '38': 0.4226190476190476, '39': 0.30833333333333335, '33': 0.17045454545454547}";"{'7': 0.17045454545454547, '32': 0.3869047619047619, '37': 0.2916666666666667, '26': 0.3472222222222222, '13': 0.3205128205128205, '34': 0.26785714285714285, '12': 0.125, '30': 0.125, '35': 0.4019607843137255, '36': 0.14166666666666666, '38': 0.4226190476190476, '39': 0.25757575757575757, '33': 0.125}";"{'7': 0.29166666666666663, '32': 0.3214285714285714, '37': 0.2916666666666667, '26': 0.3472222222222222, '13': 0.3205128205128205, '34': 0.26785714285714285, '12': 0.125, '30': 0.08012820512820512, '35': 0.293859649122807, '36': 0.14166666666666666, '38': 0.4226190476190476, '39': 0.30833333333333335, '33': 0.17045454545454547}";"{'7': 0.20833333333333331, '32': 0.3214285714285714, '37': 0.2916666666666667, '26': 0.3472222222222222, '13': 0.3205128205128205, '34': 0.26785714285714285, '12': 0.16025641025641024, '30': 0.11309523809523808, '35': 0.293859649122807, '36': 0.14166666666666666, '38': 0.4226190476190476, '39': 0.30833333333333335, '33': 0.20833333333333331}";0.0;0.0357142857142857;0.0;0.0;0.958151101963811;1.0;1.0;0.9636579250469968;1.0;1.0;0.973324160467816;1.0;1.0;0.9743587977088658;1.0;1.0;0.0017;0.0454;0.0069;"['7', '32', '37', '26', '13', '34', '12', '30', '35', '36', '38', '39', '33']";"[('intraD', ('30', '35')), ('intraD', ('32', '35')), ('interA', ('32', '43')), ('intraA', ('33', '39'))]";"[('interA', ('16', '7')), ('interA', ('24', '7')), ('interA', ('25', '7')), ('interA', ('29', '7'))]";"[('interA', ('30', '8')), ('interA', ('12', '31')), ('interA', ('40', '7')), ('interA', ('33', '46'))]";"[['16', '24', '25', '29', '31', '51', '48', '52', '47', '53', '50', '57', '44', '49', '59'], ['7', '32', '37', '26', '13', '34', '12', '30', '35', '36', '38', '39', '33', '14'], ['2', '46', '6', '27', '3', '19', '20', '15', '43', '28', '42', '11', '40'], ['18', '21', '23', '17', '1', '4', '58', '60', '8', '5', '22'], ['56', '41', '9', '61', '45', '10', '55', '54']]";"[['16', '24', '25', '29', '31', '51', '48', '52', '47', '53', '50', '57', '44', '49', '59'], ['2', '46', '6', '27', '3', '19', '20', '15', '43', '28', '42', '11', '40'], ['7', '32', '37', '26', '13', '34', '12', '30', '35', '36', '38', '39', '33'], ['22', '18', '21', '23', '17', '1', '4', '58', '60', '8', '5', '14'], ['56', '41', '9', '61', '45', '10', '55', '54']]";"[['16', '24', '25', '29', '31', '51', '48', '52', '47', '53', '50', '57', '44', '49', '59'], ['7', '32', '37', '26', '13', '34', '12', '30', '35', '36', '38', '39', '33'], ['2', '46', '6', '27', '3', '19', '20', '15', '43', '28', '42', '11', '40'], ['22', '18', '21', '23', '17', '1', '4', '58', '60', '8', '5', '14'], ['56', '41', '9', '61', '45', '10', '55', '54']]";"[3, 2, 2, 3, 3, 2, 1, 3, 4, 4, 2, 1, 1, 3, 2, 0, 3, 3, 2, 2, 3, 3, 3, 0, 0, 1, 2, 2, 0, 1, 0, 1, 1, 1, 1, 1, 1, 1, 1, 2, 4, 2, 2, 0, 4, 2, 0, 0, 0, 0, 0, 0, 0, 4, 4, 4, 0, 3, 0, 3, 4]";"[3, 2, 2, 3, 3, 2, 1, 3, 4, 4, 2, 1, 1, 1, 2, 0, 3, 3, 2, 2, 3, 3, 3, 0, 0, 1, 2, 2, 0, 1, 0, 1, 1, 1, 1, 1, 1, 1, 1, 2, 4, 2, 2, 0, 4, 2, 0, 0, 0, 0, 0, 0, 0, 4, 4, 4, 0, 3, 0, 3, 4]";"[3, 1, 1, 3, 3, 1, 2, 3, 4, 4, 1, 2, 2, 3, 1, 0, 3, 3, 1, 1, 3, 3, 3, 0, 0, 2, 1, 1, 0, 2, 0, 2, 2, 2, 2, 2, 2, 2, 2, 1, 4, 1, 1, 0, 4, 1, 0, 0, 0, 0, 0, 0, 0, 4, 4, 4, 0, 3, 0, 3, 4]";"[3, 2, 2, 3, 3, 2, 1, 3, 4, 4, 2, 1, 1, 3, 2, 0, 3, 3, 2, 2, 3, 3, 3, 0, 0, 1, 2, 2, 0, 1, 0, 1, 1, 1, 1, 1, 1, 1, 1, 2, 4, 2, 2, 0, 4, 2, 0, 0, 0, 0, 0, 0, 0, 4, 4, 4, 0, 3, 0, 3, 4]"
2;1;"aucs";"flat_nw";4;0.4162;0.4162;0.408;0.4086;"{'7': 0.17045454545454547, '32': 0.3214285714285714, '37': 0.2916666666666667, '26': 0.3472222222222222, '13': 0.3205128205128205, '34': 0.26785714285714285, '12': 0.125, '30': 0.08012820512820512, '35': 0.293859649122807, '36': 0.14166666666666666, '38': 0.4226190476190476, '39': 0.30833333333333335, '33': 0.17045454545454547}";"{'7': 0.17045454545454547, '32': 0.3214285714285714, '37': 0.2916666666666667, '26': 0.3472222222222222, '13': 0.3205128205128205, '34': 0.26785714285714285, '12': 0.17045454545454547, '30': 0.08012820512820512, '35': 0.293859649122807, '36': 0.14166666666666666, '38': 0.4807692307692308, '39': 0.20833333333333331, '33': 0.17045454545454547}";"{'7': 0.29166666666666663, '32': 0.3214285714285714, '37': 0.2916666666666667, '26': 0.3472222222222222, '13': 0.3205128205128205, '34': 0.26785714285714285, '12': 0.125, '30': 0.08012820512820512, '35': 0.293859649122807, '36': 0.14166666666666666, '38': 0.4226190476190476, '39': 0.30833333333333335, '33': 0.17045454545454547}";"{'7': 0.20833333333333331, '32': 0.3214285714285714, '37': 0.2916666666666667, '26': 0.3472222222222222, '13': 0.3205128205128205, '34': 0.26785714285714285, '12': 0.16025641025641024, '30': 0.11309523809523808, '35': 0.293859649122807, '36': 0.14166666666666666, '38': 0.4226190476190476, '39': 0.30833333333333335, '33': 0.20833333333333331}";0.0;0.0;0.0;0.0;1.0;1.0;1.0;1.0;1.0;1.0;1.0;1.0;1.0;1.0;1.0;1.0;0.0018;0.0442;0.0077;"['7', '32', '37', '26', '13', '34', '12', '30', '35', '36', '38', '39', '33']";"[('intraA', ('39', '7')), ('intraD', ('38', '7')), ('intraD', ('12', '38')), ('intraA', ('38', '39'))]";"[('interA', ('16', '7')), ('interA', ('24', '7')), ('interA', ('25', '7')), ('interA', ('29', '7'))]";"[('interA', ('30', '51')), ('interA', ('12', '15')), ('interA', ('55', '7')), ('interA', ('33', '44'))]";"[['16', '24', '25', '29', '31', '51', '48', '52', '47', '53', '50', '57', '44', '49', '59'], ['7', '32', '37', '26', '13', '34', '12', '30', '35', '36', '38', '39', '33'], ['2', '46', '6', '27', '3', '19', '20', '15', '43', '28', '42', '11', '40'], ['22', '18', '21', '23', '17', '1', '4', '58', '60', '8', '5', '14'], ['56', '41', '9', '61', '45', '10', '55', '54']]";"[['16', '24', '25', '29', '31', '51', '48', '52', '47', '53', '50', '57', '44', '49', '59'], ['7', '32', '37', '26', '13', '34', '12', '30', '35', '36', '38', '39', '33'], ['2', '46', '6', '27', '3', '19', '20', '15', '43', '28', '42', '11', '40'], ['22', '18', '21', '23', '17', '1', '4', '58', '60', '8', '5', '14'], ['56', '41', '9', '61', '45', '10', '55', '54']]";"[['16', '24', '25', '29', '31', '51', '48', '52', '47', '53', '50', '57', '44', '49', '59'], ['2', '46', '6', '27', '3', '19', '20', '15', '43', '28', '42', '11', '40'], ['7', '32', '37', '26', '13', '34', '12', '30', '35', '36', '38', '39', '33'], ['22', '18', '21', '23', '17', '1', '4', '58', '60', '8', '5', '14'], ['56', '41', '9', '61', '45', '10', '55', '54']]";"[3, 2, 2, 3, 3, 2, 1, 3, 4, 4, 2, 1, 1, 3, 2, 0, 3, 3, 2, 2, 3, 3, 3, 0, 0, 1, 2, 2, 0, 1, 0, 1, 1, 1, 1, 1, 1, 1, 1, 2, 4, 2, 2, 0, 4, 2, 0, 0, 0, 0, 0, 0, 0, 4, 4, 4, 0, 3, 0, 3, 4]";"[3, 2, 2, 3, 3, 2, 1, 3, 4, 4, 2, 1, 1, 3, 2, 0, 3, 3, 2, 2, 3, 3, 3, 0, 0, 1, 2, 2, 0, 1, 0, 1, 1, 1, 1, 1, 1, 1, 1, 2, 4, 2, 2, 0, 4, 2, 0, 0, 0, 0, 0, 0, 0, 4, 4, 4, 0, 3, 0, 3, 4]";"[3, 2, 2, 3, 3, 2, 1, 3, 4, 4, 2, 1, 1, 3, 2, 0, 3, 3, 2, 2, 3, 3, 3, 0, 0, 1, 2, 2, 0, 1, 0, 1, 1, 1, 1, 1, 1, 1, 1, 2, 4, 2, 2, 0, 4, 2, 0, 0, 0, 0, 0, 0, 0, 4, 4, 4, 0, 3, 0, 3, 4]";"[3, 1, 1, 3, 3, 1, 2, 3, 4, 4, 1, 2, 2, 3, 1, 0, 3, 3, 1, 1, 3, 3, 3, 0, 0, 2, 1, 1, 0, 2, 0, 2, 2, 2, 2, 2, 2, 2, 2, 1, 4, 1, 1, 0, 4, 1, 0, 0, 0, 0, 0, 0, 0, 4, 4, 4, 0, 3, 0, 3, 4]"
3;1;"aucs";"flat_nw";4;0.4162;0.414;0.408;0.4089;"{'7': 0.17045454545454547, '32': 0.3214285714285714, '37': 0.2916666666666667, '26': 0.3472222222222222, '13': 0.3205128205128205, '34': 0.26785714285714285, '12': 0.125, '30': 0.08012820512820512, '35': 0.293859649122807, '36': 0.14166666666666666, '38': 0.4226190476190476, '39': 0.30833333333333335, '33': 0.17045454545454547}";"{'7': 0.17045454545454547, '32': 0.3214285714285714, '37': 0.2807971014492754, '26': 0.3472222222222222, '13': 0.29166666666666663, '34': 0.26785714285714285, '12': 0.17045454545454547, '30': 0.11309523809523808, '35': 0.293859649122807, '36': 0.14166666666666666, '38': 0.4226190476190476, '39': 0.3611111111111111, '33': 0.17045454545454547}";"{'7': 0.29166666666666663, '32': 0.3214285714285714, '37': 0.2916666666666667, '26': 0.3472222222222222, '13': 0.3205128205128205, '34': 0.26785714285714285, '12': 0.125, '30': 0.08012820512820512, '35': 0.293859649122807, '36': 0.14166666666666666, '38': 0.4226190476190476, '39': 0.30833333333333335, '33': 0.17045454545454547}";"{'7': 0.20833333333333331, '32': 0.3214285714285714, '37': 0.2916666666666667, '26': 0.3472222222222222, '13': 0.3205128205128205, '34': 0.26785714285714285, '12': 0.16025641025641024, '30': 0.11309523809523808, '35': 0.293859649122807, '36': 0.14166666666666666, '38': 0.4226190476190476, '39': 0.30833333333333335, '33': 0.20833333333333331}";0.0;0.0357142857142857;0.0;0.0;0.958151101963811;1.0;1.0;0.9636579250469968;1.0;1.0;0.973324160467816;1.0;1.0;0.9743587977088658;1.0;1.0;0.0017;0.0444;0.0074;"['7', '32', '37', '26', '13', '34', '12', '30', '35', '36', '38', '39', '33']";"[('interD', ('15', '37')), ('interD', ('13', '9')), ('intraD', ('12', '39')), ('interA', ('30', '58'))]";"[('interA', ('16', '7')), ('interA', ('24', '7')), ('interA', ('25', '7')), ('interA', ('29', '7'))]";"[('interA', ('30', '40')), ('interA', ('12', '31')), ('interA', ('41', '7')), ('interA', ('18', '33'))]";"[['16', '24', '25', '29', '31', '51', '48', '52', '47', '53', '50', '57', '44', '49', '59'], ['7', '32', '37', '26', '13', '34', '12', '30', '35', '36', '38', '39', '33', '14'], ['2', '46', '6', '27', '3', '19', '20', '15', '43', '28', '42', '11', '40'], ['18', '21', '23', '17', '1', '4', '58', '60', '8', '5', '22'], ['56', '41', '9', '61', '45', '10', '55', '54']]";"[['16', '24', '25', '29', '31', '51', '48', '52', '47', '53', '50', '57', '44', '49', '59'], ['2', '46', '6', '27', '3', '19', '20', '15', '43', '28', '42', '11', '40'], ['7', '32', '37', '26', '13', '34', '12', '30', '35', '36', '38', '39', '33'], ['22', '18', '21', '23', '17', '1', '4', '58', '60', '8', '5', '14'], ['56', '41', '9', '61', '45', '10', '55', '54']]";"[['16', '24', '25', '29', '31', '51', '48', '52', '47', '53', '50', '57', '44', '49', '59'], ['7', '32', '37', '26', '13', '34', '12', '30', '35', '36', '38', '39', '33'], ['2', '46', '6', '27', '3', '19', '20', '15', '43', '28', '42', '11', '40'], ['22', '18', '21', '23', '17', '1', '4', '58', '60', '8', '5', '14'], ['56', '41', '9', '61', '45', '10', '55', '54']]";"[3, 2, 2, 3, 3, 2, 1, 3, 4, 4, 2, 1, 1, 3, 2, 0, 3, 3, 2, 2, 3, 3, 3, 0, 0, 1, 2, 2, 0, 1, 0, 1, 1, 1, 1, 1, 1, 1, 1, 2, 4, 2, 2, 0, 4, 2, 0, 0, 0, 0, 0, 0, 0, 4, 4, 4, 0, 3, 0, 3, 4]";"[3, 2, 2, 3, 3, 2, 1, 3, 4, 4, 2, 1, 1, 1, 2, 0, 3, 3, 2, 2, 3, 3, 3, 0, 0, 1, 2, 2, 0, 1, 0, 1, 1, 1, 1, 1, 1, 1, 1, 2, 4, 2, 2, 0, 4, 2, 0, 0, 0, 0, 0, 0, 0, 4, 4, 4, 0, 3, 0, 3, 4]";"[3, 1, 1, 3, 3, 1, 2, 3, 4, 4, 1, 2, 2, 3, 1, 0, 3, 3, 1, 1, 3, 3, 3, 0, 0, 2, 1, 1, 0, 2, 0, 2, 2, 2, 2, 2, 2, 2, 2, 1, 4, 1, 1, 0, 4, 1, 0, 0, 0, 0, 0, 0, 0, 4, 4, 4, 0, 3, 0, 3, 4]";"[3, 2, 2, 3, 3, 2, 1, 3, 4, 4, 2, 1, 1, 3, 2, 0, 3, 3, 2, 2, 3, 3, 3, 0, 0, 1, 2, 2, 0, 1, 0, 1, 1, 1, 1, 1, 1, 1, 1, 2, 4, 2, 2, 0, 4, 2, 0, 0, 0, 0, 0, 0, 0, 4, 4, 4, 0, 3, 0, 3, 4]"
4;1;"aucs";"flat_nw";4;0.4162;0.4162;0.408;0.409;"{'7': 0.17045454545454547, '32': 0.3214285714285714, '37': 0.2916666666666667, '26': 0.3472222222222222, '13': 0.3205128205128205, '34': 0.26785714285714285, '12': 0.125, '30': 0.08012820512820512, '35': 0.293859649122807, '36': 0.14166666666666666, '38': 0.4226190476190476, '39': 0.30833333333333335, '33': 0.17045454545454547}";"{'7': 0.21666666666666667, '32': 0.2689393939393939, '37': 0.3442028985507246, '26': 0.3472222222222222, '13': 0.3205128205128205, '34': 0.3205128205128205, '12': 0.17045454545454547, '30': 0.08012820512820512, '35': 0.293859649122807, '36': 0.14166666666666666, '38': 0.3125, '39': 0.25757575757575757, '33': 0.17045454545454547}";"{'7': 0.29166666666666663, '32': 0.3214285714285714, '37': 0.2916666666666667, '26': 0.3472222222222222, '13': 0.3205128205128205, '34': 0.26785714285714285, '12': 0.125, '30': 0.08012820512820512, '35': 0.293859649122807, '36': 0.14166666666666666, '38': 0.4226190476190476, '39': 0.30833333333333335, '33': 0.17045454545454547}";"{'7': 0.20833333333333331, '32': 0.3214285714285714, '37': 0.2916666666666667, '26': 0.3472222222222222, '13': 0.3205128205128205, '34': 0.26785714285714285, '12': 0.16025641025641024, '30': 0.11309523809523808, '35': 0.293859649122807, '36': 0.14166666666666666, '38': 0.4226190476190476, '39': 0.30833333333333335, '33': 0.20833333333333331}";0.0;0.0;0.0;0.0;1.0;1.0;1.0;1.0;1.0;1.0;1.0;1.0;1.0;1.0;1.0;1.0;0.0016;0.0566;0.0107;"['7', '32', '37', '26', '13', '34', '12', '30', '35', '36', '38', '39', '33']";"[('intraD', ('12', '7')), ('intraD', ('34', '37')), ('intraA', ('38', '39')), ('intraA', ('32', '38'))]";"[('interA', ('16', '7')), ('interA', ('24', '7')), ('interA', ('25', '7')), ('interA', ('29', '7'))]";"[('interA', ('30', '56')), ('interA', ('12', '55')), ('interA', ('48', '7')), ('interA', ('33', '6'))]";"[['16', '24', '25', '29', '31', '51', '48', '52', '47', '53', '50', '57', '44', '49', '59'], ['7', '32', '37', '26', '13', '34', '12', '30', '35', '36', '38', '39', '33'], ['2', '46', '6', '27', '3', '19', '20', '15', '43', '28', '42', '11', '40'], ['22', '18', '21', '23', '17', '1', '4', '58', '60', '8', '5', '14'], ['56', '41', '9', '61', '45', '10', '55', '54']]";"[['16', '24', '25', '29', '31', '51', '48', '52', '47', '53', '50', '57', '44', '49', '59'], ['2', '46', '6', '27', '3', '19', '20', '15', '43', '28', '42', '11', '40'], ['7', '32', '37', '26', '13', '34', '12', '30', '35', '36', '38', '39', '33'], ['22', '18', '21', '23', '17', '1', '4', '58', '60', '8', '5', '14'], ['56', '41', '9', '61', '45', '10', '55', '54']]";"[['16', '24', '25', '29', '31', '51', '48', '52', '47', '53', '50', '57', '44', '49', '59'], ['2', '46', '6', '27', '3', '19', '20', '15', '43', '28', '42', '11', '40'], ['7', '32', '37', '26', '13', '34', '12', '30', '35', '36', '38', '39', '33'], ['22', '18', '21', '23', '17', '1', '4', '58', '60', '8', '5', '14'], ['56', '41', '9', '61', '45', '10', '55', '54']]";"[3, 2, 2, 3, 3, 2, 1, 3, 4, 4, 2, 1, 1, 3, 2, 0, 3, 3, 2, 2, 3, 3, 3, 0, 0, 1, 2, 2, 0, 1, 0, 1, 1, 1, 1, 1, 1, 1, 1, 2, 4, 2, 2, 0, 4, 2, 0, 0, 0, 0, 0, 0, 0, 4, 4, 4, 0, 3, 0, 3, 4]";"[3, 2, 2, 3, 3, 2, 1, 3, 4, 4, 2, 1, 1, 3, 2, 0, 3, 3, 2, 2, 3, 3, 3, 0, 0, 1, 2, 2, 0, 1, 0, 1, 1, 1, 1, 1, 1, 1, 1, 2, 4, 2, 2, 0, 4, 2, 0, 0, 0, 0, 0, 0, 0, 4, 4, 4, 0, 3, 0, 3, 4]";"[3, 1, 1, 3, 3, 1, 2, 3, 4, 4, 1, 2, 2, 3, 1, 0, 3, 3, 1, 1, 3, 3, 3, 0, 0, 2, 1, 1, 0, 2, 0, 2, 2, 2, 2, 2, 2, 2, 2, 1, 4, 1, 1, 0, 4, 1, 0, 0, 0, 0, 0, 0, 0, 4, 4, 4, 0, 3, 0, 3, 4]";"[3, 1, 1, 3, 3, 1, 2, 3, 4, 4, 1, 2, 2, 3, 1, 0, 3, 3, 1, 1, 3, 3, 3, 0, 0, 2, 1, 1, 0, 2, 0, 2, 2, 2, 2, 2, 2, 2, 2, 1, 4, 1, 1, 0, 4, 1, 0, 0, 0, 0, 0, 0, 0, 4, 4, 4, 0, 3, 0, 3, 4]"
5;1;"aucs";"flat_nw";4;0.4162;0.4189;0.408;0.408;"{'7': 0.17045454545454547, '32': 0.3214285714285714, '37': 0.2916666666666667, '26': 0.3472222222222222, '13': 0.3205128205128205, '34': 0.26785714285714285, '12': 0.125, '30': 0.08012820512820512, '35': 0.293859649122807, '36': 0.14166666666666666, '38': 0.4226190476190476, '39': 0.30833333333333335, '33': 0.17045454545454547}";"{'7': 0.125, '32': 0.3214285714285714, '37': 0.2807971014492754, '26': 0.3472222222222222, '13': 0.3205128205128205, '34': 0.26785714285714285, '12': 0.125, '30': 0.08012820512820512, '35': 0.293859649122807, '36': 0.14166666666666666, '38': 0.4226190476190476, '39': 0.25757575757575757, '33': 0.17045454545454547}";"{'7': 0.29166666666666663, '32': 0.3214285714285714, '37': 0.2916666666666667, '26': 0.3472222222222222, '13': 0.3205128205128205, '34': 0.26785714285714285, '12': 0.125, '30': 0.08012820512820512, '35': 0.293859649122807, '36': 0.14166666666666666, '38': 0.4226190476190476, '39': 0.30833333333333335, '33': 0.17045454545454547}";"{'7': 0.20833333333333331, '32': 0.3214285714285714, '37': 0.2916666666666667, '26': 0.3472222222222222, '13': 0.3205128205128205, '34': 0.26785714285714285, '12': 0.16025641025641024, '30': 0.11309523809523808, '35': 0.293859649122807, '36': 0.14166666666666666, '38': 0.4226190476190476, '39': 0.30833333333333335, '33': 0.20833333333333331}";0.0;0.0;0.0;0.0;1.0;1.0;1.0;1.0;1.0;1.0;1.0;1.0;1.0;1.0;1.0;1.0;0.0016;0.0398;0.0093;"['7', '32', '37', '26', '13', '34', '12', '30', '35', '36', '38', '39', '33']";"[('interD', ('18', '37')), ('interA', ('27', '32')), ('intraA', ('39', '7')), ('interD', ('32', '47'))]";"[('interA', ('16', '7')), ('interA', ('24', '7')), ('interA', ('25', '7')), ('interA', ('29', '7'))]";"[('interA', ('24', '30')), ('interA', ('12', '59')), ('interA', ('51', '7')), ('interA', ('33', '49'))]";"[['16', '24', '25', '29', '31', '51', '48', '52', '47', '53', '50', '57', '44', '49', '59'], ['2', '46', '6', '27', '3', '19', '20', '15', '43', '28', '42', '11', '40'], ['7', '32', '37', '26', '13', '34', '12', '30', '35', '36', '38', '39', '33'], ['22', '18', '21', '23', '17', '1', '4', '58', '60', '8', '5', '14'], ['56', '41', '9', '61', '45', '10', '55', '54']]";"[['16', '24', '25', '29', '31', '51', '48', '52', '47', '53', '50', '57', '44', '49', '59'], ['7', '32', '37', '26', '13', '34', '12', '30', '35', '36', '38', '39', '33'], ['2', '46', '6', '27', '3', '19', '20', '15', '43', '28', '42', '11', '40'], ['22', '18', '21', '23', '17', '1', '4', '58', '60', '8', '5', '14'], ['56', '41', '9', '61', '45', '10', '55', '54']]";"[['16', '24', '25', '29', '31', '51', '48', '52', '47', '53', '50', '57', '44', '49', '59'], ['2', '46', '6', '27', '3', '19', '20', '15', '43', '28', '42', '11', '40'], ['7', '32', '37', '26', '13', '34', '12', '30', '35', '36', '38', '39', '33'], ['22', '18', '21', '23', '17', '1', '4', '58', '60', '8', '5', '14'], ['56', '41', '9', '61', '45', '10', '55', '54']]";"[3, 2, 2, 3, 3, 2, 1, 3, 4, 4, 2, 1, 1, 3, 2, 0, 3, 3, 2, 2, 3, 3, 3, 0, 0, 1, 2, 2, 0, 1, 0, 1, 1, 1, 1, 1, 1, 1, 1, 2, 4, 2, 2, 0, 4, 2, 0, 0, 0, 0, 0, 0, 0, 4, 4, 4, 0, 3, 0, 3, 4]";"[3, 1, 1, 3, 3, 1, 2, 3, 4, 4, 1, 2, 2, 3, 1, 0, 3, 3, 1, 1, 3, 3, 3, 0, 0, 2, 1, 1, 0, 2, 0, 2, 2, 2, 2, 2, 2, 2, 2, 1, 4, 1, 1, 0, 4, 1, 0, 0, 0, 0, 0, 0, 0, 4, 4, 4, 0, 3, 0, 3, 4]";"[3, 2, 2, 3, 3, 2, 1, 3, 4, 4, 2, 1, 1, 3, 2, 0, 3, 3, 2, 2, 3, 3, 3, 0, 0, 1, 2, 2, 0, 1, 0, 1, 1, 1, 1, 1, 1, 1, 1, 2, 4, 2, 2, 0, 4, 2, 0, 0, 0, 0, 0, 0, 0, 4, 4, 4, 0, 3, 0, 3, 4]";"[3, 1, 1, 3, 3, 1, 2, 3, 4, 4, 1, 2, 2, 3, 1, 0, 3, 3, 1, 1, 3, 3, 3, 0, 0, 2, 1, 1, 0, 2, 0, 2, 2, 2, 2, 2, 2, 2, 2, 1, 4, 1, 1, 0, 4, 1, 0, 0, 0, 0, 0, 0, 0, 4, 4, 4, 0, 3, 0, 3, 4]"
6;1;"aucs";"flat_nw";4;0.4162;0.414;0.408;0.4083;"{'7': 0.17045454545454547, '32': 0.3214285714285714, '37': 0.2916666666666667, '26': 0.3472222222222222, '13': 0.3205128205128205, '34': 0.26785714285714285, '12': 0.125, '30': 0.08012820512820512, '35': 0.293859649122807, '36': 0.14166666666666666, '38': 0.4226190476190476, '39': 0.30833333333333335, '33': 0.17045454545454547}";"{'7': 0.17045454545454547, '32': 0.3214285714285714, '37': 0.3016666666666667, '26': 0.3472222222222222, '13': 0.26785714285714285, '34': 0.21666666666666667, '12': 0.08012820512820512, '30': 0.08012820512820512, '35': 0.293859649122807, '36': 0.14166666666666666, '38': 0.3666666666666667, '39': 0.3446969696969697, '33': 0.17045454545454547}";"{'7': 0.29166666666666663, '32': 0.3214285714285714, '37': 0.2916666666666667, '26': 0.3472222222222222, '13': 0.3205128205128205, '34': 0.26785714285714285, '12': 0.125, '30': 0.08012820512820512, '35': 0.293859649122807, '36': 0.14166666666666666, '38': 0.4226190476190476, '39': 0.30833333333333335, '33': 0.17045454545454547}";"{'7': 0.20833333333333331, '32': 0.3214285714285714, '37': 0.2916666666666667, '26': 0.3472222222222222, '13': 0.3205128205128205, '34': 0.26785714285714285, '12': 0.16025641025641024, '30': 0.11309523809523808, '35': 0.293859649122807, '36': 0.14166666666666666, '38': 0.4226190476190476, '39': 0.30833333333333335, '33': 0.20833333333333331}";0.0;0.0;0.0;0.0;1.0;1.0;1.0;1.0;1.0;1.0;1.0;1.0;1.0;1.0;1.0;1.0;0.0016;0.0429;0.0095;"['7', '32', '37', '26', '13', '34', '12', '30', '35', '36', '38', '39', '33']";"[('intraA', ('12', '13')), ('interA', ('39', '60')), ('intraA', ('34', '38')), ('interA', ('37', '8'))]";"[('interA', ('16', '7')), ('interA', ('24', '7')), ('interA', ('25', '7')), ('interA', ('29', '7'))]";"[('interA', ('30', '47')), ('interA', ('12', '24')), ('interA', ('47', '7')), ('interA', ('33', '8'))]";"[['16', '24', '25', '29', '31', '51', '48', '52', '47', '53', '50', '57', '44', '49', '59'], ['7', '32', '37', '26', '13', '34', '12', '30', '35', '36', '38', '39', '33'], ['2', '46', '6', '27', '3', '19', '20', '15', '43', '28', '42', '11', '40'], ['22', '18', '21', '23', '17', '1', '4', '58', '60', '8', '5', '14'], ['56', '41', '9', '61', '45', '10', '55', '54']]";"[['16', '24', '25', '29', '31', '51', '48', '52', '47', '53', '50', '57', '44', '49', '59'], ['2', '46', '6', '27', '3', '19', '20', '15', '43', '28', '42', '11', '40'], ['7', '32', '37', '26', '13', '34', '12', '30', '35', '36', '38', '39', '33'], ['22', '18', '21', '23', '17', '1', '4', '58', '60', '8', '5', '14'], ['56', '41', '9', '61', '45', '10', '55', '54']]";"[['16', '24', '25', '29', '31', '51', '48', '52', '47', '53', '50', '57', '44', '49', '59'], ['2', '46', '6', '27', '3', '19', '20', '15', '43', '28', '42', '11', '40'], ['7', '32', '37', '26', '13', '34', '12', '30', '35', '36', '38', '39', '33'], ['22', '18', '21', '23', '17', '1', '4', '58', '60', '8', '5', '14'], ['56', '41', '9', '61', '45', '10', '55', '54']]";"[3, 2, 2, 3, 3, 2, 1, 3, 4, 4, 2, 1, 1, 3, 2, 0, 3, 3, 2, 2, 3, 3, 3, 0, 0, 1, 2, 2, 0, 1, 0, 1, 1, 1, 1, 1, 1, 1, 1, 2, 4, 2, 2, 0, 4, 2, 0, 0, 0, 0, 0, 0, 0, 4, 4, 4, 0, 3, 0, 3, 4]";"[3, 2, 2, 3, 3, 2, 1, 3, 4, 4, 2, 1, 1, 3, 2, 0, 3, 3, 2, 2, 3, 3, 3, 0, 0, 1, 2, 2, 0, 1, 0, 1, 1, 1, 1, 1, 1, 1, 1, 2, 4, 2, 2, 0, 4, 2, 0, 0, 0, 0, 0, 0, 0, 4, 4, 4, 0, 3, 0, 3, 4]";"[3, 1, 1, 3, 3, 1, 2, 3, 4, 4, 1, 2, 2, 3, 1, 0, 3, 3, 1, 1, 3, 3, 3, 0, 0, 2, 1, 1, 0, 2, 0, 2, 2, 2, 2, 2, 2, 2, 2, 1, 4, 1, 1, 0, 4, 1, 0, 0, 0, 0, 0, 0, 0, 4, 4, 4, 0, 3, 0, 3, 4]";"[3, 1, 1, 3, 3, 1, 2, 3, 4, 4, 1, 2, 2, 3, 1, 0, 3, 3, 1, 1, 3, 3, 3, 0, 0, 2, 1, 1, 0, 2, 0, 2, 2, 2, 2, 2, 2, 2, 2, 1, 4, 1, 1, 0, 4, 1, 0, 0, 0, 0, 0, 0, 0, 4, 4, 4, 0, 3, 0, 3, 4]"
7;1;"aucs";"flat_nw";4;0.4162;0.4189;0.408;0.4084;"{'7': 0.17045454545454547, '32': 0.3214285714285714, '37': 0.2916666666666667, '26': 0.3472222222222222, '13': 0.3205128205128205, '34': 0.26785714285714285, '12': 0.125, '30': 0.08012820512820512, '35': 0.293859649122807, '36': 0.14166666666666666, '38': 0.4226190476190476, '39': 0.30833333333333335, '33': 0.17045454545454547}";"{'7': 0.17045454545454547, '32': 0.30833333333333335, '37': 0.2807971014492754, '26': 0.36184210526315785, '13': 0.26785714285714285, '34': 0.26785714285714285, '12': 0.08012820512820512, '30': 0.08012820512820512, '35': 0.293859649122807, '36': 0.14166666666666666, '38': 0.4226190476190476, '39': 0.30833333333333335, '33': 0.17045454545454547}";"{'7': 0.29166666666666663, '32': 0.3214285714285714, '37': 0.2916666666666667, '26': 0.3472222222222222, '13': 0.3205128205128205, '34': 0.26785714285714285, '12': 0.125, '30': 0.08012820512820512, '35': 0.293859649122807, '36': 0.14166666666666666, '38': 0.4226190476190476, '39': 0.30833333333333335, '33': 0.17045454545454547}";"{'7': 0.20833333333333331, '32': 0.3214285714285714, '37': 0.2916666666666667, '26': 0.3472222222222222, '13': 0.3205128205128205, '34': 0.26785714285714285, '12': 0.16025641025641024, '30': 0.11309523809523808, '35': 0.293859649122807, '36': 0.14166666666666666, '38': 0.4226190476190476, '39': 0.30833333333333335, '33': 0.20833333333333331}";0.0;0.0;0.0;0.0;1.0;1.0;1.0;1.0;1.0;1.0;1.0;1.0;1.0;1.0;1.0;1.0;0.0016;0.0506;0.0071;"['7', '32', '37', '26', '13', '34', '12', '30', '35', '36', '38', '39', '33']";"[('interD', ('32', '40')), ('intraA', ('12', '13')), ('interD', ('15', '37')), ('interA', ('26', '8'))]";"[('interA', ('16', '7')), ('interA', ('24', '7')), ('interA', ('25', '7')), ('interA', ('29', '7'))]";"[('interA', ('20', '30')), ('interA', ('12', '25')), ('interA', ('16', '7')), ('interA', ('15', '33'))]";"[['16', '24', '25', '29', '31', '51', '48', '52', '47', '53', '50', '57', '44', '49', '59'], ['2', '46', '6', '27', '3', '19', '20', '15', '43', '28', '42', '11', '40'], ['7', '32', '37', '26', '13', '34', '12', '30', '35', '36', '38', '39', '33'], ['22', '18', '21', '23', '17', '1', '4', '58', '60', '8', '5', '14'], ['56', '41', '9', '61', '45', '10', '55', '54']]";"[['16', '24', '25', '29', '31', '51', '48', '52', '47', '53', '50', '57', '44', '49', '59'], ['2', '46', '6', '27', '3', '19', '20', '15', '43', '28', '42', '11', '40'], ['7', '32', '37', '26', '13', '34', '12', '30', '35', '36', '38', '39', '33'], ['22', '18', '21', '23', '17', '1', '4', '58', '60', '8', '5', '14'], ['56', '41', '9', '61', '45', '10', '55', '54']]";"[['16', '24', '25', '29', '31', '51', '48', '52', '47', '53', '50', '57', '44', '49', '59'], ['2', '46', '6', '27', '3', '19', '20', '15', '43', '28', '42', '11', '40'], ['7', '32', '37', '26', '13', '34', '12', '30', '35', '36', '38', '39', '33'], ['22', '18', '21', '23', '17', '1', '4', '58', '60', '8', '5', '14'], ['56', '41', '9', '61', '45', '10', '55', '54']]";"[3, 2, 2, 3, 3, 2, 1, 3, 4, 4, 2, 1, 1, 3, 2, 0, 3, 3, 2, 2, 3, 3, 3, 0, 0, 1, 2, 2, 0, 1, 0, 1, 1, 1, 1, 1, 1, 1, 1, 2, 4, 2, 2, 0, 4, 2, 0, 0, 0, 0, 0, 0, 0, 4, 4, 4, 0, 3, 0, 3, 4]";"[3, 1, 1, 3, 3, 1, 2, 3, 4, 4, 1, 2, 2, 3, 1, 0, 3, 3, 1, 1, 3, 3, 3, 0, 0, 2, 1, 1, 0, 2, 0, 2, 2, 2, 2, 2, 2, 2, 2, 1, 4, 1, 1, 0, 4, 1, 0, 0, 0, 0, 0, 0, 0, 4, 4, 4, 0, 3, 0, 3, 4]";"[3, 1, 1, 3, 3, 1, 2, 3, 4, 4, 1, 2, 2, 3, 1, 0, 3, 3, 1, 1, 3, 3, 3, 0, 0, 2, 1, 1, 0, 2, 0, 2, 2, 2, 2, 2, 2, 2, 2, 1, 4, 1, 1, 0, 4, 1, 0, 0, 0, 0, 0, 0, 0, 4, 4, 4, 0, 3, 0, 3, 4]";"[3, 1, 1, 3, 3, 1, 2, 3, 4, 4, 1, 2, 2, 3, 1, 0, 3, 3, 1, 1, 3, 3, 3, 0, 0, 2, 1, 1, 0, 2, 0, 2, 2, 2, 2, 2, 2, 2, 2, 1, 4, 1, 1, 0, 4, 1, 0, 0, 0, 0, 0, 0, 0, 4, 4, 4, 0, 3, 0, 3, 4]"
8;1;"aucs";"flat_nw";4;0.4162;0.4176;0.408;0.4087;"{'7': 0.17045454545454547, '32': 0.3214285714285714, '37': 0.2916666666666667, '26': 0.3472222222222222, '13': 0.3205128205128205, '34': 0.26785714285714285, '12': 0.125, '30': 0.08012820512820512, '35': 0.293859649122807, '36': 0.14166666666666666, '38': 0.4226190476190476, '39': 0.30833333333333335, '33': 0.17045454545454547}";"{'7': 0.17045454545454547, '32': 0.2689393939393939, '37': 0.2916666666666667, '26': 0.3472222222222222, '13': 0.26785714285714285, '34': 0.2403846153846154, '12': 0.125, '30': 0.08012820512820512, '35': 0.293859649122807, '36': 0.14166666666666666, '38': 0.3666666666666667, '39': 0.3446969696969697, '33': 0.125}";"{'7': 0.29166666666666663, '32': 0.3214285714285714, '37': 0.2916666666666667, '26': 0.3472222222222222, '13': 0.3205128205128205, '34': 0.26785714285714285, '12': 0.125, '30': 0.08012820512820512, '35': 0.293859649122807, '36': 0.14166666666666666, '38': 0.4226190476190476, '39': 0.30833333333333335, '33': 0.17045454545454547}";"{'7': 0.20833333333333331, '32': 0.3214285714285714, '37': 0.2916666666666667, '26': 0.3472222222222222, '13': 0.3205128205128205, '34': 0.26785714285714285, '12': 0.16025641025641024, '30': 0.11309523809523808, '35': 0.293859649122807, '36': 0.14166666666666666, '38': 0.4226190476190476, '39': 0.30833333333333335, '33': 0.20833333333333331}";0.0;0.0;0.0;0.0;1.0;1.0;1.0;1.0;1.0;1.0;1.0;1.0;1.0;1.0;1.0;1.0;0.0017;0.0374;0.0078;"['7', '32', '37', '26', '13', '34', '12', '30', '35', '36', '38', '39', '33']";"[('interA', ('18', '39')), ('intraA', ('32', '38')), ('interD', ('22', '34')), ('intraA', ('13', '33'))]";"[('interA', ('16', '7')), ('interA', ('24', '7')), ('interA', ('25', '7')), ('interA', ('29', '7'))]";"[('interA', ('21', '30')), ('interA', ('12', '60')), ('interA', ('24', '7')), ('interA', ('28', '33'))]";"[['16', '24', '25', '29', '31', '51', '48', '52', '47', '53', '50', '57', '44', '49', '59'], ['7', '32', '37', '26', '13', '34', '12', '30', '35', '36', '38', '39', '33'], ['2', '46', '6', '27', '3', '19', '20', '15', '43', '28', '42', '11', '40'], ['22', '18', '21', '23', '17', '1', '4', '58', '60', '8', '5', '14'], ['56', '41', '9', '61', '45', '10', '55', '54']]";"[['16', '24', '25', '29', '31', '51', '48', '52', '47', '53', '50', '57', '44', '49', '59'], ['2', '46', '6', '27', '3', '19', '20', '15', '43', '28', '42', '11', '40'], ['7', '32', '37', '26', '13', '34', '12', '30', '35', '36', '38', '39', '33'], ['22', '18', '21', '23', '17', '1', '4', '58', '60', '8', '5', '14'], ['56', '41', '9', '61', '45', '10', '55', '54']]";"[['16', '24', '25', '29', '31', '51', '48', '52', '47', '53', '50', '57', '44', '49', '59'], ['2', '46', '6', '27', '3', '19', '20', '15', '43', '28', '42', '11', '40'], ['7', '32', '37', '26', '13', '34', '12', '30', '35', '36', '38', '39', '33'], ['22', '18', '21', '23', '17', '1', '4', '58', '60', '8', '5', '14'], ['56', '41', '9', '61', '45', '10', '55', '54']]";"[3, 2, 2, 3, 3, 2, 1, 3, 4, 4, 2, 1, 1, 3, 2, 0, 3, 3, 2, 2, 3, 3, 3, 0, 0, 1, 2, 2, 0, 1, 0, 1, 1, 1, 1, 1, 1, 1, 1, 2, 4, 2, 2, 0, 4, 2, 0, 0, 0, 0, 0, 0, 0, 4, 4, 4, 0, 3, 0, 3, 4]";"[3, 2, 2, 3, 3, 2, 1, 3, 4, 4, 2, 1, 1, 3, 2, 0, 3, 3, 2, 2, 3, 3, 3, 0, 0, 1, 2, 2, 0, 1, 0, 1, 1, 1, 1, 1, 1, 1, 1, 2, 4, 2, 2, 0, 4, 2, 0, 0, 0, 0, 0, 0, 0, 4, 4, 4, 0, 3, 0, 3, 4]";"[3, 1, 1, 3, 3, 1, 2, 3, 4, 4, 1, 2, 2, 3, 1, 0, 3, 3, 1, 1, 3, 3, 3, 0, 0, 2, 1, 1, 0, 2, 0, 2, 2, 2, 2, 2, 2, 2, 2, 1, 4, 1, 1, 0, 4, 1, 0, 0, 0, 0, 0, 0, 0, 4, 4, 4, 0, 3, 0, 3, 4]";"[3, 1, 1, 3, 3, 1, 2, 3, 4, 4, 1, 2, 2, 3, 1, 0, 3, 3, 1, 1, 3, 3, 3, 0, 0, 2, 1, 1, 0, 2, 0, 2, 2, 2, 2, 2, 2, 2, 2, 1, 4, 1, 1, 0, 4, 1, 0, 0, 0, 0, 0, 0, 0, 4, 4, 4, 0, 3, 0, 3, 4]"
9;1;"aucs";"flat_nw";4;0.4162;0.4101;0.408;0.4086;"{'7': 0.17045454545454547, '32': 0.3214285714285714, '37': 0.2916666666666667, '26': 0.3472222222222222, '13': 0.3205128205128205, '34': 0.26785714285714285, '12': 0.125, '30': 0.08012820512820512, '35': 0.293859649122807, '36': 0.14166666666666666, '38': 0.4226190476190476, '39': 0.30833333333333335, '33': 0.17045454545454547}";"{'7': 0.17045454545454547, '32': 0.3214285714285714, '37': 0.3016666666666667, '26': 0.3472222222222222, '13': 0.3205128205128205, '34': 0.26785714285714285, '12': 0.125, '30': 0.08012820512820512, '35': 0.3472222222222222, '36': 0.14166666666666666, '38': 0.45833333333333337, '39': 0.3446969696969697, '33': 0.17045454545454547}";"{'7': 0.29166666666666663, '32': 0.3214285714285714, '37': 0.2916666666666667, '26': 0.3472222222222222, '13': 0.3205128205128205, '34': 0.26785714285714285, '12': 0.125, '30': 0.08012820512820512, '35': 0.293859649122807, '36': 0.14166666666666666, '38': 0.4226190476190476, '39': 0.30833333333333335, '33': 0.17045454545454547}";"{'7': 0.20833333333333331, '32': 0.3214285714285714, '37': 0.2916666666666667, '26': 0.3472222222222222, '13': 0.3205128205128205, '34': 0.26785714285714285, '12': 0.16025641025641024, '30': 0.11309523809523808, '35': 0.293859649122807, '36': 0.14166666666666666, '38': 0.4226190476190476, '39': 0.30833333333333335, '33': 0.20833333333333331}";0.0;0.0357142857142857;0.0;0.0;0.958151101963811;1.0;1.0;0.9636579250469968;1.0;1.0;0.973324160467816;1.0;1.0;0.9743587977088658;1.0;1.0;0.0017;0.0403;0.0075;"['7', '32', '37', '26', '13', '34', '12', '30', '35', '36', '38', '39', '33']";"[('interD', ('31', '38')), ('interA', ('27', '37')), ('intraD', ('35', '38')), ('interA', ('39', '48'))]";"[('interA', ('16', '7')), ('interA', ('24', '7')), ('interA', ('25', '7')), ('interA', ('29', '7'))]";"[('interA', ('30', '55')), ('interA', ('12', '46')), ('interA', ('53', '7')), ('interA', ('33', '50'))]";"[['16', '24', '25', '29', '31', '51', '48', '52', '47', '53', '50', '57', '44', '49', '59'], ['7', '32', '37', '26', '13', '34', '12', '30', '35', '36', '38', '39', '33', '14'], ['2', '46', '6', '27', '3', '19', '20', '15', '43', '28', '42', '11', '40'], ['18', '21', '23', '17', '1', '4', '58', '60', '8', '5', '22'], ['56', '41', '9', '61', '45', '10', '55', '54']]";"[['16', '24', '25', '29', '31', '51', '48', '52', '47', '53', '50', '57', '44', '49', '59'], ['7', '32', '37', '26', '13', '34', '12', '30', '35', '36', '38', '39', '33'], ['2', '46', '6', '27', '3', '19', '20', '15', '43', '28', '42', '11', '40'], ['22', '18', '21', '23', '17', '1', '4', '58', '60', '8', '5', '14'], ['56', '41', '9', '61', '45', '10', '55', '54']]";"[['16', '24', '25', '29', '31', '51', '48', '52', '47', '53', '50', '57', '44', '49', '59'], ['2', '46', '6', '27', '3', '19', '20', '15', '43', '28', '42', '11', '40'], ['7', '32', '37', '26', '13', '34', '12', '30', '35', '36', '38', '39', '33'], ['22', '18', '21', '23', '17', '1', '4', '58', '60', '8', '5', '14'], ['56', '41', '9', '61', '45', '10', '55', '54']]";"[3, 2, 2, 3, 3, 2, 1, 3, 4, 4, 2, 1, 1, 3, 2, 0, 3, 3, 2, 2, 3, 3, 3, 0, 0, 1, 2, 2, 0, 1, 0, 1, 1, 1, 1, 1, 1, 1, 1, 2, 4, 2, 2, 0, 4, 2, 0, 0, 0, 0, 0, 0, 0, 4, 4, 4, 0, 3, 0, 3, 4]";"[3, 2, 2, 3, 3, 2, 1, 3, 4, 4, 2, 1, 1, 1, 2, 0, 3, 3, 2, 2, 3, 3, 3, 0, 0, 1, 2, 2, 0, 1, 0, 1, 1, 1, 1, 1, 1, 1, 1, 2, 4, 2, 2, 0, 4, 2, 0, 0, 0, 0, 0, 0, 0, 4, 4, 4, 0, 3, 0, 3, 4]";"[3, 2, 2, 3, 3, 2, 1, 3, 4, 4, 2, 1, 1, 3, 2, 0, 3, 3, 2, 2, 3, 3, 3, 0, 0, 1, 2, 2, 0, 1, 0, 1, 1, 1, 1, 1, 1, 1, 1, 2, 4, 2, 2, 0, 4, 2, 0, 0, 0, 0, 0, 0, 0, 4, 4, 4, 0, 3, 0, 3, 4]";"[3, 1, 1, 3, 3, 1, 2, 3, 4, 4, 1, 2, 2, 3, 1, 0, 3, 3, 1, 1, 3, 3, 3, 0, 0, 2, 1, 1, 0, 2, 0, 2, 2, 2, 2, 2, 2, 2, 2, 1, 4, 1, 1, 0, 4, 1, 0, 0, 0, 0, 0, 0, 0, 4, 4, 4, 0, 3, 0, 3, 4]"
10;1;"aucs";"flat_nw";4;0.4162;0.4215;0.408;0.4088;"{'7': 0.17045454545454547, '32': 0.3214285714285714, '37': 0.2916666666666667, '26': 0.3472222222222222, '13': 0.3205128205128205, '34': 0.26785714285714285, '12': 0.125, '30': 0.08012820512820512, '35': 0.293859649122807, '36': 0.14166666666666666, '38': 0.4226190476190476, '39': 0.30833333333333335, '33': 0.17045454545454547}";"{'7': 0.125, '32': 0.3214285714285714, '37': 0.2807971014492754, '26': 0.293859649122807, '13': 0.26785714285714285, '34': 0.21666666666666667, '12': 0.125, '30': 0.041666666666666664, '35': 0.293859649122807, '36': 0.14166666666666666, '38': 0.4226190476190476, '39': 0.30833333333333335, '33': 0.17045454545454547}";"{'7': 0.29166666666666663, '32': 0.3214285714285714, '37': 0.2916666666666667, '26': 0.3472222222222222, '13': 0.3205128205128205, '34': 0.26785714285714285, '12': 0.125, '30': 0.08012820512820512, '35': 0.293859649122807, '36': 0.14166666666666666, '38': 0.4226190476190476, '39': 0.30833333333333335, '33': 0.17045454545454547}";"{'7': 0.20833333333333331, '32': 0.3214285714285714, '37': 0.2916666666666667, '26': 0.3472222222222222, '13': 0.3205128205128205, '34': 0.26785714285714285, '12': 0.16025641025641024, '30': 0.11309523809523808, '35': 0.293859649122807, '36': 0.14166666666666666, '38': 0.4226190476190476, '39': 0.30833333333333335, '33': 0.20833333333333331}";0.0;0.0;0.0;0.0;1.0;1.0;1.0;1.0;1.0;1.0;1.0;1.0;1.0;1.0;1.0;1.0;0.0016;0.0431;0.0875;"['7', '32', '37', '26', '13', '34', '12', '30', '35', '36', '38', '39', '33']";"[('interD', ('30', '31')), ('intraA', ('26', '7')), ('intraA', ('13', '34')), ('interD', ('37', '58'))]";"[('interA', ('16', '7')), ('interA', ('24', '7')), ('interA', ('25', '7')), ('interA', ('29', '7'))]";"[('interA', ('30', '61')), ('interA', ('12', '25')), ('interA', ('43', '7')), ('interA', ('28', '33'))]";"[['16', '24', '25', '29', '31', '51', '48', '52', '47', '53', '50', '57', '44', '49', '59'], ['2', '46', '6', '27', '3', '19', '20', '15', '43', '28', '42', '11', '40'], ['7', '32', '37', '26', '13', '34', '12', '30', '35', '36', '38', '39', '33'], ['22', '18', '21', '23', '17', '1', '4', '58', '60', '8', '5', '14'], ['56', '41', '9', '61', '45', '10', '55', '54']]";"[['16', '24', '25', '29', '31', '51', '48', '52', '47', '53', '50', '57', '44', '49', '59'], ['2', '46', '6', '27', '3', '19', '20', '15', '43', '28', '42', '11', '40'], ['7', '32', '37', '26', '13', '34', '12', '30', '35', '36', '38', '39', '33'], ['22', '18', '21', '23', '17', '1', '4', '58', '60', '8', '5', '14'], ['56', '41', '9', '61', '45', '10', '55', '54']]";"[['16', '24', '25', '29', '31', '51', '48', '52', '47', '53', '50', '57', '44', '49', '59'], ['2', '46', '6', '27', '3', '19', '20', '15', '43', '28', '42', '11', '40'], ['7', '32', '37', '26', '13', '34', '12', '30', '35', '36', '38', '39', '33'], ['22', '18', '21', '23', '17', '1', '4', '58', '60', '8', '5', '14'], ['56', '41', '9', '61', '45', '10', '55', '54']]";"[3, 2, 2, 3, 3, 2, 1, 3, 4, 4, 2, 1, 1, 3, 2, 0, 3, 3, 2, 2, 3, 3, 3, 0, 0, 1, 2, 2, 0, 1, 0, 1, 1, 1, 1, 1, 1, 1, 1, 2, 4, 2, 2, 0, 4, 2, 0, 0, 0, 0, 0, 0, 0, 4, 4, 4, 0, 3, 0, 3, 4]";"[3, 1, 1, 3, 3, 1, 2, 3, 4, 4, 1, 2, 2, 3, 1, 0, 3, 3, 1, 1, 3, 3, 3, 0, 0, 2, 1, 1, 0, 2, 0, 2, 2, 2, 2, 2, 2, 2, 2, 1, 4, 1, 1, 0, 4, 1, 0, 0, 0, 0, 0, 0, 0, 4, 4, 4, 0, 3, 0, 3, 4]";"[3, 1, 1, 3, 3, 1, 2, 3, 4, 4, 1, 2, 2, 3, 1, 0, 3, 3, 1, 1, 3, 3, 3, 0, 0, 2, 1, 1, 0, 2, 0, 2, 2, 2, 2, 2, 2, 2, 2, 1, 4, 1, 1, 0, 4, 1, 0, 0, 0, 0, 0, 0, 0, 4, 4, 4, 0, 3, 0, 3, 4]";"[3, 1, 1, 3, 3, 1, 2, 3, 4, 4, 1, 2, 2, 3, 1, 0, 3, 3, 1, 1, 3, 3, 3, 0, 0, 2, 1, 1, 0, 2, 0, 2, 2, 2, 2, 2, 2, 2, 2, 1, 4, 1, 1, 0, 4, 1, 0, 0, 0, 0, 0, 0, 0, 4, 4, 4, 0, 3, 0, 3, 4]"
11;1;"aucs";"flat_nw";4;0.4162;0.4092;0.408;0.4083;"{'7': 0.17045454545454547, '32': 0.3214285714285714, '37': 0.2916666666666667, '26': 0.3472222222222222, '13': 0.3205128205128205, '34': 0.26785714285714285, '12': 0.125, '30': 0.08012820512820512, '35': 0.293859649122807, '36': 0.14166666666666666, '38': 0.4226190476190476, '39': 0.30833333333333335, '33': 0.17045454545454547}";"{'7': 0.17045454545454547, '32': 0.375, '37': 0.2916666666666667, '26': 0.3472222222222222, '13': 0.3205128205128205, '34': 0.26785714285714285, '12': 0.21666666666666667, '30': 0.08012820512820512, '35': 0.3472222222222222, '36': 0.19047619047619047, '38': 0.4226190476190476, '39': 0.30833333333333335, '33': 0.25757575757575757}";"{'7': 0.29166666666666663, '32': 0.3214285714285714, '37': 0.2916666666666667, '26': 0.3472222222222222, '13': 0.3205128205128205, '34': 0.26785714285714285, '12': 0.125, '30': 0.08012820512820512, '35': 0.293859649122807, '36': 0.14166666666666666, '38': 0.4226190476190476, '39': 0.30833333333333335, '33': 0.17045454545454547}";"{'7': 0.20833333333333331, '32': 0.3214285714285714, '37': 0.2916666666666667, '26': 0.3472222222222222, '13': 0.3205128205128205, '34': 0.26785714285714285, '12': 0.16025641025641024, '30': 0.11309523809523808, '35': 0.293859649122807, '36': 0.14166666666666666, '38': 0.4226190476190476, '39': 0.30833333333333335, '33': 0.20833333333333331}";0.0;0.0357142857142857;0.0;0.0;0.958151101963811;1.0;1.0;0.9636579250469968;1.0;1.0;0.973324160467816;1.0;1.0;0.9743587977088658;1.0;1.0;0.0022;0.0505;0.0072;"['7', '32', '37', '26', '13', '34', '12', '30', '35', '36', '38', '39', '33']";"[('intraD', ('12', '33')), ('intraD', ('35', '36')), ('intraD', ('12', '32')), ('interA', ('33', '4'))]";"[('interA', ('16', '7')), ('interA', ('24', '7')), ('interA', ('25', '7')), ('interA', ('29', '7'))]";"[('interA', ('30', '5')), ('interA', ('12', '50')), ('interA', ('52', '7')), ('interA', ('33', '44'))]";"[['16', '24', '25', '29', '31', '51', '48', '52', '47', '53', '50', '57', '44', '49', '59'], ['7', '32', '37', '26', '13', '34', '12', '30', '35', '36', '38', '39', '33', '14'], ['2', '46', '6', '27', '3', '19', '20', '15', '43', '28', '42', '11', '40'], ['18', '21', '23', '17', '1', '4', '58', '60', '8', '5', '22'], ['56', '41', '9', '61', '45', '10', '55', '54']]";"[['16', '24', '25', '29', '31', '51', '48', '52', '47', '53', '50', '57', '44', '49', '59'], ['7', '32', '37', '26', '13', '34', '12', '30', '35', '36', '38', '39', '33'], ['2', '46', '6', '27', '3', '19', '20', '15', '43', '28', '42', '11', '40'], ['22', '18', '21', '23', '17', '1', '4', '58', '60', '8', '5', '14'], ['56', '41', '9', '61', '45', '10', '55', '54']]";"[['16', '24', '25', '29', '31', '51', '48', '52', '47', '53', '50', '57', '44', '49', '59'], ['7', '32', '37', '26', '13', '34', '12', '30', '35', '36', '38', '39', '33'], ['2', '46', '6', '27', '3', '19', '20', '15', '43', '28', '42', '11', '40'], ['22', '18', '21', '23', '17', '1', '4', '58', '60', '8', '5', '14'], ['56', '41', '9', '61', '45', '10', '55', '54']]";"[3, 2, 2, 3, 3, 2, 1, 3, 4, 4, 2, 1, 1, 3, 2, 0, 3, 3, 2, 2, 3, 3, 3, 0, 0, 1, 2, 2, 0, 1, 0, 1, 1, 1, 1, 1, 1, 1, 1, 2, 4, 2, 2, 0, 4, 2, 0, 0, 0, 0, 0, 0, 0, 4, 4, 4, 0, 3, 0, 3, 4]";"[3, 2, 2, 3, 3, 2, 1, 3, 4, 4, 2, 1, 1, 1, 2, 0, 3, 3, 2, 2, 3, 3, 3, 0, 0, 1, 2, 2, 0, 1, 0, 1, 1, 1, 1, 1, 1, 1, 1, 2, 4, 2, 2, 0, 4, 2, 0, 0, 0, 0, 0, 0, 0, 4, 4, 4, 0, 3, 0, 3, 4]";"[3, 2, 2, 3, 3, 2, 1, 3, 4, 4, 2, 1, 1, 3, 2, 0, 3, 3, 2, 2, 3, 3, 3, 0, 0, 1, 2, 2, 0, 1, 0, 1, 1, 1, 1, 1, 1, 1, 1, 2, 4, 2, 2, 0, 4, 2, 0, 0, 0, 0, 0, 0, 0, 4, 4, 4, 0, 3, 0, 3, 4]";"[3, 2, 2, 3, 3, 2, 1, 3, 4, 4, 2, 1, 1, 3, 2, 0, 3, 3, 2, 2, 3, 3, 3, 0, 0, 1, 2, 2, 0, 1, 0, 1, 1, 1, 1, 1, 1, 1, 1, 2, 4, 2, 2, 0, 4, 2, 0, 0, 0, 0, 0, 0, 0, 4, 4, 4, 0, 3, 0, 3, 4]"
12;1;"aucs";"flat_nw";4;0.4162;0.4176;0.408;0.4086;"{'7': 0.17045454545454547, '32': 0.3214285714285714, '37': 0.2916666666666667, '26': 0.3472222222222222, '13': 0.3205128205128205, '34': 0.26785714285714285, '12': 0.125, '30': 0.08012820512820512, '35': 0.293859649122807, '36': 0.14166666666666666, '38': 0.4226190476190476, '39': 0.30833333333333335, '33': 0.17045454545454547}";"{'7': 0.125, '32': 0.3214285714285714, '37': 0.2916666666666667, '26': 0.293859649122807, '13': 0.26785714285714285, '34': 0.3205128205128205, '12': 0.08012820512820512, '30': 0.08012820512820512, '35': 0.293859649122807, '36': 0.19047619047619047, '38': 0.3666666666666667, '39': 0.25757575757575757, '33': 0.17045454545454547}";"{'7': 0.29166666666666663, '32': 0.3214285714285714, '37': 0.2916666666666667, '26': 0.3472222222222222, '13': 0.3205128205128205, '34': 0.26785714285714285, '12': 0.125, '30': 0.08012820512820512, '35': 0.293859649122807, '36': 0.14166666666666666, '38': 0.4226190476190476, '39': 0.30833333333333335, '33': 0.17045454545454547}";"{'7': 0.20833333333333331, '32': 0.3214285714285714, '37': 0.2916666666666667, '26': 0.3472222222222222, '13': 0.3205128205128205, '34': 0.26785714285714285, '12': 0.16025641025641024, '30': 0.11309523809523808, '35': 0.293859649122807, '36': 0.14166666666666666, '38': 0.4226190476190476, '39': 0.30833333333333335, '33': 0.20833333333333331}";0.0;0.0;0.0;0.0;1.0;1.0;1.0;1.0;1.0;1.0;1.0;1.0;1.0;1.0;1.0;1.0;0.0017;0.0414;0.0071;"['7', '32', '37', '26', '13', '34', '12', '30', '35', '36', '38', '39', '33']";"[('intraD', ('34', '36')), ('intraA', ('12', '13')), ('intraA', ('38', '39')), ('intraA', ('26', '7'))]";"[('interA', ('16', '7')), ('interA', ('24', '7')), ('interA', ('25', '7')), ('interA', ('29', '7'))]";"[('interA', ('17', '30')), ('interA', ('12', '31')), ('interA', ('6', '7')), ('interA', ('20', '33'))]";"[['16', '24', '25', '29', '31', '51', '48', '52', '47', '53', '50', '57', '44', '49', '59'], ['2', '46', '6', '27', '3', '19', '20', '15', '43', '28', '42', '11', '40'], ['7', '32', '37', '26', '13', '34', '12', '30', '35', '36', '38', '39', '33'], ['22', '18', '21', '23', '17', '1', '4', '58', '60', '8', '5', '14'], ['56', '41', '9', '61', '45', '10', '55', '54']]";"[['16', '24', '25', '29', '31', '51', '48', '52', '47', '53', '50', '57', '44', '49', '59'], ['2', '46', '6', '27', '3', '19', '20', '15', '43', '28', '42', '11', '40'], ['7', '32', '37', '26', '13', '34', '12', '30', '35', '36', '38', '39', '33'], ['22', '18', '21', '23', '17', '1', '4', '58', '60', '8', '5', '14'], ['56', '41', '9', '61', '45', '10', '55', '54']]";"[['16', '24', '25', '29', '31', '51', '48', '52', '47', '53', '50', '57', '44', '49', '59'], ['7', '32', '37', '26', '13', '34', '12', '30', '35', '36', '38', '39', '33'], ['2', '46', '6', '27', '3', '19', '20', '15', '43', '28', '42', '11', '40'], ['22', '18', '21', '23', '17', '1', '4', '58', '60', '8', '5', '14'], ['56', '41', '9', '61', '45', '10', '55', '54']]";"[3, 2, 2, 3, 3, 2, 1, 3, 4, 4, 2, 1, 1, 3, 2, 0, 3, 3, 2, 2, 3, 3, 3, 0, 0, 1, 2, 2, 0, 1, 0, 1, 1, 1, 1, 1, 1, 1, 1, 2, 4, 2, 2, 0, 4, 2, 0, 0, 0, 0, 0, 0, 0, 4, 4, 4, 0, 3, 0, 3, 4]";"[3, 1, 1, 3, 3, 1, 2, 3, 4, 4, 1, 2, 2, 3, 1, 0, 3, 3, 1, 1, 3, 3, 3, 0, 0, 2, 1, 1, 0, 2, 0, 2, 2, 2, 2, 2, 2, 2, 2, 1, 4, 1, 1, 0, 4, 1, 0, 0, 0, 0, 0, 0, 0, 4, 4, 4, 0, 3, 0, 3, 4]";"[3, 1, 1, 3, 3, 1, 2, 3, 4, 4, 1, 2, 2, 3, 1, 0, 3, 3, 1, 1, 3, 3, 3, 0, 0, 2, 1, 1, 0, 2, 0, 2, 2, 2, 2, 2, 2, 2, 2, 1, 4, 1, 1, 0, 4, 1, 0, 0, 0, 0, 0, 0, 0, 4, 4, 4, 0, 3, 0, 3, 4]";"[3, 2, 2, 3, 3, 2, 1, 3, 4, 4, 2, 1, 1, 3, 2, 0, 3, 3, 2, 2, 3, 3, 3, 0, 0, 1, 2, 2, 0, 1, 0, 1, 1, 1, 1, 1, 1, 1, 1, 2, 4, 2, 2, 0, 4, 2, 0, 0, 0, 0, 0, 0, 0, 4, 4, 4, 0, 3, 0, 3, 4]"
13;1;"aucs";"flat_nw";4;0.4162;0.4158;0.408;0.4085;"{'7': 0.17045454545454547, '32': 0.3214285714285714, '37': 0.2916666666666667, '26': 0.3472222222222222, '13': 0.3205128205128205, '34': 0.26785714285714285, '12': 0.125, '30': 0.08012820512820512, '35': 0.293859649122807, '36': 0.14166666666666666, '38': 0.4226190476190476, '39': 0.30833333333333335, '33': 0.17045454545454547}";"{'7': 0.17045454545454547, '32': 0.3214285714285714, '37': 0.2916666666666667, '26': 0.4019607843137255, '13': 0.3205128205128205, '34': 0.26785714285714285, '12': 0.17045454545454547, '30': 0.08012820512820512, '35': 0.293859649122807, '36': 0.14166666666666666, '38': 0.3666666666666667, '39': 0.25757575757575757, '33': 0.17045454545454547}";"{'7': 0.29166666666666663, '32': 0.3214285714285714, '37': 0.2916666666666667, '26': 0.3472222222222222, '13': 0.3205128205128205, '34': 0.26785714285714285, '12': 0.125, '30': 0.08012820512820512, '35': 0.293859649122807, '36': 0.14166666666666666, '38': 0.4226190476190476, '39': 0.30833333333333335, '33': 0.17045454545454547}";"{'7': 0.20833333333333331, '32': 0.3214285714285714, '37': 0.2916666666666667, '26': 0.3472222222222222, '13': 0.3205128205128205, '34': 0.26785714285714285, '12': 0.16025641025641024, '30': 0.11309523809523808, '35': 0.293859649122807, '36': 0.14166666666666666, '38': 0.4226190476190476, '39': 0.30833333333333335, '33': 0.20833333333333331}";0.0;0.0;0.0;0.0;1.0;1.0;1.0;1.0;1.0;1.0;1.0;1.0;1.0;1.0;1.0;1.0;0.0016;0.0453;0.0072;"['7', '32', '37', '26', '13', '34', '12', '30', '35', '36', '38', '39', '33']";"[('intraA', ('38', '39')), ('interA', ('35', '51')), ('intraD', ('12', '26')), ('interD', ('10', '35'))]";"[('interA', ('16', '7')), ('interA', ('24', '7')), ('interA', ('25', '7')), ('interA', ('29', '7'))]";"[('interA', ('3', '30')), ('interA', ('12', '44')), ('interA', ('5', '7')), ('interA', ('16', '33'))]";"[['16', '24', '25', '29', '31', '51', '48', '52', '47', '53', '50', '57', '44', '49', '59'], ['2', '46', '6', '27', '3', '19', '20', '15', '43', '28', '42', '11', '40'], ['7', '32', '37', '26', '13', '34', '12', '30', '35', '36', '38', '39', '33'], ['22', '18', '21', '23', '17', '1', '4', '58', '60', '8', '5', '14'], ['56', '41', '9', '61', '45', '10', '55', '54']]";"[['16', '24', '25', '29', '31', '51', '48', '52', '47', '53', '50', '57', '44', '49', '59'], ['7', '32', '37', '26', '13', '34', '12', '30', '35', '36', '38', '39', '33'], ['2', '46', '6', '27', '3', '19', '20', '15', '43', '28', '42', '11', '40'], ['22', '18', '21', '23', '17', '1', '4', '58', '60', '8', '5', '14'], ['56', '41', '9', '61', '45', '10', '55', '54']]";"[['16', '24', '25', '29', '31', '51', '48', '52', '47', '53', '50', '57', '44', '49', '59'], ['2', '46', '6', '27', '3', '19', '20', '15', '43', '28', '42', '11', '40'], ['7', '32', '37', '26', '13', '34', '12', '30', '35', '36', '38', '39', '33'], ['22', '18', '21', '23', '17', '1', '4', '58', '60', '8', '5', '14'], ['56', '41', '9', '61', '45', '10', '55', '54']]";"[3, 2, 2, 3, 3, 2, 1, 3, 4, 4, 2, 1, 1, 3, 2, 0, 3, 3, 2, 2, 3, 3, 3, 0, 0, 1, 2, 2, 0, 1, 0, 1, 1, 1, 1, 1, 1, 1, 1, 2, 4, 2, 2, 0, 4, 2, 0, 0, 0, 0, 0, 0, 0, 4, 4, 4, 0, 3, 0, 3, 4]";"[3, 1, 1, 3, 3, 1, 2, 3, 4, 4, 1, 2, 2, 3, 1, 0, 3, 3, 1, 1, 3, 3, 3, 0, 0, 2, 1, 1, 0, 2, 0, 2, 2, 2, 2, 2, 2, 2, 2, 1, 4, 1, 1, 0, 4, 1, 0, 0, 0, 0, 0, 0, 0, 4, 4, 4, 0, 3, 0, 3, 4]";"[3, 2, 2, 3, 3, 2, 1, 3, 4, 4, 2, 1, 1, 3, 2, 0, 3, 3, 2, 2, 3, 3, 3, 0, 0, 1, 2, 2, 0, 1, 0, 1, 1, 1, 1, 1, 1, 1, 1, 2, 4, 2, 2, 0, 4, 2, 0, 0, 0, 0, 0, 0, 0, 4, 4, 4, 0, 3, 0, 3, 4]";"[3, 1, 1, 3, 3, 1, 2, 3, 4, 4, 1, 2, 2, 3, 1, 0, 3, 3, 1, 1, 3, 3, 3, 0, 0, 2, 1, 1, 0, 2, 0, 2, 2, 2, 2, 2, 2, 2, 2, 1, 4, 1, 1, 0, 4, 1, 0, 0, 0, 0, 0, 0, 0, 4, 4, 4, 0, 3, 0, 3, 4]"
14;1;"aucs";"flat_nw";4;0.4162;0.4173;0.408;0.4085;"{'7': 0.17045454545454547, '32': 0.3214285714285714, '37': 0.2916666666666667, '26': 0.3472222222222222, '13': 0.3205128205128205, '34': 0.26785714285714285, '12': 0.125, '30': 0.08012820512820512, '35': 0.293859649122807, '36': 0.14166666666666666, '38': 0.4226190476190476, '39': 0.30833333333333335, '33': 0.17045454545454547}";"{'7': 0.125, '32': 0.375, '37': 0.2807971014492754, '26': 0.4019607843137255, '13': 0.3205128205128205, '34': 0.26785714285714285, '12': 0.17045454545454547, '30': 0.08012820512820512, '35': 0.293859649122807, '36': 0.19047619047619047, '38': 0.4226190476190476, '39': 0.25757575757575757, '33': 0.17045454545454547}";"{'7': 0.29166666666666663, '32': 0.3214285714285714, '37': 0.2916666666666667, '26': 0.3472222222222222, '13': 0.3205128205128205, '34': 0.26785714285714285, '12': 0.125, '30': 0.08012820512820512, '35': 0.293859649122807, '36': 0.14166666666666666, '38': 0.4226190476190476, '39': 0.30833333333333335, '33': 0.17045454545454547}";"{'7': 0.20833333333333331, '32': 0.3214285714285714, '37': 0.2916666666666667, '26': 0.3472222222222222, '13': 0.3205128205128205, '34': 0.26785714285714285, '12': 0.16025641025641024, '30': 0.11309523809523808, '35': 0.293859649122807, '36': 0.14166666666666666, '38': 0.4226190476190476, '39': 0.30833333333333335, '33': 0.20833333333333331}";0.0;0.0;0.0;0.0;1.0;1.0;1.0;1.0;1.0;1.0;1.0;1.0;1.0;1.0;1.0;1.0;0.0016;0.039;0.0075;"['7', '32', '37', '26', '13', '34', '12', '30', '35', '36', '38', '39', '33']";"[('intraD', ('26', '32')), ('interD', ('14', '37')), ('intraD', ('12', '36')), ('intraA', ('39', '7'))]";"[('interA', ('16', '7')), ('interA', ('24', '7')), ('interA', ('25', '7')), ('interA', ('29', '7'))]";"[('interA', ('30', '6')), ('interA', ('12', '59')), ('interA', ('18', '7')), ('interA', ('33', '50'))]";"[['16', '24', '25', '29', '31', '51', '48', '52', '47', '53', '50', '57', '44', '49', '59'], ['7', '32', '37', '26', '13', '34', '12', '30', '35', '36', '38', '39', '33'], ['2', '46', '6', '27', '3', '19', '20', '15', '43', '28', '42', '11', '40'], ['22', '18', '21', '23', '17', '1', '4', '58', '60', '8', '5', '14'], ['56', '41', '9', '61', '45', '10', '55', '54']]";"[['16', '24', '25', '29', '31', '51', '48', '52', '47', '53', '50', '57', '44', '49', '59'], ['2', '46', '6', '27', '3', '19', '20', '15', '43', '28', '42', '11', '40'], ['7', '32', '37', '26', '13', '34', '12', '30', '35', '36', '38', '39', '33'], ['22', '18', '21', '23', '17', '1', '4', '58', '60', '8', '5', '14'], ['56', '41', '9', '61', '45', '10', '55', '54']]";"[['16', '24', '25', '29', '31', '51', '48', '52', '47', '53', '50', '57', '44', '49', '59'], ['7', '32', '37', '26', '13', '34', '12', '30', '35', '36', '38', '39', '33'], ['2', '46', '6', '27', '3', '19', '20', '15', '43', '28', '42', '11', '40'], ['22', '18', '21', '23', '17', '1', '4', '58', '60', '8', '5', '14'], ['56', '41', '9', '61', '45', '10', '55', '54']]";"[3, 2, 2, 3, 3, 2, 1, 3, 4, 4, 2, 1, 1, 3, 2, 0, 3, 3, 2, 2, 3, 3, 3, 0, 0, 1, 2, 2, 0, 1, 0, 1, 1, 1, 1, 1, 1, 1, 1, 2, 4, 2, 2, 0, 4, 2, 0, 0, 0, 0, 0, 0, 0, 4, 4, 4, 0, 3, 0, 3, 4]";"[3, 2, 2, 3, 3, 2, 1, 3, 4, 4, 2, 1, 1, 3, 2, 0, 3, 3, 2, 2, 3, 3, 3, 0, 0, 1, 2, 2, 0, 1, 0, 1, 1, 1, 1, 1, 1, 1, 1, 2, 4, 2, 2, 0, 4, 2, 0, 0, 0, 0, 0, 0, 0, 4, 4, 4, 0, 3, 0, 3, 4]";"[3, 1, 1, 3, 3, 1, 2, 3, 4, 4, 1, 2, 2, 3, 1, 0, 3, 3, 1, 1, 3, 3, 3, 0, 0, 2, 1, 1, 0, 2, 0, 2, 2, 2, 2, 2, 2, 2, 2, 1, 4, 1, 1, 0, 4, 1, 0, 0, 0, 0, 0, 0, 0, 4, 4, 4, 0, 3, 0, 3, 4]";"[3, 2, 2, 3, 3, 2, 1, 3, 4, 4, 2, 1, 1, 3, 2, 0, 3, 3, 2, 2, 3, 3, 3, 0, 0, 1, 2, 2, 0, 1, 0, 1, 1, 1, 1, 1, 1, 1, 1, 2, 4, 2, 2, 0, 4, 2, 0, 0, 0, 0, 0, 0, 0, 4, 4, 4, 0, 3, 0, 3, 4]"
15;1;"aucs";"flat_nw";4;0.4162;0.4149;0.408;0.4086;"{'7': 0.17045454545454547, '32': 0.3214285714285714, '37': 0.2916666666666667, '26': 0.3472222222222222, '13': 0.3205128205128205, '34': 0.26785714285714285, '12': 0.125, '30': 0.08012820512820512, '35': 0.293859649122807, '36': 0.14166666666666666, '38': 0.4226190476190476, '39': 0.30833333333333335, '33': 0.17045454545454547}";"{'7': 0.20833333333333331, '32': 0.3214285714285714, '37': 0.3442028985507246, '26': 0.3472222222222222, '13': 0.26785714285714285, '34': 0.26785714285714285, '12': 0.125, '30': 0.08012820512820512, '35': 0.293859649122807, '36': 0.14166666666666666, '38': 0.4226190476190476, '39': 0.25757575757575757, '33': 0.125}";"{'7': 0.29166666666666663, '32': 0.3214285714285714, '37': 0.2916666666666667, '26': 0.3472222222222222, '13': 0.3205128205128205, '34': 0.26785714285714285, '12': 0.125, '30': 0.08012820512820512, '35': 0.293859649122807, '36': 0.14166666666666666, '38': 0.4226190476190476, '39': 0.30833333333333335, '33': 0.17045454545454547}";"{'7': 0.20833333333333331, '32': 0.3214285714285714, '37': 0.2916666666666667, '26': 0.3472222222222222, '13': 0.3205128205128205, '34': 0.26785714285714285, '12': 0.16025641025641024, '30': 0.11309523809523808, '35': 0.293859649122807, '36': 0.14166666666666666, '38': 0.4226190476190476, '39': 0.30833333333333335, '33': 0.20833333333333331}";0.0;0.0;0.0;0.0;1.0;1.0;1.0;1.0;1.0;1.0;1.0;1.0;1.0;1.0;1.0;1.0;0.0017;0.0435;0.0077;"['7', '32', '37', '26', '13', '34', '12', '30', '35', '36', '38', '39', '33']";"[('intraD', ('33', '37')), ('interA', ('49', '7')), ('intraA', ('33', '39')), ('intraA', ('13', '33'))]";"[('interA', ('16', '7')), ('interA', ('24', '7')), ('interA', ('25', '7')), ('interA', ('29', '7'))]";"[('interA', ('29', '30')), ('interA', ('12', '55')), ('interA', ('20', '7')), ('interA', ('31', '33'))]";"[['16', '24', '25', '29', '31', '51', '48', '52', '47', '53', '50', '57', '44', '49', '59'], ['7', '32', '37', '26', '13', '34', '12', '30', '35', '36', '38', '39', '33'], ['2', '46', '6', '27', '3', '19', '20', '15', '43', '28', '42', '11', '40'], ['22', '18', '21', '23', '17', '1', '4', '58', '60', '8', '5', '14'], ['56', '41', '9', '61', '45', '10', '55', '54']]";"[['16', '24', '25', '29', '31', '51', '48', '52', '47', '53', '50', '57', '44', '49', '59'], ['2', '46', '6', '27', '3', '19', '20', '15', '43', '28', '42', '11', '40'], ['7', '32', '37', '26', '13', '34', '12', '30', '35', '36', '38', '39', '33'], ['22', '18', '21', '23', '17', '1', '4', '58', '60', '8', '5', '14'], ['56', '41', '9', '61', '45', '10', '55', '54']]";"[['16', '24', '25', '29', '31', '51', '48', '52', '47', '53', '50', '57', '44', '49', '59'], ['7', '32', '37', '26', '13', '34', '12', '30', '35', '36', '38', '39', '33'], ['2', '46', '6', '27', '3', '19', '20', '15', '43', '28', '42', '11', '40'], ['22', '18', '21', '23', '17', '1', '4', '58', '60', '8', '5', '14'], ['56', '41', '9', '61', '45', '10', '55', '54']]";"[3, 2, 2, 3, 3, 2, 1, 3, 4, 4, 2, 1, 1, 3, 2, 0, 3, 3, 2, 2, 3, 3, 3, 0, 0, 1, 2, 2, 0, 1, 0, 1, 1, 1, 1, 1, 1, 1, 1, 2, 4, 2, 2, 0, 4, 2, 0, 0, 0, 0, 0, 0, 0, 4, 4, 4, 0, 3, 0, 3, 4]";"[3, 2, 2, 3, 3, 2, 1, 3, 4, 4, 2, 1, 1, 3, 2, 0, 3, 3, 2, 2, 3, 3, 3, 0, 0, 1, 2, 2, 0, 1, 0, 1, 1, 1, 1, 1, 1, 1, 1, 2, 4, 2, 2, 0, 4, 2, 0, 0, 0, 0, 0, 0, 0, 4, 4, 4, 0, 3, 0, 3, 4]";"[3, 1, 1, 3, 3, 1, 2, 3, 4, 4, 1, 2, 2, 3, 1, 0, 3, 3, 1, 1, 3, 3, 3, 0, 0, 2, 1, 1, 0, 2, 0, 2, 2, 2, 2, 2, 2, 2, 2, 1, 4, 1, 1, 0, 4, 1, 0, 0, 0, 0, 0, 0, 0, 4, 4, 4, 0, 3, 0, 3, 4]";"[3, 2, 2, 3, 3, 2, 1, 3, 4, 4, 2, 1, 1, 3, 2, 0, 3, 3, 2, 2, 3, 3, 3, 0, 0, 1, 2, 2, 0, 1, 0, 1, 1, 1, 1, 1, 1, 1, 1, 2, 4, 2, 2, 0, 4, 2, 0, 0, 0, 0, 0, 0, 0, 4, 4, 4, 0, 3, 0, 3, 4]"
16;1;"aucs";"flat_nw";4;0.4162;0.4149;0.408;0.4091;"{'7': 0.17045454545454547, '32': 0.3214285714285714, '37': 0.2916666666666667, '26': 0.3472222222222222, '13': 0.3205128205128205, '34': 0.26785714285714285, '12': 0.125, '30': 0.08012820512820512, '35': 0.293859649122807, '36': 0.14166666666666666, '38': 0.4226190476190476, '39': 0.30833333333333335, '33': 0.17045454545454547}";"{'7': 0.17045454545454547, '32': 0.3214285714285714, '37': 0.2916666666666667, '26': 0.3472222222222222, '13': 0.26785714285714285, '34': 0.3205128205128205, '12': 0.08012820512820512, '30': 0.08012820512820512, '35': 0.293859649122807, '36': 0.14166666666666666, '38': 0.4226190476190476, '39': 0.29166666666666663, '33': 0.17045454545454547}";"{'7': 0.29166666666666663, '32': 0.3214285714285714, '37': 0.2916666666666667, '26': 0.3472222222222222, '13': 0.3205128205128205, '34': 0.26785714285714285, '12': 0.125, '30': 0.08012820512820512, '35': 0.293859649122807, '36': 0.14166666666666666, '38': 0.4226190476190476, '39': 0.30833333333333335, '33': 0.17045454545454547}";"{'7': 0.20833333333333331, '32': 0.3214285714285714, '37': 0.2916666666666667, '26': 0.3472222222222222, '13': 0.3205128205128205, '34': 0.26785714285714285, '12': 0.16025641025641024, '30': 0.11309523809523808, '35': 0.293859649122807, '36': 0.14166666666666666, '38': 0.4226190476190476, '39': 0.30833333333333335, '33': 0.20833333333333331}";0.0;0.0;0.0;0.0;1.0;1.0;1.0;1.0;1.0;1.0;1.0;1.0;1.0;1.0;1.0;1.0;0.0017;0.0454;0.008;"['7', '32', '37', '26', '13', '34', '12', '30', '35', '36', '38', '39', '33']";"[('intraA', ('12', '13')), ('intraD', ('33', '34')), ('intraA', ('33', '39')), ('interA', ('39', '48'))]";"[('interA', ('16', '7')), ('interA', ('24', '7')), ('interA', ('25', '7')), ('interA', ('29', '7'))]";"[('interA', ('28', '30')), ('interA', ('12', '18')), ('interA', ('58', '7')), ('interA', ('33', '9'))]";"[['16', '24', '25', '29', '31', '51', '48', '52', '47', '53', '50', '57', '44', '49', '59'], ['7', '32', '37', '26', '13', '34', '12', '30', '35', '36', '38', '39', '33'], ['2', '46', '6', '27', '3', '19', '20', '15', '43', '28', '42', '11', '40'], ['22', '18', '21', '23', '17', '1', '4', '58', '60', '8', '5', '14'], ['56', '41', '9', '61', '45', '10', '55', '54']]";"[['16', '24', '25', '29', '31', '51', '48', '52', '47', '53', '50', '57', '44', '49', '59'], ['2', '46', '6', '27', '3', '19', '20', '15', '43', '28', '42', '11', '40'], ['7', '32', '37', '26', '13', '34', '12', '30', '35', '36', '38', '39', '33'], ['22', '18', '21', '23', '17', '1', '4', '58', '60', '8', '5', '14'], ['56', '41', '9', '61', '45', '10', '55', '54']]";"[['16', '24', '25', '29', '31', '51', '48', '52', '47', '53', '50', '57', '44', '49', '59'], ['7', '32', '37', '26', '13', '34', '12', '30', '35', '36', '38', '39', '33'], ['2', '46', '6', '27', '3', '19', '20', '15', '43', '28', '42', '11', '40'], ['22', '18', '21', '23', '17', '1', '4', '58', '60', '8', '5', '14'], ['56', '41', '9', '61', '45', '10', '55', '54']]";"[3, 2, 2, 3, 3, 2, 1, 3, 4, 4, 2, 1, 1, 3, 2, 0, 3, 3, 2, 2, 3, 3, 3, 0, 0, 1, 2, 2, 0, 1, 0, 1, 1, 1, 1, 1, 1, 1, 1, 2, 4, 2, 2, 0, 4, 2, 0, 0, 0, 0, 0, 0, 0, 4, 4, 4, 0, 3, 0, 3, 4]";"[3, 2, 2, 3, 3, 2, 1, 3, 4, 4, 2, 1, 1, 3, 2, 0, 3, 3, 2, 2, 3, 3, 3, 0, 0, 1, 2, 2, 0, 1, 0, 1, 1, 1, 1, 1, 1, 1, 1, 2, 4, 2, 2, 0, 4, 2, 0, 0, 0, 0, 0, 0, 0, 4, 4, 4, 0, 3, 0, 3, 4]";"[3, 1, 1, 3, 3, 1, 2, 3, 4, 4, 1, 2, 2, 3, 1, 0, 3, 3, 1, 1, 3, 3, 3, 0, 0, 2, 1, 1, 0, 2, 0, 2, 2, 2, 2, 2, 2, 2, 2, 1, 4, 1, 1, 0, 4, 1, 0, 0, 0, 0, 0, 0, 0, 4, 4, 4, 0, 3, 0, 3, 4]";"[3, 2, 2, 3, 3, 2, 1, 3, 4, 4, 2, 1, 1, 3, 2, 0, 3, 3, 2, 2, 3, 3, 3, 0, 0, 1, 2, 2, 0, 1, 0, 1, 1, 1, 1, 1, 1, 1, 1, 2, 4, 2, 2, 0, 4, 2, 0, 0, 0, 0, 0, 0, 0, 4, 4, 4, 0, 3, 0, 3, 4]"
17;1;"aucs";"flat_nw";4;0.4162;0.4146;0.408;0.409;"{'7': 0.17045454545454547, '32': 0.3214285714285714, '37': 0.2916666666666667, '26': 0.3472222222222222, '13': 0.3205128205128205, '34': 0.26785714285714285, '12': 0.125, '30': 0.08012820512820512, '35': 0.293859649122807, '36': 0.14166666666666666, '38': 0.4226190476190476, '39': 0.30833333333333335, '33': 0.17045454545454547}";"{'7': 0.125, '32': 0.3214285714285714, '37': 0.2916666666666667, '26': 0.293859649122807, '13': 0.3205128205128205, '34': 0.26785714285714285, '12': 0.125, '30': 0.08012820512820512, '35': 0.293859649122807, '36': 0.14166666666666666, '38': 0.44166666666666665, '39': 0.30833333333333335, '33': 0.17045454545454547}";"{'7': 0.29166666666666663, '32': 0.3214285714285714, '37': 0.2916666666666667, '26': 0.3472222222222222, '13': 0.3205128205128205, '34': 0.26785714285714285, '12': 0.125, '30': 0.08012820512820512, '35': 0.293859649122807, '36': 0.14166666666666666, '38': 0.4226190476190476, '39': 0.30833333333333335, '33': 0.17045454545454547}";"{'7': 0.20833333333333331, '32': 0.3214285714285714, '37': 0.2916666666666667, '26': 0.3472222222222222, '13': 0.3205128205128205, '34': 0.26785714285714285, '12': 0.16025641025641024, '30': 0.11309523809523808, '35': 0.293859649122807, '36': 0.14166666666666666, '38': 0.4226190476190476, '39': 0.30833333333333335, '33': 0.20833333333333331}";0.0;0.0;0.0;0.0;1.0;1.0;1.0;1.0;1.0;1.0;1.0;1.0;1.0;1.0;1.0;1.0;0.0026;0.0405;0.0083;"['7', '32', '37', '26', '13', '34', '12', '30', '35', '36', '38', '39', '33']";"[('interA', ('38', '51')), ('interD', ('13', '9')), ('interA', ('13', '28')), ('intraA', ('26', '7'))]";"[('interA', ('16', '7')), ('interA', ('24', '7')), ('interA', ('25', '7')), ('interA', ('29', '7'))]";"[('interA', ('30', '41')), ('interA', ('12', '2')), ('interA', ('58', '7')), ('interA', ('2', '33'))]";"[['16', '24', '25', '29', '31', '51', '48', '52', '47', '53', '50', '57', '44', '49', '59'], ['2', '46', '6', '27', '3', '19', '20', '15', '43', '28', '42', '11', '40'], ['7', '32', '37', '26', '13', '34', '12', '30', '35', '36', '38', '39', '33'], ['22', '18', '21', '23', '17', '1', '4', '58', '60', '8', '5', '14'], ['56', '41', '9', '61', '45', '10', '55', '54']]";"[['16', '24', '25', '29', '31', '51', '48', '52', '47', '53', '50', '57', '44', '49', '59'], ['2', '46', '6', '27', '3', '19', '20', '15', '43', '28', '42', '11', '40'], ['7', '32', '37', '26', '13', '34', '12', '30', '35', '36', '38', '39', '33'], ['22', '18', '21', '23', '17', '1', '4', '58', '60', '8', '5', '14'], ['56', '41', '9', '61', '45', '10', '55', '54']]";"[['16', '24', '25', '29', '31', '51', '48', '52', '47', '53', '50', '57', '44', '49', '59'], ['2', '46', '6', '27', '3', '19', '20', '15', '43', '28', '42', '11', '40'], ['7', '32', '37', '26', '13', '34', '12', '30', '35', '36', '38', '39', '33'], ['22', '18', '21', '23', '17', '1', '4', '58', '60', '8', '5', '14'], ['56', '41', '9', '61', '45', '10', '55', '54']]";"[3, 2, 2, 3, 3, 2, 1, 3, 4, 4, 2, 1, 1, 3, 2, 0, 3, 3, 2, 2, 3, 3, 3, 0, 0, 1, 2, 2, 0, 1, 0, 1, 1, 1, 1, 1, 1, 1, 1, 2, 4, 2, 2, 0, 4, 2, 0, 0, 0, 0, 0, 0, 0, 4, 4, 4, 0, 3, 0, 3, 4]";"[3, 1, 1, 3, 3, 1, 2, 3, 4, 4, 1, 2, 2, 3, 1, 0, 3, 3, 1, 1, 3, 3, 3, 0, 0, 2, 1, 1, 0, 2, 0, 2, 2, 2, 2, 2, 2, 2, 2, 1, 4, 1, 1, 0, 4, 1, 0, 0, 0, 0, 0, 0, 0, 4, 4, 4, 0, 3, 0, 3, 4]";"[3, 1, 1, 3, 3, 1, 2, 3, 4, 4, 1, 2, 2, 3, 1, 0, 3, 3, 1, 1, 3, 3, 3, 0, 0, 2, 1, 1, 0, 2, 0, 2, 2, 2, 2, 2, 2, 2, 2, 1, 4, 1, 1, 0, 4, 1, 0, 0, 0, 0, 0, 0, 0, 4, 4, 4, 0, 3, 0, 3, 4]";"[3, 1, 1, 3, 3, 1, 2, 3, 4, 4, 1, 2, 2, 3, 1, 0, 3, 3, 1, 1, 3, 3, 3, 0, 0, 2, 1, 1, 0, 2, 0, 2, 2, 2, 2, 2, 2, 2, 2, 1, 4, 1, 1, 0, 4, 1, 0, 0, 0, 0, 0, 0, 0, 4, 4, 4, 0, 3, 0, 3, 4]"
18;1;"aucs";"flat_nw";4;0.4162;0.4114;0.408;0.4086;"{'7': 0.17045454545454547, '32': 0.3214285714285714, '37': 0.2916666666666667, '26': 0.3472222222222222, '13': 0.3205128205128205, '34': 0.26785714285714285, '12': 0.125, '30': 0.08012820512820512, '35': 0.293859649122807, '36': 0.14166666666666666, '38': 0.4226190476190476, '39': 0.30833333333333335, '33': 0.17045454545454547}";"{'7': 0.2638888888888889, '32': 0.3214285714285714, '37': 0.2807971014492754, '26': 0.3472222222222222, '13': 0.3205128205128205, '34': 0.26785714285714285, '12': 0.17045454545454547, '30': 0.08012820512820512, '35': 0.3472222222222222, '36': 0.14166666666666666, '38': 0.4226190476190476, '39': 0.3446969696969697, '33': 0.17045454545454547}";"{'7': 0.29166666666666663, '32': 0.3214285714285714, '37': 0.2916666666666667, '26': 0.3472222222222222, '13': 0.3205128205128205, '34': 0.26785714285714285, '12': 0.125, '30': 0.08012820512820512, '35': 0.293859649122807, '36': 0.14166666666666666, '38': 0.4226190476190476, '39': 0.30833333333333335, '33': 0.17045454545454547}";"{'7': 0.20833333333333331, '32': 0.3214285714285714, '37': 0.2916666666666667, '26': 0.3472222222222222, '13': 0.3205128205128205, '34': 0.26785714285714285, '12': 0.16025641025641024, '30': 0.11309523809523808, '35': 0.293859649122807, '36': 0.14166666666666666, '38': 0.4226190476190476, '39': 0.30833333333333335, '33': 0.20833333333333331}";0.0;0.0357142857142857;0.0;0.0;0.958151101963811;1.0;1.0;0.9636579250469968;1.0;1.0;0.973324160467816;1.0;1.0;0.9743587977088658;1.0;1.0;0.0017;0.0425;0.007;"['7', '32', '37', '26', '13', '34', '12', '30', '35', '36', '38', '39', '33']";"[('intraD', ('12', '7')), ('intraD', ('35', '7')), ('interD', ('37', '58')), ('interA', ('27', '39'))]";"[('interA', ('16', '7')), ('interA', ('24', '7')), ('interA', ('25', '7')), ('interA', ('29', '7'))]";"[('interA', ('30', '43')), ('interA', ('11', '12')), ('interA', ('25', '7')), ('interA', ('11', '33'))]";"[['16', '24', '25', '29', '31', '51', '48', '52', '47', '53', '50', '57', '44', '49', '59'], ['7', '32', '37', '26', '13', '34', '12', '30', '35', '36', '38', '39', '33', '14'], ['2', '46', '6', '27', '3', '19', '20', '15', '43', '28', '42', '11', '40'], ['18', '21', '23', '17', '1', '4', '58', '60', '8', '5', '22'], ['56', '41', '9', '61', '45', '10', '55', '54']]";"[['16', '24', '25', '29', '31', '51', '48', '52', '47', '53', '50', '57', '44', '49', '59'], ['7', '32', '37', '26', '13', '34', '12', '30', '35', '36', '38', '39', '33'], ['2', '46', '6', '27', '3', '19', '20', '15', '43', '28', '42', '11', '40'], ['22', '18', '21', '23', '17', '1', '4', '58', '60', '8', '5', '14'], ['56', '41', '9', '61', '45', '10', '55', '54']]";"[['16', '24', '25', '29', '31', '51', '48', '52', '47', '53', '50', '57', '44', '49', '59'], ['7', '32', '37', '26', '13', '34', '12', '30', '35', '36', '38', '39', '33'], ['2', '46', '6', '27', '3', '19', '20', '15', '43', '28', '42', '11', '40'], ['22', '18', '21', '23', '17', '1', '4', '58', '60', '8', '5', '14'], ['56', '41', '9', '61', '45', '10', '55', '54']]";"[3, 2, 2, 3, 3, 2, 1, 3, 4, 4, 2, 1, 1, 3, 2, 0, 3, 3, 2, 2, 3, 3, 3, 0, 0, 1, 2, 2, 0, 1, 0, 1, 1, 1, 1, 1, 1, 1, 1, 2, 4, 2, 2, 0, 4, 2, 0, 0, 0, 0, 0, 0, 0, 4, 4, 4, 0, 3, 0, 3, 4]";"[3, 2, 2, 3, 3, 2, 1, 3, 4, 4, 2, 1, 1, 1, 2, 0, 3, 3, 2, 2, 3, 3, 3, 0, 0, 1, 2, 2, 0, 1, 0, 1, 1, 1, 1, 1, 1, 1, 1, 2, 4, 2, 2, 0, 4, 2, 0, 0, 0, 0, 0, 0, 0, 4, 4, 4, 0, 3, 0, 3, 4]";"[3, 2, 2, 3, 3, 2, 1, 3, 4, 4, 2, 1, 1, 3, 2, 0, 3, 3, 2, 2, 3, 3, 3, 0, 0, 1, 2, 2, 0, 1, 0, 1, 1, 1, 1, 1, 1, 1, 1, 2, 4, 2, 2, 0, 4, 2, 0, 0, 0, 0, 0, 0, 0, 4, 4, 4, 0, 3, 0, 3, 4]";"[3, 2, 2, 3, 3, 2, 1, 3, 4, 4, 2, 1, 1, 3, 2, 0, 3, 3, 2, 2, 3, 3, 3, 0, 0, 1, 2, 2, 0, 1, 0, 1, 1, 1, 1, 1, 1, 1, 1, 2, 4, 2, 2, 0, 4, 2, 0, 0, 0, 0, 0, 0, 0, 4, 4, 4, 0, 3, 0, 3, 4]"
19;1;"aucs";"flat_nw";4;0.4162;0.4174;0.408;0.4088;"{'7': 0.17045454545454547, '32': 0.3214285714285714, '37': 0.2916666666666667, '26': 0.3472222222222222, '13': 0.3205128205128205, '34': 0.26785714285714285, '12': 0.125, '30': 0.08012820512820512, '35': 0.293859649122807, '36': 0.14166666666666666, '38': 0.4226190476190476, '39': 0.30833333333333335, '33': 0.17045454545454547}";"{'7': 0.17045454545454547, '32': 0.30833333333333335, '37': 0.2916666666666667, '26': 0.3472222222222222, '13': 0.21666666666666667, '34': 0.21666666666666667, '12': 0.08012820512820512, '30': 0.08012820512820512, '35': 0.293859649122807, '36': 0.14166666666666666, '38': 0.4226190476190476, '39': 0.3446969696969697, '33': 0.17045454545454547}";"{'7': 0.29166666666666663, '32': 0.3214285714285714, '37': 0.2916666666666667, '26': 0.3472222222222222, '13': 0.3205128205128205, '34': 0.26785714285714285, '12': 0.125, '30': 0.08012820512820512, '35': 0.293859649122807, '36': 0.14166666666666666, '38': 0.4226190476190476, '39': 0.30833333333333335, '33': 0.17045454545454547}";"{'7': 0.20833333333333331, '32': 0.3214285714285714, '37': 0.2916666666666667, '26': 0.3472222222222222, '13': 0.3205128205128205, '34': 0.26785714285714285, '12': 0.16025641025641024, '30': 0.11309523809523808, '35': 0.293859649122807, '36': 0.14166666666666666, '38': 0.4226190476190476, '39': 0.30833333333333335, '33': 0.20833333333333331}";0.0;0.0;0.0;0.0;1.0;1.0;1.0;1.0;1.0;1.0;1.0;1.0;1.0;1.0;1.0;1.0;0.0017;0.0401;0.0078;"['7', '32', '37', '26', '13', '34', '12', '30', '35', '36', '38', '39', '33']";"[('interA', ('39', '44')), ('intraA', ('13', '34')), ('intraA', ('12', '13')), ('interD', ('14', '32'))]";"[('interA', ('16', '7')), ('interA', ('24', '7')), ('interA', ('25', '7')), ('interA', ('29', '7'))]";"[('interA', ('25', '30')), ('interA', ('12', '40')), ('interA', ('43', '7')), ('interA', ('33', '45'))]";"[['16', '24', '25', '29', '31', '51', '48', '52', '47', '53', '50', '57', '44', '49', '59'], ['7', '32', '37', '26', '13', '34', '12', '30', '35', '36', '38', '39', '33'], ['2', '46', '6', '27', '3', '19', '20', '15', '43', '28', '42', '11', '40'], ['22', '18', '21', '23', '17', '1', '4', '58', '60', '8', '5', '14'], ['56', '41', '9', '61', '45', '10', '55', '54']]";"[['16', '24', '25', '29', '31', '51', '48', '52', '47', '53', '50', '57', '44', '49', '59'], ['7', '32', '37', '26', '13', '34', '12', '30', '35', '36', '38', '39', '33'], ['2', '46', '6', '27', '3', '19', '20', '15', '43', '28', '42', '11', '40'], ['22', '18', '21', '23', '17', '1', '4', '58', '60', '8', '5', '14'], ['56', '41', '9', '61', '45', '10', '55', '54']]";"[['16', '24', '25', '29', '31', '51', '48', '52', '47', '53', '50', '57', '44', '49', '59'], ['2', '46', '6', '27', '3', '19', '20', '15', '43', '28', '42', '11', '40'], ['7', '32', '37', '26', '13', '34', '12', '30', '35', '36', '38', '39', '33'], ['22', '18', '21', '23', '17', '1', '4', '58', '60', '8', '5', '14'], ['56', '41', '9', '61', '45', '10', '55', '54']]";"[3, 2, 2, 3, 3, 2, 1, 3, 4, 4, 2, 1, 1, 3, 2, 0, 3, 3, 2, 2, 3, 3, 3, 0, 0, 1, 2, 2, 0, 1, 0, 1, 1, 1, 1, 1, 1, 1, 1, 2, 4, 2, 2, 0, 4, 2, 0, 0, 0, 0, 0, 0, 0, 4, 4, 4, 0, 3, 0, 3, 4]";"[3, 2, 2, 3, 3, 2, 1, 3, 4, 4, 2, 1, 1, 3, 2, 0, 3, 3, 2, 2, 3, 3, 3, 0, 0, 1, 2, 2, 0, 1, 0, 1, 1, 1, 1, 1, 1, 1, 1, 2, 4, 2, 2, 0, 4, 2, 0, 0, 0, 0, 0, 0, 0, 4, 4, 4, 0, 3, 0, 3, 4]";"[3, 2, 2, 3, 3, 2, 1, 3, 4, 4, 2, 1, 1, 3, 2, 0, 3, 3, 2, 2, 3, 3, 3, 0, 0, 1, 2, 2, 0, 1, 0, 1, 1, 1, 1, 1, 1, 1, 1, 2, 4, 2, 2, 0, 4, 2, 0, 0, 0, 0, 0, 0, 0, 4, 4, 4, 0, 3, 0, 3, 4]";"[3, 1, 1, 3, 3, 1, 2, 3, 4, 4, 1, 2, 2, 3, 1, 0, 3, 3, 1, 1, 3, 3, 3, 0, 0, 2, 1, 1, 0, 2, 0, 2, 2, 2, 2, 2, 2, 2, 2, 1, 4, 1, 1, 0, 4, 1, 0, 0, 0, 0, 0, 0, 0, 4, 4, 4, 0, 3, 0, 3, 4]"
0;2;"aucs";"flat_nw";4;0.4162;0.4067;0.4087;0.4065;"{'2': 0.45833333333333337, '46': 0.3125, '6': 0.45833333333333337, '27': 0.4166666666666667, '3': 0.625, '19': 0.45833333333333337, '20': 0.4730392156862745, '15': 0.34523809523809523, '43': 0.2916666666666667, '28': 0.625, '42': 0.3125, '11': 0.125, '40': 0.5608974358974359}";"{'2': 0.4807692307692308, '46': 0.3125, '6': 0.5208333333333333, '27': 0.4166666666666667, '3': 0.6862745098039216, '19': 0.45833333333333337, '20': 0.4730392156862745, '15': 0.34523809523809523, '43': 0.36309523809523814, '28': 0.625, '42': 0.3125, '11': 0.125, '40': 0.5773809523809523}";"{'2': 0.53125, '46': 0.3125, '6': 0.45833333333333337, '27': 0.4166666666666667, '3': 0.625, '19': 0.45833333333333337, '20': 0.4730392156862745, '15': 0.34523809523809523, '43': 0.2916666666666667, '28': 0.625, '42': 0.3125, '11': 0.125, '40': 0.5608974358974359}";"{'2': 0.45833333333333337, '46': 0.3611111111111111, '6': 0.45833333333333337, '27': 0.4166666666666667, '3': 0.625, '19': 0.45833333333333337, '20': 0.4730392156862745, '15': 0.34523809523809523, '43': 0.36309523809523814, '28': 0.625, '42': 0.3125, '11': 0.20833333333333331, '40': 0.5608974358974359}";0.0;0.0;0.0;0.0;0.958151101963811;1.0;0.958151101963811;0.9636579250469968;1.0;0.9636579250469968;0.9427171277311563;1.0;0.9427171277311563;0.9460753496601964;1.0;0.9460753496601964;0.0021;0.0456;0.0062;"['2', '46', '6', '27', '3', '19', '20', '15', '43', '28', '42', '11', '40']";"[('intraD', ('3', '6')), ('interA', ('43', '61')), ('interA', ('40', '5')), ('interA', ('2', '39'))]";"[('interA', ('2', '7')), ('interA', ('2', '32')), ('interA', ('2', '37')), ('interA', ('2', '26'))]";"[('interA', ('10', '43')), ('interA', ('11', '5')), ('interA', ('11', '8')), ('interA', ('30', '46'))]";"[['16', '24', '25', '29', '31', '51', '48', '52', '47', '53', '50', '57', '44', '49', '59'], ['7', '32', '37', '26', '13', '34', '12', '30', '35', '36', '38', '39', '33', '14'], ['2', '46', '6', '27', '3', '19', '20', '15', '43', '28', '42', '11', '40'], ['18', '21', '23', '17', '1', '4', '58', '60', '8', '5', '22'], ['56', '41', '9', '61', '45', '10', '55', '54']]";"[['16', '24', '25', '29', '31', '51', '48', '52', '47', '53', '50', '57', '44', '49', '59'], ['2', '46', '6', '27', '3', '19', '20', '15', '43', '28', '42', '11', '40'], ['7', '32', '37', '26', '13', '34', '12', '30', '35', '36', '38', '39', '33'], ['22', '18', '21', '23', '17', '1', '4', '58', '60', '8', '5', '14'], ['56', '41', '9', '61', '45', '10', '55', '54']]";"[['16', '24', '25', '29', '31', '51', '48', '52', '47', '53', '50', '57', '44', '49', '59'], ['7', '32', '37', '26', '13', '34', '12', '30', '35', '36', '38', '39', '33', '14'], ['2', '46', '6', '27', '3', '19', '20', '15', '43', '28', '42', '11', '40'], ['18', '21', '23', '17', '1', '4', '58', '60', '8', '5', '22'], ['56', '41', '9', '61', '45', '10', '55', '54']]";"[3, 2, 2, 3, 3, 2, 1, 3, 4, 4, 2, 1, 1, 3, 2, 0, 3, 3, 2, 2, 3, 3, 3, 0, 0, 1, 2, 2, 0, 1, 0, 1, 1, 1, 1, 1, 1, 1, 1, 2, 4, 2, 2, 0, 4, 2, 0, 0, 0, 0, 0, 0, 0, 4, 4, 4, 0, 3, 0, 3, 4]";"[3, 2, 2, 3, 3, 2, 1, 3, 4, 4, 2, 1, 1, 1, 2, 0, 3, 3, 2, 2, 3, 3, 3, 0, 0, 1, 2, 2, 0, 1, 0, 1, 1, 1, 1, 1, 1, 1, 1, 2, 4, 2, 2, 0, 4, 2, 0, 0, 0, 0, 0, 0, 0, 4, 4, 4, 0, 3, 0, 3, 4]";"[3, 1, 1, 3, 3, 1, 2, 3, 4, 4, 1, 2, 2, 3, 1, 0, 3, 3, 1, 1, 3, 3, 3, 0, 0, 2, 1, 1, 0, 2, 0, 2, 2, 2, 2, 2, 2, 2, 2, 1, 4, 1, 1, 0, 4, 1, 0, 0, 0, 0, 0, 0, 0, 4, 4, 4, 0, 3, 0, 3, 4]";"[3, 2, 2, 3, 3, 2, 1, 3, 4, 4, 2, 1, 1, 1, 2, 0, 3, 3, 2, 2, 3, 3, 3, 0, 0, 1, 2, 2, 0, 1, 0, 1, 1, 1, 1, 1, 1, 1, 1, 2, 4, 2, 2, 0, 4, 2, 0, 0, 0, 0, 0, 0, 0, 4, 4, 4, 0, 3, 0, 3, 4]"
1;2;"aucs";"flat_nw";4;0.4162;0.4158;0.4087;0.4087;"{'2': 0.45833333333333337, '46': 0.3125, '6': 0.45833333333333337, '27': 0.4166666666666667, '3': 0.625, '19': 0.45833333333333337, '20': 0.4730392156862745, '15': 0.34523809523809523, '43': 0.2916666666666667, '28': 0.625, '42': 0.3125, '11': 0.125, '40': 0.5608974358974359}";"{'2': 0.5189393939393939, '46': 0.2638888888888889, '6': 0.4, '27': 0.4166666666666667, '3': 0.6151960784313726, '19': 0.45833333333333337, '20': 0.4730392156862745, '15': 0.34523809523809523, '43': 0.2916666666666667, '28': 0.625, '42': 0.3125, '11': 0.08333333333333333, '40': 0.5608974358974359}";"{'2': 0.53125, '46': 0.3125, '6': 0.45833333333333337, '27': 0.4166666666666667, '3': 0.625, '19': 0.45833333333333337, '20': 0.4730392156862745, '15': 0.34523809523809523, '43': 0.2916666666666667, '28': 0.625, '42': 0.3125, '11': 0.125, '40': 0.5608974358974359}";"{'2': 0.45833333333333337, '46': 0.3611111111111111, '6': 0.45833333333333337, '27': 0.4166666666666667, '3': 0.625, '19': 0.45833333333333337, '20': 0.4730392156862745, '15': 0.34523809523809523, '43': 0.36309523809523814, '28': 0.625, '42': 0.3125, '11': 0.20833333333333331, '40': 0.5608974358974359}";0.0;0.0;0.0;0.0;0.958151101963811;1.0;1.0;0.9636579250469968;1.0;1.0;0.9427171277311563;1.0;1.0;0.9460753496601964;1.0;1.0;0.0018;0.0438;0.0106;"['2', '46', '6', '27', '3', '19', '20', '15', '43', '28', '42', '11', '40']";"[('interD', ('3', '37')), ('intraA', ('11', '6')), ('intraA', ('19', '46')), ('intraD', ('19', '2'))]";"[('interA', ('2', '7')), ('interA', ('2', '32')), ('interA', ('2', '37')), ('interA', ('2', '26'))]";"[('interA', ('12', '43')), ('interA', ('11', '12')), ('interA', ('11', '34')), ('interA', ('35', '46'))]";"[['16', '24', '25', '29', '31', '51', '48', '52', '47', '53', '50', '57', '44', '49', '59'], ['7', '32', '37', '26', '13', '34', '12', '30', '35', '36', '38', '39', '33', '14'], ['2', '46', '6', '27', '3', '19', '20', '15', '43', '28', '42', '11', '40'], ['18', '21', '23', '17', '1', '4', '58', '60', '8', '5', '22'], ['56', '41', '9', '61', '45', '10', '55', '54']]";"[['16', '24', '25', '29', '31', '51', '48', '52', '47', '53', '50', '57', '44', '49', '59'], ['7', '32', '37', '26', '13', '34', '12', '30', '35', '36', '38', '39', '33'], ['2', '46', '6', '27', '3', '19', '20', '15', '43', '28', '42', '11', '40'], ['22', '18', '21', '23', '17', '1', '4', '58', '60', '8', '5', '14'], ['56', '41', '9', '61', '45', '10', '55', '54']]";"[['16', '24', '25', '29', '31', '51', '48', '52', '47', '53', '50', '57', '44', '49', '59'], ['7', '32', '37', '26', '13', '34', '12', '30', '35', '36', '38', '39', '33'], ['2', '46', '6', '27', '3', '19', '20', '15', '43', '28', '42', '11', '40'], ['22', '18', '21', '23', '17', '1', '4', '58', '60', '8', '5', '14'], ['56', '41', '9', '61', '45', '10', '55', '54']]";"[3, 2, 2, 3, 3, 2, 1, 3, 4, 4, 2, 1, 1, 3, 2, 0, 3, 3, 2, 2, 3, 3, 3, 0, 0, 1, 2, 2, 0, 1, 0, 1, 1, 1, 1, 1, 1, 1, 1, 2, 4, 2, 2, 0, 4, 2, 0, 0, 0, 0, 0, 0, 0, 4, 4, 4, 0, 3, 0, 3, 4]";"[3, 2, 2, 3, 3, 2, 1, 3, 4, 4, 2, 1, 1, 1, 2, 0, 3, 3, 2, 2, 3, 3, 3, 0, 0, 1, 2, 2, 0, 1, 0, 1, 1, 1, 1, 1, 1, 1, 1, 2, 4, 2, 2, 0, 4, 2, 0, 0, 0, 0, 0, 0, 0, 4, 4, 4, 0, 3, 0, 3, 4]";"[3, 2, 2, 3, 3, 2, 1, 3, 4, 4, 2, 1, 1, 3, 2, 0, 3, 3, 2, 2, 3, 3, 3, 0, 0, 1, 2, 2, 0, 1, 0, 1, 1, 1, 1, 1, 1, 1, 1, 2, 4, 2, 2, 0, 4, 2, 0, 0, 0, 0, 0, 0, 0, 4, 4, 4, 0, 3, 0, 3, 4]";"[3, 2, 2, 3, 3, 2, 1, 3, 4, 4, 2, 1, 1, 3, 2, 0, 3, 3, 2, 2, 3, 3, 3, 0, 0, 1, 2, 2, 0, 1, 0, 1, 1, 1, 1, 1, 1, 1, 1, 2, 4, 2, 2, 0, 4, 2, 0, 0, 0, 0, 0, 0, 0, 4, 4, 4, 0, 3, 0, 3, 4]"
2;2;"aucs";"flat_nw";4;0.4162;0.4126;0.4087;0.4117;"{'2': 0.45833333333333337, '46': 0.3125, '6': 0.45833333333333337, '27': 0.4166666666666667, '3': 0.625, '19': 0.45833333333333337, '20': 0.4730392156862745, '15': 0.34523809523809523, '43': 0.2916666666666667, '28': 0.625, '42': 0.3125, '11': 0.125, '40': 0.5608974358974359}";"{'2': 0.45833333333333337, '46': 0.3125, '6': 0.45833333333333337, '27': 0.45833333333333337, '3': 0.5555555555555556, '19': 0.45833333333333337, '20': 0.4730392156862745, '15': 0.34523809523809523, '43': 0.2916666666666667, '28': 0.625, '42': 0.3125, '11': 0.16666666666666666, '40': 0.5608974358974359}";"{'2': 0.53125, '46': 0.3125, '6': 0.45833333333333337, '27': 0.4166666666666667, '3': 0.625, '19': 0.45833333333333337, '20': 0.4730392156862745, '15': 0.34523809523809523, '43': 0.2916666666666667, '28': 0.625, '42': 0.3125, '11': 0.125, '40': 0.5608974358974359}";"{'2': 0.45833333333333337, '46': 0.3611111111111111, '6': 0.45833333333333337, '27': 0.4166666666666667, '3': 0.625, '19': 0.45833333333333337, '20': 0.4730392156862745, '15': 0.34523809523809523, '43': 0.36309523809523814, '28': 0.625, '42': 0.3125, '11': 0.20833333333333331, '40': 0.5608974358974359}";0.0;0.0;0.0;0.0357142857142857;0.958151101963811;1.0;0.958151101963811;0.9636579250469968;1.0;0.9636579250469968;0.9427171277311563;1.0;0.973324160467816;0.9460753496601964;1.0;0.9743587977088658;0.0016;0.0712;0.0062;"['2', '46', '6', '27', '3', '19', '20', '15', '43', '28', '42', '11', '40']";"[('intraD', ('11', '19')), ('interA', ('27', '35')), ('intraA', ('19', '3')), ('interD', ('14', '3'))]";"[('interA', ('2', '7')), ('interA', ('2', '32')), ('interA', ('2', '37')), ('interA', ('2', '26'))]";"[('interA', ('43', '60')), ('interA', ('11', '29')), ('interA', ('11', '38')), ('interA', ('46', '47'))]";"[['16', '24', '25', '29', '31', '51', '48', '52', '47', '53', '50', '57', '44', '49', '59'], ['7', '32', '37', '26', '13', '34', '12', '30', '35', '36', '38', '39', '33', '14'], ['2', '46', '6', '27', '3', '19', '20', '15', '43', '28', '42', '11', '40'], ['18', '21', '23', '17', '1', '4', '58', '60', '8', '5', '22'], ['56', '41', '9', '61', '45', '10', '55', '54']]";"[['16', '24', '25', '29', '31', '51', '48', '52', '47', '53', '50', '57', '44', '49', '59'], ['2', '46', '6', '27', '3', '19', '20', '15', '43', '28', '42', '11', '40'], ['7', '32', '37', '26', '13', '34', '12', '30', '35', '36', '38', '39', '33'], ['22', '18', '21', '23', '17', '1', '4', '58', '60', '8', '5', '14'], ['56', '41', '9', '61', '45', '10', '55', '54']]";"[['16', '24', '25', '29', '31', '51', '48', '52', '47', '53', '50', '57', '44', '49', '59'], ['2', '46', '6', '27', '3', '19', '20', '15', '43', '60', '28', '42', '11', '40'], ['7', '32', '37', '26', '13', '34', '12', '30', '35', '36', '38', '39', '33'], ['22', '18', '21', '23', '17', '1', '4', '58', '8', '5', '14'], ['56', '41', '9', '61', '45', '10', '55', '54']]";"[3, 2, 2, 3, 3, 2, 1, 3, 4, 4, 2, 1, 1, 3, 2, 0, 3, 3, 2, 2, 3, 3, 3, 0, 0, 1, 2, 2, 0, 1, 0, 1, 1, 1, 1, 1, 1, 1, 1, 2, 4, 2, 2, 0, 4, 2, 0, 0, 0, 0, 0, 0, 0, 4, 4, 4, 0, 3, 0, 3, 4]";"[3, 2, 2, 3, 3, 2, 1, 3, 4, 4, 2, 1, 1, 1, 2, 0, 3, 3, 2, 2, 3, 3, 3, 0, 0, 1, 2, 2, 0, 1, 0, 1, 1, 1, 1, 1, 1, 1, 1, 2, 4, 2, 2, 0, 4, 2, 0, 0, 0, 0, 0, 0, 0, 4, 4, 4, 0, 3, 0, 3, 4]";"[3, 1, 1, 3, 3, 1, 2, 3, 4, 4, 1, 2, 2, 3, 1, 0, 3, 3, 1, 1, 3, 3, 3, 0, 0, 2, 1, 1, 0, 2, 0, 2, 2, 2, 2, 2, 2, 2, 2, 1, 4, 1, 1, 0, 4, 1, 0, 0, 0, 0, 0, 0, 0, 4, 4, 4, 0, 3, 0, 3, 4]";"[3, 1, 1, 3, 3, 1, 2, 3, 4, 4, 1, 2, 2, 3, 1, 0, 3, 3, 1, 1, 3, 3, 3, 0, 0, 2, 1, 1, 0, 2, 0, 2, 2, 2, 2, 2, 2, 2, 2, 1, 4, 1, 1, 0, 4, 1, 0, 0, 0, 0, 0, 0, 0, 4, 4, 4, 0, 3, 0, 1, 4]"
3;2;"aucs";"flat_nw";4;0.4162;0.4143;0.4087;0.4087;"{'2': 0.45833333333333337, '46': 0.3125, '6': 0.45833333333333337, '27': 0.4166666666666667, '3': 0.625, '19': 0.45833333333333337, '20': 0.4730392156862745, '15': 0.34523809523809523, '43': 0.2916666666666667, '28': 0.625, '42': 0.3125, '11': 0.125, '40': 0.5608974358974359}";"{'2': 0.45833333333333337, '46': 0.3125, '6': 0.45833333333333337, '27': 0.47619047619047616, '3': 0.6770833333333333, '19': 0.45833333333333337, '20': 0.4730392156862745, '15': 0.40064102564102566, '43': 0.375, '28': 0.625, '42': 0.3125, '11': 0.16666666666666666, '40': 0.5608974358974359}";"{'2': 0.53125, '46': 0.3125, '6': 0.45833333333333337, '27': 0.4166666666666667, '3': 0.625, '19': 0.45833333333333337, '20': 0.4730392156862745, '15': 0.34523809523809523, '43': 0.2916666666666667, '28': 0.625, '42': 0.3125, '11': 0.125, '40': 0.5608974358974359}";"{'2': 0.45833333333333337, '46': 0.3611111111111111, '6': 0.45833333333333337, '27': 0.4166666666666667, '3': 0.625, '19': 0.45833333333333337, '20': 0.4730392156862745, '15': 0.34523809523809523, '43': 0.36309523809523814, '28': 0.625, '42': 0.3125, '11': 0.20833333333333331, '40': 0.5608974358974359}";0.0;0.0357142857142857;0.0;0.0357142857142857;0.958151101963811;1.0;0.958151101963811;0.9636579250469968;1.0;0.9636579250469968;0.973324160467816;1.0;0.973324160467816;0.9743587977088658;1.0;0.9743587977088658;0.0072;0.0594;0.0071;"['2', '46', '6', '27', '3', '19', '20', '15', '43', '28', '42', '11', '40']";"[('intraD', ('27', '43')), ('intraD', ('15', '43')), ('intraD', ('11', '3')), ('interD', ('3', '52'))]";"[('interA', ('2', '7')), ('interA', ('2', '32')), ('interA', ('2', '37')), ('interA', ('2', '26'))]";"[('interA', ('16', '43')), ('interA', ('11', '33')), ('interA', ('11', '50')), ('interA', ('46', '7'))]";"[['16', '24', '25', '29', '31', '51', '48', '52', '47', '53', '50', '57', '44', '49', '59'], ['2', '46', '6', '27', '3', '19', '20', '15', '43', '60', '28', '42', '11', '40'], ['7', '32', '37', '26', '13', '34', '12', '30', '35', '36', '38', '39', '33'], ['22', '18', '21', '23', '17', '1', '4', '58', '8', '5', '14'], ['56', '41', '9', '61', '45', '10', '55', '54']]";"[['16', '24', '25', '29', '31', '51', '48', '52', '47', '53', '50', '57', '44', '49', '59'], ['2', '46', '6', '27', '3', '19', '20', '15', '43', '28', '42', '11', '40'], ['7', '32', '37', '26', '13', '34', '12', '30', '35', '36', '38', '39', '33'], ['22', '18', '21', '23', '17', '1', '4', '58', '60', '8', '5', '14'], ['56', '41', '9', '61', '45', '10', '55', '54']]";"[['16', '24', '25', '29', '31', '51', '48', '52', '47', '53', '50', '57', '44', '49', '59'], ['2', '46', '6', '27', '3', '19', '20', '15', '43', '60', '28', '42', '11', '40'], ['7', '32', '37', '26', '13', '34', '12', '30', '35', '36', '38', '39', '33'], ['22', '18', '21', '23', '17', '1', '4', '58', '8', '5', '14'], ['56', '41', '9', '61', '45', '10', '55', '54']]";"[3, 2, 2, 3, 3, 2, 1, 3, 4, 4, 2, 1, 1, 3, 2, 0, 3, 3, 2, 2, 3, 3, 3, 0, 0, 1, 2, 2, 0, 1, 0, 1, 1, 1, 1, 1, 1, 1, 1, 2, 4, 2, 2, 0, 4, 2, 0, 0, 0, 0, 0, 0, 0, 4, 4, 4, 0, 3, 0, 3, 4]";"[3, 1, 1, 3, 3, 1, 2, 3, 4, 4, 1, 2, 2, 3, 1, 0, 3, 3, 1, 1, 3, 3, 3, 0, 0, 2, 1, 1, 0, 2, 0, 2, 2, 2, 2, 2, 2, 2, 2, 1, 4, 1, 1, 0, 4, 1, 0, 0, 0, 0, 0, 0, 0, 4, 4, 4, 0, 3, 0, 1, 4]";"[3, 1, 1, 3, 3, 1, 2, 3, 4, 4, 1, 2, 2, 3, 1, 0, 3, 3, 1, 1, 3, 3, 3, 0, 0, 2, 1, 1, 0, 2, 0, 2, 2, 2, 2, 2, 2, 2, 2, 1, 4, 1, 1, 0, 4, 1, 0, 0, 0, 0, 0, 0, 0, 4, 4, 4, 0, 3, 0, 3, 4]";"[3, 1, 1, 3, 3, 1, 2, 3, 4, 4, 1, 2, 2, 3, 1, 0, 3, 3, 1, 1, 3, 3, 3, 0, 0, 2, 1, 1, 0, 2, 0, 2, 2, 2, 2, 2, 2, 2, 2, 1, 4, 1, 1, 0, 4, 1, 0, 0, 0, 0, 0, 0, 0, 4, 4, 4, 0, 3, 0, 1, 4]"
4;2;"aucs";"flat_nw";4;0.4162;0.4166;0.4087;0.412;"{'2': 0.45833333333333337, '46': 0.3125, '6': 0.45833333333333337, '27': 0.4166666666666667, '3': 0.625, '19': 0.45833333333333337, '20': 0.4730392156862745, '15': 0.34523809523809523, '43': 0.2916666666666667, '28': 0.625, '42': 0.3125, '11': 0.125, '40': 0.5608974358974359}";"{'2': 0.4916666666666667, '46': 0.3125, '6': 0.5208333333333333, '27': 0.4166666666666667, '3': 0.6862745098039216, '19': 0.4, '20': 0.53125, '15': 0.34523809523809523, '43': 0.25, '28': 0.625, '42': 0.3125, '11': 0.125, '40': 0.5608974358974359}";"{'2': 0.53125, '46': 0.3125, '6': 0.45833333333333337, '27': 0.4166666666666667, '3': 0.625, '19': 0.45833333333333337, '20': 0.4730392156862745, '15': 0.34523809523809523, '43': 0.2916666666666667, '28': 0.625, '42': 0.3125, '11': 0.125, '40': 0.5608974358974359}";"{'2': 0.45833333333333337, '46': 0.3611111111111111, '6': 0.45833333333333337, '27': 0.4166666666666667, '3': 0.625, '19': 0.45833333333333337, '20': 0.4730392156862745, '15': 0.34523809523809523, '43': 0.36309523809523814, '28': 0.625, '42': 0.3125, '11': 0.20833333333333331, '40': 0.5608974358974359}";0.0;0.0;0.0;0.0357142857142857;1.0;1.0;0.958151101963811;1.0;1.0;0.9636579250469968;1.0;1.0;0.973324160467816;1.0;1.0;0.9743587977088658;0.0016;0.0457;0.0061;"['2', '46', '6', '27', '3', '19', '20', '15', '43', '28', '42', '11', '40']";"[('intraD', ('20', '6')), ('interD', ('18', '2')), ('intraD', ('2', '3')), ('intraA', ('19', '43'))]";"[('interA', ('2', '7')), ('interA', ('2', '32')), ('interA', ('2', '37')), ('interA', ('2', '26'))]";"[('interA', ('17', '43')), ('interA', ('11', '60')), ('interA', ('11', '50')), ('interA', ('26', '46'))]";"[['16', '24', '25', '29', '31', '51', '48', '52', '47', '53', '50', '57', '44', '49', '59'], ['2', '46', '6', '27', '3', '19', '20', '15', '43', '28', '42', '11', '40'], ['7', '32', '37', '26', '13', '34', '12', '30', '35', '36', '38', '39', '33'], ['22', '18', '21', '23', '17', '1', '4', '58', '60', '8', '5', '14'], ['56', '41', '9', '61', '45', '10', '55', '54']]";"[['16', '24', '25', '29', '31', '51', '48', '52', '47', '53', '50', '57', '44', '49', '59'], ['2', '46', '6', '27', '3', '19', '20', '15', '43', '28', '42', '11', '40'], ['7', '32', '37', '26', '13', '34', '12', '30', '35', '36', '38', '39', '33'], ['22', '18', '21', '23', '17', '1', '4', '58', '60', '8', '5', '14'], ['56', '41', '9', '61', '45', '10', '55', '54']]";"[['16', '24', '25', '29', '31', '51', '48', '52', '47', '53', '50', '57', '44', '49', '59'], ['2', '46', '6', '27', '3', '19', '20', '15', '43', '60', '28', '42', '11', '40'], ['7', '32', '37', '26', '13', '34', '12', '30', '35', '36', '38', '39', '33'], ['22', '18', '21', '23', '17', '1', '4', '58', '8', '5', '14'], ['56', '41', '9', '61', '45', '10', '55', '54']]";"[3, 2, 2, 3, 3, 2, 1, 3, 4, 4, 2, 1, 1, 3, 2, 0, 3, 3, 2, 2, 3, 3, 3, 0, 0, 1, 2, 2, 0, 1, 0, 1, 1, 1, 1, 1, 1, 1, 1, 2, 4, 2, 2, 0, 4, 2, 0, 0, 0, 0, 0, 0, 0, 4, 4, 4, 0, 3, 0, 3, 4]";"[3, 1, 1, 3, 3, 1, 2, 3, 4, 4, 1, 2, 2, 3, 1, 0, 3, 3, 1, 1, 3, 3, 3, 0, 0, 2, 1, 1, 0, 2, 0, 2, 2, 2, 2, 2, 2, 2, 2, 1, 4, 1, 1, 0, 4, 1, 0, 0, 0, 0, 0, 0, 0, 4, 4, 4, 0, 3, 0, 3, 4]";"[3, 1, 1, 3, 3, 1, 2, 3, 4, 4, 1, 2, 2, 3, 1, 0, 3, 3, 1, 1, 3, 3, 3, 0, 0, 2, 1, 1, 0, 2, 0, 2, 2, 2, 2, 2, 2, 2, 2, 1, 4, 1, 1, 0, 4, 1, 0, 0, 0, 0, 0, 0, 0, 4, 4, 4, 0, 3, 0, 3, 4]";"[3, 1, 1, 3, 3, 1, 2, 3, 4, 4, 1, 2, 2, 3, 1, 0, 3, 3, 1, 1, 3, 3, 3, 0, 0, 2, 1, 1, 0, 2, 0, 2, 2, 2, 2, 2, 2, 2, 2, 1, 4, 1, 1, 0, 4, 1, 0, 0, 0, 0, 0, 0, 0, 4, 4, 4, 0, 3, 0, 1, 4]"
5;2;"aucs";"flat_nw";4;0.4162;0.41;0.4087;0.4089;"{'2': 0.45833333333333337, '46': 0.3125, '6': 0.45833333333333337, '27': 0.4166666666666667, '3': 0.625, '19': 0.45833333333333337, '20': 0.4730392156862745, '15': 0.34523809523809523, '43': 0.2916666666666667, '28': 0.625, '42': 0.3125, '11': 0.125, '40': 0.5608974358974359}";"{'2': 0.45833333333333337, '46': 0.36309523809523814, '6': 0.45833333333333337, '27': 0.47619047619047616, '3': 0.6337719298245614, '19': 0.45833333333333337, '20': 0.4730392156862745, '15': 0.34523809523809523, '43': 0.3333333333333333, '28': 0.625, '42': 0.3125, '11': 0.21666666666666667, '40': 0.5608974358974359}";"{'2': 0.53125, '46': 0.3125, '6': 0.45833333333333337, '27': 0.4166666666666667, '3': 0.625, '19': 0.45833333333333337, '20': 0.4730392156862745, '15': 0.34523809523809523, '43': 0.2916666666666667, '28': 0.625, '42': 0.3125, '11': 0.125, '40': 0.5608974358974359}";"{'2': 0.45833333333333337, '46': 0.3611111111111111, '6': 0.45833333333333337, '27': 0.4166666666666667, '3': 0.625, '19': 0.45833333333333337, '20': 0.4730392156862745, '15': 0.34523809523809523, '43': 0.36309523809523814, '28': 0.625, '42': 0.3125, '11': 0.20833333333333331, '40': 0.5608974358974359}";0.0;0.0357142857142857;0.0;0.0;0.958151101963811;1.0;1.0;0.9636579250469968;1.0;1.0;0.973324160467816;1.0;1.0;0.9743587977088658;1.0;1.0;0.0017;0.0585;0.009;"['2', '46', '6', '27', '3', '19', '20', '15', '43', '28', '42', '11', '40']";"[('intraD', ('11', '43')), ('intraD', ('27', '46')), ('interA', ('13', '3')), ('interA', ('11', '25'))]";"[('interA', ('2', '7')), ('interA', ('2', '32')), ('interA', ('2', '37')), ('interA', ('2', '26'))]";"[('interA', ('39', '43')), ('interA', ('11', '53')), ('interA', ('11', '52')), ('interA', ('36', '46'))]";"[['16', '24', '25', '29', '31', '51', '48', '52', '47', '53', '50', '57', '44', '49', '59'], ['2', '46', '6', '27', '3', '19', '20', '15', '43', '60', '28', '42', '11', '40'], ['7', '32', '37', '26', '13', '34', '12', '30', '35', '36', '38', '39', '33'], ['22', '18', '21', '23', '17', '1', '4', '58', '8', '5', '14'], ['56', '41', '9', '61', '45', '10', '55', '54']]";"[['16', '24', '25', '29', '31', '51', '48', '52', '47', '53', '50', '57', '44', '49', '59'], ['2', '46', '6', '27', '3', '19', '20', '15', '43', '28', '42', '11', '40'], ['7', '32', '37', '26', '13', '34', '12', '30', '35', '36', '38', '39', '33'], ['22', '18', '21', '23', '17', '1', '4', '58', '60', '8', '5', '14'], ['56', '41', '9', '61', '45', '10', '55', '54']]";"[['16', '24', '25', '29', '31', '51', '48', '52', '47', '53', '50', '57', '44', '49', '59'], ['7', '32', '37', '26', '13', '34', '12', '30', '35', '36', '38', '39', '33'], ['2', '46', '6', '27', '3', '19', '20', '15', '43', '28', '42', '11', '40'], ['22', '18', '21', '23', '17', '1', '4', '58', '60', '8', '5', '14'], ['56', '41', '9', '61', '45', '10', '55', '54']]";"[3, 2, 2, 3, 3, 2, 1, 3, 4, 4, 2, 1, 1, 3, 2, 0, 3, 3, 2, 2, 3, 3, 3, 0, 0, 1, 2, 2, 0, 1, 0, 1, 1, 1, 1, 1, 1, 1, 1, 2, 4, 2, 2, 0, 4, 2, 0, 0, 0, 0, 0, 0, 0, 4, 4, 4, 0, 3, 0, 3, 4]";"[3, 1, 1, 3, 3, 1, 2, 3, 4, 4, 1, 2, 2, 3, 1, 0, 3, 3, 1, 1, 3, 3, 3, 0, 0, 2, 1, 1, 0, 2, 0, 2, 2, 2, 2, 2, 2, 2, 2, 1, 4, 1, 1, 0, 4, 1, 0, 0, 0, 0, 0, 0, 0, 4, 4, 4, 0, 3, 0, 1, 4]";"[3, 1, 1, 3, 3, 1, 2, 3, 4, 4, 1, 2, 2, 3, 1, 0, 3, 3, 1, 1, 3, 3, 3, 0, 0, 2, 1, 1, 0, 2, 0, 2, 2, 2, 2, 2, 2, 2, 2, 1, 4, 1, 1, 0, 4, 1, 0, 0, 0, 0, 0, 0, 0, 4, 4, 4, 0, 3, 0, 3, 4]";"[3, 2, 2, 3, 3, 2, 1, 3, 4, 4, 2, 1, 1, 3, 2, 0, 3, 3, 2, 2, 3, 3, 3, 0, 0, 1, 2, 2, 0, 1, 0, 1, 1, 1, 1, 1, 1, 1, 1, 2, 4, 2, 2, 0, 4, 2, 0, 0, 0, 0, 0, 0, 0, 4, 4, 4, 0, 3, 0, 3, 4]"
6;2;"aucs";"flat_nw";4;0.4162;0.4155;0.4087;0.4063;"{'2': 0.45833333333333337, '46': 0.3125, '6': 0.45833333333333337, '27': 0.4166666666666667, '3': 0.625, '19': 0.45833333333333337, '20': 0.4730392156862745, '15': 0.34523809523809523, '43': 0.2916666666666667, '28': 0.625, '42': 0.3125, '11': 0.125, '40': 0.5608974358974359}";"{'2': 0.45833333333333337, '46': 0.3125, '6': 0.4916666666666667, '27': 0.4166666666666667, '3': 0.625, '19': 0.45833333333333337, '20': 0.45833333333333337, '15': 0.34523809523809523, '43': 0.2916666666666667, '28': 0.5416666666666667, '42': 0.3611111111111111, '11': 0.125, '40': 0.5}";"{'2': 0.53125, '46': 0.3125, '6': 0.45833333333333337, '27': 0.4166666666666667, '3': 0.625, '19': 0.45833333333333337, '20': 0.4730392156862745, '15': 0.34523809523809523, '43': 0.2916666666666667, '28': 0.625, '42': 0.3125, '11': 0.125, '40': 0.5608974358974359}";"{'2': 0.45833333333333337, '46': 0.3611111111111111, '6': 0.45833333333333337, '27': 0.4166666666666667, '3': 0.625, '19': 0.45833333333333337, '20': 0.4730392156862745, '15': 0.34523809523809523, '43': 0.36309523809523814, '28': 0.625, '42': 0.3125, '11': 0.20833333333333331, '40': 0.5608974358974359}";0.0;0.0;0.0;0.0;1.0;1.0;0.958151101963811;1.0;1.0;0.9636579250469968;1.0;1.0;0.9427171277311563;1.0;1.0;0.9460753496601964;0.0016;0.0452;0.0099;"['2', '46', '6', '27', '3', '19', '20', '15', '43', '28', '42', '11', '40']";"[('interA', ('25', '6')), ('interA', ('32', '42')), ('interD', ('20', '29')), ('intraA', ('28', '40'))]";"[('interA', ('2', '7')), ('interA', ('2', '32')), ('interA', ('2', '37')), ('interA', ('2', '26'))]";"[('interA', ('43', '5')), ('interA', ('11', '25')), ('interA', ('11', '41')), ('interA', ('44', '46'))]";"[['16', '24', '25', '29', '31', '51', '48', '52', '47', '53', '50', '57', '44', '49', '59'], ['7', '32', '37', '26', '13', '34', '12', '30', '35', '36', '38', '39', '33'], ['2', '46', '6', '27', '3', '19', '20', '15', '43', '28', '42', '11', '40'], ['22', '18', '21', '23', '17', '1', '4', '58', '60', '8', '5', '14'], ['56', '41', '9', '61', '45', '10', '55', '54']]";"[['16', '24', '25', '29', '31', '51', '48', '52', '47', '53', '50', '57', '44', '49', '59'], ['7', '32', '37', '26', '13', '34', '12', '30', '35', '36', '38', '39', '33'], ['2', '46', '6', '27', '3', '19', '20', '15', '43', '28', '42', '11', '40'], ['22', '18', '21', '23', '17', '1', '4', '58', '60', '8', '5', '14'], ['56', '41', '9', '61', '45', '10', '55', '54']]";"[['16', '24', '25', '29', '31', '51', '48', '52', '47', '53', '50', '57', '44', '49', '59'], ['7', '32', '37', '26', '13', '34', '12', '30', '35', '36', '38', '39', '33', '14'], ['2', '46', '6', '27', '3', '19', '20', '15', '43', '28', '42', '11', '40'], ['18', '21', '23', '17', '1', '4', '58', '60', '8', '5', '22'], ['56', '41', '9', '61', '45', '10', '55', '54']]";"[3, 2, 2, 3, 3, 2, 1, 3, 4, 4, 2, 1, 1, 3, 2, 0, 3, 3, 2, 2, 3, 3, 3, 0, 0, 1, 2, 2, 0, 1, 0, 1, 1, 1, 1, 1, 1, 1, 1, 2, 4, 2, 2, 0, 4, 2, 0, 0, 0, 0, 0, 0, 0, 4, 4, 4, 0, 3, 0, 3, 4]";"[3, 2, 2, 3, 3, 2, 1, 3, 4, 4, 2, 1, 1, 3, 2, 0, 3, 3, 2, 2, 3, 3, 3, 0, 0, 1, 2, 2, 0, 1, 0, 1, 1, 1, 1, 1, 1, 1, 1, 2, 4, 2, 2, 0, 4, 2, 0, 0, 0, 0, 0, 0, 0, 4, 4, 4, 0, 3, 0, 3, 4]";"[3, 2, 2, 3, 3, 2, 1, 3, 4, 4, 2, 1, 1, 3, 2, 0, 3, 3, 2, 2, 3, 3, 3, 0, 0, 1, 2, 2, 0, 1, 0, 1, 1, 1, 1, 1, 1, 1, 1, 2, 4, 2, 2, 0, 4, 2, 0, 0, 0, 0, 0, 0, 0, 4, 4, 4, 0, 3, 0, 3, 4]";"[3, 2, 2, 3, 3, 2, 1, 3, 4, 4, 2, 1, 1, 1, 2, 0, 3, 3, 2, 2, 3, 3, 3, 0, 0, 1, 2, 2, 0, 1, 0, 1, 1, 1, 1, 1, 1, 1, 1, 2, 4, 2, 2, 0, 4, 2, 0, 0, 0, 0, 0, 0, 0, 4, 4, 4, 0, 3, 0, 3, 4]"
7;2;"aucs";"flat_nw";4;0.4162;0.4069;0.4087;0.4067;"{'2': 0.45833333333333337, '46': 0.3125, '6': 0.45833333333333337, '27': 0.4166666666666667, '3': 0.625, '19': 0.45833333333333337, '20': 0.4730392156862745, '15': 0.34523809523809523, '43': 0.2916666666666667, '28': 0.625, '42': 0.3125, '11': 0.125, '40': 0.5608974358974359}";"{'2': 0.45833333333333337, '46': 0.3611111111111111, '6': 0.5208333333333333, '27': 0.47619047619047616, '3': 0.6862745098039216, '19': 0.45833333333333337, '20': 0.4730392156862745, '15': 0.4226190476190476, '43': 0.2916666666666667, '28': 0.625, '42': 0.3125, '11': 0.125, '40': 0.5608974358974359}";"{'2': 0.53125, '46': 0.3125, '6': 0.45833333333333337, '27': 0.4166666666666667, '3': 0.625, '19': 0.45833333333333337, '20': 0.4730392156862745, '15': 0.34523809523809523, '43': 0.2916666666666667, '28': 0.625, '42': 0.3125, '11': 0.125, '40': 0.5608974358974359}";"{'2': 0.45833333333333337, '46': 0.3611111111111111, '6': 0.45833333333333337, '27': 0.4166666666666667, '3': 0.625, '19': 0.45833333333333337, '20': 0.4730392156862745, '15': 0.34523809523809523, '43': 0.36309523809523814, '28': 0.625, '42': 0.3125, '11': 0.20833333333333331, '40': 0.5608974358974359}";0.0;0.0;0.0;0.09375;0.958151101963811;1.0;0.8506878991643925;0.9636579250469968;1.0;0.8898477739447299;0.9427171277311563;1.0;0.8819944815681762;0.9460753496601964;1.0;0.901591476668106;0.0016;0.0446;0.0054;"['2', '46', '6', '27', '3', '19', '20', '15', '43', '28', '42', '11', '40']";"[('interA', ('46', '5')), ('interA', ('15', '47')), ('intraD', ('15', '3')), ('intraD', ('27', '6'))]";"[('interA', ('2', '7')), ('interA', ('2', '32')), ('interA', ('2', '37')), ('interA', ('2', '26'))]";"[('interA', ('26', '43')), ('interA', ('11', '32')), ('interA', ('11', '4')), ('interA', ('17', '46'))]";"[['16', '24', '25', '29', '31', '51', '48', '52', '47', '53', '50', '57', '44', '49', '59'], ['7', '32', '37', '26', '13', '34', '12', '30', '35', '36', '38', '39', '33', '14'], ['2', '46', '6', '27', '3', '19', '20', '15', '43', '28', '42', '11', '40'], ['18', '21', '23', '17', '1', '4', '58', '60', '8', '5', '22'], ['56', '41', '9', '61', '45', '10', '55', '54']]";"[['16', '24', '25', '29', '31', '51', '48', '52', '47', '53', '50', '57', '44', '49', '59'], ['7', '32', '37', '26', '13', '34', '12', '30', '35', '36', '38', '39', '33'], ['2', '46', '6', '27', '3', '19', '20', '15', '43', '28', '42', '11', '40'], ['22', '18', '21', '23', '17', '1', '4', '58', '60', '8', '5', '14'], ['56', '41', '9', '61', '45', '10', '55', '54']]";"[['2', '46', '6', '27', '3', '19', '20', '15', '1', '4', '28', '43', '58', '42', '11', '40'], ['16', '24', '25', '29', '31', '51', '48', '52', '47', '53', '50', '57', '44', '49', '59'], ['7', '32', '37', '26', '13', '34', '12', '30', '35', '36', '38', '39', '33', '14'], ['56', '41', '9', '61', '45', '10', '55', '54'], ['18', '21', '23', '17', '60', '8', '5', '22']]";"[3, 2, 2, 3, 3, 2, 1, 3, 4, 4, 2, 1, 1, 3, 2, 0, 3, 3, 2, 2, 3, 3, 3, 0, 0, 1, 2, 2, 0, 1, 0, 1, 1, 1, 1, 1, 1, 1, 1, 2, 4, 2, 2, 0, 4, 2, 0, 0, 0, 0, 0, 0, 0, 4, 4, 4, 0, 3, 0, 3, 4]";"[3, 2, 2, 3, 3, 2, 1, 3, 4, 4, 2, 1, 1, 1, 2, 0, 3, 3, 2, 2, 3, 3, 3, 0, 0, 1, 2, 2, 0, 1, 0, 1, 1, 1, 1, 1, 1, 1, 1, 2, 4, 2, 2, 0, 4, 2, 0, 0, 0, 0, 0, 0, 0, 4, 4, 4, 0, 3, 0, 3, 4]";"[3, 2, 2, 3, 3, 2, 1, 3, 4, 4, 2, 1, 1, 3, 2, 0, 3, 3, 2, 2, 3, 3, 3, 0, 0, 1, 2, 2, 0, 1, 0, 1, 1, 1, 1, 1, 1, 1, 1, 2, 4, 2, 2, 0, 4, 2, 0, 0, 0, 0, 0, 0, 0, 4, 4, 4, 0, 3, 0, 3, 4]";"[0, 0, 0, 0, 4, 0, 2, 4, 3, 3, 0, 2, 2, 2, 0, 1, 4, 4, 0, 0, 4, 4, 4, 1, 1, 2, 0, 0, 1, 2, 1, 2, 2, 2, 2, 2, 2, 2, 2, 0, 3, 0, 0, 1, 3, 0, 1, 1, 1, 1, 1, 1, 1, 3, 3, 3, 1, 0, 1, 4, 3]"
8;2;"aucs";"flat_nw";4;0.4162;0.4096;0.4087;0.4062;"{'2': 0.45833333333333337, '46': 0.3125, '6': 0.45833333333333337, '27': 0.4166666666666667, '3': 0.625, '19': 0.45833333333333337, '20': 0.4730392156862745, '15': 0.34523809523809523, '43': 0.2916666666666667, '28': 0.625, '42': 0.3125, '11': 0.125, '40': 0.5608974358974359}";"{'2': 0.45833333333333337, '46': 0.3611111111111111, '6': 0.45833333333333337, '27': 0.47619047619047616, '3': 0.625, '19': 0.45833333333333337, '20': 0.5166666666666666, '15': 0.3666666666666667, '43': 0.2916666666666667, '28': 0.625, '42': 0.3125, '11': 0.125, '40': 0.5608974358974359}";"{'2': 0.53125, '46': 0.3125, '6': 0.45833333333333337, '27': 0.4166666666666667, '3': 0.625, '19': 0.45833333333333337, '20': 0.4730392156862745, '15': 0.34523809523809523, '43': 0.2916666666666667, '28': 0.625, '42': 0.3125, '11': 0.125, '40': 0.5608974358974359}";"{'2': 0.45833333333333337, '46': 0.3611111111111111, '6': 0.45833333333333337, '27': 0.4166666666666667, '3': 0.625, '19': 0.45833333333333337, '20': 0.4730392156862745, '15': 0.34523809523809523, '43': 0.36309523809523814, '28': 0.625, '42': 0.3125, '11': 0.20833333333333331, '40': 0.5608974358974359}";0.0;0.0;0.0;0.0;0.958151101963811;1.0;0.958151101963811;0.9636579250469968;1.0;0.9636579250469968;0.9427171277311563;1.0;0.9427171277311563;0.9460753496601964;1.0;0.9460753496601964;0.0018;0.0451;0.0055;"['2', '46', '6', '27', '3', '19', '20', '15', '43', '28', '42', '11', '40']";"[('interD', ('14', '20')), ('intraD', ('20', '27')), ('interA', ('34', '46')), ('interA', ('15', '52'))]";"[('interA', ('2', '7')), ('interA', ('2', '32')), ('interA', ('2', '37')), ('interA', ('2', '26'))]";"[('interA', ('43', '5')), ('interA', ('11', '30')), ('interA', ('11', '24')), ('interA', ('41', '46'))]";"[['16', '24', '25', '29', '31', '51', '48', '52', '47', '53', '50', '57', '44', '49', '59'], ['7', '32', '37', '26', '13', '34', '12', '30', '35', '36', '38', '39', '33', '14'], ['2', '46', '6', '27', '3', '19', '20', '15', '43', '28', '42', '11', '40'], ['18', '21', '23', '17', '1', '4', '58', '60', '8', '5', '22'], ['56', '41', '9', '61', '45', '10', '55', '54']]";"[['16', '24', '25', '29', '31', '51', '48', '52', '47', '53', '50', '57', '44', '49', '59'], ['7', '32', '37', '26', '13', '34', '12', '30', '35', '36', '38', '39', '33'], ['2', '46', '6', '27', '3', '19', '20', '15', '43', '28', '42', '11', '40'], ['22', '18', '21', '23', '17', '1', '4', '58', '60', '8', '5', '14'], ['56', '41', '9', '61', '45', '10', '55', '54']]";"[['16', '24', '25', '29', '31', '51', '48', '52', '47', '53', '50', '57', '44', '49', '59'], ['7', '32', '37', '26', '13', '34', '12', '30', '35', '36', '38', '39', '33', '14'], ['2', '46', '6', '27', '3', '19', '20', '15', '43', '28', '42', '11', '40'], ['18', '21', '23', '17', '1', '4', '58', '60', '8', '5', '22'], ['56', '41', '9', '61', '45', '10', '55', '54']]";"[3, 2, 2, 3, 3, 2, 1, 3, 4, 4, 2, 1, 1, 3, 2, 0, 3, 3, 2, 2, 3, 3, 3, 0, 0, 1, 2, 2, 0, 1, 0, 1, 1, 1, 1, 1, 1, 1, 1, 2, 4, 2, 2, 0, 4, 2, 0, 0, 0, 0, 0, 0, 0, 4, 4, 4, 0, 3, 0, 3, 4]";"[3, 2, 2, 3, 3, 2, 1, 3, 4, 4, 2, 1, 1, 1, 2, 0, 3, 3, 2, 2, 3, 3, 3, 0, 0, 1, 2, 2, 0, 1, 0, 1, 1, 1, 1, 1, 1, 1, 1, 2, 4, 2, 2, 0, 4, 2, 0, 0, 0, 0, 0, 0, 0, 4, 4, 4, 0, 3, 0, 3, 4]";"[3, 2, 2, 3, 3, 2, 1, 3, 4, 4, 2, 1, 1, 3, 2, 0, 3, 3, 2, 2, 3, 3, 3, 0, 0, 1, 2, 2, 0, 1, 0, 1, 1, 1, 1, 1, 1, 1, 1, 2, 4, 2, 2, 0, 4, 2, 0, 0, 0, 0, 0, 0, 0, 4, 4, 4, 0, 3, 0, 3, 4]";"[3, 2, 2, 3, 3, 2, 1, 3, 4, 4, 2, 1, 1, 1, 2, 0, 3, 3, 2, 2, 3, 3, 3, 0, 0, 1, 2, 2, 0, 1, 0, 1, 1, 1, 1, 1, 1, 1, 1, 2, 4, 2, 2, 0, 4, 2, 0, 0, 0, 0, 0, 0, 0, 4, 4, 4, 0, 3, 0, 3, 4]"
9;2;"aucs";"flat_nw";4;0.4162;0.416;0.4087;0.4088;"{'2': 0.45833333333333337, '46': 0.3125, '6': 0.45833333333333337, '27': 0.4166666666666667, '3': 0.625, '19': 0.45833333333333337, '20': 0.4730392156862745, '15': 0.34523809523809523, '43': 0.2916666666666667, '28': 0.625, '42': 0.3125, '11': 0.125, '40': 0.5608974358974359}";"{'2': 0.45833333333333337, '46': 0.3125, '6': 0.5208333333333333, '27': 0.3611111111111111, '3': 0.625, '19': 0.4166666666666667, '20': 0.4730392156862745, '15': 0.34523809523809523, '43': 0.36309523809523814, '28': 0.625, '42': 0.3125, '11': 0.125, '40': 0.5608974358974359}";"{'2': 0.53125, '46': 0.3125, '6': 0.45833333333333337, '27': 0.4166666666666667, '3': 0.625, '19': 0.45833333333333337, '20': 0.4730392156862745, '15': 0.34523809523809523, '43': 0.2916666666666667, '28': 0.625, '42': 0.3125, '11': 0.125, '40': 0.5608974358974359}";"{'2': 0.45833333333333337, '46': 0.3611111111111111, '6': 0.45833333333333337, '27': 0.4166666666666667, '3': 0.625, '19': 0.45833333333333337, '20': 0.4730392156862745, '15': 0.34523809523809523, '43': 0.36309523809523814, '28': 0.625, '42': 0.3125, '11': 0.20833333333333331, '40': 0.5608974358974359}";0.0;0.0;0.0;0.0;1.0;1.0;1.0;1.0;1.0;1.0;1.0;1.0;1.0;1.0;1.0;1.0;0.0016;0.0449;0.0065;"['2', '46', '6', '27', '3', '19', '20', '15', '43', '28', '42', '11', '40']";"[('interD', ('19', '5')), ('intraD', ('28', '6')), ('intraA', ('27', '28')), ('interA', ('43', '59'))]";"[('interA', ('2', '7')), ('interA', ('2', '32')), ('interA', ('2', '37')), ('interA', ('2', '26'))]";"[('interA', ('37', '43')), ('interA', ('11', '12')), ('interA', ('11', '35')), ('interA', ('46', '47'))]";"[['16', '24', '25', '29', '31', '51', '48', '52', '47', '53', '50', '57', '44', '49', '59'], ['7', '32', '37', '26', '13', '34', '12', '30', '35', '36', '38', '39', '33'], ['2', '46', '6', '27', '3', '19', '20', '15', '43', '28', '42', '11', '40'], ['22', '18', '21', '23', '17', '1', '4', '58', '60', '8', '5', '14'], ['56', '41', '9', '61', '45', '10', '55', '54']]";"[['16', '24', '25', '29', '31', '51', '48', '52', '47', '53', '50', '57', '44', '49', '59'], ['7', '32', '37', '26', '13', '34', '12', '30', '35', '36', '38', '39', '33'], ['2', '46', '6', '27', '3', '19', '20', '15', '43', '28', '42', '11', '40'], ['22', '18', '21', '23', '17', '1', '4', '58', '60', '8', '5', '14'], ['56', '41', '9', '61', '45', '10', '55', '54']]";"[['16', '24', '25', '29', '31', '51', '48', '52', '47', '53', '50', '57', '44', '49', '59'], ['2', '46', '6', '27', '3', '19', '20', '15', '43', '28', '42', '11', '40'], ['7', '32', '37', '26', '13', '34', '12', '30', '35', '36', '38', '39', '33'], ['22', '18', '21', '23', '17', '1', '4', '58', '60', '8', '5', '14'], ['56', '41', '9', '61', '45', '10', '55', '54']]";"[3, 2, 2, 3, 3, 2, 1, 3, 4, 4, 2, 1, 1, 3, 2, 0, 3, 3, 2, 2, 3, 3, 3, 0, 0, 1, 2, 2, 0, 1, 0, 1, 1, 1, 1, 1, 1, 1, 1, 2, 4, 2, 2, 0, 4, 2, 0, 0, 0, 0, 0, 0, 0, 4, 4, 4, 0, 3, 0, 3, 4]";"[3, 2, 2, 3, 3, 2, 1, 3, 4, 4, 2, 1, 1, 3, 2, 0, 3, 3, 2, 2, 3, 3, 3, 0, 0, 1, 2, 2, 0, 1, 0, 1, 1, 1, 1, 1, 1, 1, 1, 2, 4, 2, 2, 0, 4, 2, 0, 0, 0, 0, 0, 0, 0, 4, 4, 4, 0, 3, 0, 3, 4]";"[3, 2, 2, 3, 3, 2, 1, 3, 4, 4, 2, 1, 1, 3, 2, 0, 3, 3, 2, 2, 3, 3, 3, 0, 0, 1, 2, 2, 0, 1, 0, 1, 1, 1, 1, 1, 1, 1, 1, 2, 4, 2, 2, 0, 4, 2, 0, 0, 0, 0, 0, 0, 0, 4, 4, 4, 0, 3, 0, 3, 4]";"[3, 1, 1, 3, 3, 1, 2, 3, 4, 4, 1, 2, 2, 3, 1, 0, 3, 3, 1, 1, 3, 3, 3, 0, 0, 2, 1, 1, 0, 2, 0, 2, 2, 2, 2, 2, 2, 2, 2, 1, 4, 1, 1, 0, 4, 1, 0, 0, 0, 0, 0, 0, 0, 4, 4, 4, 0, 3, 0, 3, 4]"
10;2;"aucs";"flat_nw";4;0.4162;0.4154;0.4087;0.4091;"{'2': 0.45833333333333337, '46': 0.3125, '6': 0.45833333333333337, '27': 0.4166666666666667, '3': 0.625, '19': 0.45833333333333337, '20': 0.4730392156862745, '15': 0.34523809523809523, '43': 0.2916666666666667, '28': 0.625, '42': 0.3125, '11': 0.125, '40': 0.5608974358974359}";"{'2': 0.40064102564102566, '46': 0.3125, '6': 0.45833333333333337, '27': 0.4166666666666667, '3': 0.6337719298245614, '19': 0.45833333333333337, '20': 0.41666666666666663, '15': 0.34523809523809523, '43': 0.3333333333333333, '28': 0.5416666666666667, '42': 0.3125, '11': 0.125, '40': 0.5608974358974359}";"{'2': 0.53125, '46': 0.3125, '6': 0.45833333333333337, '27': 0.4166666666666667, '3': 0.625, '19': 0.45833333333333337, '20': 0.4730392156862745, '15': 0.34523809523809523, '43': 0.2916666666666667, '28': 0.625, '42': 0.3125, '11': 0.125, '40': 0.5608974358974359}";"{'2': 0.45833333333333337, '46': 0.3611111111111111, '6': 0.45833333333333337, '27': 0.4166666666666667, '3': 0.625, '19': 0.45833333333333337, '20': 0.4730392156862745, '15': 0.34523809523809523, '43': 0.36309523809523814, '28': 0.625, '42': 0.3125, '11': 0.20833333333333331, '40': 0.5608974358974359}";0.0;0.0357142857142857;0.0;0.0;0.958151101963811;1.0;1.0;0.9636579250469968;1.0;1.0;0.973324160467816;1.0;1.0;0.9743587977088658;1.0;1.0;0.0017;0.045;0.0059;"['2', '46', '6', '27', '3', '19', '20', '15', '43', '28', '42', '11', '40']";"[('intraA', ('11', '28')), ('intraA', ('2', '20')), ('interA', ('3', '35')), ('intraD', ('11', '43'))]";"[('interA', ('2', '7')), ('interA', ('2', '32')), ('interA', ('2', '37')), ('interA', ('2', '26'))]";"[('interA', ('43', '58')), ('interA', ('11', '32')), ('interA', ('11', '26')), ('interA', ('46', '50'))]";"[['16', '24', '25', '29', '31', '51', '48', '52', '47', '53', '50', '57', '44', '49', '59'], ['2', '46', '6', '27', '3', '19', '20', '15', '43', '60', '28', '42', '11', '40'], ['7', '32', '37', '26', '13', '34', '12', '30', '35', '36', '38', '39', '33'], ['22', '18', '21', '23', '17', '1', '4', '58', '8', '5', '14'], ['56', '41', '9', '61', '45', '10', '55', '54']]";"[['16', '24', '25', '29', '31', '51', '48', '52', '47', '53', '50', '57', '44', '49', '59'], ['2', '46', '6', '27', '3', '19', '20', '15', '43', '28', '42', '11', '40'], ['7', '32', '37', '26', '13', '34', '12', '30', '35', '36', '38', '39', '33'], ['22', '18', '21', '23', '17', '1', '4', '58', '60', '8', '5', '14'], ['56', '41', '9', '61', '45', '10', '55', '54']]";"[['16', '24', '25', '29', '31', '51', '48', '52', '47', '53', '50', '57', '44', '49', '59'], ['2', '46', '6', '27', '3', '19', '20', '15', '43', '28', '42', '11', '40'], ['7', '32', '37', '26', '13', '34', '12', '30', '35', '36', '38', '39', '33'], ['22', '18', '21', '23', '17', '1', '4', '58', '60', '8', '5', '14'], ['56', '41', '9', '61', '45', '10', '55', '54']]";"[3, 2, 2, 3, 3, 2, 1, 3, 4, 4, 2, 1, 1, 3, 2, 0, 3, 3, 2, 2, 3, 3, 3, 0, 0, 1, 2, 2, 0, 1, 0, 1, 1, 1, 1, 1, 1, 1, 1, 2, 4, 2, 2, 0, 4, 2, 0, 0, 0, 0, 0, 0, 0, 4, 4, 4, 0, 3, 0, 3, 4]";"[3, 1, 1, 3, 3, 1, 2, 3, 4, 4, 1, 2, 2, 3, 1, 0, 3, 3, 1, 1, 3, 3, 3, 0, 0, 2, 1, 1, 0, 2, 0, 2, 2, 2, 2, 2, 2, 2, 2, 1, 4, 1, 1, 0, 4, 1, 0, 0, 0, 0, 0, 0, 0, 4, 4, 4, 0, 3, 0, 1, 4]";"[3, 1, 1, 3, 3, 1, 2, 3, 4, 4, 1, 2, 2, 3, 1, 0, 3, 3, 1, 1, 3, 3, 3, 0, 0, 2, 1, 1, 0, 2, 0, 2, 2, 2, 2, 2, 2, 2, 2, 1, 4, 1, 1, 0, 4, 1, 0, 0, 0, 0, 0, 0, 0, 4, 4, 4, 0, 3, 0, 3, 4]";"[3, 1, 1, 3, 3, 1, 2, 3, 4, 4, 1, 2, 2, 3, 1, 0, 3, 3, 1, 1, 3, 3, 3, 0, 0, 2, 1, 1, 0, 2, 0, 2, 2, 2, 2, 2, 2, 2, 2, 1, 4, 1, 1, 0, 4, 1, 0, 0, 0, 0, 0, 0, 0, 4, 4, 4, 0, 3, 0, 3, 4]"
11;2;"aucs";"flat_nw";4;0.4162;0.4154;0.4087;0.4058;"{'2': 0.45833333333333337, '46': 0.3125, '6': 0.45833333333333337, '27': 0.4166666666666667, '3': 0.625, '19': 0.45833333333333337, '20': 0.4730392156862745, '15': 0.34523809523809523, '43': 0.2916666666666667, '28': 0.625, '42': 0.3125, '11': 0.125, '40': 0.5608974358974359}";"{'2': 0.45833333333333337, '46': 0.2638888888888889, '6': 0.4916666666666667, '27': 0.4166666666666667, '3': 0.5657894736842105, '19': 0.3611111111111111, '20': 0.4730392156862745, '15': 0.34523809523809523, '43': 0.25, '28': 0.625, '42': 0.3125, '11': 0.125, '40': 0.5608974358974359}";"{'2': 0.53125, '46': 0.3125, '6': 0.45833333333333337, '27': 0.4166666666666667, '3': 0.625, '19': 0.45833333333333337, '20': 0.4730392156862745, '15': 0.34523809523809523, '43': 0.2916666666666667, '28': 0.625, '42': 0.3125, '11': 0.125, '40': 0.5608974358974359}";"{'2': 0.45833333333333337, '46': 0.3611111111111111, '6': 0.45833333333333337, '27': 0.4166666666666667, '3': 0.625, '19': 0.45833333333333337, '20': 0.4730392156862745, '15': 0.34523809523809523, '43': 0.36309523809523814, '28': 0.625, '42': 0.3125, '11': 0.20833333333333331, '40': 0.5608974358974359}";0.0;0.0;0.0;0.0;0.958151101963811;1.0;0.958151101963811;0.9636579250469968;1.0;0.9636579250469968;0.9427171277311563;1.0;0.9427171277311563;0.9460753496601964;1.0;0.9460753496601964;0.0032;0.0504;0.0056;"['2', '46', '6', '27', '3', '19', '20', '15', '43', '28', '42', '11', '40']";"[('interD', ('19', '29')), ('intraA', ('19', '46')), ('interA', ('17', '6')), ('intraA', ('3', '43'))]";"[('interA', ('2', '7')), ('interA', ('2', '32')), ('interA', ('2', '37')), ('interA', ('2', '26'))]";"[('interA', ('37', '43')), ('interA', ('11', '47')), ('interA', ('11', '48')), ('interA', ('46', '61'))]";"[['16', '24', '25', '29', '31', '51', '48', '52', '47', '53', '50', '57', '44', '49', '59'], ['7', '32', '37', '26', '13', '34', '12', '30', '35', '36', '38', '39', '33', '14'], ['2', '46', '6', '27', '3', '19', '20', '15', '43', '28', '42', '11', '40'], ['18', '21', '23', '17', '1', '4', '58', '60', '8', '5', '22'], ['56', '41', '9', '61', '45', '10', '55', '54']]";"[['16', '24', '25', '29', '31', '51', '48', '52', '47', '53', '50', '57', '44', '49', '59'], ['2', '46', '6', '27', '3', '19', '20', '15', '43', '28', '42', '11', '40'], ['7', '32', '37', '26', '13', '34', '12', '30', '35', '36', '38', '39', '33'], ['22', '18', '21', '23', '17', '1', '4', '58', '60', '8', '5', '14'], ['56', '41', '9', '61', '45', '10', '55', '54']]";"[['16', '24', '25', '29', '31', '51', '48', '52', '47', '53', '50', '57', '44', '49', '59'], ['7', '32', '37', '26', '13', '34', '12', '30', '35', '36', '38', '39', '33', '14'], ['2', '46', '6', '27', '3', '19', '20', '15', '43', '28', '42', '11', '40'], ['18', '21', '23', '17', '1', '4', '58', '60', '8', '5', '22'], ['56', '41', '9', '61', '45', '10', '55', '54']]";"[3, 2, 2, 3, 3, 2, 1, 3, 4, 4, 2, 1, 1, 3, 2, 0, 3, 3, 2, 2, 3, 3, 3, 0, 0, 1, 2, 2, 0, 1, 0, 1, 1, 1, 1, 1, 1, 1, 1, 2, 4, 2, 2, 0, 4, 2, 0, 0, 0, 0, 0, 0, 0, 4, 4, 4, 0, 3, 0, 3, 4]";"[3, 2, 2, 3, 3, 2, 1, 3, 4, 4, 2, 1, 1, 1, 2, 0, 3, 3, 2, 2, 3, 3, 3, 0, 0, 1, 2, 2, 0, 1, 0, 1, 1, 1, 1, 1, 1, 1, 1, 2, 4, 2, 2, 0, 4, 2, 0, 0, 0, 0, 0, 0, 0, 4, 4, 4, 0, 3, 0, 3, 4]";"[3, 1, 1, 3, 3, 1, 2, 3, 4, 4, 1, 2, 2, 3, 1, 0, 3, 3, 1, 1, 3, 3, 3, 0, 0, 2, 1, 1, 0, 2, 0, 2, 2, 2, 2, 2, 2, 2, 2, 1, 4, 1, 1, 0, 4, 1, 0, 0, 0, 0, 0, 0, 0, 4, 4, 4, 0, 3, 0, 3, 4]";"[3, 2, 2, 3, 3, 2, 1, 3, 4, 4, 2, 1, 1, 1, 2, 0, 3, 3, 2, 2, 3, 3, 3, 0, 0, 1, 2, 2, 0, 1, 0, 1, 1, 1, 1, 1, 1, 1, 1, 2, 4, 2, 2, 0, 4, 2, 0, 0, 0, 0, 0, 0, 0, 4, 4, 4, 0, 3, 0, 3, 4]"
12;2;"aucs";"flat_nw";4;0.4162;0.4175;0.4087;0.4059;"{'2': 0.45833333333333337, '46': 0.3125, '6': 0.45833333333333337, '27': 0.4166666666666667, '3': 0.625, '19': 0.45833333333333337, '20': 0.4730392156862745, '15': 0.34523809523809523, '43': 0.2916666666666667, '28': 0.625, '42': 0.3125, '11': 0.125, '40': 0.5608974358974359}";"{'2': 0.45833333333333337, '46': 0.36309523809523814, '6': 0.5208333333333333, '27': 0.4166666666666667, '3': 0.625, '19': 0.5208333333333333, '20': 0.44166666666666665, '15': 0.34523809523809523, '43': 0.2916666666666667, '28': 0.625, '42': 0.36309523809523814, '11': 0.125, '40': 0.5608974358974359}";"{'2': 0.53125, '46': 0.3125, '6': 0.45833333333333337, '27': 0.4166666666666667, '3': 0.625, '19': 0.45833333333333337, '20': 0.4730392156862745, '15': 0.34523809523809523, '43': 0.2916666666666667, '28': 0.625, '42': 0.3125, '11': 0.125, '40': 0.5608974358974359}";"{'2': 0.45833333333333337, '46': 0.3611111111111111, '6': 0.45833333333333337, '27': 0.4166666666666667, '3': 0.625, '19': 0.45833333333333337, '20': 0.4730392156862745, '15': 0.34523809523809523, '43': 0.36309523809523814, '28': 0.625, '42': 0.3125, '11': 0.20833333333333331, '40': 0.5608974358974359}";0.0;0.0;0.0;0.0;1.0;1.0;0.958151101963811;1.0;1.0;0.9636579250469968;1.0;1.0;0.9427171277311563;1.0;1.0;0.9460753496601964;0.0016;0.0469;0.0058;"['2', '46', '6', '27', '3', '19', '20', '15', '43', '28', '42', '11', '40']";"[('interD', ('20', '29')), ('interD', ('20', '52')), ('intraD', ('42', '46')), ('intraD', ('19', '6'))]";"[('interA', ('2', '7')), ('interA', ('2', '32')), ('interA', ('2', '37')), ('interA', ('2', '26'))]";"[('interA', ('34', '43')), ('interA', ('11', '5')), ('interA', ('11', '8')), ('interA', ('36', '46'))]";"[['16', '24', '25', '29', '31', '51', '48', '52', '47', '53', '50', '57', '44', '49', '59'], ['7', '32', '37', '26', '13', '34', '12', '30', '35', '36', '38', '39', '33'], ['2', '46', '6', '27', '3', '19', '20', '15', '43', '28', '42', '11', '40'], ['22', '18', '21', '23', '17', '1', '4', '58', '60', '8', '5', '14'], ['56', '41', '9', '61', '45', '10', '55', '54']]";"[['16', '24', '25', '29', '31', '51', '48', '52', '47', '53', '50', '57', '44', '49', '59'], ['7', '32', '37', '26', '13', '34', '12', '30', '35', '36', '38', '39', '33'], ['2', '46', '6', '27', '3', '19', '20', '15', '43', '28', '42', '11', '40'], ['22', '18', '21', '23', '17', '1', '4', '58', '60', '8', '5', '14'], ['56', '41', '9', '61', '45', '10', '55', '54']]";"[['16', '24', '25', '29', '31', '51', '48', '52', '47', '53', '50', '57', '44', '49', '59'], ['7', '32', '37', '26', '13', '34', '12', '30', '35', '36', '38', '39', '33', '14'], ['2', '46', '6', '27', '3', '19', '20', '15', '43', '28', '42', '11', '40'], ['18', '21', '23', '17', '1', '4', '58', '60', '8', '5', '22'], ['56', '41', '9', '61', '45', '10', '55', '54']]";"[3, 2, 2, 3, 3, 2, 1, 3, 4, 4, 2, 1, 1, 3, 2, 0, 3, 3, 2, 2, 3, 3, 3, 0, 0, 1, 2, 2, 0, 1, 0, 1, 1, 1, 1, 1, 1, 1, 1, 2, 4, 2, 2, 0, 4, 2, 0, 0, 0, 0, 0, 0, 0, 4, 4, 4, 0, 3, 0, 3, 4]";"[3, 2, 2, 3, 3, 2, 1, 3, 4, 4, 2, 1, 1, 3, 2, 0, 3, 3, 2, 2, 3, 3, 3, 0, 0, 1, 2, 2, 0, 1, 0, 1, 1, 1, 1, 1, 1, 1, 1, 2, 4, 2, 2, 0, 4, 2, 0, 0, 0, 0, 0, 0, 0, 4, 4, 4, 0, 3, 0, 3, 4]";"[3, 2, 2, 3, 3, 2, 1, 3, 4, 4, 2, 1, 1, 3, 2, 0, 3, 3, 2, 2, 3, 3, 3, 0, 0, 1, 2, 2, 0, 1, 0, 1, 1, 1, 1, 1, 1, 1, 1, 2, 4, 2, 2, 0, 4, 2, 0, 0, 0, 0, 0, 0, 0, 4, 4, 4, 0, 3, 0, 3, 4]";"[3, 2, 2, 3, 3, 2, 1, 3, 4, 4, 2, 1, 1, 1, 2, 0, 3, 3, 2, 2, 3, 3, 3, 0, 0, 1, 2, 2, 0, 1, 0, 1, 1, 1, 1, 1, 1, 1, 1, 2, 4, 2, 2, 0, 4, 2, 0, 0, 0, 0, 0, 0, 0, 4, 4, 4, 0, 3, 0, 3, 4]"
13;2;"aucs";"flat_nw";4;0.4162;0.4136;0.4087;0.4092;"{'2': 0.45833333333333337, '46': 0.3125, '6': 0.45833333333333337, '27': 0.4166666666666667, '3': 0.625, '19': 0.45833333333333337, '20': 0.4730392156862745, '15': 0.34523809523809523, '43': 0.2916666666666667, '28': 0.625, '42': 0.3125, '11': 0.125, '40': 0.5608974358974359}";"{'2': 0.5833333333333333, '46': 0.3125, '6': 0.5208333333333333, '27': 0.3611111111111111, '3': 0.6337719298245614, '19': 0.5208333333333333, '20': 0.4730392156862745, '15': 0.29166666666666663, '43': 0.2916666666666667, '28': 0.625, '42': 0.3125, '11': 0.125, '40': 0.5608974358974359}";"{'2': 0.53125, '46': 0.3125, '6': 0.45833333333333337, '27': 0.4166666666666667, '3': 0.625, '19': 0.45833333333333337, '20': 0.4730392156862745, '15': 0.34523809523809523, '43': 0.2916666666666667, '28': 0.625, '42': 0.3125, '11': 0.125, '40': 0.5608974358974359}";"{'2': 0.45833333333333337, '46': 0.3611111111111111, '6': 0.45833333333333337, '27': 0.4166666666666667, '3': 0.625, '19': 0.45833333333333337, '20': 0.4730392156862745, '15': 0.34523809523809523, '43': 0.36309523809523814, '28': 0.625, '42': 0.3125, '11': 0.20833333333333331, '40': 0.5608974358974359}";0.0;0.0;0.0;0.0357142857142857;1.0;1.0;0.958151101963811;1.0;1.0;0.9636579250469968;1.0;1.0;0.973324160467816;1.0;1.0;0.9743587977088658;0.0017;0.0461;0.006;"['2', '46', '6', '27', '3', '19', '20', '15', '43', '28', '42', '11', '40']";"[('intraD', ('19', '2')), ('interA', ('3', '54')), ('intraA', ('15', '27')), ('intraD', ('2', '6'))]";"[('interA', ('2', '7')), ('interA', ('2', '32')), ('interA', ('2', '37')), ('interA', ('2', '26'))]";"[('interA', ('38', '43')), ('interA', ('11', '24')), ('interA', ('11', '54')), ('interA', ('46', '59'))]";"[['16', '24', '25', '29', '31', '51', '48', '52', '47', '53', '50', '57', '44', '49', '59'], ['7', '32', '37', '26', '13', '34', '12', '30', '35', '36', '38', '39', '33'], ['2', '46', '6', '27', '3', '19', '20', '15', '43', '28', '42', '11', '40'], ['22', '18', '21', '23', '17', '1', '4', '58', '60', '8', '5', '14'], ['56', '41', '9', '61', '45', '10', '55', '54']]";"[['16', '24', '25', '29', '31', '51', '48', '52', '47', '53', '50', '57', '44', '49', '59'], ['7', '32', '37', '26', '13', '34', '12', '30', '35', '36', '38', '39', '33'], ['2', '46', '6', '27', '3', '19', '20', '15', '43', '28', '42', '11', '40'], ['22', '18', '21', '23', '17', '1', '4', '58', '60', '8', '5', '14'], ['56', '41', '9', '61', '45', '10', '55', '54']]";"[['16', '24', '25', '29', '31', '51', '48', '52', '47', '53', '50', '57', '44', '49', '59'], ['2', '46', '6', '27', '3', '19', '20', '15', '43', '60', '28', '42', '11', '40'], ['7', '32', '37', '26', '13', '34', '12', '30', '35', '36', '38', '39', '33'], ['22', '18', '21', '23', '17', '1', '4', '58', '8', '5', '14'], ['56', '41', '9', '61', '45', '10', '55', '54']]";"[3, 2, 2, 3, 3, 2, 1, 3, 4, 4, 2, 1, 1, 3, 2, 0, 3, 3, 2, 2, 3, 3, 3, 0, 0, 1, 2, 2, 0, 1, 0, 1, 1, 1, 1, 1, 1, 1, 1, 2, 4, 2, 2, 0, 4, 2, 0, 0, 0, 0, 0, 0, 0, 4, 4, 4, 0, 3, 0, 3, 4]";"[3, 2, 2, 3, 3, 2, 1, 3, 4, 4, 2, 1, 1, 3, 2, 0, 3, 3, 2, 2, 3, 3, 3, 0, 0, 1, 2, 2, 0, 1, 0, 1, 1, 1, 1, 1, 1, 1, 1, 2, 4, 2, 2, 0, 4, 2, 0, 0, 0, 0, 0, 0, 0, 4, 4, 4, 0, 3, 0, 3, 4]";"[3, 2, 2, 3, 3, 2, 1, 3, 4, 4, 2, 1, 1, 3, 2, 0, 3, 3, 2, 2, 3, 3, 3, 0, 0, 1, 2, 2, 0, 1, 0, 1, 1, 1, 1, 1, 1, 1, 1, 2, 4, 2, 2, 0, 4, 2, 0, 0, 0, 0, 0, 0, 0, 4, 4, 4, 0, 3, 0, 3, 4]";"[3, 1, 1, 3, 3, 1, 2, 3, 4, 4, 1, 2, 2, 3, 1, 0, 3, 3, 1, 1, 3, 3, 3, 0, 0, 2, 1, 1, 0, 2, 0, 2, 2, 2, 2, 2, 2, 2, 2, 1, 4, 1, 1, 0, 4, 1, 0, 0, 0, 0, 0, 0, 0, 4, 4, 4, 0, 3, 0, 1, 4]"
14;2;"aucs";"flat_nw";4;0.4162;0.4126;0.4087;0.4094;"{'2': 0.45833333333333337, '46': 0.3125, '6': 0.45833333333333337, '27': 0.4166666666666667, '3': 0.625, '19': 0.45833333333333337, '20': 0.4730392156862745, '15': 0.34523809523809523, '43': 0.2916666666666667, '28': 0.625, '42': 0.3125, '11': 0.125, '40': 0.5608974358974359}";"{'2': 0.4807692307692308, '46': 0.3125, '6': 0.45833333333333337, '27': 0.4166666666666667, '3': 0.6151960784313726, '19': 0.4, '20': 0.4730392156862745, '15': 0.40064102564102566, '43': 0.25, '28': 0.625, '42': 0.36309523809523814, '11': 0.125, '40': 0.5608974358974359}";"{'2': 0.53125, '46': 0.3125, '6': 0.45833333333333337, '27': 0.4166666666666667, '3': 0.625, '19': 0.45833333333333337, '20': 0.4730392156862745, '15': 0.34523809523809523, '43': 0.2916666666666667, '28': 0.625, '42': 0.3125, '11': 0.125, '40': 0.5608974358974359}";"{'2': 0.45833333333333337, '46': 0.3611111111111111, '6': 0.45833333333333337, '27': 0.4166666666666667, '3': 0.625, '19': 0.45833333333333337, '20': 0.4730392156862745, '15': 0.34523809523809523, '43': 0.36309523809523814, '28': 0.625, '42': 0.3125, '11': 0.20833333333333331, '40': 0.5608974358974359}";0.0;0.0;0.0;0.0357142857142857;0.958151101963811;1.0;0.958151101963811;0.9636579250469968;1.0;0.9636579250469968;0.9427171277311563;1.0;0.973324160467816;0.9460753496601964;1.0;0.9743587977088658;0.0017;0.0435;0.0061;"['2', '46', '6', '27', '3', '19', '20', '15', '43', '28', '42', '11', '40']";"[('intraD', ('15', '42')), ('intraA', ('19', '43')), ('interD', ('3', '58')), ('interA', ('17', '2'))]";"[('interA', ('2', '7')), ('interA', ('2', '32')), ('interA', ('2', '37')), ('interA', ('2', '26'))]";"[('interA', ('43', '9')), ('interA', ('11', '21')), ('interA', ('11', '37')), ('interA', ('46', '57'))]";"[['16', '24', '25', '29', '31', '51', '48', '52', '47', '53', '50', '57', '44', '49', '59'], ['7', '32', '37', '26', '13', '34', '12', '30', '35', '36', '38', '39', '33', '14'], ['2', '46', '6', '27', '3', '19', '20', '15', '43', '28', '42', '11', '40'], ['18', '21', '23', '17', '1', '4', '58', '60', '8', '5', '22'], ['56', '41', '9', '61', '45', '10', '55', '54']]";"[['16', '24', '25', '29', '31', '51', '48', '52', '47', '53', '50', '57', '44', '49', '59'], ['7', '32', '37', '26', '13', '34', '12', '30', '35', '36', '38', '39', '33'], ['2', '46', '6', '27', '3', '19', '20', '15', '43', '28', '42', '11', '40'], ['22', '18', '21', '23', '17', '1', '4', '58', '60', '8', '5', '14'], ['56', '41', '9', '61', '45', '10', '55', '54']]";"[['16', '24', '25', '29', '31', '51', '48', '52', '47', '53', '50', '57', '44', '49', '59'], ['2', '46', '6', '27', '3', '19', '20', '15', '43', '60', '28', '42', '11', '40'], ['7', '32', '37', '26', '13', '34', '12', '30', '35', '36', '38', '39', '33'], ['22', '18', '21', '23', '17', '1', '4', '58', '8', '5', '14'], ['56', '41', '9', '61', '45', '10', '55', '54']]";"[3, 2, 2, 3, 3, 2, 1, 3, 4, 4, 2, 1, 1, 3, 2, 0, 3, 3, 2, 2, 3, 3, 3, 0, 0, 1, 2, 2, 0, 1, 0, 1, 1, 1, 1, 1, 1, 1, 1, 2, 4, 2, 2, 0, 4, 2, 0, 0, 0, 0, 0, 0, 0, 4, 4, 4, 0, 3, 0, 3, 4]";"[3, 2, 2, 3, 3, 2, 1, 3, 4, 4, 2, 1, 1, 1, 2, 0, 3, 3, 2, 2, 3, 3, 3, 0, 0, 1, 2, 2, 0, 1, 0, 1, 1, 1, 1, 1, 1, 1, 1, 2, 4, 2, 2, 0, 4, 2, 0, 0, 0, 0, 0, 0, 0, 4, 4, 4, 0, 3, 0, 3, 4]";"[3, 2, 2, 3, 3, 2, 1, 3, 4, 4, 2, 1, 1, 3, 2, 0, 3, 3, 2, 2, 3, 3, 3, 0, 0, 1, 2, 2, 0, 1, 0, 1, 1, 1, 1, 1, 1, 1, 1, 2, 4, 2, 2, 0, 4, 2, 0, 0, 0, 0, 0, 0, 0, 4, 4, 4, 0, 3, 0, 3, 4]";"[3, 1, 1, 3, 3, 1, 2, 3, 4, 4, 1, 2, 2, 3, 1, 0, 3, 3, 1, 1, 3, 3, 3, 0, 0, 2, 1, 1, 0, 2, 0, 2, 2, 2, 2, 2, 2, 2, 2, 1, 4, 1, 1, 0, 4, 1, 0, 0, 0, 0, 0, 0, 0, 4, 4, 4, 0, 3, 0, 1, 4]"
15;2;"aucs";"flat_nw";4;0.4162;0.4122;0.4087;0.4054;"{'2': 0.45833333333333337, '46': 0.3125, '6': 0.45833333333333337, '27': 0.4166666666666667, '3': 0.625, '19': 0.45833333333333337, '20': 0.4730392156862745, '15': 0.34523809523809523, '43': 0.2916666666666667, '28': 0.625, '42': 0.3125, '11': 0.125, '40': 0.5608974358974359}";"{'2': 0.45833333333333337, '46': 0.2638888888888889, '6': 0.45833333333333337, '27': 0.4166666666666667, '3': 0.625, '19': 0.45833333333333337, '20': 0.4730392156862745, '15': 0.34523809523809523, '43': 0.4166666666666667, '28': 0.475, '42': 0.2638888888888889, '11': 0.125, '40': 0.5608974358974359}";"{'2': 0.53125, '46': 0.3125, '6': 0.45833333333333337, '27': 0.4166666666666667, '3': 0.625, '19': 0.45833333333333337, '20': 0.4730392156862745, '15': 0.34523809523809523, '43': 0.2916666666666667, '28': 0.625, '42': 0.3125, '11': 0.125, '40': 0.5608974358974359}";"{'2': 0.45833333333333337, '46': 0.3611111111111111, '6': 0.45833333333333337, '27': 0.4166666666666667, '3': 0.625, '19': 0.45833333333333337, '20': 0.4730392156862745, '15': 0.34523809523809523, '43': 0.36309523809523814, '28': 0.625, '42': 0.3125, '11': 0.20833333333333331, '40': 0.5608974358974359}";0.0;0.0;0.0;0.0;0.958151101963811;1.0;0.958151101963811;0.9636579250469968;1.0;0.9636579250469968;0.9427171277311563;1.0;0.9427171277311563;0.9460753496601964;1.0;0.9460753496601964;0.0017;0.0454;0.0054;"['2', '46', '6', '27', '3', '19', '20', '15', '43', '28', '42', '11', '40']";"[('intraA', ('28', '42')), ('interA', ('43', '5')), ('intraA', ('28', '46')), ('interA', ('43', '45'))]";"[('interA', ('2', '7')), ('interA', ('2', '32')), ('interA', ('2', '37')), ('interA', ('2', '26'))]";"[('interA', ('16', '43')), ('interA', ('11', '31')), ('interA', ('11', '38')), ('interA', ('29', '46'))]";"[['16', '24', '25', '29', '31', '51', '48', '52', '47', '53', '50', '57', '44', '49', '59'], ['7', '32', '37', '26', '13', '34', '12', '30', '35', '36', '38', '39', '33', '14'], ['2', '46', '6', '27', '3', '19', '20', '15', '43', '28', '42', '11', '40'], ['18', '21', '23', '17', '1', '4', '58', '60', '8', '5', '22'], ['56', '41', '9', '61', '45', '10', '55', '54']]";"[['16', '24', '25', '29', '31', '51', '48', '52', '47', '53', '50', '57', '44', '49', '59'], ['2', '46', '6', '27', '3', '19', '20', '15', '43', '28', '42', '11', '40'], ['7', '32', '37', '26', '13', '34', '12', '30', '35', '36', '38', '39', '33'], ['22', '18', '21', '23', '17', '1', '4', '58', '60', '8', '5', '14'], ['56', '41', '9', '61', '45', '10', '55', '54']]";"[['16', '24', '25', '29', '31', '51', '48', '52', '47', '53', '50', '57', '44', '49', '59'], ['7', '32', '37', '26', '13', '34', '12', '30', '35', '36', '38', '39', '33', '14'], ['2', '46', '6', '27', '3', '19', '20', '15', '43', '28', '42', '11', '40'], ['18', '21', '23', '17', '1', '4', '58', '60', '8', '5', '22'], ['56', '41', '9', '61', '45', '10', '55', '54']]";"[3, 2, 2, 3, 3, 2, 1, 3, 4, 4, 2, 1, 1, 3, 2, 0, 3, 3, 2, 2, 3, 3, 3, 0, 0, 1, 2, 2, 0, 1, 0, 1, 1, 1, 1, 1, 1, 1, 1, 2, 4, 2, 2, 0, 4, 2, 0, 0, 0, 0, 0, 0, 0, 4, 4, 4, 0, 3, 0, 3, 4]";"[3, 2, 2, 3, 3, 2, 1, 3, 4, 4, 2, 1, 1, 1, 2, 0, 3, 3, 2, 2, 3, 3, 3, 0, 0, 1, 2, 2, 0, 1, 0, 1, 1, 1, 1, 1, 1, 1, 1, 2, 4, 2, 2, 0, 4, 2, 0, 0, 0, 0, 0, 0, 0, 4, 4, 4, 0, 3, 0, 3, 4]";"[3, 1, 1, 3, 3, 1, 2, 3, 4, 4, 1, 2, 2, 3, 1, 0, 3, 3, 1, 1, 3, 3, 3, 0, 0, 2, 1, 1, 0, 2, 0, 2, 2, 2, 2, 2, 2, 2, 2, 1, 4, 1, 1, 0, 4, 1, 0, 0, 0, 0, 0, 0, 0, 4, 4, 4, 0, 3, 0, 3, 4]";"[3, 2, 2, 3, 3, 2, 1, 3, 4, 4, 2, 1, 1, 1, 2, 0, 3, 3, 2, 2, 3, 3, 3, 0, 0, 1, 2, 2, 0, 1, 0, 1, 1, 1, 1, 1, 1, 1, 1, 2, 4, 2, 2, 0, 4, 2, 0, 0, 0, 0, 0, 0, 0, 4, 4, 4, 0, 3, 0, 3, 4]"
16;2;"aucs";"flat_nw";4;0.4162;0.4138;0.4087;0.406;"{'2': 0.45833333333333337, '46': 0.3125, '6': 0.45833333333333337, '27': 0.4166666666666667, '3': 0.625, '19': 0.45833333333333337, '20': 0.4730392156862745, '15': 0.34523809523809523, '43': 0.2916666666666667, '28': 0.625, '42': 0.3125, '11': 0.125, '40': 0.5608974358974359}";"{'2': 0.45833333333333337, '46': 0.2638888888888889, '6': 0.45833333333333337, '27': 0.4166666666666667, '3': 0.6862745098039216, '19': 0.4, '20': 0.5916666666666667, '15': 0.40064102564102566, '43': 0.2916666666666667, '28': 0.75, '42': 0.3125, '11': 0.125, '40': 0.625}";"{'2': 0.53125, '46': 0.3125, '6': 0.45833333333333337, '27': 0.4166666666666667, '3': 0.625, '19': 0.45833333333333337, '20': 0.4730392156862745, '15': 0.34523809523809523, '43': 0.2916666666666667, '28': 0.625, '42': 0.3125, '11': 0.125, '40': 0.5608974358974359}";"{'2': 0.45833333333333337, '46': 0.3611111111111111, '6': 0.45833333333333337, '27': 0.4166666666666667, '3': 0.625, '19': 0.45833333333333337, '20': 0.4730392156862745, '15': 0.34523809523809523, '43': 0.36309523809523814, '28': 0.625, '42': 0.3125, '11': 0.20833333333333331, '40': 0.5608974358974359}";0.0;0.0;0.0;0.0;1.0;1.0;0.958151101963811;1.0;1.0;0.9636579250469968;1.0;1.0;0.9427171277311563;1.0;1.0;0.9460753496601964;0.0016;0.0467;0.0079;"['2', '46', '6', '27', '3', '19', '20', '15', '43', '28', '42', '11', '40']";"[('intraD', ('20', '28')), ('intraD', ('20', '3')), ('intraD', ('15', '40')), ('intraA', ('19', '46'))]";"[('interA', ('2', '7')), ('interA', ('2', '32')), ('interA', ('2', '37')), ('interA', ('2', '26'))]";"[('interA', ('25', '43')), ('interA', ('11', '29')), ('interA', ('11', '31')), ('interA', ('10', '46'))]";"[['16', '24', '25', '29', '31', '51', '48', '52', '47', '53', '50', '57', '44', '49', '59'], ['2', '46', '6', '27', '3', '19', '20', '15', '43', '28', '42', '11', '40'], ['7', '32', '37', '26', '13', '34', '12', '30', '35', '36', '38', '39', '33'], ['22', '18', '21', '23', '17', '1', '4', '58', '60', '8', '5', '14'], ['56', '41', '9', '61', '45', '10', '55', '54']]";"[['16', '24', '25', '29', '31', '51', '48', '52', '47', '53', '50', '57', '44', '49', '59'], ['2', '46', '6', '27', '3', '19', '20', '15', '43', '28', '42', '11', '40'], ['7', '32', '37', '26', '13', '34', '12', '30', '35', '36', '38', '39', '33'], ['22', '18', '21', '23', '17', '1', '4', '58', '60', '8', '5', '14'], ['56', '41', '9', '61', '45', '10', '55', '54']]";"[['16', '24', '25', '29', '31', '51', '48', '52', '47', '53', '50', '57', '44', '49', '59'], ['7', '32', '37', '26', '13', '34', '12', '30', '35', '36', '38', '39', '33', '14'], ['2', '46', '6', '27', '3', '19', '20', '15', '43', '28', '42', '11', '40'], ['18', '21', '23', '17', '1', '4', '58', '60', '8', '5', '22'], ['56', '41', '9', '61', '45', '10', '55', '54']]";"[3, 2, 2, 3, 3, 2, 1, 3, 4, 4, 2, 1, 1, 3, 2, 0, 3, 3, 2, 2, 3, 3, 3, 0, 0, 1, 2, 2, 0, 1, 0, 1, 1, 1, 1, 1, 1, 1, 1, 2, 4, 2, 2, 0, 4, 2, 0, 0, 0, 0, 0, 0, 0, 4, 4, 4, 0, 3, 0, 3, 4]";"[3, 1, 1, 3, 3, 1, 2, 3, 4, 4, 1, 2, 2, 3, 1, 0, 3, 3, 1, 1, 3, 3, 3, 0, 0, 2, 1, 1, 0, 2, 0, 2, 2, 2, 2, 2, 2, 2, 2, 1, 4, 1, 1, 0, 4, 1, 0, 0, 0, 0, 0, 0, 0, 4, 4, 4, 0, 3, 0, 3, 4]";"[3, 1, 1, 3, 3, 1, 2, 3, 4, 4, 1, 2, 2, 3, 1, 0, 3, 3, 1, 1, 3, 3, 3, 0, 0, 2, 1, 1, 0, 2, 0, 2, 2, 2, 2, 2, 2, 2, 2, 1, 4, 1, 1, 0, 4, 1, 0, 0, 0, 0, 0, 0, 0, 4, 4, 4, 0, 3, 0, 3, 4]";"[3, 2, 2, 3, 3, 2, 1, 3, 4, 4, 2, 1, 1, 1, 2, 0, 3, 3, 2, 2, 3, 3, 3, 0, 0, 1, 2, 2, 0, 1, 0, 1, 1, 1, 1, 1, 1, 1, 1, 2, 4, 2, 2, 0, 4, 2, 0, 0, 0, 0, 0, 0, 0, 4, 4, 4, 0, 3, 0, 3, 4]"
17;2;"aucs";"flat_nw";4;0.4162;0.4162;0.4087;0.4094;"{'2': 0.45833333333333337, '46': 0.3125, '6': 0.45833333333333337, '27': 0.4166666666666667, '3': 0.625, '19': 0.45833333333333337, '20': 0.4730392156862745, '15': 0.34523809523809523, '43': 0.2916666666666667, '28': 0.625, '42': 0.3125, '11': 0.125, '40': 0.5608974358974359}";"{'2': 0.45833333333333337, '46': 0.3125, '6': 0.5208333333333333, '27': 0.4166666666666667, '3': 0.5657894736842105, '19': 0.5208333333333333, '20': 0.4730392156862745, '15': 0.34523809523809523, '43': 0.2916666666666667, '28': 0.475, '42': 0.3125, '11': 0.16666666666666666, '40': 0.5608974358974359}";"{'2': 0.53125, '46': 0.3125, '6': 0.45833333333333337, '27': 0.4166666666666667, '3': 0.625, '19': 0.45833333333333337, '20': 0.4730392156862745, '15': 0.34523809523809523, '43': 0.2916666666666667, '28': 0.625, '42': 0.3125, '11': 0.125, '40': 0.5608974358974359}";"{'2': 0.45833333333333337, '46': 0.3611111111111111, '6': 0.45833333333333337, '27': 0.4166666666666667, '3': 0.625, '19': 0.45833333333333337, '20': 0.4730392156862745, '15': 0.34523809523809523, '43': 0.36309523809523814, '28': 0.625, '42': 0.3125, '11': 0.20833333333333331, '40': 0.5608974358974359}";0.0;0.0;0.0;0.0357142857142857;1.0;1.0;0.958151101963811;1.0;1.0;0.9636579250469968;1.0;1.0;0.973324160467816;1.0;1.0;0.9743587977088658;0.0016;0.047;0.0059;"['2', '46', '6', '27', '3', '19', '20', '15', '43', '28', '42', '11', '40']";"[('intraA', ('28', '3')), ('intraD', ('11', '42')), ('intraD', ('19', '6')), ('intraA', ('28', '42'))]";"[('interA', ('2', '7')), ('interA', ('2', '32')), ('interA', ('2', '37')), ('interA', ('2', '26'))]";"[('interA', ('18', '43')), ('interA', ('11', '54')), ('interA', ('11', '35')), ('interA', ('46', '52'))]";"[['16', '24', '25', '29', '31', '51', '48', '52', '47', '53', '50', '57', '44', '49', '59'], ['7', '32', '37', '26', '13', '34', '12', '30', '35', '36', '38', '39', '33'], ['2', '46', '6', '27', '3', '19', '20', '15', '43', '28', '42', '11', '40'], ['22', '18', '21', '23', '17', '1', '4', '58', '60', '8', '5', '14'], ['56', '41', '9', '61', '45', '10', '55', '54']]";"[['16', '24', '25', '29', '31', '51', '48', '52', '47', '53', '50', '57', '44', '49', '59'], ['2', '46', '6', '27', '3', '19', '20', '15', '43', '28', '42', '11', '40'], ['7', '32', '37', '26', '13', '34', '12', '30', '35', '36', '38', '39', '33'], ['22', '18', '21', '23', '17', '1', '4', '58', '60', '8', '5', '14'], ['56', '41', '9', '61', '45', '10', '55', '54']]";"[['16', '24', '25', '29', '31', '51', '48', '52', '47', '53', '50', '57', '44', '49', '59'], ['2', '46', '6', '27', '3', '19', '20', '15', '43', '60', '28', '42', '11', '40'], ['7', '32', '37', '26', '13', '34', '12', '30', '35', '36', '38', '39', '33'], ['22', '18', '21', '23', '17', '1', '4', '58', '8', '5', '14'], ['56', '41', '9', '61', '45', '10', '55', '54']]";"[3, 2, 2, 3, 3, 2, 1, 3, 4, 4, 2, 1, 1, 3, 2, 0, 3, 3, 2, 2, 3, 3, 3, 0, 0, 1, 2, 2, 0, 1, 0, 1, 1, 1, 1, 1, 1, 1, 1, 2, 4, 2, 2, 0, 4, 2, 0, 0, 0, 0, 0, 0, 0, 4, 4, 4, 0, 3, 0, 3, 4]";"[3, 2, 2, 3, 3, 2, 1, 3, 4, 4, 2, 1, 1, 3, 2, 0, 3, 3, 2, 2, 3, 3, 3, 0, 0, 1, 2, 2, 0, 1, 0, 1, 1, 1, 1, 1, 1, 1, 1, 2, 4, 2, 2, 0, 4, 2, 0, 0, 0, 0, 0, 0, 0, 4, 4, 4, 0, 3, 0, 3, 4]";"[3, 1, 1, 3, 3, 1, 2, 3, 4, 4, 1, 2, 2, 3, 1, 0, 3, 3, 1, 1, 3, 3, 3, 0, 0, 2, 1, 1, 0, 2, 0, 2, 2, 2, 2, 2, 2, 2, 2, 1, 4, 1, 1, 0, 4, 1, 0, 0, 0, 0, 0, 0, 0, 4, 4, 4, 0, 3, 0, 3, 4]";"[3, 1, 1, 3, 3, 1, 2, 3, 4, 4, 1, 2, 2, 3, 1, 0, 3, 3, 1, 1, 3, 3, 3, 0, 0, 2, 1, 1, 0, 2, 0, 2, 2, 2, 2, 2, 2, 2, 2, 1, 4, 1, 1, 0, 4, 1, 0, 0, 0, 0, 0, 0, 0, 4, 4, 4, 0, 3, 0, 1, 4]"
18;2;"aucs";"flat_nw";4;0.4162;0.4165;0.4087;0.4123;"{'2': 0.45833333333333337, '46': 0.3125, '6': 0.45833333333333337, '27': 0.4166666666666667, '3': 0.625, '19': 0.45833333333333337, '20': 0.4730392156862745, '15': 0.34523809523809523, '43': 0.2916666666666667, '28': 0.625, '42': 0.3125, '11': 0.125, '40': 0.5608974358974359}";"{'2': 0.45833333333333337, '46': 0.3125, '6': 0.4, '27': 0.4166666666666667, '3': 0.6151960784313726, '19': 0.5208333333333333, '20': 0.4730392156862745, '15': 0.34523809523809523, '43': 0.2916666666666667, '28': 0.625, '42': 0.36309523809523814, '11': 0.20833333333333334, '40': 0.5}";"{'2': 0.53125, '46': 0.3125, '6': 0.45833333333333337, '27': 0.4166666666666667, '3': 0.625, '19': 0.45833333333333337, '20': 0.4730392156862745, '15': 0.34523809523809523, '43': 0.2916666666666667, '28': 0.625, '42': 0.3125, '11': 0.125, '40': 0.5608974358974359}";"{'2': 0.45833333333333337, '46': 0.3611111111111111, '6': 0.45833333333333337, '27': 0.4166666666666667, '3': 0.625, '19': 0.45833333333333337, '20': 0.4730392156862745, '15': 0.34523809523809523, '43': 0.36309523809523814, '28': 0.625, '42': 0.3125, '11': 0.20833333333333331, '40': 0.5608974358974359}";0.0;0.0357142857142857;0.0;0.2868589743589743;0.958151101963811;1.0;0.9196180472666508;0.9636579250469968;1.0;0.9281697666967568;0.973324160467816;1.0;0.973324160467816;0.9743587977088658;1.0;0.9743587977088658;0.0021;0.0709;0.0056;"['2', '46', '6', '27', '3', '19', '20', '15', '43', '28', '42', '11', '40']";"[('intraD', ('11', '19')), ('intraA', ('40', '6')), ('interD', ('3', '58')), ('intraD', ('11', '42'))]";"[('interA', ('2', '7')), ('interA', ('2', '32')), ('interA', ('2', '37')), ('interA', ('2', '26'))]";"[('interA', ('43', '57')), ('interA', ('11', '39')), ('interA', ('1', '11')), ('interA', ('46', '58'))]";"[['16', '24', '25', '29', '31', '51', '48', '52', '47', '53', '50', '57', '44', '49', '59'], ['2', '46', '6', '27', '3', '19', '20', '15', '43', '60', '28', '42', '11', '40'], ['7', '32', '37', '26', '13', '34', '12', '30', '35', '36', '38', '39', '33'], ['22', '18', '21', '23', '17', '1', '4', '58', '8', '5', '14'], ['56', '41', '9', '61', '45', '10', '55', '54']]";"[['16', '24', '25', '29', '31', '51', '48', '52', '47', '53', '50', '57', '44', '49', '59'], ['2', '46', '6', '27', '3', '19', '20', '15', '43', '28', '42', '11', '40'], ['7', '32', '37', '26', '13', '34', '12', '30', '35', '36', '38', '39', '33'], ['22', '18', '21', '23', '17', '1', '4', '58', '60', '8', '5', '14'], ['56', '41', '9', '61', '45', '10', '55', '54']]";"[['16', '24', '25', '29', '31', '51', '48', '52', '47', '53', '50', '57', '44', '49', '59'], ['7', '32', '37', '26', '13', '34', '12', '30', '35', '36', '38', '39', '33'], ['2', '46', '6', '27', '19', '20', '15', '1', '43', '28', '42', '11', '40'], ['22', '18', '21', '23', '17', '3', '4', '58', '60', '8', '5', '14'], ['56', '41', '9', '61', '45', '10', '55', '54']]";"[3, 2, 2, 3, 3, 2, 1, 3, 4, 4, 2, 1, 1, 3, 2, 0, 3, 3, 2, 2, 3, 3, 3, 0, 0, 1, 2, 2, 0, 1, 0, 1, 1, 1, 1, 1, 1, 1, 1, 2, 4, 2, 2, 0, 4, 2, 0, 0, 0, 0, 0, 0, 0, 4, 4, 4, 0, 3, 0, 3, 4]";"[3, 1, 1, 3, 3, 1, 2, 3, 4, 4, 1, 2, 2, 3, 1, 0, 3, 3, 1, 1, 3, 3, 3, 0, 0, 2, 1, 1, 0, 2, 0, 2, 2, 2, 2, 2, 2, 2, 2, 1, 4, 1, 1, 0, 4, 1, 0, 0, 0, 0, 0, 0, 0, 4, 4, 4, 0, 3, 0, 1, 4]";"[3, 1, 1, 3, 3, 1, 2, 3, 4, 4, 1, 2, 2, 3, 1, 0, 3, 3, 1, 1, 3, 3, 3, 0, 0, 2, 1, 1, 0, 2, 0, 2, 2, 2, 2, 2, 2, 2, 2, 1, 4, 1, 1, 0, 4, 1, 0, 0, 0, 0, 0, 0, 0, 4, 4, 4, 0, 3, 0, 3, 4]";"[2, 2, 3, 3, 3, 2, 1, 3, 4, 4, 2, 1, 1, 3, 2, 0, 3, 3, 2, 2, 3, 3, 3, 0, 0, 1, 2, 2, 0, 1, 0, 1, 1, 1, 1, 1, 1, 1, 1, 2, 4, 2, 2, 0, 4, 2, 0, 0, 0, 0, 0, 0, 0, 4, 4, 4, 0, 3, 0, 3, 4]"
19;2;"aucs";"flat_nw";4;0.4162;0.413;0.4087;0.4093;"{'2': 0.45833333333333337, '46': 0.3125, '6': 0.45833333333333337, '27': 0.4166666666666667, '3': 0.625, '19': 0.45833333333333337, '20': 0.4730392156862745, '15': 0.34523809523809523, '43': 0.2916666666666667, '28': 0.625, '42': 0.3125, '11': 0.125, '40': 0.5608974358974359}";"{'2': 0.4318181818181818, '46': 0.3125, '6': 0.4916666666666667, '27': 0.4166666666666667, '3': 0.6337719298245614, '19': 0.45833333333333337, '20': 0.4730392156862745, '15': 0.34523809523809523, '43': 0.2916666666666667, '28': 0.625, '42': 0.3125, '11': 0.125, '40': 0.5416666666666667}";"{'2': 0.53125, '46': 0.3125, '6': 0.45833333333333337, '27': 0.4166666666666667, '3': 0.625, '19': 0.45833333333333337, '20': 0.4730392156862745, '15': 0.34523809523809523, '43': 0.2916666666666667, '28': 0.625, '42': 0.3125, '11': 0.125, '40': 0.5608974358974359}";"{'2': 0.45833333333333337, '46': 0.3611111111111111, '6': 0.45833333333333337, '27': 0.4166666666666667, '3': 0.625, '19': 0.45833333333333337, '20': 0.4730392156862745, '15': 0.34523809523809523, '43': 0.36309523809523814, '28': 0.625, '42': 0.3125, '11': 0.20833333333333331, '40': 0.5608974358974359}";0.0;0.0;0.0;0.0357142857142857;0.958151101963811;1.0;0.9183074512038752;0.9636579250469968;1.0;0.9276916877183736;0.9427171277311563;1.0;0.9178515278604812;0.9460753496601964;1.0;0.9224141045949532;0.003;0.0558;0.0086;"['2', '46', '6', '27', '3', '19', '20', '15', '43', '28', '42', '11', '40']";"[('interD', ('40', '41')), ('interA', ('10', '6')), ('interD', ('2', '25')), ('interA', ('21', '3'))]";"[('interA', ('2', '7')), ('interA', ('2', '32')), ('interA', ('2', '37')), ('interA', ('2', '26'))]";"[('interA', ('43', '54')), ('interA', ('11', '60')), ('interA', ('11', '56')), ('interA', ('22', '46'))]";"[['16', '24', '25', '29', '31', '51', '48', '52', '47', '53', '50', '57', '44', '49', '59'], ['7', '32', '37', '26', '13', '34', '12', '30', '35', '36', '38', '39', '33', '14'], ['2', '46', '6', '27', '3', '19', '20', '15', '43', '28', '42', '11', '40'], ['18', '21', '23', '17', '1', '4', '58', '60', '8', '5', '22'], ['56', '41', '9', '61', '45', '10', '55', '54']]";"[['16', '24', '25', '29', '31', '51', '48', '52', '47', '53', '50', '57', '44', '49', '59'], ['2', '46', '6', '27', '3', '19', '20', '15', '43', '28', '42', '11', '40'], ['7', '32', '37', '26', '13', '34', '12', '30', '35', '36', '38', '39', '33'], ['22', '18', '21', '23', '17', '1', '4', '58', '60', '8', '5', '14'], ['56', '41', '9', '61', '45', '10', '55', '54']]";"[['16', '24', '25', '29', '31', '51', '48', '52', '47', '53', '50', '57', '44', '49', '59'], ['7', '32', '37', '26', '13', '34', '12', '30', '35', '36', '38', '39', '33', '14'], ['2', '46', '6', '27', '3', '19', '20', '15', '43', '60', '28', '42', '11', '40'], ['18', '21', '23', '17', '1', '4', '58', '8', '5', '22'], ['56', '41', '9', '61', '45', '10', '55', '54']]";"[3, 2, 2, 3, 3, 2, 1, 3, 4, 4, 2, 1, 1, 3, 2, 0, 3, 3, 2, 2, 3, 3, 3, 0, 0, 1, 2, 2, 0, 1, 0, 1, 1, 1, 1, 1, 1, 1, 1, 2, 4, 2, 2, 0, 4, 2, 0, 0, 0, 0, 0, 0, 0, 4, 4, 4, 0, 3, 0, 3, 4]";"[3, 2, 2, 3, 3, 2, 1, 3, 4, 4, 2, 1, 1, 1, 2, 0, 3, 3, 2, 2, 3, 3, 3, 0, 0, 1, 2, 2, 0, 1, 0, 1, 1, 1, 1, 1, 1, 1, 1, 2, 4, 2, 2, 0, 4, 2, 0, 0, 0, 0, 0, 0, 0, 4, 4, 4, 0, 3, 0, 3, 4]";"[3, 1, 1, 3, 3, 1, 2, 3, 4, 4, 1, 2, 2, 3, 1, 0, 3, 3, 1, 1, 3, 3, 3, 0, 0, 2, 1, 1, 0, 2, 0, 2, 2, 2, 2, 2, 2, 2, 2, 1, 4, 1, 1, 0, 4, 1, 0, 0, 0, 0, 0, 0, 0, 4, 4, 4, 0, 3, 0, 3, 4]";"[3, 2, 2, 3, 3, 2, 1, 3, 4, 4, 2, 1, 1, 1, 2, 0, 3, 3, 2, 2, 3, 3, 3, 0, 0, 1, 2, 2, 0, 1, 0, 1, 1, 1, 1, 1, 1, 1, 1, 2, 4, 2, 2, 0, 4, 2, 0, 0, 0, 0, 0, 0, 0, 4, 4, 4, 0, 3, 0, 2, 4]"
0;3;"aucs";"flat_nw";4;0.4162;0.4193;0.4056;0.4074;"{'18': 0.3716577540106952, '21': 0.3181818181818182, '23': 0.2727272727272727, '14': 0.5438871473354232, '17': 0.22727272727272727, '1': 0.75, '4': 0.5681818181818181, '58': 0.7878787878787878, '8': 0.3484848484848485, '60': 0.75, '5': 0.4772727272727273, '22': 0.37727272727272726}";"{'18': 0.35511363636363635, '21': 0.36363636363636365, '23': 0.2727272727272727, '14': 0.5438871473354232, '17': 0.22727272727272727, '1': 0.75, '4': 0.4356060606060606, '58': 0.7878787878787878, '8': 0.3484848484848485, '60': 0.75, '5': 0.4772727272727273, '22': 0.3181818181818182}";"{'18': 0.42207792207792205, '21': 0.3181818181818182, '23': 0.2727272727272727, '14': 0.5438871473354232, '17': 0.22727272727272727, '1': 0.75, '4': 0.5681818181818181, '58': 0.7878787878787878, '8': 0.3484848484848485, '60': 0.75, '5': 0.4772727272727273, '22': 0.37727272727272726}";"{'18': 0.3716577540106952, '21': 0.4015151515151515, '23': 0.3441558441558441, '14': 0.5438871473354232, '17': 0.33838383838383834, '1': 0.75, '4': 0.5681818181818181, '58': 0.7878787878787878, '8': 0.3484848484848485, '60': 0.75, '5': 0.4772727272727273, '22': 0.37727272727272726}";0.0;0.0;0.4426406926406926;0.2738095238095238;1.0;0.874453305891433;0.958151101963811;1.0;0.897154322433119;0.9636579250469968;1.0;1.0;1.0;1.0;1.0;1.0;0.0018;0.045;0.005;"['18', '21', '23', '14', '17', '1', '4', '58', '8', '60', '5', '22']";"[('interD', ('18', '47')), ('intraD', ('17', '21')), ('intraA', ('22', '4')), ('intraA', ('17', '4'))]";"[('interA', ('18', '7')), ('interA', ('18', '26')), ('interA', ('13', '18')), ('interA', ('18', '34'))]";"[('interA', ('10', '21')), ('interA', ('23', '45')), ('interA', ('17', '27')), ('interA', ('17', '43'))]";"[['16', '24', '25', '29', '31', '51', '48', '52', '47', '53', '50', '57', '44', '49', '59'], ['7', '32', '37', '26', '13', '34', '12', '30', '35', '36', '38', '39', '33'], ['2', '46', '6', '27', '3', '19', '20', '15', '43', '28', '42', '11', '40'], ['22', '18', '21', '23', '17', '1', '4', '58', '60', '8', '5', '14'], ['56', '41', '9', '61', '45', '10', '55', '54']]";"[['16', '24', '25', '29', '31', '51', '48', '52', '47', '53', '50', '57', '44', '49', '59'], ['7', '32', '37', '26', '13', '34', '12', '30', '35', '36', '38', '39', '33', '14'], ['2', '46', '6', '27', '3', '19', '20', '15', '43', '28', '42', '11', '40'], ['56', '41', '9', '61', '1', '4', '58', '45', '10', '55', '54'], ['18', '21', '23', '17', '60', '8', '5', '22']]";"[['16', '24', '25', '29', '31', '51', '48', '52', '47', '53', '50', '57', '44', '49', '59'], ['7', '32', '37', '26', '13', '34', '12', '30', '35', '36', '38', '39', '33', '14'], ['2', '46', '6', '27', '3', '19', '20', '15', '43', '28', '42', '11', '40'], ['18', '21', '23', '17', '1', '4', '58', '60', '8', '5', '22'], ['56', '41', '9', '61', '45', '10', '55', '54']]";"[3, 2, 2, 3, 3, 2, 1, 3, 4, 4, 2, 1, 1, 3, 2, 0, 3, 3, 2, 2, 3, 3, 3, 0, 0, 1, 2, 2, 0, 1, 0, 1, 1, 1, 1, 1, 1, 1, 1, 2, 4, 2, 2, 0, 4, 2, 0, 0, 0, 0, 0, 0, 0, 4, 4, 4, 0, 3, 0, 3, 4]";"[3, 2, 2, 3, 3, 2, 1, 3, 4, 4, 2, 1, 1, 3, 2, 0, 3, 3, 2, 2, 3, 3, 3, 0, 0, 1, 2, 2, 0, 1, 0, 1, 1, 1, 1, 1, 1, 1, 1, 2, 4, 2, 2, 0, 4, 2, 0, 0, 0, 0, 0, 0, 0, 4, 4, 4, 0, 3, 0, 3, 4]";"[3, 2, 2, 3, 4, 2, 1, 4, 3, 3, 2, 1, 1, 1, 2, 0, 4, 4, 2, 2, 4, 4, 4, 0, 0, 1, 2, 2, 0, 1, 0, 1, 1, 1, 1, 1, 1, 1, 1, 2, 3, 2, 2, 0, 3, 2, 0, 0, 0, 0, 0, 0, 0, 3, 3, 3, 0, 3, 0, 4, 3]";"[3, 2, 2, 3, 3, 2, 1, 3, 4, 4, 2, 1, 1, 1, 2, 0, 3, 3, 2, 2, 3, 3, 3, 0, 0, 1, 2, 2, 0, 1, 0, 1, 1, 1, 1, 1, 1, 1, 1, 2, 4, 2, 2, 0, 4, 2, 0, 0, 0, 0, 0, 0, 0, 4, 4, 4, 0, 3, 0, 3, 4]"
1;3;"aucs";"flat_nw";4;0.4162;0.4162;0.4056;0.4063;"{'18': 0.3716577540106952, '21': 0.3181818181818182, '23': 0.2727272727272727, '14': 0.5438871473354232, '17': 0.22727272727272727, '1': 0.75, '4': 0.5681818181818181, '58': 0.7878787878787878, '8': 0.3484848484848485, '60': 0.75, '5': 0.4772727272727273, '22': 0.37727272727272726}";"{'18': 0.3716577540106952, '21': 0.3181818181818182, '23': 0.2727272727272727, '14': 0.538961038961039, '17': 0.22727272727272727, '1': 0.75, '4': 0.5681818181818181, '58': 0.7878787878787878, '8': 0.37412587412587417, '60': 0.75, '5': 0.4772727272727273, '22': 0.37727272727272726}";"{'18': 0.42207792207792205, '21': 0.3181818181818182, '23': 0.2727272727272727, '14': 0.5438871473354232, '17': 0.22727272727272727, '1': 0.75, '4': 0.5681818181818181, '58': 0.7878787878787878, '8': 0.3484848484848485, '60': 0.75, '5': 0.4772727272727273, '22': 0.37727272727272726}";"{'18': 0.3716577540106952, '21': 0.4015151515151515, '23': 0.3441558441558441, '14': 0.5438871473354232, '17': 0.33838383838383834, '1': 0.75, '4': 0.5681818181818181, '58': 0.7878787878787878, '8': 0.3484848484848485, '60': 0.75, '5': 0.4772727272727273, '22': 0.37727272727272726}";0.0;0.0;0.4426406926406926;0.4426406926406926;1.0;0.874453305891433;0.874453305891433;1.0;0.897154322433119;0.897154322433119;1.0;1.0;1.0;1.0;1.0;1.0;0.0016;0.0468;0.0057;"['18', '21', '23', '14', '17', '1', '4', '58', '8', '60', '5', '22']";"[('interD', ('14', '27')), ('interA', ('14', '6')), ('interA', ('13', '8')), ('interD', ('14', '34'))]";"[('interA', ('18', '7')), ('interA', ('18', '26')), ('interA', ('13', '18')), ('interA', ('18', '34'))]";"[('interA', ('21', '50')), ('interA', ('23', '57')), ('interA', ('11', '17')), ('interA', ('17', '38'))]";"[['16', '24', '25', '29', '31', '51', '48', '52', '47', '53', '50', '57', '44', '49', '59'], ['7', '32', '37', '26', '13', '34', '12', '30', '35', '36', '38', '39', '33'], ['2', '46', '6', '27', '3', '19', '20', '15', '43', '28', '42', '11', '40'], ['22', '18', '21', '23', '17', '1', '4', '58', '60', '8', '5', '14'], ['56', '41', '9', '61', '45', '10', '55', '54']]";"[['16', '24', '25', '29', '31', '51', '48', '52', '47', '53', '50', '57', '44', '49', '59'], ['7', '32', '37', '26', '13', '34', '12', '30', '35', '36', '38', '39', '33', '14'], ['2', '46', '6', '27', '3', '19', '20', '15', '43', '28', '42', '11', '40'], ['56', '41', '9', '61', '1', '4', '58', '45', '10', '55', '54'], ['18', '21', '23', '17', '60', '8', '5', '22']]";"[['16', '24', '25', '29', '31', '51', '48', '52', '47', '53', '50', '57', '44', '49', '59'], ['7', '32', '37', '26', '13', '34', '12', '30', '35', '36', '38', '39', '33', '14'], ['2', '46', '6', '27', '3', '19', '20', '15', '43', '28', '42', '11', '40'], ['56', '41', '9', '61', '1', '4', '58', '45', '10', '55', '54'], ['18', '21', '23', '17', '60', '8', '5', '22']]";"[3, 2, 2, 3, 3, 2, 1, 3, 4, 4, 2, 1, 1, 3, 2, 0, 3, 3, 2, 2, 3, 3, 3, 0, 0, 1, 2, 2, 0, 1, 0, 1, 1, 1, 1, 1, 1, 1, 1, 2, 4, 2, 2, 0, 4, 2, 0, 0, 0, 0, 0, 0, 0, 4, 4, 4, 0, 3, 0, 3, 4]";"[3, 2, 2, 3, 3, 2, 1, 3, 4, 4, 2, 1, 1, 3, 2, 0, 3, 3, 2, 2, 3, 3, 3, 0, 0, 1, 2, 2, 0, 1, 0, 1, 1, 1, 1, 1, 1, 1, 1, 2, 4, 2, 2, 0, 4, 2, 0, 0, 0, 0, 0, 0, 0, 4, 4, 4, 0, 3, 0, 3, 4]";"[3, 2, 2, 3, 4, 2, 1, 4, 3, 3, 2, 1, 1, 1, 2, 0, 4, 4, 2, 2, 4, 4, 4, 0, 0, 1, 2, 2, 0, 1, 0, 1, 1, 1, 1, 1, 1, 1, 1, 2, 3, 2, 2, 0, 3, 2, 0, 0, 0, 0, 0, 0, 0, 3, 3, 3, 0, 3, 0, 4, 3]";"[3, 2, 2, 3, 4, 2, 1, 4, 3, 3, 2, 1, 1, 1, 2, 0, 4, 4, 2, 2, 4, 4, 4, 0, 0, 1, 2, 2, 0, 1, 0, 1, 1, 1, 1, 1, 1, 1, 1, 2, 3, 2, 2, 0, 3, 2, 0, 0, 0, 0, 0, 0, 0, 3, 3, 3, 0, 3, 0, 4, 3]"
2;3;"aucs";"flat_nw";4;0.4162;0.4179;0.4056;0.4091;"{'18': 0.3716577540106952, '21': 0.3181818181818182, '23': 0.2727272727272727, '14': 0.5438871473354232, '17': 0.22727272727272727, '1': 0.75, '4': 0.5681818181818181, '58': 0.7878787878787878, '8': 0.3484848484848485, '60': 0.75, '5': 0.4772727272727273, '22': 0.37727272727272726}";"{'18': 0.3716577540106952, '21': 0.36363636363636365, '23': 0.2727272727272727, '14': 0.5336700336700337, '17': 0.22727272727272727, '1': 0.75, '4': 0.5681818181818181, '58': 0.8116883116883117, '8': 0.40909090909090906, '60': 0.75, '5': 0.4772727272727273, '22': 0.37727272727272726}";"{'18': 0.42207792207792205, '21': 0.3181818181818182, '23': 0.2727272727272727, '14': 0.5438871473354232, '17': 0.22727272727272727, '1': 0.75, '4': 0.5681818181818181, '58': 0.7878787878787878, '8': 0.3484848484848485, '60': 0.75, '5': 0.4772727272727273, '22': 0.37727272727272726}";"{'18': 0.3716577540106952, '21': 0.4015151515151515, '23': 0.3441558441558441, '14': 0.5438871473354232, '17': 0.33838383838383834, '1': 0.75, '4': 0.5681818181818181, '58': 0.7878787878787878, '8': 0.3484848484848485, '60': 0.75, '5': 0.4772727272727273, '22': 0.37727272727272726}";0.0;0.2638888888888889;0.4426406926406926;0.0384615384615384;0.9666918928239564;0.874453305891433;0.9669753526143324;0.9661272707646776;0.897154322433119;0.9662013345203496;1.0;1.0;0.983811209439528;1.0;1.0;0.9779218898684447;0.0016;0.044;0.0055;"['18', '21', '23', '14', '17', '1', '4', '58', '8', '60', '5', '22']";"[('interA', ('56', '58')), ('intraD', ('21', '8')), ('interD', ('14', '35')), ('interD', ('14', '27'))]";"[('interA', ('18', '7')), ('interA', ('18', '26')), ('interA', ('13', '18')), ('interA', ('18', '34'))]";"[('interA', ('10', '21')), ('interA', ('23', '39')), ('interA', ('17', '42')), ('interA', ('10', '17'))]";"[['16', '24', '25', '29', '31', '51', '48', '52', '47', '53', '50', '57', '44', '49', '59'], ['2', '46', '6', '27', '3', '19', '20', '15', '43', '28', '42', '11', '40'], ['7', '32', '37', '26', '13', '34', '12', '30', '35', '36', '38', '39', '33'], ['22', '18', '21', '23', '17', '1', '4', '60', '8', '5', '14'], ['56', '41', '9', '61', '58', '45', '10', '55', '54']]";"[['16', '24', '25', '29', '31', '51', '48', '52', '47', '53', '50', '57', '44', '49', '59'], ['7', '32', '37', '26', '13', '34', '12', '30', '35', '36', '38', '39', '33', '14'], ['2', '46', '6', '27', '3', '19', '20', '15', '43', '28', '42', '11', '40'], ['56', '41', '9', '61', '1', '4', '58', '45', '10', '55', '54'], ['18', '21', '23', '17', '60', '8', '5', '22']]";"[['16', '24', '25', '29', '31', '51', '48', '52', '47', '53', '50', '57', '44', '49', '59'], ['7', '32', '37', '26', '13', '34', '12', '30', '35', '36', '38', '39', '33'], ['2', '46', '6', '27', '3', '19', '20', '15', '43', '28', '42', '11', '40'], ['22', '18', '21', '23', '17', '1', '4', '58', '60', '10', '5', '8', '14'], ['56', '41', '9', '61', '45', '55', '54']]";"[3, 2, 2, 3, 3, 2, 1, 3, 4, 4, 2, 1, 1, 3, 2, 0, 3, 3, 2, 2, 3, 3, 3, 0, 0, 1, 2, 2, 0, 1, 0, 1, 1, 1, 1, 1, 1, 1, 1, 2, 4, 2, 2, 0, 4, 2, 0, 0, 0, 0, 0, 0, 0, 4, 4, 4, 0, 3, 0, 3, 4]";"[3, 1, 1, 3, 3, 1, 2, 3, 4, 4, 1, 2, 2, 3, 1, 0, 3, 3, 1, 1, 3, 3, 3, 0, 0, 2, 1, 1, 0, 2, 0, 2, 2, 2, 2, 2, 2, 2, 2, 1, 4, 1, 1, 0, 4, 1, 0, 0, 0, 0, 0, 0, 0, 4, 4, 4, 0, 4, 0, 3, 4]";"[3, 2, 2, 3, 4, 2, 1, 4, 3, 3, 2, 1, 1, 1, 2, 0, 4, 4, 2, 2, 4, 4, 4, 0, 0, 1, 2, 2, 0, 1, 0, 1, 1, 1, 1, 1, 1, 1, 1, 2, 3, 2, 2, 0, 3, 2, 0, 0, 0, 0, 0, 0, 0, 3, 3, 3, 0, 3, 0, 4, 3]";"[3, 2, 2, 3, 3, 2, 1, 3, 4, 3, 2, 1, 1, 3, 2, 0, 3, 3, 2, 2, 3, 3, 3, 0, 0, 1, 2, 2, 0, 1, 0, 1, 1, 1, 1, 1, 1, 1, 1, 2, 4, 2, 2, 0, 4, 2, 0, 0, 0, 0, 0, 0, 0, 4, 4, 4, 0, 3, 0, 3, 4]"
3;3;"aucs";"flat_nw";4;0.4162;0.4162;0.4056;0.4067;"{'18': 0.3716577540106952, '21': 0.3181818181818182, '23': 0.2727272727272727, '14': 0.5438871473354232, '17': 0.22727272727272727, '1': 0.75, '4': 0.5681818181818181, '58': 0.7878787878787878, '8': 0.3484848484848485, '60': 0.75, '5': 0.4772727272727273, '22': 0.37727272727272726}";"{'18': 0.35511363636363635, '21': 0.4015151515151515, '23': 0.2727272727272727, '14': 0.5438871473354232, '17': 0.22727272727272727, '1': 0.6212121212121212, '4': 0.5681818181818181, '58': 0.7878787878787878, '8': 0.3484848484848485, '60': 0.75, '5': 0.4772727272727273, '22': 0.43939393939393934}";"{'18': 0.42207792207792205, '21': 0.3181818181818182, '23': 0.2727272727272727, '14': 0.5438871473354232, '17': 0.22727272727272727, '1': 0.75, '4': 0.5681818181818181, '58': 0.7878787878787878, '8': 0.3484848484848485, '60': 0.75, '5': 0.4772727272727273, '22': 0.37727272727272726}";"{'18': 0.3716577540106952, '21': 0.4015151515151515, '23': 0.3441558441558441, '14': 0.5438871473354232, '17': 0.33838383838383834, '1': 0.75, '4': 0.5681818181818181, '58': 0.7878787878787878, '8': 0.3484848484848485, '60': 0.75, '5': 0.4772727272727273, '22': 0.37727272727272726}";0.0;0.0;0.4426406926406926;0.4426406926406926;1.0;0.874453305891433;0.874453305891433;1.0;0.897154322433119;0.897154322433119;1.0;1.0;1.0;1.0;1.0;1.0;0.0017;0.0527;0.0083;"['18', '21', '23', '14', '17', '1', '4', '58', '8', '60', '5', '22']";"[('interA', ('12', '21')), ('interD', ('18', '32')), ('intraA', ('1', '18')), ('intraD', ('18', '22'))]";"[('interA', ('18', '7')), ('interA', ('18', '26')), ('interA', ('13', '18')), ('interA', ('18', '34'))]";"[('interA', ('21', '40')), ('interA', ('12', '23')), ('interA', ('17', '43')), ('interA', ('11', '17'))]";"[['16', '24', '25', '29', '31', '51', '48', '52', '47', '53', '50', '57', '44', '49', '59'], ['7', '32', '37', '26', '13', '34', '12', '30', '35', '36', '38', '39', '33'], ['2', '46', '6', '27', '3', '19', '20', '15', '43', '28', '42', '11', '40'], ['22', '18', '21', '23', '17', '1', '4', '58', '60', '8', '5', '14'], ['56', '41', '9', '61', '45', '10', '55', '54']]";"[['16', '24', '25', '29', '31', '51', '48', '52', '47', '53', '50', '57', '44', '49', '59'], ['7', '32', '37', '26', '13', '34', '12', '30', '35', '36', '38', '39', '33', '14'], ['2', '46', '6', '27', '3', '19', '20', '15', '43', '28', '42', '11', '40'], ['56', '41', '9', '61', '1', '4', '58', '45', '10', '55', '54'], ['18', '21', '23', '17', '60', '8', '5', '22']]";"[['16', '24', '25', '29', '31', '51', '48', '52', '47', '53', '50', '57', '44', '49', '59'], ['7', '32', '37', '26', '13', '34', '12', '30', '35', '36', '38', '39', '33', '14'], ['2', '46', '6', '27', '3', '19', '20', '15', '43', '28', '42', '11', '40'], ['56', '41', '9', '61', '1', '4', '58', '45', '10', '55', '54'], ['18', '21', '23', '17', '60', '8', '5', '22']]";"[3, 2, 2, 3, 3, 2, 1, 3, 4, 4, 2, 1, 1, 3, 2, 0, 3, 3, 2, 2, 3, 3, 3, 0, 0, 1, 2, 2, 0, 1, 0, 1, 1, 1, 1, 1, 1, 1, 1, 2, 4, 2, 2, 0, 4, 2, 0, 0, 0, 0, 0, 0, 0, 4, 4, 4, 0, 3, 0, 3, 4]";"[3, 2, 2, 3, 3, 2, 1, 3, 4, 4, 2, 1, 1, 3, 2, 0, 3, 3, 2, 2, 3, 3, 3, 0, 0, 1, 2, 2, 0, 1, 0, 1, 1, 1, 1, 1, 1, 1, 1, 2, 4, 2, 2, 0, 4, 2, 0, 0, 0, 0, 0, 0, 0, 4, 4, 4, 0, 3, 0, 3, 4]";"[3, 2, 2, 3, 4, 2, 1, 4, 3, 3, 2, 1, 1, 1, 2, 0, 4, 4, 2, 2, 4, 4, 4, 0, 0, 1, 2, 2, 0, 1, 0, 1, 1, 1, 1, 1, 1, 1, 1, 2, 3, 2, 2, 0, 3, 2, 0, 0, 0, 0, 0, 0, 0, 3, 3, 3, 0, 3, 0, 4, 3]";"[3, 2, 2, 3, 4, 2, 1, 4, 3, 3, 2, 1, 1, 1, 2, 0, 4, 4, 2, 2, 4, 4, 4, 0, 0, 1, 2, 2, 0, 1, 0, 1, 1, 1, 1, 1, 1, 1, 1, 2, 3, 2, 2, 0, 3, 2, 0, 0, 0, 0, 0, 0, 0, 3, 3, 3, 0, 3, 0, 4, 3]"
4;3;"aucs";"flat_nw";4;0.4162;0.416;0.4056;0.4067;"{'18': 0.3716577540106952, '21': 0.3181818181818182, '23': 0.2727272727272727, '14': 0.5438871473354232, '17': 0.22727272727272727, '1': 0.75, '4': 0.5681818181818181, '58': 0.7878787878787878, '8': 0.3484848484848485, '60': 0.75, '5': 0.4772727272727273, '22': 0.37727272727272726}";"{'18': 0.38636363636363635, '21': 0.3181818181818182, '23': 0.22727272727272727, '14': 0.538961038961039, '17': 0.22727272727272727, '1': 0.75, '4': 0.5681818181818181, '58': 0.6948051948051948, '8': 0.3181818181818182, '60': 0.75, '5': 0.4772727272727273, '22': 0.37727272727272726}";"{'18': 0.42207792207792205, '21': 0.3181818181818182, '23': 0.2727272727272727, '14': 0.5438871473354232, '17': 0.22727272727272727, '1': 0.75, '4': 0.5681818181818181, '58': 0.7878787878787878, '8': 0.3484848484848485, '60': 0.75, '5': 0.4772727272727273, '22': 0.37727272727272726}";"{'18': 0.3716577540106952, '21': 0.4015151515151515, '23': 0.3441558441558441, '14': 0.5438871473354232, '17': 0.33838383838383834, '1': 0.75, '4': 0.5681818181818181, '58': 0.7878787878787878, '8': 0.3484848484848485, '60': 0.75, '5': 0.4772727272727273, '22': 0.37727272727272726}";0.0;0.2738095238095238;0.4426406926406926;0.4426406926406926;0.958151101963811;0.874453305891433;0.874453305891433;0.9636579250469968;0.897154322433119;0.897154322433119;1.0;1.0;1.0;1.0;1.0;1.0;0.0016;0.047;0.0055;"['18', '21', '23', '14', '17', '1', '4', '58', '8', '60', '5', '22']";"[('intraA', ('23', '58')), ('interD', ('14', '27')), ('interD', ('52', '8')), ('interA', ('18', '36'))]";"[('interA', ('18', '7')), ('interA', ('18', '26')), ('interA', ('13', '18')), ('interA', ('18', '34'))]";"[('interA', ('21', '61')), ('interA', ('12', '23')), ('interA', ('17', '49')), ('interA', ('17', '19'))]";"[['16', '24', '25', '29', '31', '51', '48', '52', '47', '53', '50', '57', '44', '49', '59'], ['7', '32', '37', '26', '13', '34', '12', '30', '35', '36', '38', '39', '33', '14'], ['2', '46', '6', '27', '3', '19', '20', '15', '43', '28', '42', '11', '40'], ['18', '21', '23', '17', '1', '4', '58', '60', '8', '5', '22'], ['56', '41', '9', '61', '45', '10', '55', '54']]";"[['16', '24', '25', '29', '31', '51', '48', '52', '47', '53', '50', '57', '44', '49', '59'], ['7', '32', '37', '26', '13', '34', '12', '30', '35', '36', '38', '39', '33', '14'], ['2', '46', '6', '27', '3', '19', '20', '15', '43', '28', '42', '11', '40'], ['56', '41', '9', '61', '1', '4', '58', '45', '10', '55', '54'], ['18', '21', '23', '17', '60', '8', '5', '22']]";"[['16', '24', '25', '29', '31', '51', '48', '52', '47', '53', '50', '57', '44', '49', '59'], ['7', '32', '37', '26', '13', '34', '12', '30', '35', '36', '38', '39', '33', '14'], ['2', '46', '6', '27', '3', '19', '20', '15', '43', '28', '42', '11', '40'], ['56', '41', '9', '61', '1', '4', '58', '45', '10', '55', '54'], ['18', '21', '23', '17', '60', '8', '5', '22']]";"[3, 2, 2, 3, 3, 2, 1, 3, 4, 4, 2, 1, 1, 3, 2, 0, 3, 3, 2, 2, 3, 3, 3, 0, 0, 1, 2, 2, 0, 1, 0, 1, 1, 1, 1, 1, 1, 1, 1, 2, 4, 2, 2, 0, 4, 2, 0, 0, 0, 0, 0, 0, 0, 4, 4, 4, 0, 3, 0, 3, 4]";"[3, 2, 2, 3, 3, 2, 1, 3, 4, 4, 2, 1, 1, 1, 2, 0, 3, 3, 2, 2, 3, 3, 3, 0, 0, 1, 2, 2, 0, 1, 0, 1, 1, 1, 1, 1, 1, 1, 1, 2, 4, 2, 2, 0, 4, 2, 0, 0, 0, 0, 0, 0, 0, 4, 4, 4, 0, 3, 0, 3, 4]";"[3, 2, 2, 3, 4, 2, 1, 4, 3, 3, 2, 1, 1, 1, 2, 0, 4, 4, 2, 2, 4, 4, 4, 0, 0, 1, 2, 2, 0, 1, 0, 1, 1, 1, 1, 1, 1, 1, 1, 2, 3, 2, 2, 0, 3, 2, 0, 0, 0, 0, 0, 0, 0, 3, 3, 3, 0, 3, 0, 4, 3]";"[3, 2, 2, 3, 4, 2, 1, 4, 3, 3, 2, 1, 1, 1, 2, 0, 4, 4, 2, 2, 4, 4, 4, 0, 0, 1, 2, 2, 0, 1, 0, 1, 1, 1, 1, 1, 1, 1, 1, 2, 3, 2, 2, 0, 3, 2, 0, 0, 0, 0, 0, 0, 0, 3, 3, 3, 0, 3, 0, 4, 3]"
5;3;"aucs";"flat_nw";4;0.4162;0.4188;0.4056;0.4063;"{'18': 0.3716577540106952, '21': 0.3181818181818182, '23': 0.2727272727272727, '14': 0.5438871473354232, '17': 0.22727272727272727, '1': 0.75, '4': 0.5681818181818181, '58': 0.7878787878787878, '8': 0.3484848484848485, '60': 0.75, '5': 0.4772727272727273, '22': 0.37727272727272726}";"{'18': 0.35511363636363635, '21': 0.3181818181818182, '23': 0.2727272727272727, '14': 0.538961038961039, '17': 0.22727272727272727, '1': 0.7045454545454546, '4': 0.5681818181818181, '58': 0.7878787878787878, '8': 0.3484848484848485, '60': 0.75, '5': 0.4772727272727273, '22': 0.3181818181818182}";"{'18': 0.42207792207792205, '21': 0.3181818181818182, '23': 0.2727272727272727, '14': 0.5438871473354232, '17': 0.22727272727272727, '1': 0.75, '4': 0.5681818181818181, '58': 0.7878787878787878, '8': 0.3484848484848485, '60': 0.75, '5': 0.4772727272727273, '22': 0.37727272727272726}";"{'18': 0.3716577540106952, '21': 0.4015151515151515, '23': 0.3441558441558441, '14': 0.5438871473354232, '17': 0.33838383838383834, '1': 0.75, '4': 0.5681818181818181, '58': 0.7878787878787878, '8': 0.3484848484848485, '60': 0.75, '5': 0.4772727272727273, '22': 0.37727272727272726}";0.0;0.0;0.4426406926406926;0.4426406926406926;1.0;0.874453305891433;0.874453305891433;1.0;0.897154322433119;0.897154322433119;1.0;1.0;1.0;1.0;1.0;1.0;0.0019;0.0461;0.0071;"['18', '21', '23', '14', '17', '1', '4', '58', '8', '60', '5', '22']";"[('interD', ('14', '45')), ('interD', ('18', '47')), ('intraA', ('1', '22')), ('interA', ('1', '39'))]";"[('interA', ('18', '7')), ('interA', ('18', '26')), ('interA', ('13', '18')), ('interA', ('18', '34'))]";"[('interA', ('19', '21')), ('interA', ('23', '53')), ('interA', ('17', '35')), ('interA', ('17', '49'))]";"[['16', '24', '25', '29', '31', '51', '48', '52', '47', '53', '50', '57', '44', '49', '59'], ['7', '32', '37', '26', '13', '34', '12', '30', '35', '36', '38', '39', '33'], ['2', '46', '6', '27', '3', '19', '20', '15', '43', '28', '42', '11', '40'], ['22', '18', '21', '23', '17', '1', '4', '58', '60', '8', '5', '14'], ['56', '41', '9', '61', '45', '10', '55', '54']]";"[['16', '24', '25', '29', '31', '51', '48', '52', '47', '53', '50', '57', '44', '49', '59'], ['7', '32', '37', '26', '13', '34', '12', '30', '35', '36', '38', '39', '33', '14'], ['2', '46', '6', '27', '3', '19', '20', '15', '43', '28', '42', '11', '40'], ['56', '41', '9', '61', '1', '4', '58', '45', '10', '55', '54'], ['18', '21', '23', '17', '60', '8', '5', '22']]";"[['16', '24', '25', '29', '31', '51', '48', '52', '47', '53', '50', '57', '44', '49', '59'], ['7', '32', '37', '26', '13', '34', '12', '30', '35', '36', '38', '39', '33', '14'], ['2', '46', '6', '27', '3', '19', '20', '15', '43', '28', '42', '11', '40'], ['56', '41', '9', '61', '1', '4', '58', '45', '10', '55', '54'], ['18', '21', '23', '17', '60', '8', '5', '22']]";"[3, 2, 2, 3, 3, 2, 1, 3, 4, 4, 2, 1, 1, 3, 2, 0, 3, 3, 2, 2, 3, 3, 3, 0, 0, 1, 2, 2, 0, 1, 0, 1, 1, 1, 1, 1, 1, 1, 1, 2, 4, 2, 2, 0, 4, 2, 0, 0, 0, 0, 0, 0, 0, 4, 4, 4, 0, 3, 0, 3, 4]";"[3, 2, 2, 3, 3, 2, 1, 3, 4, 4, 2, 1, 1, 3, 2, 0, 3, 3, 2, 2, 3, 3, 3, 0, 0, 1, 2, 2, 0, 1, 0, 1, 1, 1, 1, 1, 1, 1, 1, 2, 4, 2, 2, 0, 4, 2, 0, 0, 0, 0, 0, 0, 0, 4, 4, 4, 0, 3, 0, 3, 4]";"[3, 2, 2, 3, 4, 2, 1, 4, 3, 3, 2, 1, 1, 1, 2, 0, 4, 4, 2, 2, 4, 4, 4, 0, 0, 1, 2, 2, 0, 1, 0, 1, 1, 1, 1, 1, 1, 1, 1, 2, 3, 2, 2, 0, 3, 2, 0, 0, 0, 0, 0, 0, 0, 3, 3, 3, 0, 3, 0, 4, 3]";"[3, 2, 2, 3, 4, 2, 1, 4, 3, 3, 2, 1, 1, 1, 2, 0, 4, 4, 2, 2, 4, 4, 4, 0, 0, 1, 2, 2, 0, 1, 0, 1, 1, 1, 1, 1, 1, 1, 1, 2, 3, 2, 2, 0, 3, 2, 0, 0, 0, 0, 0, 0, 0, 3, 3, 3, 0, 3, 0, 4, 3]"
6;3;"aucs";"flat_nw";4;0.4162;0.4162;0.4056;0.4067;"{'18': 0.3716577540106952, '21': 0.3181818181818182, '23': 0.2727272727272727, '14': 0.5438871473354232, '17': 0.22727272727272727, '1': 0.75, '4': 0.5681818181818181, '58': 0.7878787878787878, '8': 0.3484848484848485, '60': 0.75, '5': 0.4772727272727273, '22': 0.37727272727272726}";"{'18': 0.31313131313131315, '21': 0.3181818181818182, '23': 0.3181818181818182, '14': 0.538961038961039, '17': 0.22727272727272727, '1': 0.75, '4': 0.5909090909090908, '58': 0.6948051948051948, '8': 0.40909090909090906, '60': 0.75, '5': 0.4772727272727273, '22': 0.37727272727272726}";"{'18': 0.42207792207792205, '21': 0.3181818181818182, '23': 0.2727272727272727, '14': 0.5438871473354232, '17': 0.22727272727272727, '1': 0.75, '4': 0.5681818181818181, '58': 0.7878787878787878, '8': 0.3484848484848485, '60': 0.75, '5': 0.4772727272727273, '22': 0.37727272727272726}";"{'18': 0.3716577540106952, '21': 0.4015151515151515, '23': 0.3441558441558441, '14': 0.5438871473354232, '17': 0.33838383838383834, '1': 0.75, '4': 0.5681818181818181, '58': 0.7878787878787878, '8': 0.3484848484848485, '60': 0.75, '5': 0.4772727272727273, '22': 0.37727272727272726}";0.0;0.0;0.4426406926406926;0.4426406926406926;1.0;0.874453305891433;0.874453305891433;1.0;0.897154322433119;0.897154322433119;1.0;1.0;1.0;1.0;1.0;1.0;0.0016;0.0518;0.0092;"['18', '21', '23', '14', '17', '1', '4', '58', '8', '60', '5', '22']";"[('interA', ('38', '4')), ('interD', ('14', '29')), ('intraA', ('18', '58')), ('intraD', ('23', '8'))]";"[('interA', ('18', '7')), ('interA', ('18', '26')), ('interA', ('13', '18')), ('interA', ('18', '34'))]";"[('interA', ('21', '45')), ('interA', ('23', '42')), ('interA', ('17', '51')), ('interA', ('17', '35'))]";"[['16', '24', '25', '29', '31', '51', '48', '52', '47', '53', '50', '57', '44', '49', '59'], ['2', '46', '6', '27', '3', '19', '20', '15', '43', '28', '42', '11', '40'], ['7', '32', '37', '26', '13', '34', '12', '30', '35', '36', '38', '39', '33'], ['22', '18', '21', '23', '17', '1', '4', '58', '60', '8', '5', '14'], ['56', '41', '9', '61', '45', '10', '55', '54']]";"[['16', '24', '25', '29', '31', '51', '48', '52', '47', '53', '50', '57', '44', '49', '59'], ['7', '32', '37', '26', '13', '34', '12', '30', '35', '36', '38', '39', '33', '14'], ['2', '46', '6', '27', '3', '19', '20', '15', '43', '28', '42', '11', '40'], ['56', '41', '9', '61', '1', '4', '58', '45', '10', '55', '54'], ['18', '21', '23', '17', '60', '8', '5', '22']]";"[['16', '24', '25', '29', '31', '51', '48', '52', '47', '53', '50', '57', '44', '49', '59'], ['7', '32', '37', '26', '13', '34', '12', '30', '35', '36', '38', '39', '33', '14'], ['2', '46', '6', '27', '3', '19', '20', '15', '43', '28', '42', '11', '40'], ['56', '41', '9', '61', '1', '4', '58', '45', '10', '55', '54'], ['18', '21', '23', '17', '60', '8', '5', '22']]";"[3, 2, 2, 3, 3, 2, 1, 3, 4, 4, 2, 1, 1, 3, 2, 0, 3, 3, 2, 2, 3, 3, 3, 0, 0, 1, 2, 2, 0, 1, 0, 1, 1, 1, 1, 1, 1, 1, 1, 2, 4, 2, 2, 0, 4, 2, 0, 0, 0, 0, 0, 0, 0, 4, 4, 4, 0, 3, 0, 3, 4]";"[3, 1, 1, 3, 3, 1, 2, 3, 4, 4, 1, 2, 2, 3, 1, 0, 3, 3, 1, 1, 3, 3, 3, 0, 0, 2, 1, 1, 0, 2, 0, 2, 2, 2, 2, 2, 2, 2, 2, 1, 4, 1, 1, 0, 4, 1, 0, 0, 0, 0, 0, 0, 0, 4, 4, 4, 0, 3, 0, 3, 4]";"[3, 2, 2, 3, 4, 2, 1, 4, 3, 3, 2, 1, 1, 1, 2, 0, 4, 4, 2, 2, 4, 4, 4, 0, 0, 1, 2, 2, 0, 1, 0, 1, 1, 1, 1, 1, 1, 1, 1, 2, 3, 2, 2, 0, 3, 2, 0, 0, 0, 0, 0, 0, 0, 3, 3, 3, 0, 3, 0, 4, 3]";"[3, 2, 2, 3, 4, 2, 1, 4, 3, 3, 2, 1, 1, 1, 2, 0, 4, 4, 2, 2, 4, 4, 4, 0, 0, 1, 2, 2, 0, 1, 0, 1, 1, 1, 1, 1, 1, 1, 1, 2, 3, 2, 2, 0, 3, 2, 0, 0, 0, 0, 0, 0, 0, 3, 3, 3, 0, 3, 0, 4, 3]"
7;3;"aucs";"flat_nw";4;0.4162;0.4167;0.4056;0.4065;"{'18': 0.3716577540106952, '21': 0.3181818181818182, '23': 0.2727272727272727, '14': 0.5438871473354232, '17': 0.22727272727272727, '1': 0.75, '4': 0.5681818181818181, '58': 0.7878787878787878, '8': 0.3484848484848485, '60': 0.75, '5': 0.4772727272727273, '22': 0.37727272727272726}";"{'18': 0.3716577540106952, '21': 0.3181818181818182, '23': 0.3181818181818182, '14': 0.5438871473354232, '17': 0.3181818181818182, '1': 0.75, '4': 0.5, '58': 0.7878787878787878, '8': 0.3484848484848485, '60': 0.6212121212121212, '5': 0.5227272727272727, '22': 0.37727272727272726}";"{'18': 0.42207792207792205, '21': 0.3181818181818182, '23': 0.2727272727272727, '14': 0.5438871473354232, '17': 0.22727272727272727, '1': 0.75, '4': 0.5681818181818181, '58': 0.7878787878787878, '8': 0.3484848484848485, '60': 0.75, '5': 0.4772727272727273, '22': 0.37727272727272726}";"{'18': 0.3716577540106952, '21': 0.4015151515151515, '23': 0.3441558441558441, '14': 0.5438871473354232, '17': 0.33838383838383834, '1': 0.75, '4': 0.5681818181818181, '58': 0.7878787878787878, '8': 0.3484848484848485, '60': 0.75, '5': 0.4772727272727273, '22': 0.37727272727272726}";0.0;0.0;0.4426406926406926;0.4426406926406926;1.0;0.874453305891433;0.874453305891433;1.0;0.897154322433119;0.897154322433119;1.0;1.0;1.0;1.0;1.0;1.0;0.0016;0.0491;0.0106;"['18', '21', '23', '14', '17', '1', '4', '58', '8', '60', '5', '22']";"[('intraD', ('17', '5')), ('intraA', ('4', '60')), ('intraD', ('17', '23')), ('interD', ('24', '5'))]";"[('interA', ('18', '7')), ('interA', ('18', '26')), ('interA', ('13', '18')), ('interA', ('18', '34'))]";"[('interA', ('21', '42')), ('interA', ('23', '26')), ('interA', ('17', '45')), ('interA', ('17', '26'))]";"[['16', '24', '25', '29', '31', '51', '48', '52', '47', '53', '50', '57', '44', '49', '59'], ['2', '46', '6', '27', '3', '19', '20', '15', '43', '28', '42', '11', '40'], ['7', '32', '37', '26', '13', '34', '12', '30', '35', '36', '38', '39', '33'], ['22', '18', '21', '23', '17', '1', '4', '58', '60', '8', '5', '14'], ['56', '41', '9', '61', '45', '10', '55', '54']]";"[['16', '24', '25', '29', '31', '51', '48', '52', '47', '53', '50', '57', '44', '49', '59'], ['7', '32', '37', '26', '13', '34', '12', '30', '35', '36', '38', '39', '33', '14'], ['2', '46', '6', '27', '3', '19', '20', '15', '43', '28', '42', '11', '40'], ['56', '41', '9', '61', '1', '4', '58', '45', '10', '55', '54'], ['18', '21', '23', '17', '60', '8', '5', '22']]";"[['16', '24', '25', '29', '31', '51', '48', '52', '47', '53', '50', '57', '44', '49', '59'], ['7', '32', '37', '26', '13', '34', '12', '30', '35', '36', '38', '39', '33', '14'], ['2', '46', '6', '27', '3', '19', '20', '15', '43', '28', '42', '11', '40'], ['56', '41', '9', '61', '1', '4', '58', '45', '10', '55', '54'], ['18', '21', '23', '17', '60', '8', '5', '22']]";"[3, 2, 2, 3, 3, 2, 1, 3, 4, 4, 2, 1, 1, 3, 2, 0, 3, 3, 2, 2, 3, 3, 3, 0, 0, 1, 2, 2, 0, 1, 0, 1, 1, 1, 1, 1, 1, 1, 1, 2, 4, 2, 2, 0, 4, 2, 0, 0, 0, 0, 0, 0, 0, 4, 4, 4, 0, 3, 0, 3, 4]";"[3, 1, 1, 3, 3, 1, 2, 3, 4, 4, 1, 2, 2, 3, 1, 0, 3, 3, 1, 1, 3, 3, 3, 0, 0, 2, 1, 1, 0, 2, 0, 2, 2, 2, 2, 2, 2, 2, 2, 1, 4, 1, 1, 0, 4, 1, 0, 0, 0, 0, 0, 0, 0, 4, 4, 4, 0, 3, 0, 3, 4]";"[3, 2, 2, 3, 4, 2, 1, 4, 3, 3, 2, 1, 1, 1, 2, 0, 4, 4, 2, 2, 4, 4, 4, 0, 0, 1, 2, 2, 0, 1, 0, 1, 1, 1, 1, 1, 1, 1, 1, 2, 3, 2, 2, 0, 3, 2, 0, 0, 0, 0, 0, 0, 0, 3, 3, 3, 0, 3, 0, 4, 3]";"[3, 2, 2, 3, 4, 2, 1, 4, 3, 3, 2, 1, 1, 1, 2, 0, 4, 4, 2, 2, 4, 4, 4, 0, 0, 1, 2, 2, 0, 1, 0, 1, 1, 1, 1, 1, 1, 1, 1, 2, 3, 2, 2, 0, 3, 2, 0, 0, 0, 0, 0, 0, 0, 3, 3, 3, 0, 3, 0, 4, 3]"
8;3;"aucs";"flat_nw";4;0.4162;0.4187;0.4056;0.4067;"{'18': 0.3716577540106952, '21': 0.3181818181818182, '23': 0.2727272727272727, '14': 0.5438871473354232, '17': 0.22727272727272727, '1': 0.75, '4': 0.5681818181818181, '58': 0.7878787878787878, '8': 0.3484848484848485, '60': 0.75, '5': 0.4772727272727273, '22': 0.37727272727272726}";"{'18': 0.3716577540106952, '21': 0.3181818181818182, '23': 0.2727272727272727, '14': 0.538961038961039, '17': 0.22727272727272727, '1': 0.75, '4': 0.5909090909090908, '58': 0.7878787878787878, '8': 0.3484848484848485, '60': 0.75, '5': 0.458041958041958, '22': 0.33838383838383834}";"{'18': 0.42207792207792205, '21': 0.3181818181818182, '23': 0.2727272727272727, '14': 0.5438871473354232, '17': 0.22727272727272727, '1': 0.75, '4': 0.5681818181818181, '58': 0.7878787878787878, '8': 0.3484848484848485, '60': 0.75, '5': 0.4772727272727273, '22': 0.37727272727272726}";"{'18': 0.3716577540106952, '21': 0.4015151515151515, '23': 0.3441558441558441, '14': 0.5438871473354232, '17': 0.33838383838383834, '1': 0.75, '4': 0.5681818181818181, '58': 0.7878787878787878, '8': 0.3484848484848485, '60': 0.75, '5': 0.4772727272727273, '22': 0.37727272727272726}";0.0;0.4426406926406926;0.4426406926406926;0.4426406926406926;0.874453305891433;0.874453305891433;0.874453305891433;0.897154322433119;0.897154322433119;0.897154322433119;1.0;1.0;1.0;1.0;1.0;1.0;0.0017;0.1496;0.0105;"['18', '21', '23', '14', '17', '1', '4', '58', '8', '60', '5', '22']";"[('interD', ('19', '5')), ('interA', ('4', '55')), ('interD', ('10', '22')), ('interD', ('14', '52'))]";"[('interA', ('18', '7')), ('interA', ('18', '26')), ('interA', ('13', '18')), ('interA', ('18', '34'))]";"[('interA', ('21', '43')), ('interA', ('23', '32')), ('interA', ('17', '46')), ('interA', ('11', '17'))]";"[['16', '24', '25', '29', '31', '51', '48', '52', '47', '53', '50', '57', '44', '49', '59'], ['7', '32', '37', '26', '13', '34', '12', '30', '35', '36', '38', '39', '33', '14'], ['2', '46', '6', '27', '3', '19', '20', '15', '43', '28', '42', '11', '40'], ['56', '41', '9', '61', '1', '4', '58', '45', '10', '55', '54'], ['18', '21', '23', '17', '60', '8', '5', '22']]";"[['16', '24', '25', '29', '31', '51', '48', '52', '47', '53', '50', '57', '44', '49', '59'], ['7', '32', '37', '26', '13', '34', '12', '30', '35', '36', '38', '39', '33', '14'], ['2', '46', '6', '27', '3', '19', '20', '15', '43', '28', '42', '11', '40'], ['56', '41', '9', '61', '1', '4', '58', '45', '10', '55', '54'], ['18', '21', '23', '17', '60', '8', '5', '22']]";"[['16', '24', '25', '29', '31', '51', '48', '52', '47', '53', '50', '57', '44', '49', '59'], ['7', '32', '37', '26', '13', '34', '12', '30', '35', '36', '38', '39', '33', '14'], ['2', '46', '6', '27', '3', '19', '20', '15', '43', '28', '42', '11', '40'], ['56', '41', '9', '61', '1', '4', '58', '45', '10', '55', '54'], ['18', '21', '23', '17', '60', '8', '5', '22']]";"[3, 2, 2, 3, 3, 2, 1, 3, 4, 4, 2, 1, 1, 3, 2, 0, 3, 3, 2, 2, 3, 3, 3, 0, 0, 1, 2, 2, 0, 1, 0, 1, 1, 1, 1, 1, 1, 1, 1, 2, 4, 2, 2, 0, 4, 2, 0, 0, 0, 0, 0, 0, 0, 4, 4, 4, 0, 3, 0, 3, 4]";"[3, 2, 2, 3, 4, 2, 1, 4, 3, 3, 2, 1, 1, 1, 2, 0, 4, 4, 2, 2, 4, 4, 4, 0, 0, 1, 2, 2, 0, 1, 0, 1, 1, 1, 1, 1, 1, 1, 1, 2, 3, 2, 2, 0, 3, 2, 0, 0, 0, 0, 0, 0, 0, 3, 3, 3, 0, 3, 0, 4, 3]";"[3, 2, 2, 3, 4, 2, 1, 4, 3, 3, 2, 1, 1, 1, 2, 0, 4, 4, 2, 2, 4, 4, 4, 0, 0, 1, 2, 2, 0, 1, 0, 1, 1, 1, 1, 1, 1, 1, 1, 2, 3, 2, 2, 0, 3, 2, 0, 0, 0, 0, 0, 0, 0, 3, 3, 3, 0, 3, 0, 4, 3]";"[3, 2, 2, 3, 4, 2, 1, 4, 3, 3, 2, 1, 1, 1, 2, 0, 4, 4, 2, 2, 4, 4, 4, 0, 0, 1, 2, 2, 0, 1, 0, 1, 1, 1, 1, 1, 1, 1, 1, 2, 3, 2, 2, 0, 3, 2, 0, 0, 0, 0, 0, 0, 0, 3, 3, 3, 0, 3, 0, 4, 3]"
9;3;"aucs";"flat_nw";4;0.4162;0.4189;0.4056;0.4068;"{'18': 0.3716577540106952, '21': 0.3181818181818182, '23': 0.2727272727272727, '14': 0.5438871473354232, '17': 0.22727272727272727, '1': 0.75, '4': 0.5681818181818181, '58': 0.7878787878787878, '8': 0.3484848484848485, '60': 0.75, '5': 0.4772727272727273, '22': 0.37727272727272726}";"{'18': 0.35511363636363635, '21': 0.3181818181818182, '23': 0.2727272727272727, '14': 0.5438871473354232, '17': 0.22727272727272727, '1': 0.6212121212121212, '4': 0.5404040404040404, '58': 0.6948051948051948, '8': 0.3484848484848485, '60': 0.75, '5': 0.4939393939393939, '22': 0.37727272727272726}";"{'18': 0.42207792207792205, '21': 0.3181818181818182, '23': 0.2727272727272727, '14': 0.5438871473354232, '17': 0.22727272727272727, '1': 0.75, '4': 0.5681818181818181, '58': 0.7878787878787878, '8': 0.3484848484848485, '60': 0.75, '5': 0.4772727272727273, '22': 0.37727272727272726}";"{'18': 0.3716577540106952, '21': 0.4015151515151515, '23': 0.3441558441558441, '14': 0.5438871473354232, '17': 0.33838383838383834, '1': 0.75, '4': 0.5681818181818181, '58': 0.7878787878787878, '8': 0.3484848484848485, '60': 0.75, '5': 0.4772727272727273, '22': 0.37727272727272726}";0.0;0.0;0.4426406926406926;0.4426406926406926;1.0;0.874453305891433;0.874453305891433;1.0;0.897154322433119;0.897154322433119;1.0;1.0;1.0;1.0;1.0;1.0;0.0016;0.06;0.0054;"['18', '21', '23', '14', '17', '1', '4', '58', '8', '60', '5', '22']";"[('interD', ('4', '45')), ('interD', ('18', '25')), ('interA', ('47', '5')), ('intraA', ('1', '58'))]";"[('interA', ('18', '7')), ('interA', ('18', '26')), ('interA', ('13', '18')), ('interA', ('18', '34'))]";"[('interA', ('21', '34')), ('interA', ('23', '54')), ('interA', ('17', '19')), ('interA', ('17', '20'))]";"[['16', '24', '25', '29', '31', '51', '48', '52', '47', '53', '50', '57', '44', '49', '59'], ['2', '46', '6', '27', '3', '19', '20', '15', '43', '28', '42', '11', '40'], ['7', '32', '37', '26', '13', '34', '12', '30', '35', '36', '38', '39', '33'], ['22', '18', '21', '23', '17', '1', '4', '58', '60', '8', '5', '14'], ['56', '41', '9', '61', '45', '10', '55', '54']]";"[['16', '24', '25', '29', '31', '51', '48', '52', '47', '53', '50', '57', '44', '49', '59'], ['7', '32', '37', '26', '13', '34', '12', '30', '35', '36', '38', '39', '33', '14'], ['2', '46', '6', '27', '3', '19', '20', '15', '43', '28', '42', '11', '40'], ['56', '41', '9', '61', '1', '4', '58', '45', '10', '55', '54'], ['18', '21', '23', '17', '60', '8', '5', '22']]";"[['16', '24', '25', '29', '31', '51', '48', '52', '47', '53', '50', '57', '44', '49', '59'], ['7', '32', '37', '26', '13', '34', '12', '30', '35', '36', '38', '39', '33', '14'], ['2', '46', '6', '27', '3', '19', '20', '15', '43', '28', '42', '11', '40'], ['56', '41', '9', '61', '1', '4', '58', '45', '10', '55', '54'], ['18', '21', '23', '17', '60', '8', '5', '22']]";"[3, 2, 2, 3, 3, 2, 1, 3, 4, 4, 2, 1, 1, 3, 2, 0, 3, 3, 2, 2, 3, 3, 3, 0, 0, 1, 2, 2, 0, 1, 0, 1, 1, 1, 1, 1, 1, 1, 1, 2, 4, 2, 2, 0, 4, 2, 0, 0, 0, 0, 0, 0, 0, 4, 4, 4, 0, 3, 0, 3, 4]";"[3, 1, 1, 3, 3, 1, 2, 3, 4, 4, 1, 2, 2, 3, 1, 0, 3, 3, 1, 1, 3, 3, 3, 0, 0, 2, 1, 1, 0, 2, 0, 2, 2, 2, 2, 2, 2, 2, 2, 1, 4, 1, 1, 0, 4, 1, 0, 0, 0, 0, 0, 0, 0, 4, 4, 4, 0, 3, 0, 3, 4]";"[3, 2, 2, 3, 4, 2, 1, 4, 3, 3, 2, 1, 1, 1, 2, 0, 4, 4, 2, 2, 4, 4, 4, 0, 0, 1, 2, 2, 0, 1, 0, 1, 1, 1, 1, 1, 1, 1, 1, 2, 3, 2, 2, 0, 3, 2, 0, 0, 0, 0, 0, 0, 0, 3, 3, 3, 0, 3, 0, 4, 3]";"[3, 2, 2, 3, 4, 2, 1, 4, 3, 3, 2, 1, 1, 1, 2, 0, 4, 4, 2, 2, 4, 4, 4, 0, 0, 1, 2, 2, 0, 1, 0, 1, 1, 1, 1, 1, 1, 1, 1, 2, 3, 2, 2, 0, 3, 2, 0, 0, 0, 0, 0, 0, 0, 3, 3, 3, 0, 3, 0, 4, 3]"
10;3;"aucs";"flat_nw";4;0.4162;0.4158;0.4056;0.4067;"{'18': 0.3716577540106952, '21': 0.3181818181818182, '23': 0.2727272727272727, '14': 0.5438871473354232, '17': 0.22727272727272727, '1': 0.75, '4': 0.5681818181818181, '58': 0.7878787878787878, '8': 0.3484848484848485, '60': 0.75, '5': 0.4772727272727273, '22': 0.37727272727272726}";"{'18': 0.3716577540106952, '21': 0.2727272727272727, '23': 0.2897727272727273, '14': 0.538961038961039, '17': 0.22727272727272727, '1': 0.75, '4': 0.5681818181818181, '58': 0.7878787878787878, '8': 0.3484848484848485, '60': 0.75, '5': 0.458041958041958, '22': 0.37727272727272726}";"{'18': 0.42207792207792205, '21': 0.3181818181818182, '23': 0.2727272727272727, '14': 0.5438871473354232, '17': 0.22727272727272727, '1': 0.75, '4': 0.5681818181818181, '58': 0.7878787878787878, '8': 0.3484848484848485, '60': 0.75, '5': 0.4772727272727273, '22': 0.37727272727272726}";"{'18': 0.3716577540106952, '21': 0.4015151515151515, '23': 0.3441558441558441, '14': 0.5438871473354232, '17': 0.33838383838383834, '1': 0.75, '4': 0.5681818181818181, '58': 0.7878787878787878, '8': 0.3484848484848485, '60': 0.75, '5': 0.4772727272727273, '22': 0.37727272727272726}";0.0;0.2738095238095238;0.4426406926406926;0.4426406926406926;0.958151101963811;0.874453305891433;0.874453305891433;0.9636579250469968;0.897154322433119;0.897154322433119;1.0;1.0;1.0;1.0;1.0;1.0;0.002;0.0443;0.0089;"['18', '21', '23', '14', '17', '1', '4', '58', '8', '60', '5', '22']";"[('interD', ('14', '2')), ('interD', ('5', '6')), ('intraA', ('21', '23')), ('interA', ('23', '37'))]";"[('interA', ('18', '7')), ('interA', ('18', '26')), ('interA', ('13', '18')), ('interA', ('18', '34'))]";"[('interA', ('21', '3')), ('interA', ('2', '23')), ('interA', ('11', '17')), ('interA', ('17', '30'))]";"[['16', '24', '25', '29', '31', '51', '48', '52', '47', '53', '50', '57', '44', '49', '59'], ['7', '32', '37', '26', '13', '34', '12', '30', '35', '36', '38', '39', '33', '14'], ['2', '46', '6', '27', '3', '19', '20', '15', '43', '28', '42', '11', '40'], ['18', '21', '23', '17', '1', '4', '58', '60', '8', '5', '22'], ['56', '41', '9', '61', '45', '10', '55', '54']]";"[['16', '24', '25', '29', '31', '51', '48', '52', '47', '53', '50', '57', '44', '49', '59'], ['7', '32', '37', '26', '13', '34', '12', '30', '35', '36', '38', '39', '33', '14'], ['2', '46', '6', '27', '3', '19', '20', '15', '43', '28', '42', '11', '40'], ['56', '41', '9', '61', '1', '4', '58', '45', '10', '55', '54'], ['18', '21', '23', '17', '60', '8', '5', '22']]";"[['16', '24', '25', '29', '31', '51', '48', '52', '47', '53', '50', '57', '44', '49', '59'], ['7', '32', '37', '26', '13', '34', '12', '30', '35', '36', '38', '39', '33', '14'], ['2', '46', '6', '27', '3', '19', '20', '15', '43', '28', '42', '11', '40'], ['56', '41', '9', '61', '1', '4', '58', '45', '10', '55', '54'], ['18', '21', '23', '17', '60', '8', '5', '22']]";"[3, 2, 2, 3, 3, 2, 1, 3, 4, 4, 2, 1, 1, 3, 2, 0, 3, 3, 2, 2, 3, 3, 3, 0, 0, 1, 2, 2, 0, 1, 0, 1, 1, 1, 1, 1, 1, 1, 1, 2, 4, 2, 2, 0, 4, 2, 0, 0, 0, 0, 0, 0, 0, 4, 4, 4, 0, 3, 0, 3, 4]";"[3, 2, 2, 3, 3, 2, 1, 3, 4, 4, 2, 1, 1, 1, 2, 0, 3, 3, 2, 2, 3, 3, 3, 0, 0, 1, 2, 2, 0, 1, 0, 1, 1, 1, 1, 1, 1, 1, 1, 2, 4, 2, 2, 0, 4, 2, 0, 0, 0, 0, 0, 0, 0, 4, 4, 4, 0, 3, 0, 3, 4]";"[3, 2, 2, 3, 4, 2, 1, 4, 3, 3, 2, 1, 1, 1, 2, 0, 4, 4, 2, 2, 4, 4, 4, 0, 0, 1, 2, 2, 0, 1, 0, 1, 1, 1, 1, 1, 1, 1, 1, 2, 3, 2, 2, 0, 3, 2, 0, 0, 0, 0, 0, 0, 0, 3, 3, 3, 0, 3, 0, 4, 3]";"[3, 2, 2, 3, 4, 2, 1, 4, 3, 3, 2, 1, 1, 1, 2, 0, 4, 4, 2, 2, 4, 4, 4, 0, 0, 1, 2, 2, 0, 1, 0, 1, 1, 1, 1, 1, 1, 1, 1, 2, 3, 2, 2, 0, 3, 2, 0, 0, 0, 0, 0, 0, 0, 3, 3, 3, 0, 3, 0, 4, 3]"
11;3;"aucs";"flat_nw";4;0.4162;0.4096;0.4056;0.4072;"{'18': 0.3716577540106952, '21': 0.3181818181818182, '23': 0.2727272727272727, '14': 0.5438871473354232, '17': 0.22727272727272727, '1': 0.75, '4': 0.5681818181818181, '58': 0.7878787878787878, '8': 0.3484848484848485, '60': 0.75, '5': 0.4772727272727273, '22': 0.37727272727272726}";"{'18': 0.3716577540106952, '21': 0.2727272727272727, '23': 0.2727272727272727, '14': 0.5438871473354232, '17': 0.2897727272727273, '1': 0.75, '4': 0.5681818181818181, '58': 0.7878787878787878, '8': 0.3484848484848485, '60': 0.8333333333333333, '5': 0.4772727272727273, '22': 0.43939393939393934}";"{'18': 0.42207792207792205, '21': 0.3181818181818182, '23': 0.2727272727272727, '14': 0.5438871473354232, '17': 0.22727272727272727, '1': 0.75, '4': 0.5681818181818181, '58': 0.7878787878787878, '8': 0.3484848484848485, '60': 0.75, '5': 0.4772727272727273, '22': 0.37727272727272726}";"{'18': 0.3716577540106952, '21': 0.4015151515151515, '23': 0.3441558441558441, '14': 0.5438871473354232, '17': 0.33838383838383834, '1': 0.75, '4': 0.5681818181818181, '58': 0.7878787878787878, '8': 0.3484848484848485, '60': 0.75, '5': 0.4772727272727273, '22': 0.37727272727272726}";0.0;0.2738095238095238;0.4426406926406926;0.2738095238095238;0.958151101963811;0.874453305891433;0.958151101963811;0.9636579250469968;0.897154322433119;0.9636579250469968;1.0;1.0;1.0;1.0;1.0;1.0;0.0017;0.0506;0.0054;"['18', '21', '23', '14', '17', '1', '4', '58', '8', '60', '5', '22']";"[('interA', ('17', '28')), ('interA', ('49', '60')), ('intraA', ('14', '21')), ('intraD', ('14', '22'))]";"[('interA', ('18', '7')), ('interA', ('18', '26')), ('interA', ('13', '18')), ('interA', ('18', '34'))]";"[('interA', ('21', '9')), ('interA', ('23', '40')), ('interA', ('17', '52')), ('interA', ('17', '41'))]";"[['16', '24', '25', '29', '31', '51', '48', '52', '47', '53', '50', '57', '44', '49', '59'], ['7', '32', '37', '26', '13', '34', '12', '30', '35', '36', '38', '39', '33', '14'], ['2', '46', '6', '27', '3', '19', '20', '15', '43', '28', '42', '11', '40'], ['18', '21', '23', '17', '1', '4', '58', '60', '8', '5', '22'], ['56', '41', '9', '61', '45', '10', '55', '54']]";"[['16', '24', '25', '29', '31', '51', '48', '52', '47', '53', '50', '57', '44', '49', '59'], ['7', '32', '37', '26', '13', '34', '12', '30', '35', '36', '38', '39', '33', '14'], ['2', '46', '6', '27', '3', '19', '20', '15', '43', '28', '42', '11', '40'], ['56', '41', '9', '61', '1', '4', '58', '45', '10', '55', '54'], ['18', '21', '23', '17', '60', '8', '5', '22']]";"[['16', '24', '25', '29', '31', '51', '48', '52', '47', '53', '50', '57', '44', '49', '59'], ['7', '32', '37', '26', '13', '34', '12', '30', '35', '36', '38', '39', '33', '14'], ['2', '46', '6', '27', '3', '19', '20', '15', '43', '28', '42', '11', '40'], ['18', '21', '23', '17', '1', '4', '58', '60', '8', '5', '22'], ['56', '41', '9', '61', '45', '10', '55', '54']]";"[3, 2, 2, 3, 3, 2, 1, 3, 4, 4, 2, 1, 1, 3, 2, 0, 3, 3, 2, 2, 3, 3, 3, 0, 0, 1, 2, 2, 0, 1, 0, 1, 1, 1, 1, 1, 1, 1, 1, 2, 4, 2, 2, 0, 4, 2, 0, 0, 0, 0, 0, 0, 0, 4, 4, 4, 0, 3, 0, 3, 4]";"[3, 2, 2, 3, 3, 2, 1, 3, 4, 4, 2, 1, 1, 1, 2, 0, 3, 3, 2, 2, 3, 3, 3, 0, 0, 1, 2, 2, 0, 1, 0, 1, 1, 1, 1, 1, 1, 1, 1, 2, 4, 2, 2, 0, 4, 2, 0, 0, 0, 0, 0, 0, 0, 4, 4, 4, 0, 3, 0, 3, 4]";"[3, 2, 2, 3, 4, 2, 1, 4, 3, 3, 2, 1, 1, 1, 2, 0, 4, 4, 2, 2, 4, 4, 4, 0, 0, 1, 2, 2, 0, 1, 0, 1, 1, 1, 1, 1, 1, 1, 1, 2, 3, 2, 2, 0, 3, 2, 0, 0, 0, 0, 0, 0, 0, 3, 3, 3, 0, 3, 0, 4, 3]";"[3, 2, 2, 3, 3, 2, 1, 3, 4, 4, 2, 1, 1, 1, 2, 0, 3, 3, 2, 2, 3, 3, 3, 0, 0, 1, 2, 2, 0, 1, 0, 1, 1, 1, 1, 1, 1, 1, 1, 2, 4, 2, 2, 0, 4, 2, 0, 0, 0, 0, 0, 0, 0, 4, 4, 4, 0, 3, 0, 3, 4]"
12;3;"aucs";"flat_nw";4;0.4162;0.4164;0.4056;0.4067;"{'18': 0.3716577540106952, '21': 0.3181818181818182, '23': 0.2727272727272727, '14': 0.5438871473354232, '17': 0.22727272727272727, '1': 0.75, '4': 0.5681818181818181, '58': 0.7878787878787878, '8': 0.3484848484848485, '60': 0.75, '5': 0.4772727272727273, '22': 0.37727272727272726}";"{'18': 0.3716577540106952, '21': 0.3181818181818182, '23': 0.3181818181818182, '14': 0.5438871473354232, '17': 0.2727272727272727, '1': 0.6212121212121212, '4': 0.5681818181818181, '58': 0.7545454545454545, '8': 0.37412587412587417, '60': 0.75, '5': 0.41515151515151516, '22': 0.37727272727272726}";"{'18': 0.42207792207792205, '21': 0.3181818181818182, '23': 0.2727272727272727, '14': 0.5438871473354232, '17': 0.22727272727272727, '1': 0.75, '4': 0.5681818181818181, '58': 0.7878787878787878, '8': 0.3484848484848485, '60': 0.75, '5': 0.4772727272727273, '22': 0.37727272727272726}";"{'18': 0.3716577540106952, '21': 0.4015151515151515, '23': 0.3441558441558441, '14': 0.5438871473354232, '17': 0.33838383838383834, '1': 0.75, '4': 0.5681818181818181, '58': 0.7878787878787878, '8': 0.3484848484848485, '60': 0.75, '5': 0.4772727272727273, '22': 0.37727272727272726}";0.0;0.0;0.4426406926406926;0.4426406926406926;1.0;0.874453305891433;0.874453305891433;1.0;0.897154322433119;0.897154322433119;1.0;1.0;1.0;1.0;1.0;1.0;0.0016;0.0536;0.0051;"['18', '21', '23', '14', '17', '1', '4', '58', '8', '60', '5', '22']";"[('intraD', ('17', '23')), ('intraA', ('1', '5')), ('interD', ('52', '58')), ('interA', ('20', '8'))]";"[('interA', ('18', '7')), ('interA', ('18', '26')), ('interA', ('13', '18')), ('interA', ('18', '34'))]";"[('interA', ('21', '46')), ('interA', ('23', '43')), ('interA', ('17', '52')), ('interA', ('17', '51'))]";"[['16', '24', '25', '29', '31', '51', '48', '52', '47', '53', '50', '57', '44', '49', '59'], ['2', '46', '6', '27', '3', '19', '20', '15', '43', '28', '42', '11', '40'], ['7', '32', '37', '26', '13', '34', '12', '30', '35', '36', '38', '39', '33'], ['22', '18', '21', '23', '17', '1', '4', '58', '60', '8', '5', '14'], ['56', '41', '9', '61', '45', '10', '55', '54']]";"[['16', '24', '25', '29', '31', '51', '48', '52', '47', '53', '50', '57', '44', '49', '59'], ['7', '32', '37', '26', '13', '34', '12', '30', '35', '36', '38', '39', '33', '14'], ['2', '46', '6', '27', '3', '19', '20', '15', '43', '28', '42', '11', '40'], ['56', '41', '9', '61', '1', '4', '58', '45', '10', '55', '54'], ['18', '21', '23', '17', '60', '8', '5', '22']]";"[['16', '24', '25', '29', '31', '51', '48', '52', '47', '53', '50', '57', '44', '49', '59'], ['7', '32', '37', '26', '13', '34', '12', '30', '35', '36', '38', '39', '33', '14'], ['2', '46', '6', '27', '3', '19', '20', '15', '43', '28', '42', '11', '40'], ['56', '41', '9', '61', '1', '4', '58', '45', '10', '55', '54'], ['18', '21', '23', '17', '60', '8', '5', '22']]";"[3, 2, 2, 3, 3, 2, 1, 3, 4, 4, 2, 1, 1, 3, 2, 0, 3, 3, 2, 2, 3, 3, 3, 0, 0, 1, 2, 2, 0, 1, 0, 1, 1, 1, 1, 1, 1, 1, 1, 2, 4, 2, 2, 0, 4, 2, 0, 0, 0, 0, 0, 0, 0, 4, 4, 4, 0, 3, 0, 3, 4]";"[3, 1, 1, 3, 3, 1, 2, 3, 4, 4, 1, 2, 2, 3, 1, 0, 3, 3, 1, 1, 3, 3, 3, 0, 0, 2, 1, 1, 0, 2, 0, 2, 2, 2, 2, 2, 2, 2, 2, 1, 4, 1, 1, 0, 4, 1, 0, 0, 0, 0, 0, 0, 0, 4, 4, 4, 0, 3, 0, 3, 4]";"[3, 2, 2, 3, 4, 2, 1, 4, 3, 3, 2, 1, 1, 1, 2, 0, 4, 4, 2, 2, 4, 4, 4, 0, 0, 1, 2, 2, 0, 1, 0, 1, 1, 1, 1, 1, 1, 1, 1, 2, 3, 2, 2, 0, 3, 2, 0, 0, 0, 0, 0, 0, 0, 3, 3, 3, 0, 3, 0, 4, 3]";"[3, 2, 2, 3, 4, 2, 1, 4, 3, 3, 2, 1, 1, 1, 2, 0, 4, 4, 2, 2, 4, 4, 4, 0, 0, 1, 2, 2, 0, 1, 0, 1, 1, 1, 1, 1, 1, 1, 1, 2, 3, 2, 2, 0, 3, 2, 0, 0, 0, 0, 0, 0, 0, 3, 3, 3, 0, 3, 0, 4, 3]"
13;3;"aucs";"flat_nw";4;0.4162;0.4133;0.4056;0.4062;"{'18': 0.3716577540106952, '21': 0.3181818181818182, '23': 0.2727272727272727, '14': 0.5438871473354232, '17': 0.22727272727272727, '1': 0.75, '4': 0.5681818181818181, '58': 0.7878787878787878, '8': 0.3484848484848485, '60': 0.75, '5': 0.4772727272727273, '22': 0.37727272727272726}";"{'18': 0.4318181818181818, '21': 0.4015151515151515, '23': 0.2727272727272727, '14': 0.5438871473354232, '17': 0.22727272727272727, '1': 0.75, '4': 0.5681818181818181, '58': 0.7878787878787878, '8': 0.3484848484848485, '60': 0.75, '5': 0.5419580419580419, '22': 0.37727272727272726}";"{'18': 0.42207792207792205, '21': 0.3181818181818182, '23': 0.2727272727272727, '14': 0.5438871473354232, '17': 0.22727272727272727, '1': 0.75, '4': 0.5681818181818181, '58': 0.7878787878787878, '8': 0.3484848484848485, '60': 0.75, '5': 0.4772727272727273, '22': 0.37727272727272726}";"{'18': 0.3716577540106952, '21': 0.4015151515151515, '23': 0.3441558441558441, '14': 0.5438871473354232, '17': 0.33838383838383834, '1': 0.75, '4': 0.5681818181818181, '58': 0.7878787878787878, '8': 0.3484848484848485, '60': 0.75, '5': 0.4772727272727273, '22': 0.37727272727272726}";0.0;0.0;0.4426406926406926;0.4426406926406926;1.0;0.874453305891433;0.874453305891433;1.0;0.897154322433119;0.897154322433119;1.0;1.0;1.0;1.0;1.0;1.0;0.0029;0.048;0.0053;"['18', '21', '23', '14', '17', '1', '4', '58', '8', '60', '5', '22']";"[('intraA', ('14', '60')), ('intraD', ('18', '60')), ('interA', ('21', '3')), ('intraD', ('14', '5'))]";"[('interA', ('18', '7')), ('interA', ('18', '26')), ('interA', ('13', '18')), ('interA', ('18', '34'))]";"[('interA', ('21', '44')), ('interA', ('23', '35')), ('interA', ('17', '3')), ('interA', ('17', '37'))]";"[['16', '24', '25', '29', '31', '51', '48', '52', '47', '53', '50', '57', '44', '49', '59'], ['2', '46', '6', '27', '3', '19', '20', '15', '43', '28', '42', '11', '40'], ['7', '32', '37', '26', '13', '34', '12', '30', '35', '36', '38', '39', '33'], ['22', '18', '21', '23', '17', '1', '4', '58', '60', '8', '5', '14'], ['56', '41', '9', '61', '45', '10', '55', '54']]";"[['16', '24', '25', '29', '31', '51', '48', '52', '47', '53', '50', '57', '44', '49', '59'], ['7', '32', '37', '26', '13', '34', '12', '30', '35', '36', '38', '39', '33', '14'], ['2', '46', '6', '27', '3', '19', '20', '15', '43', '28', '42', '11', '40'], ['56', '41', '9', '61', '1', '4', '58', '45', '10', '55', '54'], ['18', '21', '23', '17', '60', '8', '5', '22']]";"[['16', '24', '25', '29', '31', '51', '48', '52', '47', '53', '50', '57', '44', '49', '59'], ['7', '32', '37', '26', '13', '34', '12', '30', '35', '36', '38', '39', '33', '14'], ['2', '46', '6', '27', '3', '19', '20', '15', '43', '28', '42', '11', '40'], ['56', '41', '9', '61', '1', '4', '58', '45', '10', '55', '54'], ['18', '21', '23', '17', '60', '8', '5', '22']]";"[3, 2, 2, 3, 3, 2, 1, 3, 4, 4, 2, 1, 1, 3, 2, 0, 3, 3, 2, 2, 3, 3, 3, 0, 0, 1, 2, 2, 0, 1, 0, 1, 1, 1, 1, 1, 1, 1, 1, 2, 4, 2, 2, 0, 4, 2, 0, 0, 0, 0, 0, 0, 0, 4, 4, 4, 0, 3, 0, 3, 4]";"[3, 1, 1, 3, 3, 1, 2, 3, 4, 4, 1, 2, 2, 3, 1, 0, 3, 3, 1, 1, 3, 3, 3, 0, 0, 2, 1, 1, 0, 2, 0, 2, 2, 2, 2, 2, 2, 2, 2, 1, 4, 1, 1, 0, 4, 1, 0, 0, 0, 0, 0, 0, 0, 4, 4, 4, 0, 3, 0, 3, 4]";"[3, 2, 2, 3, 4, 2, 1, 4, 3, 3, 2, 1, 1, 1, 2, 0, 4, 4, 2, 2, 4, 4, 4, 0, 0, 1, 2, 2, 0, 1, 0, 1, 1, 1, 1, 1, 1, 1, 1, 2, 3, 2, 2, 0, 3, 2, 0, 0, 0, 0, 0, 0, 0, 3, 3, 3, 0, 3, 0, 4, 3]";"[3, 2, 2, 3, 4, 2, 1, 4, 3, 3, 2, 1, 1, 1, 2, 0, 4, 4, 2, 2, 4, 4, 4, 0, 0, 1, 2, 2, 0, 1, 0, 1, 1, 1, 1, 1, 1, 1, 1, 2, 3, 2, 2, 0, 3, 2, 0, 0, 0, 0, 0, 0, 0, 3, 3, 3, 0, 3, 0, 4, 3]"
14;3;"aucs";"flat_nw";4;0.4162;0.4196;0.4056;0.4067;"{'18': 0.3716577540106952, '21': 0.3181818181818182, '23': 0.2727272727272727, '14': 0.5438871473354232, '17': 0.22727272727272727, '1': 0.75, '4': 0.5681818181818181, '58': 0.7878787878787878, '8': 0.3484848484848485, '60': 0.75, '5': 0.4772727272727273, '22': 0.37727272727272726}";"{'18': 0.3716577540106952, '21': 0.3181818181818182, '23': 0.2727272727272727, '14': 0.538961038961039, '17': 0.22727272727272727, '1': 0.75, '4': 0.5681818181818181, '58': 0.7545454545454545, '8': 0.2902097902097902, '60': 0.6212121212121212, '5': 0.5419580419580419, '22': 0.43939393939393934}";"{'18': 0.42207792207792205, '21': 0.3181818181818182, '23': 0.2727272727272727, '14': 0.5438871473354232, '17': 0.22727272727272727, '1': 0.75, '4': 0.5681818181818181, '58': 0.7878787878787878, '8': 0.3484848484848485, '60': 0.75, '5': 0.4772727272727273, '22': 0.37727272727272726}";"{'18': 0.3716577540106952, '21': 0.4015151515151515, '23': 0.3441558441558441, '14': 0.5438871473354232, '17': 0.33838383838383834, '1': 0.75, '4': 0.5681818181818181, '58': 0.7878787878787878, '8': 0.3484848484848485, '60': 0.75, '5': 0.4772727272727273, '22': 0.37727272727272726}";0.0;0.0;0.4426406926406926;0.4426406926406926;1.0;0.874453305891433;0.874453305891433;1.0;0.897154322433119;0.897154322433119;1.0;1.0;1.0;1.0;1.0;1.0;0.002;0.0409;0.0053;"['18', '21', '23', '14', '17', '1', '4', '58', '8', '60', '5', '22']";"[('interD', ('14', '37')), ('intraA', ('60', '8')), ('interD', ('3', '58')), ('intraD', ('22', '5'))]";"[('interA', ('18', '7')), ('interA', ('18', '26')), ('interA', ('13', '18')), ('interA', ('18', '34'))]";"[('interA', ('21', '51')), ('interA', ('23', '31')), ('interA', ('17', '40')), ('interA', ('17', '27'))]";"[['16', '24', '25', '29', '31', '51', '48', '52', '47', '53', '50', '57', '44', '49', '59'], ['7', '32', '37', '26', '13', '34', '12', '30', '35', '36', '38', '39', '33'], ['2', '46', '6', '27', '3', '19', '20', '15', '43', '28', '42', '11', '40'], ['22', '18', '21', '23', '17', '1', '4', '58', '60', '8', '5', '14'], ['56', '41', '9', '61', '45', '10', '55', '54']]";"[['16', '24', '25', '29', '31', '51', '48', '52', '47', '53', '50', '57', '44', '49', '59'], ['7', '32', '37', '26', '13', '34', '12', '30', '35', '36', '38', '39', '33', '14'], ['2', '46', '6', '27', '3', '19', '20', '15', '43', '28', '42', '11', '40'], ['56', '41', '9', '61', '1', '4', '58', '45', '10', '55', '54'], ['18', '21', '23', '17', '60', '8', '5', '22']]";"[['16', '24', '25', '29', '31', '51', '48', '52', '47', '53', '50', '57', '44', '49', '59'], ['7', '32', '37', '26', '13', '34', '12', '30', '35', '36', '38', '39', '33', '14'], ['2', '46', '6', '27', '3', '19', '20', '15', '43', '28', '42', '11', '40'], ['56', '41', '9', '61', '1', '4', '58', '45', '10', '55', '54'], ['18', '21', '23', '17', '60', '8', '5', '22']]";"[3, 2, 2, 3, 3, 2, 1, 3, 4, 4, 2, 1, 1, 3, 2, 0, 3, 3, 2, 2, 3, 3, 3, 0, 0, 1, 2, 2, 0, 1, 0, 1, 1, 1, 1, 1, 1, 1, 1, 2, 4, 2, 2, 0, 4, 2, 0, 0, 0, 0, 0, 0, 0, 4, 4, 4, 0, 3, 0, 3, 4]";"[3, 2, 2, 3, 3, 2, 1, 3, 4, 4, 2, 1, 1, 3, 2, 0, 3, 3, 2, 2, 3, 3, 3, 0, 0, 1, 2, 2, 0, 1, 0, 1, 1, 1, 1, 1, 1, 1, 1, 2, 4, 2, 2, 0, 4, 2, 0, 0, 0, 0, 0, 0, 0, 4, 4, 4, 0, 3, 0, 3, 4]";"[3, 2, 2, 3, 4, 2, 1, 4, 3, 3, 2, 1, 1, 1, 2, 0, 4, 4, 2, 2, 4, 4, 4, 0, 0, 1, 2, 2, 0, 1, 0, 1, 1, 1, 1, 1, 1, 1, 1, 2, 3, 2, 2, 0, 3, 2, 0, 0, 0, 0, 0, 0, 0, 3, 3, 3, 0, 3, 0, 4, 3]";"[3, 2, 2, 3, 4, 2, 1, 4, 3, 3, 2, 1, 1, 1, 2, 0, 4, 4, 2, 2, 4, 4, 4, 0, 0, 1, 2, 2, 0, 1, 0, 1, 1, 1, 1, 1, 1, 1, 1, 2, 3, 2, 2, 0, 3, 2, 0, 0, 0, 0, 0, 0, 0, 3, 3, 3, 0, 3, 0, 4, 3]"
15;3;"aucs";"flat_nw";4;0.4162;0.423;0.4056;0.4074;"{'18': 0.3716577540106952, '21': 0.3181818181818182, '23': 0.2727272727272727, '14': 0.5438871473354232, '17': 0.22727272727272727, '1': 0.75, '4': 0.5681818181818181, '58': 0.7878787878787878, '8': 0.3484848484848485, '60': 0.75, '5': 0.4772727272727273, '22': 0.37727272727272726}";"{'18': 0.33636363636363636, '21': 0.3181818181818182, '23': 0.2727272727272727, '14': 0.538961038961039, '17': 0.18181818181818182, '1': 0.75, '4': 0.5681818181818181, '58': 0.6948051948051948, '8': 0.3484848484848485, '60': 0.75, '5': 0.4772727272727273, '22': 0.37727272727272726}";"{'18': 0.42207792207792205, '21': 0.3181818181818182, '23': 0.2727272727272727, '14': 0.5438871473354232, '17': 0.22727272727272727, '1': 0.75, '4': 0.5681818181818181, '58': 0.7878787878787878, '8': 0.3484848484848485, '60': 0.75, '5': 0.4772727272727273, '22': 0.37727272727272726}";"{'18': 0.3716577540106952, '21': 0.4015151515151515, '23': 0.3441558441558441, '14': 0.5438871473354232, '17': 0.33838383838383834, '1': 0.75, '4': 0.5681818181818181, '58': 0.7878787878787878, '8': 0.3484848484848485, '60': 0.75, '5': 0.4772727272727273, '22': 0.37727272727272726}";0.0;0.0;0.4426406926406926;0.2738095238095238;1.0;0.874453305891433;0.958151101963811;1.0;0.897154322433119;0.9636579250469968;1.0;1.0;1.0;1.0;1.0;1.0;0.0026;0.0731;0.0052;"['18', '21', '23', '14', '17', '1', '4', '58', '8', '60', '5', '22']";"[('interD', ('18', '32')), ('interD', ('14', '34')), ('interD', ('18', '37')), ('intraA', ('17', '58'))]";"[('interA', ('18', '7')), ('interA', ('18', '26')), ('interA', ('13', '18')), ('interA', ('18', '34'))]";"[('interA', ('19', '21')), ('interA', ('10', '23')), ('interA', ('17', '55')), ('interA', ('15', '17'))]";"[['16', '24', '25', '29', '31', '51', '48', '52', '47', '53', '50', '57', '44', '49', '59'], ['7', '32', '37', '26', '13', '34', '12', '30', '35', '36', '38', '39', '33'], ['2', '46', '6', '27', '3', '19', '20', '15', '43', '28', '42', '11', '40'], ['22', '18', '21', '23', '17', '1', '4', '58', '60', '8', '5', '14'], ['56', '41', '9', '61', '45', '10', '55', '54']]";"[['16', '24', '25', '29', '31', '51', '48', '52', '47', '53', '50', '57', '44', '49', '59'], ['7', '32', '37', '26', '13', '34', '12', '30', '35', '36', '38', '39', '33', '14'], ['2', '46', '6', '27', '3', '19', '20', '15', '43', '28', '42', '11', '40'], ['56', '41', '9', '61', '1', '4', '58', '45', '10', '55', '54'], ['18', '21', '23', '17', '60', '8', '5', '22']]";"[['16', '24', '25', '29', '31', '51', '48', '52', '47', '53', '50', '57', '44', '49', '59'], ['7', '32', '37', '26', '13', '34', '12', '30', '35', '36', '38', '39', '33', '14'], ['2', '46', '6', '27', '3', '19', '20', '15', '43', '28', '42', '11', '40'], ['18', '21', '23', '17', '1', '4', '58', '60', '8', '5', '22'], ['56', '41', '9', '61', '45', '10', '55', '54']]";"[3, 2, 2, 3, 3, 2, 1, 3, 4, 4, 2, 1, 1, 3, 2, 0, 3, 3, 2, 2, 3, 3, 3, 0, 0, 1, 2, 2, 0, 1, 0, 1, 1, 1, 1, 1, 1, 1, 1, 2, 4, 2, 2, 0, 4, 2, 0, 0, 0, 0, 0, 0, 0, 4, 4, 4, 0, 3, 0, 3, 4]";"[3, 2, 2, 3, 3, 2, 1, 3, 4, 4, 2, 1, 1, 3, 2, 0, 3, 3, 2, 2, 3, 3, 3, 0, 0, 1, 2, 2, 0, 1, 0, 1, 1, 1, 1, 1, 1, 1, 1, 2, 4, 2, 2, 0, 4, 2, 0, 0, 0, 0, 0, 0, 0, 4, 4, 4, 0, 3, 0, 3, 4]";"[3, 2, 2, 3, 4, 2, 1, 4, 3, 3, 2, 1, 1, 1, 2, 0, 4, 4, 2, 2, 4, 4, 4, 0, 0, 1, 2, 2, 0, 1, 0, 1, 1, 1, 1, 1, 1, 1, 1, 2, 3, 2, 2, 0, 3, 2, 0, 0, 0, 0, 0, 0, 0, 3, 3, 3, 0, 3, 0, 4, 3]";"[3, 2, 2, 3, 3, 2, 1, 3, 4, 4, 2, 1, 1, 1, 2, 0, 3, 3, 2, 2, 3, 3, 3, 0, 0, 1, 2, 2, 0, 1, 0, 1, 1, 1, 1, 1, 1, 1, 1, 2, 4, 2, 2, 0, 4, 2, 0, 0, 0, 0, 0, 0, 0, 4, 4, 4, 0, 3, 0, 3, 4]"
16;3;"aucs";"flat_nw";4;0.4162;0.4204;0.4056;0.4067;"{'18': 0.3716577540106952, '21': 0.3181818181818182, '23': 0.2727272727272727, '14': 0.5438871473354232, '17': 0.22727272727272727, '1': 0.75, '4': 0.5681818181818181, '58': 0.7878787878787878, '8': 0.3484848484848485, '60': 0.75, '5': 0.4772727272727273, '22': 0.37727272727272726}";"{'18': 0.3716577540106952, '21': 0.3181818181818182, '23': 0.2727272727272727, '14': 0.5872727272727273, '17': 0.22727272727272727, '1': 0.75, '4': 0.6414141414141414, '58': 0.7878787878787878, '8': 0.3484848484848485, '60': 0.75, '5': 0.4772727272727273, '22': 0.37727272727272726}";"{'18': 0.42207792207792205, '21': 0.3181818181818182, '23': 0.2727272727272727, '14': 0.5438871473354232, '17': 0.22727272727272727, '1': 0.75, '4': 0.5681818181818181, '58': 0.7878787878787878, '8': 0.3484848484848485, '60': 0.75, '5': 0.4772727272727273, '22': 0.37727272727272726}";"{'18': 0.3716577540106952, '21': 0.4015151515151515, '23': 0.3441558441558441, '14': 0.5438871473354232, '17': 0.33838383838383834, '1': 0.75, '4': 0.5681818181818181, '58': 0.7878787878787878, '8': 0.3484848484848485, '60': 0.75, '5': 0.4772727272727273, '22': 0.37727272727272726}";0.0;0.0;0.4426406926406926;0.4426406926406926;1.0;0.874453305891433;0.874453305891433;1.0;0.897154322433119;0.897154322433119;1.0;1.0;1.0;1.0;1.0;1.0;0.0016;0.0431;0.0064;"['18', '21', '23', '14', '17', '1', '4', '58', '8', '60', '5', '22']";"[('interD', ('14', '32')), ('interD', ('14', '37')), ('intraD', ('14', '4')), ('interD', ('14', '34'))]";"[('interA', ('18', '7')), ('interA', ('18', '26')), ('interA', ('13', '18')), ('interA', ('18', '34'))]";"[('interA', ('21', '56')), ('interA', ('2', '23')), ('interA', ('17', '59')), ('interA', ('17', '30'))]";"[['16', '24', '25', '29', '31', '51', '48', '52', '47', '53', '50', '57', '44', '49', '59'], ['2', '46', '6', '27', '3', '19', '20', '15', '43', '28', '42', '11', '40'], ['7', '32', '37', '26', '13', '34', '12', '30', '35', '36', '38', '39', '33'], ['22', '18', '21', '23', '17', '1', '4', '58', '60', '8', '5', '14'], ['56', '41', '9', '61', '45', '10', '55', '54']]";"[['16', '24', '25', '29', '31', '51', '48', '52', '47', '53', '50', '57', '44', '49', '59'], ['7', '32', '37', '26', '13', '34', '12', '30', '35', '36', '38', '39', '33', '14'], ['2', '46', '6', '27', '3', '19', '20', '15', '43', '28', '42', '11', '40'], ['56', '41', '9', '61', '1', '4', '58', '45', '10', '55', '54'], ['18', '21', '23', '17', '60', '8', '5', '22']]";"[['16', '24', '25', '29', '31', '51', '48', '52', '47', '53', '50', '57', '44', '49', '59'], ['7', '32', '37', '26', '13', '34', '12', '30', '35', '36', '38', '39', '33', '14'], ['2', '46', '6', '27', '3', '19', '20', '15', '43', '28', '42', '11', '40'], ['56', '41', '9', '61', '1', '4', '58', '45', '10', '55', '54'], ['18', '21', '23', '17', '60', '8', '5', '22']]";"[3, 2, 2, 3, 3, 2, 1, 3, 4, 4, 2, 1, 1, 3, 2, 0, 3, 3, 2, 2, 3, 3, 3, 0, 0, 1, 2, 2, 0, 1, 0, 1, 1, 1, 1, 1, 1, 1, 1, 2, 4, 2, 2, 0, 4, 2, 0, 0, 0, 0, 0, 0, 0, 4, 4, 4, 0, 3, 0, 3, 4]";"[3, 1, 1, 3, 3, 1, 2, 3, 4, 4, 1, 2, 2, 3, 1, 0, 3, 3, 1, 1, 3, 3, 3, 0, 0, 2, 1, 1, 0, 2, 0, 2, 2, 2, 2, 2, 2, 2, 2, 1, 4, 1, 1, 0, 4, 1, 0, 0, 0, 0, 0, 0, 0, 4, 4, 4, 0, 3, 0, 3, 4]";"[3, 2, 2, 3, 4, 2, 1, 4, 3, 3, 2, 1, 1, 1, 2, 0, 4, 4, 2, 2, 4, 4, 4, 0, 0, 1, 2, 2, 0, 1, 0, 1, 1, 1, 1, 1, 1, 1, 1, 2, 3, 2, 2, 0, 3, 2, 0, 0, 0, 0, 0, 0, 0, 3, 3, 3, 0, 3, 0, 4, 3]";"[3, 2, 2, 3, 4, 2, 1, 4, 3, 3, 2, 1, 1, 1, 2, 0, 4, 4, 2, 2, 4, 4, 4, 0, 0, 1, 2, 2, 0, 1, 0, 1, 1, 1, 1, 1, 1, 1, 1, 2, 3, 2, 2, 0, 3, 2, 0, 0, 0, 0, 0, 0, 0, 3, 3, 3, 0, 3, 0, 4, 3]"
17;3;"aucs";"flat_nw";4;0.4162;0.4163;0.4056;0.4058;"{'18': 0.3716577540106952, '21': 0.3181818181818182, '23': 0.2727272727272727, '14': 0.5438871473354232, '17': 0.22727272727272727, '1': 0.75, '4': 0.5681818181818181, '58': 0.7878787878787878, '8': 0.3484848484848485, '60': 0.75, '5': 0.4772727272727273, '22': 0.37727272727272726}";"{'18': 0.4318181818181818, '21': 0.3181818181818182, '23': 0.2727272727272727, '14': 0.6022727272727273, '17': 0.22727272727272727, '1': 0.6212121212121212, '4': 0.8116883116883117, '58': 0.7878787878787878, '8': 0.40909090909090906, '60': 0.6212121212121212, '5': 0.4772727272727273, '22': 0.37727272727272726}";"{'18': 0.42207792207792205, '21': 0.3181818181818182, '23': 0.2727272727272727, '14': 0.5438871473354232, '17': 0.22727272727272727, '1': 0.75, '4': 0.5681818181818181, '58': 0.7878787878787878, '8': 0.3484848484848485, '60': 0.75, '5': 0.4772727272727273, '22': 0.37727272727272726}";"{'18': 0.3716577540106952, '21': 0.4015151515151515, '23': 0.3441558441558441, '14': 0.5438871473354232, '17': 0.33838383838383834, '1': 0.75, '4': 0.5681818181818181, '58': 0.7878787878787878, '8': 0.3484848484848485, '60': 0.75, '5': 0.4772727272727273, '22': 0.37727272727272726}";0.0;0.3578431372549019;0.4426406926406926;0.4426406926406926;0.8562894404711822;0.874453305891433;0.874453305891433;0.9120757747573756;0.897154322433119;0.897154322433119;1.0;1.0;1.0;1.0;1.0;1.0;0.0016;0.0464;0.0051;"['18', '21', '23', '14', '17', '1', '4', '58', '8', '60', '5', '22']";"[('intraD', ('4', '8')), ('intraA', ('1', '60')), ('intraD', ('14', '4')), ('intraD', ('18', '4'))]";"[('interA', ('18', '7')), ('interA', ('18', '26')), ('interA', ('13', '18')), ('interA', ('18', '34'))]";"[('interA', ('21', '47')), ('interA', ('23', '39')), ('interA', ('17', '34')), ('interA', ('17', '26'))]";"[['2', '46', '6', '27', '3', '19', '20', '15', '1', '4', '28', '43', '58', '60', '42', '11', '40'], ['16', '24', '25', '29', '31', '51', '48', '52', '47', '53', '50', '57', '44', '49', '59'], ['7', '32', '37', '26', '13', '34', '12', '30', '35', '36', '38', '39', '33'], ['22', '18', '21', '23', '17', '8', '5', '14'], ['56', '41', '9', '61', '45', '10', '55', '54']]";"[['16', '24', '25', '29', '31', '51', '48', '52', '47', '53', '50', '57', '44', '49', '59'], ['7', '32', '37', '26', '13', '34', '12', '30', '35', '36', '38', '39', '33', '14'], ['2', '46', '6', '27', '3', '19', '20', '15', '43', '28', '42', '11', '40'], ['56', '41', '9', '61', '1', '4', '58', '45', '10', '55', '54'], ['18', '21', '23', '17', '60', '8', '5', '22']]";"[['16', '24', '25', '29', '31', '51', '48', '52', '47', '53', '50', '57', '44', '49', '59'], ['7', '32', '37', '26', '13', '34', '12', '30', '35', '36', '38', '39', '33', '14'], ['2', '46', '6', '27', '3', '19', '20', '15', '43', '28', '42', '11', '40'], ['56', '41', '9', '61', '1', '4', '58', '45', '10', '55', '54'], ['18', '21', '23', '17', '60', '8', '5', '22']]";"[3, 2, 2, 3, 3, 2, 1, 3, 4, 4, 2, 1, 1, 3, 2, 0, 3, 3, 2, 2, 3, 3, 3, 0, 0, 1, 2, 2, 0, 1, 0, 1, 1, 1, 1, 1, 1, 1, 1, 2, 4, 2, 2, 0, 4, 2, 0, 0, 0, 0, 0, 0, 0, 4, 4, 4, 0, 3, 0, 3, 4]";"[0, 0, 0, 0, 3, 0, 2, 3, 4, 4, 0, 2, 2, 3, 0, 1, 3, 3, 0, 0, 3, 3, 3, 1, 1, 2, 0, 0, 1, 2, 1, 2, 2, 2, 2, 2, 2, 2, 2, 0, 4, 0, 0, 1, 4, 0, 1, 1, 1, 1, 1, 1, 1, 4, 4, 4, 1, 0, 1, 0, 4]";"[3, 2, 2, 3, 4, 2, 1, 4, 3, 3, 2, 1, 1, 1, 2, 0, 4, 4, 2, 2, 4, 4, 4, 0, 0, 1, 2, 2, 0, 1, 0, 1, 1, 1, 1, 1, 1, 1, 1, 2, 3, 2, 2, 0, 3, 2, 0, 0, 0, 0, 0, 0, 0, 3, 3, 3, 0, 3, 0, 4, 3]";"[3, 2, 2, 3, 4, 2, 1, 4, 3, 3, 2, 1, 1, 1, 2, 0, 4, 4, 2, 2, 4, 4, 4, 0, 0, 1, 2, 2, 0, 1, 0, 1, 1, 1, 1, 1, 1, 1, 1, 2, 3, 2, 2, 0, 3, 2, 0, 0, 0, 0, 0, 0, 0, 3, 3, 3, 0, 3, 0, 4, 3]"
18;3;"aucs";"flat_nw";4;0.4162;0.4138;0.4056;0.4065;"{'18': 0.3716577540106952, '21': 0.3181818181818182, '23': 0.2727272727272727, '14': 0.5438871473354232, '17': 0.22727272727272727, '1': 0.75, '4': 0.5681818181818181, '58': 0.7878787878787878, '8': 0.3484848484848485, '60': 0.75, '5': 0.4772727272727273, '22': 0.37727272727272726}";"{'18': 0.4318181818181818, '21': 0.4090909090909091, '23': 0.2727272727272727, '14': 0.5438871473354232, '17': 0.22727272727272727, '1': 0.75, '4': 0.5681818181818181, '58': 0.7878787878787878, '8': 0.3484848484848485, '60': 0.75, '5': 0.4772727272727273, '22': 0.43939393939393934}";"{'18': 0.42207792207792205, '21': 0.3181818181818182, '23': 0.2727272727272727, '14': 0.5438871473354232, '17': 0.22727272727272727, '1': 0.75, '4': 0.5681818181818181, '58': 0.7878787878787878, '8': 0.3484848484848485, '60': 0.75, '5': 0.4772727272727273, '22': 0.37727272727272726}";"{'18': 0.3716577540106952, '21': 0.4015151515151515, '23': 0.3441558441558441, '14': 0.5438871473354232, '17': 0.33838383838383834, '1': 0.75, '4': 0.5681818181818181, '58': 0.7878787878787878, '8': 0.3484848484848485, '60': 0.75, '5': 0.4772727272727273, '22': 0.37727272727272726}";0.0;0.2932692307692308;0.4426406926406926;0.4426406926406926;0.9196180472666508;0.874453305891433;0.874453305891433;0.9281697666967568;0.897154322433119;0.897154322433119;0.9720836383058692;1.0;1.0;0.974273070421856;1.0;1.0;0.0015;0.0412;0.0078;"['18', '21', '23', '14', '17', '1', '4', '58', '8', '60', '5', '22']";"[('intraA', ('60', '8')), ('intraD', ('21', '8')), ('intraD', ('18', '60')), ('intraD', ('21', '22'))]";"[('interA', ('18', '7')), ('interA', ('18', '26')), ('interA', ('13', '18')), ('interA', ('18', '34'))]";"[('interA', ('21', '9')), ('interA', ('23', '37')), ('interA', ('17', '44')), ('interA', ('17', '31'))]";"[['16', '24', '25', '29', '31', '51', '48', '52', '47', '53', '50', '57', '44', '49', '59'], ['2', '46', '6', '27', '19', '20', '15', '1', '43', '28', '42', '11', '40'], ['7', '32', '37', '26', '13', '34', '12', '30', '35', '36', '38', '39', '33'], ['22', '18', '21', '23', '17', '3', '4', '58', '60', '8', '5', '14'], ['56', '41', '9', '61', '45', '10', '55', '54']]";"[['16', '24', '25', '29', '31', '51', '48', '52', '47', '53', '50', '57', '44', '49', '59'], ['7', '32', '37', '26', '13', '34', '12', '30', '35', '36', '38', '39', '33', '14'], ['2', '46', '6', '27', '3', '19', '20', '15', '43', '28', '42', '11', '40'], ['56', '41', '9', '61', '1', '4', '58', '45', '10', '55', '54'], ['18', '21', '23', '17', '60', '8', '5', '22']]";"[['16', '24', '25', '29', '31', '51', '48', '52', '47', '53', '50', '57', '44', '49', '59'], ['7', '32', '37', '26', '13', '34', '12', '30', '35', '36', '38', '39', '33', '14'], ['2', '46', '6', '27', '3', '19', '20', '15', '43', '28', '42', '11', '40'], ['56', '41', '9', '61', '1', '4', '58', '45', '10', '55', '54'], ['18', '21', '23', '17', '60', '8', '5', '22']]";"[3, 2, 2, 3, 3, 2, 1, 3, 4, 4, 2, 1, 1, 3, 2, 0, 3, 3, 2, 2, 3, 3, 3, 0, 0, 1, 2, 2, 0, 1, 0, 1, 1, 1, 1, 1, 1, 1, 1, 2, 4, 2, 2, 0, 4, 2, 0, 0, 0, 0, 0, 0, 0, 4, 4, 4, 0, 3, 0, 3, 4]";"[1, 1, 3, 3, 3, 1, 2, 3, 4, 4, 1, 2, 2, 3, 1, 0, 3, 3, 1, 1, 3, 3, 3, 0, 0, 2, 1, 1, 0, 2, 0, 2, 2, 2, 2, 2, 2, 2, 2, 1, 4, 1, 1, 0, 4, 1, 0, 0, 0, 0, 0, 0, 0, 4, 4, 4, 0, 3, 0, 3, 4]";"[3, 2, 2, 3, 4, 2, 1, 4, 3, 3, 2, 1, 1, 1, 2, 0, 4, 4, 2, 2, 4, 4, 4, 0, 0, 1, 2, 2, 0, 1, 0, 1, 1, 1, 1, 1, 1, 1, 1, 2, 3, 2, 2, 0, 3, 2, 0, 0, 0, 0, 0, 0, 0, 3, 3, 3, 0, 3, 0, 4, 3]";"[3, 2, 2, 3, 4, 2, 1, 4, 3, 3, 2, 1, 1, 1, 2, 0, 4, 4, 2, 2, 4, 4, 4, 0, 0, 1, 2, 2, 0, 1, 0, 1, 1, 1, 1, 1, 1, 1, 1, 2, 3, 2, 2, 0, 3, 2, 0, 0, 0, 0, 0, 0, 0, 3, 3, 3, 0, 3, 0, 4, 3]"
19;3;"aucs";"flat_nw";4;0.4162;0.413;0.4056;0.4063;"{'18': 0.3716577540106952, '21': 0.3181818181818182, '23': 0.2727272727272727, '14': 0.5438871473354232, '17': 0.22727272727272727, '1': 0.75, '4': 0.5681818181818181, '58': 0.7878787878787878, '8': 0.3484848484848485, '60': 0.75, '5': 0.4772727272727273, '22': 0.37727272727272726}";"{'18': 0.3716577540106952, '21': 0.3181818181818182, '23': 0.2727272727272727, '14': 0.6022727272727273, '17': 0.2897727272727273, '1': 0.75, '4': 0.6414141414141414, '58': 0.8116883116883117, '8': 0.3484848484848485, '60': 0.75, '5': 0.4772727272727273, '22': 0.33838383838383834}";"{'18': 0.42207792207792205, '21': 0.3181818181818182, '23': 0.2727272727272727, '14': 0.5438871473354232, '17': 0.22727272727272727, '1': 0.75, '4': 0.5681818181818181, '58': 0.7878787878787878, '8': 0.3484848484848485, '60': 0.75, '5': 0.4772727272727273, '22': 0.37727272727272726}";"{'18': 0.3716577540106952, '21': 0.4015151515151515, '23': 0.3441558441558441, '14': 0.5438871473354232, '17': 0.33838383838383834, '1': 0.75, '4': 0.5681818181818181, '58': 0.7878787878787878, '8': 0.3484848484848485, '60': 0.75, '5': 0.4772727272727273, '22': 0.37727272727272726}";0.0;0.2738095238095238;0.4426406926406926;0.4426406926406926;0.958151101963811;0.874453305891433;0.874453305891433;0.9636579250469968;0.897154322433119;0.897154322433119;1.0;1.0;1.0;1.0;1.0;1.0;0.0026;0.0412;0.0078;"['18', '21', '23', '14', '17', '1', '4', '58', '8', '60', '5', '22']";"[('interA', ('33', '58')), ('interD', ('22', '34')), ('interA', ('15', '17')), ('intraD', ('14', '4'))]";"[('interA', ('18', '7')), ('interA', ('18', '26')), ('interA', ('13', '18')), ('interA', ('18', '34'))]";"[('interA', ('21', '25')), ('interA', ('23', '57')), ('interA', ('17', '2')), ('interA', ('17', '33'))]";"[['16', '24', '25', '29', '31', '51', '48', '52', '47', '53', '50', '57', '44', '49', '59'], ['7', '32', '37', '26', '13', '34', '12', '30', '35', '36', '38', '39', '33', '14'], ['2', '46', '6', '27', '3', '19', '20', '15', '43', '28', '42', '11', '40'], ['18', '21', '23', '17', '1', '4', '58', '60', '8', '5', '22'], ['56', '41', '9', '61', '45', '10', '55', '54']]";"[['16', '24', '25', '29', '31', '51', '48', '52', '47', '53', '50', '57', '44', '49', '59'], ['7', '32', '37', '26', '13', '34', '12', '30', '35', '36', '38', '39', '33', '14'], ['2', '46', '6', '27', '3', '19', '20', '15', '43', '28', '42', '11', '40'], ['56', '41', '9', '61', '1', '4', '58', '45', '10', '55', '54'], ['18', '21', '23', '17', '60', '8', '5', '22']]";"[['16', '24', '25', '29', '31', '51', '48', '52', '47', '53', '50', '57', '44', '49', '59'], ['7', '32', '37', '26', '13', '34', '12', '30', '35', '36', '38', '39', '33', '14'], ['2', '46', '6', '27', '3', '19', '20', '15', '43', '28', '42', '11', '40'], ['56', '41', '9', '61', '1', '4', '58', '45', '10', '55', '54'], ['18', '21', '23', '17', '60', '8', '5', '22']]";"[3, 2, 2, 3, 3, 2, 1, 3, 4, 4, 2, 1, 1, 3, 2, 0, 3, 3, 2, 2, 3, 3, 3, 0, 0, 1, 2, 2, 0, 1, 0, 1, 1, 1, 1, 1, 1, 1, 1, 2, 4, 2, 2, 0, 4, 2, 0, 0, 0, 0, 0, 0, 0, 4, 4, 4, 0, 3, 0, 3, 4]";"[3, 2, 2, 3, 3, 2, 1, 3, 4, 4, 2, 1, 1, 1, 2, 0, 3, 3, 2, 2, 3, 3, 3, 0, 0, 1, 2, 2, 0, 1, 0, 1, 1, 1, 1, 1, 1, 1, 1, 2, 4, 2, 2, 0, 4, 2, 0, 0, 0, 0, 0, 0, 0, 4, 4, 4, 0, 3, 0, 3, 4]";"[3, 2, 2, 3, 4, 2, 1, 4, 3, 3, 2, 1, 1, 1, 2, 0, 4, 4, 2, 2, 4, 4, 4, 0, 0, 1, 2, 2, 0, 1, 0, 1, 1, 1, 1, 1, 1, 1, 1, 2, 3, 2, 2, 0, 3, 2, 0, 0, 0, 0, 0, 0, 0, 3, 3, 3, 0, 3, 0, 4, 3]";"[3, 2, 2, 3, 4, 2, 1, 4, 3, 3, 2, 1, 1, 1, 2, 0, 4, 4, 2, 2, 4, 4, 4, 0, 0, 1, 2, 2, 0, 1, 0, 1, 1, 1, 1, 1, 1, 1, 1, 2, 3, 2, 2, 0, 3, 2, 0, 0, 0, 0, 0, 0, 0, 3, 3, 3, 0, 3, 0, 4, 3]"
0;4;"aucs";"flat_nw";4;0.4162;0.4192;0.4094;0.4099;"{'56': 0.14285714285714285, '9': 0.2976190476190476, '41': 0.5, '61': 0.2857142857142857, '45': 0.4368131868131868, '10': 0.75, '55': 0.26785714285714285, '54': 0.5571428571428572}";"{'56': 0.14285714285714285, '9': 0.2976190476190476, '41': 0.5, '61': 0.21428571428571427, '45': 0.4314285714285714, '10': 0.6523809523809523, '55': 0.3571428571428571, '54': 0.45238095238095233}";"{'56': 0.42857142857142855, '9': 0.3857142857142857, '41': 0.5, '61': 0.35714285714285715, '45': 0.5228571428571429, '10': 0.8516483516483516, '55': 0.26785714285714285, '54': 0.5571428571428572}";"{'56': 0.26785714285714285, '9': 0.3571428571428571, '41': 0.5, '61': 0.3857142857142857, '45': 0.4368131868131868, '10': 0.75, '55': 0.26785714285714285, '54': 0.5571428571428572}";0.0;0.0;0.0;0.1363636363636363;1.0;1.0;0.874453305891433;1.0;1.0;0.897154322433119;1.0;1.0;0.9014872822917194;1.0;1.0;0.9117606749303284;0.0015;0.0366;0.0041;"['56', '9', '41', '61', '45', '10', '55', '54']";"[('interD', ('45', '58')), ('intraD', ('41', '55')), ('intraA', ('10', '61')), ('intraA', ('41', '54'))]";"[('intraD', ('56', '9')), ('intraD', ('56', '61')), ('intraD', ('45', '56')), ('intraD', ('10', '56'))]";"[('interA', ('40', '56')), ('interA', ('11', '61')), ('interA', ('4', '56')), ('interA', ('18', '9'))]";"[['16', '24', '25', '29', '31', '51', '48', '52', '47', '53', '50', '57', '44', '49', '59'], ['7', '32', '37', '26', '13', '34', '12', '30', '35', '36', '38', '39', '33'], ['2', '46', '6', '27', '3', '19', '20', '15', '43', '28', '42', '11', '40'], ['22', '18', '21', '23', '17', '1', '4', '58', '60', '8', '5', '14'], ['56', '41', '9', '61', '45', '10', '55', '54']]";"[['16', '24', '25', '29', '31', '51', '48', '52', '47', '53', '50', '57', '44', '49', '59'], ['7', '32', '37', '26', '13', '34', '12', '30', '35', '36', '38', '39', '33'], ['2', '46', '6', '27', '3', '19', '20', '15', '43', '28', '42', '11', '40'], ['22', '18', '21', '23', '17', '1', '4', '58', '60', '8', '5', '14'], ['56', '41', '9', '61', '45', '10', '55', '54']]";"[['16', '24', '25', '29', '31', '51', '48', '52', '47', '53', '50', '57', '44', '49', '59'], ['7', '32', '37', '26', '13', '34', '12', '30', '35', '36', '38', '39', '33', '14'], ['2', '46', '6', '27', '3', '19', '20', '15', '43', '28', '42', '11', '40'], ['56', '41', '9', '61', '1', '4', '58', '45', '10', '55', '54'], ['18', '21', '23', '17', '60', '8', '5', '22']]";"[3, 2, 2, 3, 3, 2, 1, 3, 4, 4, 2, 1, 1, 3, 2, 0, 3, 3, 2, 2, 3, 3, 3, 0, 0, 1, 2, 2, 0, 1, 0, 1, 1, 1, 1, 1, 1, 1, 1, 2, 4, 2, 2, 0, 4, 2, 0, 0, 0, 0, 0, 0, 0, 4, 4, 4, 0, 3, 0, 3, 4]";"[3, 2, 2, 3, 3, 2, 1, 3, 4, 4, 2, 1, 1, 3, 2, 0, 3, 3, 2, 2, 3, 3, 3, 0, 0, 1, 2, 2, 0, 1, 0, 1, 1, 1, 1, 1, 1, 1, 1, 2, 4, 2, 2, 0, 4, 2, 0, 0, 0, 0, 0, 0, 0, 4, 4, 4, 0, 3, 0, 3, 4]";"[3, 2, 2, 3, 3, 2, 1, 3, 4, 4, 2, 1, 1, 3, 2, 0, 3, 3, 2, 2, 3, 3, 3, 0, 0, 1, 2, 2, 0, 1, 0, 1, 1, 1, 1, 1, 1, 1, 1, 2, 4, 2, 2, 0, 4, 2, 0, 0, 0, 0, 0, 0, 0, 4, 4, 4, 0, 3, 0, 3, 4]";"[3, 2, 2, 3, 4, 2, 1, 4, 3, 3, 2, 1, 1, 1, 2, 0, 4, 4, 2, 2, 4, 4, 4, 0, 0, 1, 2, 2, 0, 1, 0, 1, 1, 1, 1, 1, 1, 1, 1, 2, 3, 2, 2, 0, 3, 2, 0, 0, 0, 0, 0, 0, 0, 3, 3, 3, 0, 3, 0, 4, 3]"
1;4;"aucs";"flat_nw";4;0.4162;0.413;0.4094;0.4074;"{'56': 0.14285714285714285, '9': 0.2976190476190476, '41': 0.5, '61': 0.2857142857142857, '45': 0.4368131868131868, '10': 0.75, '55': 0.26785714285714285, '54': 0.5571428571428572}";"{'56': 0.14285714285714285, '9': 0.2976190476190476, '41': 0.6428571428571428, '61': 0.2857142857142857, '45': 0.4314285714285714, '10': 0.75, '55': 0.26785714285714285, '54': 0.45238095238095233}";"{'56': 0.42857142857142855, '9': 0.3857142857142857, '41': 0.5, '61': 0.35714285714285715, '45': 0.5228571428571429, '10': 0.8516483516483516, '55': 0.26785714285714285, '54': 0.5571428571428572}";"{'56': 0.26785714285714285, '9': 0.3571428571428571, '41': 0.5, '61': 0.3857142857142857, '45': 0.4368131868131868, '10': 0.75, '55': 0.26785714285714285, '54': 0.5571428571428572}";0.0;0.0;0.0;0.0;0.958151101963811;1.0;0.958151101963811;0.9636579250469968;1.0;0.9636579250469968;0.951986202130656;1.0;0.951986202130656;0.9518930134573276;1.0;0.9518930134573276;0.0014;0.0361;0.0038;"['56', '9', '41', '61', '45', '10', '55', '54']";"[('intraA', ('10', '54')), ('interA', ('27', '41')), ('interD', ('34', '45')), ('intraD', ('10', '41'))]";"[('intraD', ('56', '9')), ('intraD', ('56', '61')), ('intraD', ('45', '56')), ('intraD', ('10', '56'))]";"[('interA', ('22', '56')), ('interA', ('60', '61')), ('interA', ('25', '56')), ('interA', ('15', '9'))]";"[['16', '24', '25', '29', '31', '51', '48', '52', '47', '53', '50', '57', '44', '49', '59'], ['7', '32', '37', '26', '13', '34', '12', '30', '35', '36', '38', '39', '33', '14'], ['2', '46', '6', '27', '3', '19', '20', '15', '43', '28', '42', '11', '40'], ['18', '21', '23', '17', '1', '4', '58', '60', '8', '5', '22'], ['56', '41', '9', '61', '45', '10', '55', '54']]";"[['16', '24', '25', '29', '31', '51', '48', '52', '47', '53', '50', '57', '44', '49', '59'], ['2', '46', '6', '27', '3', '19', '20', '15', '43', '28', '42', '11', '40'], ['7', '32', '37', '26', '13', '34', '12', '30', '35', '36', '38', '39', '33'], ['22', '18', '21', '23', '17', '1', '4', '58', '60', '8', '5', '14'], ['56', '41', '9', '61', '45', '10', '55', '54']]";"[['16', '24', '25', '29', '31', '51', '48', '52', '47', '53', '50', '57', '44', '49', '59'], ['7', '32', '37', '26', '13', '34', '12', '30', '35', '36', '38', '39', '33', '14'], ['2', '46', '6', '27', '3', '19', '20', '15', '43', '28', '42', '11', '40'], ['18', '21', '23', '17', '1', '4', '58', '60', '8', '5', '22'], ['56', '41', '9', '61', '45', '10', '55', '54']]";"[3, 2, 2, 3, 3, 2, 1, 3, 4, 4, 2, 1, 1, 3, 2, 0, 3, 3, 2, 2, 3, 3, 3, 0, 0, 1, 2, 2, 0, 1, 0, 1, 1, 1, 1, 1, 1, 1, 1, 2, 4, 2, 2, 0, 4, 2, 0, 0, 0, 0, 0, 0, 0, 4, 4, 4, 0, 3, 0, 3, 4]";"[3, 2, 2, 3, 3, 2, 1, 3, 4, 4, 2, 1, 1, 1, 2, 0, 3, 3, 2, 2, 3, 3, 3, 0, 0, 1, 2, 2, 0, 1, 0, 1, 1, 1, 1, 1, 1, 1, 1, 2, 4, 2, 2, 0, 4, 2, 0, 0, 0, 0, 0, 0, 0, 4, 4, 4, 0, 3, 0, 3, 4]";"[3, 1, 1, 3, 3, 1, 2, 3, 4, 4, 1, 2, 2, 3, 1, 0, 3, 3, 1, 1, 3, 3, 3, 0, 0, 2, 1, 1, 0, 2, 0, 2, 2, 2, 2, 2, 2, 2, 2, 1, 4, 1, 1, 0, 4, 1, 0, 0, 0, 0, 0, 0, 0, 4, 4, 4, 0, 3, 0, 3, 4]";"[3, 2, 2, 3, 3, 2, 1, 3, 4, 4, 2, 1, 1, 1, 2, 0, 3, 3, 2, 2, 3, 3, 3, 0, 0, 1, 2, 2, 0, 1, 0, 1, 1, 1, 1, 1, 1, 1, 1, 2, 4, 2, 2, 0, 4, 2, 0, 0, 0, 0, 0, 0, 0, 4, 4, 4, 0, 3, 0, 3, 4]"
2;4;"aucs";"flat_nw";4;0.4162;0.4162;0.4094;0.411;"{'56': 0.14285714285714285, '9': 0.2976190476190476, '41': 0.5, '61': 0.2857142857142857, '45': 0.4368131868131868, '10': 0.75, '55': 0.26785714285714285, '54': 0.5571428571428572}";"{'56': 0.14285714285714285, '9': 0.3857142857142857, '41': 0.4017857142857143, '61': 0.35714285714285715, '45': 0.5228571428571429, '10': 0.6523809523809523, '55': 0.26785714285714285, '54': 0.45238095238095233}";"{'56': 0.42857142857142855, '9': 0.3857142857142857, '41': 0.5, '61': 0.35714285714285715, '45': 0.5228571428571429, '10': 0.8516483516483516, '55': 0.26785714285714285, '54': 0.5571428571428572}";"{'56': 0.26785714285714285, '9': 0.3571428571428571, '41': 0.5, '61': 0.3857142857142857, '45': 0.4368131868131868, '10': 0.75, '55': 0.26785714285714285, '54': 0.5571428571428572}";0.0;0.0;0.0;0.0555555555555555;1.0;1.0;0.9666918928239564;1.0;1.0;0.9661272707646776;1.0;1.0;0.9776888090787323;1.0;1.0;0.977058679642414;0.0017;0.0352;0.0039;"['56', '9', '41', '61', '45', '10', '55', '54']";"[('intraD', ('45', '61')), ('intraD', ('56', '9')), ('intraA', ('41', '56')), ('intraA', ('10', '54'))]";"[('intraD', ('56', '9')), ('intraD', ('56', '61')), ('intraD', ('45', '56')), ('intraD', ('10', '56'))]";"[('interA', ('56', '60')), ('interA', ('22', '61')), ('interA', ('2', '56')), ('interA', ('47', '9'))]";"[['16', '24', '25', '29', '31', '51', '48', '52', '47', '53', '50', '57', '44', '49', '59'], ['7', '32', '37', '26', '13', '34', '12', '30', '35', '36', '38', '39', '33'], ['2', '46', '6', '27', '3', '19', '20', '15', '43', '28', '42', '11', '40'], ['22', '18', '21', '23', '17', '1', '4', '58', '60', '8', '5', '14'], ['56', '41', '9', '61', '45', '10', '55', '54']]";"[['16', '24', '25', '29', '31', '51', '48', '52', '47', '53', '50', '57', '44', '49', '59'], ['7', '32', '37', '26', '13', '34', '12', '30', '35', '36', '38', '39', '33'], ['2', '46', '6', '27', '3', '19', '20', '15', '43', '28', '42', '11', '40'], ['22', '18', '21', '23', '17', '1', '4', '58', '60', '8', '5', '14'], ['56', '41', '9', '61', '45', '10', '55', '54']]";"[['16', '24', '25', '29', '31', '51', '48', '52', '47', '53', '50', '57', '44', '49', '59'], ['2', '46', '6', '27', '3', '19', '20', '15', '43', '28', '42', '11', '40'], ['7', '32', '37', '26', '13', '34', '12', '30', '35', '36', '38', '39', '33'], ['22', '18', '21', '23', '17', '1', '4', '58', '8', '5', '14'], ['56', '41', '9', '61', '60', '45', '10', '55', '54']]";"[3, 2, 2, 3, 3, 2, 1, 3, 4, 4, 2, 1, 1, 3, 2, 0, 3, 3, 2, 2, 3, 3, 3, 0, 0, 1, 2, 2, 0, 1, 0, 1, 1, 1, 1, 1, 1, 1, 1, 2, 4, 2, 2, 0, 4, 2, 0, 0, 0, 0, 0, 0, 0, 4, 4, 4, 0, 3, 0, 3, 4]";"[3, 2, 2, 3, 3, 2, 1, 3, 4, 4, 2, 1, 1, 3, 2, 0, 3, 3, 2, 2, 3, 3, 3, 0, 0, 1, 2, 2, 0, 1, 0, 1, 1, 1, 1, 1, 1, 1, 1, 2, 4, 2, 2, 0, 4, 2, 0, 0, 0, 0, 0, 0, 0, 4, 4, 4, 0, 3, 0, 3, 4]";"[3, 2, 2, 3, 3, 2, 1, 3, 4, 4, 2, 1, 1, 3, 2, 0, 3, 3, 2, 2, 3, 3, 3, 0, 0, 1, 2, 2, 0, 1, 0, 1, 1, 1, 1, 1, 1, 1, 1, 2, 4, 2, 2, 0, 4, 2, 0, 0, 0, 0, 0, 0, 0, 4, 4, 4, 0, 3, 0, 3, 4]";"[3, 1, 1, 3, 3, 1, 2, 3, 4, 4, 1, 2, 2, 3, 1, 0, 3, 3, 1, 1, 3, 3, 3, 0, 0, 2, 1, 1, 0, 2, 0, 2, 2, 2, 2, 2, 2, 2, 2, 1, 4, 1, 1, 0, 4, 1, 0, 0, 0, 0, 0, 0, 0, 4, 4, 4, 0, 3, 0, 4, 4]"
3;4;"aucs";"flat_nw";4;0.4162;0.4131;0.4094;0.4072;"{'56': 0.14285714285714285, '9': 0.2976190476190476, '41': 0.5, '61': 0.2857142857142857, '45': 0.4368131868131868, '10': 0.75, '55': 0.26785714285714285, '54': 0.5571428571428572}";"{'56': 0.14285714285714285, '9': 0.26785714285714285, '41': 0.5, '61': 0.2857142857142857, '45': 0.4314285714285714, '10': 0.6607142857142857, '55': 0.26785714285714285, '54': 0.5571428571428572}";"{'56': 0.42857142857142855, '9': 0.3857142857142857, '41': 0.5, '61': 0.35714285714285715, '45': 0.5228571428571429, '10': 0.8516483516483516, '55': 0.26785714285714285, '54': 0.5571428571428572}";"{'56': 0.26785714285714285, '9': 0.3571428571428571, '41': 0.5, '61': 0.3857142857142857, '45': 0.4368131868131868, '10': 0.75, '55': 0.26785714285714285, '54': 0.5571428571428572}";0.0;0.0;0.0;0.0;0.958151101963811;1.0;0.958151101963811;0.9636579250469968;1.0;0.9636579250469968;0.951986202130656;1.0;0.951986202130656;0.9518930134573276;1.0;0.9518930134573276;0.0015;0.0309;0.0053;"['56', '9', '41', '61', '45', '10', '55', '54']";"[('interD', ('26', '45')), ('interA', ('10', '42')), ('intraA', ('10', '9')), ('interA', ('57', '9'))]";"[('intraD', ('56', '9')), ('intraD', ('56', '61')), ('intraD', ('45', '56')), ('intraD', ('10', '56'))]";"[('interA', ('44', '56')), ('interA', ('6', '61')), ('interA', ('56', '6')), ('interA', ('22', '9'))]";"[['16', '24', '25', '29', '31', '51', '48', '52', '47', '53', '50', '57', '44', '49', '59'], ['7', '32', '37', '26', '13', '34', '12', '30', '35', '36', '38', '39', '33', '14'], ['2', '46', '6', '27', '3', '19', '20', '15', '43', '28', '42', '11', '40'], ['18', '21', '23', '17', '1', '4', '58', '60', '8', '5', '22'], ['56', '41', '9', '61', '45', '10', '55', '54']]";"[['16', '24', '25', '29', '31', '51', '48', '52', '47', '53', '50', '57', '44', '49', '59'], ['2', '46', '6', '27', '3', '19', '20', '15', '43', '28', '42', '11', '40'], ['7', '32', '37', '26', '13', '34', '12', '30', '35', '36', '38', '39', '33'], ['22', '18', '21', '23', '17', '1', '4', '58', '60', '8', '5', '14'], ['56', '41', '9', '61', '45', '10', '55', '54']]";"[['16', '24', '25', '29', '31', '51', '48', '52', '47', '53', '50', '57', '44', '49', '59'], ['7', '32', '37', '26', '13', '34', '12', '30', '35', '36', '38', '39', '33', '14'], ['2', '46', '6', '27', '3', '19', '20', '15', '43', '28', '42', '11', '40'], ['18', '21', '23', '17', '1', '4', '58', '60', '8', '5', '22'], ['56', '41', '9', '61', '45', '10', '55', '54']]";"[3, 2, 2, 3, 3, 2, 1, 3, 4, 4, 2, 1, 1, 3, 2, 0, 3, 3, 2, 2, 3, 3, 3, 0, 0, 1, 2, 2, 0, 1, 0, 1, 1, 1, 1, 1, 1, 1, 1, 2, 4, 2, 2, 0, 4, 2, 0, 0, 0, 0, 0, 0, 0, 4, 4, 4, 0, 3, 0, 3, 4]";"[3, 2, 2, 3, 3, 2, 1, 3, 4, 4, 2, 1, 1, 1, 2, 0, 3, 3, 2, 2, 3, 3, 3, 0, 0, 1, 2, 2, 0, 1, 0, 1, 1, 1, 1, 1, 1, 1, 1, 2, 4, 2, 2, 0, 4, 2, 0, 0, 0, 0, 0, 0, 0, 4, 4, 4, 0, 3, 0, 3, 4]";"[3, 1, 1, 3, 3, 1, 2, 3, 4, 4, 1, 2, 2, 3, 1, 0, 3, 3, 1, 1, 3, 3, 3, 0, 0, 2, 1, 1, 0, 2, 0, 2, 2, 2, 2, 2, 2, 2, 2, 1, 4, 1, 1, 0, 4, 1, 0, 0, 0, 0, 0, 0, 0, 4, 4, 4, 0, 3, 0, 3, 4]";"[3, 2, 2, 3, 3, 2, 1, 3, 4, 4, 2, 1, 1, 1, 2, 0, 3, 3, 2, 2, 3, 3, 3, 0, 0, 1, 2, 2, 0, 1, 0, 1, 1, 1, 1, 1, 1, 1, 1, 2, 4, 2, 2, 0, 4, 2, 0, 0, 0, 0, 0, 0, 0, 4, 4, 4, 0, 3, 0, 3, 4]"
4;4;"aucs";"flat_nw";4;0.4162;0.4162;0.4094;0.4067;"{'56': 0.14285714285714285, '9': 0.2976190476190476, '41': 0.5, '61': 0.2857142857142857, '45': 0.4368131868131868, '10': 0.75, '55': 0.26785714285714285, '54': 0.5571428571428572}";"{'56': 0.14285714285714285, '9': 0.2976190476190476, '41': 0.5, '61': 0.14285714285714285, '45': 0.5228571428571429, '10': 0.75, '55': 0.3571428571428571, '54': 0.5571428571428572}";"{'56': 0.42857142857142855, '9': 0.3857142857142857, '41': 0.5, '61': 0.35714285714285715, '45': 0.5228571428571429, '10': 0.8516483516483516, '55': 0.26785714285714285, '54': 0.5571428571428572}";"{'56': 0.26785714285714285, '9': 0.3571428571428571, '41': 0.5, '61': 0.3857142857142857, '45': 0.4368131868131868, '10': 0.75, '55': 0.26785714285714285, '54': 0.5571428571428572}";0.0;0.0;0.0;0.0;1.0;1.0;0.958151101963811;1.0;1.0;0.9636579250469968;1.0;1.0;0.951986202130656;1.0;1.0;0.9518930134573276;0.0014;0.0365;0.0038;"['56', '9', '41', '61', '45', '10', '55', '54']";"[('intraA', ('54', '61')), ('intraA', ('10', '61')), ('intraD', ('10', '45')), ('intraD', ('54', '55'))]";"[('intraD', ('56', '9')), ('intraD', ('56', '61')), ('intraD', ('45', '56')), ('intraD', ('10', '56'))]";"[('interA', ('56', '59')), ('interA', ('32', '61')), ('interA', ('21', '56')), ('interA', ('48', '9'))]";"[['16', '24', '25', '29', '31', '51', '48', '52', '47', '53', '50', '57', '44', '49', '59'], ['2', '46', '6', '27', '3', '19', '20', '15', '43', '28', '42', '11', '40'], ['7', '32', '37', '26', '13', '34', '12', '30', '35', '36', '38', '39', '33'], ['22', '18', '21', '23', '17', '1', '4', '58', '60', '8', '5', '14'], ['56', '41', '9', '61', '45', '10', '55', '54']]";"[['16', '24', '25', '29', '31', '51', '48', '52', '47', '53', '50', '57', '44', '49', '59'], ['7', '32', '37', '26', '13', '34', '12', '30', '35', '36', '38', '39', '33'], ['2', '46', '6', '27', '3', '19', '20', '15', '43', '28', '42', '11', '40'], ['22', '18', '21', '23', '17', '1', '4', '58', '60', '8', '5', '14'], ['56', '41', '9', '61', '45', '10', '55', '54']]";"[['16', '24', '25', '29', '31', '51', '48', '52', '47', '53', '50', '57', '44', '49', '59'], ['7', '32', '37', '26', '13', '34', '12', '30', '35', '36', '38', '39', '33', '14'], ['2', '46', '6', '27', '3', '19', '20', '15', '43', '28', '42', '11', '40'], ['18', '21', '23', '17', '1', '4', '58', '60', '8', '5', '22'], ['56', '41', '9', '61', '45', '10', '55', '54']]";"[3, 2, 2, 3, 3, 2, 1, 3, 4, 4, 2, 1, 1, 3, 2, 0, 3, 3, 2, 2, 3, 3, 3, 0, 0, 1, 2, 2, 0, 1, 0, 1, 1, 1, 1, 1, 1, 1, 1, 2, 4, 2, 2, 0, 4, 2, 0, 0, 0, 0, 0, 0, 0, 4, 4, 4, 0, 3, 0, 3, 4]";"[3, 1, 1, 3, 3, 1, 2, 3, 4, 4, 1, 2, 2, 3, 1, 0, 3, 3, 1, 1, 3, 3, 3, 0, 0, 2, 1, 1, 0, 2, 0, 2, 2, 2, 2, 2, 2, 2, 2, 1, 4, 1, 1, 0, 4, 1, 0, 0, 0, 0, 0, 0, 0, 4, 4, 4, 0, 3, 0, 3, 4]";"[3, 2, 2, 3, 3, 2, 1, 3, 4, 4, 2, 1, 1, 3, 2, 0, 3, 3, 2, 2, 3, 3, 3, 0, 0, 1, 2, 2, 0, 1, 0, 1, 1, 1, 1, 1, 1, 1, 1, 2, 4, 2, 2, 0, 4, 2, 0, 0, 0, 0, 0, 0, 0, 4, 4, 4, 0, 3, 0, 3, 4]";"[3, 2, 2, 3, 3, 2, 1, 3, 4, 4, 2, 1, 1, 1, 2, 0, 3, 3, 2, 2, 3, 3, 3, 0, 0, 1, 2, 2, 0, 1, 0, 1, 1, 1, 1, 1, 1, 1, 1, 2, 4, 2, 2, 0, 4, 2, 0, 0, 0, 0, 0, 0, 0, 4, 4, 4, 0, 3, 0, 3, 4]"
5;4;"aucs";"flat_nw";4;0.4162;0.4101;0.4094;0.4075;"{'56': 0.14285714285714285, '9': 0.2976190476190476, '41': 0.5, '61': 0.2857142857142857, '45': 0.4368131868131868, '10': 0.75, '55': 0.26785714285714285, '54': 0.5571428571428572}";"{'56': 0.14285714285714285, '9': 0.2976190476190476, '41': 0.5357142857142857, '61': 0.2857142857142857, '45': 0.4368131868131868, '10': 0.7571428571428571, '55': 0.26785714285714285, '54': 0.5571428571428572}";"{'56': 0.42857142857142855, '9': 0.3857142857142857, '41': 0.5, '61': 0.35714285714285715, '45': 0.5228571428571429, '10': 0.8516483516483516, '55': 0.26785714285714285, '54': 0.5571428571428572}";"{'56': 0.26785714285714285, '9': 0.3571428571428571, '41': 0.5, '61': 0.3857142857142857, '45': 0.4368131868131868, '10': 0.75, '55': 0.26785714285714285, '54': 0.5571428571428572}";0.0;0.0;0.0;0.0;0.958151101963811;1.0;0.958151101963811;0.9636579250469968;1.0;0.9636579250469968;0.951986202130656;1.0;0.951986202130656;0.9518930134573276;1.0;0.9518930134573276;0.0014;0.0312;0.0049;"['56', '9', '41', '61', '45', '10', '55', '54']";"[('interA', ('41', '42')), ('interA', ('41', '46')), ('interA', ('10', '51')), ('interD', ('13', '41'))]";"[('intraD', ('56', '9')), ('intraD', ('56', '61')), ('intraD', ('45', '56')), ('intraD', ('10', '56'))]";"[('interA', ('18', '56')), ('interA', ('61', '8')), ('interA', ('5', '56')), ('interA', ('59', '9'))]";"[['16', '24', '25', '29', '31', '51', '48', '52', '47', '53', '50', '57', '44', '49', '59'], ['7', '32', '37', '26', '13', '34', '12', '30', '35', '36', '38', '39', '33', '14'], ['2', '46', '6', '27', '3', '19', '20', '15', '43', '28', '42', '11', '40'], ['18', '21', '23', '17', '1', '4', '58', '60', '8', '5', '22'], ['56', '41', '9', '61', '45', '10', '55', '54']]";"[['16', '24', '25', '29', '31', '51', '48', '52', '47', '53', '50', '57', '44', '49', '59'], ['7', '32', '37', '26', '13', '34', '12', '30', '35', '36', '38', '39', '33'], ['2', '46', '6', '27', '3', '19', '20', '15', '43', '28', '42', '11', '40'], ['22', '18', '21', '23', '17', '1', '4', '58', '60', '8', '5', '14'], ['56', '41', '9', '61', '45', '10', '55', '54']]";"[['16', '24', '25', '29', '31', '51', '48', '52', '47', '53', '50', '57', '44', '49', '59'], ['7', '32', '37', '26', '13', '34', '12', '30', '35', '36', '38', '39', '33', '14'], ['2', '46', '6', '27', '3', '19', '20', '15', '43', '28', '42', '11', '40'], ['18', '21', '23', '17', '1', '4', '58', '60', '8', '5', '22'], ['56', '41', '9', '61', '45', '10', '55', '54']]";"[3, 2, 2, 3, 3, 2, 1, 3, 4, 4, 2, 1, 1, 3, 2, 0, 3, 3, 2, 2, 3, 3, 3, 0, 0, 1, 2, 2, 0, 1, 0, 1, 1, 1, 1, 1, 1, 1, 1, 2, 4, 2, 2, 0, 4, 2, 0, 0, 0, 0, 0, 0, 0, 4, 4, 4, 0, 3, 0, 3, 4]";"[3, 2, 2, 3, 3, 2, 1, 3, 4, 4, 2, 1, 1, 1, 2, 0, 3, 3, 2, 2, 3, 3, 3, 0, 0, 1, 2, 2, 0, 1, 0, 1, 1, 1, 1, 1, 1, 1, 1, 2, 4, 2, 2, 0, 4, 2, 0, 0, 0, 0, 0, 0, 0, 4, 4, 4, 0, 3, 0, 3, 4]";"[3, 2, 2, 3, 3, 2, 1, 3, 4, 4, 2, 1, 1, 3, 2, 0, 3, 3, 2, 2, 3, 3, 3, 0, 0, 1, 2, 2, 0, 1, 0, 1, 1, 1, 1, 1, 1, 1, 1, 2, 4, 2, 2, 0, 4, 2, 0, 0, 0, 0, 0, 0, 0, 4, 4, 4, 0, 3, 0, 3, 4]";"[3, 2, 2, 3, 3, 2, 1, 3, 4, 4, 2, 1, 1, 1, 2, 0, 3, 3, 2, 2, 3, 3, 3, 0, 0, 1, 2, 2, 0, 1, 0, 1, 1, 1, 1, 1, 1, 1, 1, 2, 4, 2, 2, 0, 4, 2, 0, 0, 0, 0, 0, 0, 0, 4, 4, 4, 0, 3, 0, 3, 4]"
6;4;"aucs";"flat_nw";4;0.4162;0.4156;0.4094;0.4065;"{'56': 0.14285714285714285, '9': 0.2976190476190476, '41': 0.5, '61': 0.2857142857142857, '45': 0.4368131868131868, '10': 0.75, '55': 0.26785714285714285, '54': 0.5571428571428572}";"{'56': 0.07142857142857142, '9': 0.2976190476190476, '41': 0.30952380952380953, '61': 0.21428571428571427, '45': 0.4368131868131868, '10': 0.75, '55': 0.26785714285714285, '54': 0.5571428571428572}";"{'56': 0.42857142857142855, '9': 0.3857142857142857, '41': 0.5, '61': 0.35714285714285715, '45': 0.5228571428571429, '10': 0.8516483516483516, '55': 0.26785714285714285, '54': 0.5571428571428572}";"{'56': 0.26785714285714285, '9': 0.3571428571428571, '41': 0.5, '61': 0.3857142857142857, '45': 0.4368131868131868, '10': 0.75, '55': 0.26785714285714285, '54': 0.5571428571428572}";0.0;0.0;0.0;0.0;0.958151101963811;1.0;0.958151101963811;0.9636579250469968;1.0;0.9636579250469968;0.951986202130656;1.0;0.951986202130656;0.9518930134573276;1.0;0.9518930134573276;0.0015;0.036;0.0065;"['56', '9', '41', '61', '45', '10', '55', '54']";"[('interD', ('45', '58')), ('intraA', ('41', '61')), ('intraA', ('41', '56')), ('interA', ('24', '45'))]";"[('intraD', ('56', '9')), ('intraD', ('56', '61')), ('intraD', ('45', '56')), ('intraD', ('10', '56'))]";"[('interA', ('44', '56')), ('interA', ('31', '61')), ('interA', ('56', '59')), ('interA', ('24', '9'))]";"[['16', '24', '25', '29', '31', '51', '48', '52', '47', '53', '50', '57', '44', '49', '59'], ['7', '32', '37', '26', '13', '34', '12', '30', '35', '36', '38', '39', '33', '14'], ['2', '46', '6', '27', '3', '19', '20', '15', '43', '28', '42', '11', '40'], ['18', '21', '23', '17', '1', '4', '58', '60', '8', '5', '22'], ['56', '41', '9', '61', '45', '10', '55', '54']]";"[['16', '24', '25', '29', '31', '51', '48', '52', '47', '53', '50', '57', '44', '49', '59'], ['2', '46', '6', '27', '3', '19', '20', '15', '43', '28', '42', '11', '40'], ['7', '32', '37', '26', '13', '34', '12', '30', '35', '36', '38', '39', '33'], ['22', '18', '21', '23', '17', '1', '4', '58', '60', '8', '5', '14'], ['56', '41', '9', '61', '45', '10', '55', '54']]";"[['16', '24', '25', '29', '31', '51', '48', '52', '47', '53', '50', '57', '44', '49', '59'], ['7', '32', '37', '26', '13', '34', '12', '30', '35', '36', '38', '39', '33', '14'], ['2', '46', '6', '27', '3', '19', '20', '15', '43', '28', '42', '11', '40'], ['18', '21', '23', '17', '1', '4', '58', '60', '8', '5', '22'], ['56', '41', '9', '61', '45', '10', '55', '54']]";"[3, 2, 2, 3, 3, 2, 1, 3, 4, 4, 2, 1, 1, 3, 2, 0, 3, 3, 2, 2, 3, 3, 3, 0, 0, 1, 2, 2, 0, 1, 0, 1, 1, 1, 1, 1, 1, 1, 1, 2, 4, 2, 2, 0, 4, 2, 0, 0, 0, 0, 0, 0, 0, 4, 4, 4, 0, 3, 0, 3, 4]";"[3, 2, 2, 3, 3, 2, 1, 3, 4, 4, 2, 1, 1, 1, 2, 0, 3, 3, 2, 2, 3, 3, 3, 0, 0, 1, 2, 2, 0, 1, 0, 1, 1, 1, 1, 1, 1, 1, 1, 2, 4, 2, 2, 0, 4, 2, 0, 0, 0, 0, 0, 0, 0, 4, 4, 4, 0, 3, 0, 3, 4]";"[3, 1, 1, 3, 3, 1, 2, 3, 4, 4, 1, 2, 2, 3, 1, 0, 3, 3, 1, 1, 3, 3, 3, 0, 0, 2, 1, 1, 0, 2, 0, 2, 2, 2, 2, 2, 2, 2, 2, 1, 4, 1, 1, 0, 4, 1, 0, 0, 0, 0, 0, 0, 0, 4, 4, 4, 0, 3, 0, 3, 4]";"[3, 2, 2, 3, 3, 2, 1, 3, 4, 4, 2, 1, 1, 1, 2, 0, 3, 3, 2, 2, 3, 3, 3, 0, 0, 1, 2, 2, 0, 1, 0, 1, 1, 1, 1, 1, 1, 1, 1, 2, 4, 2, 2, 0, 4, 2, 0, 0, 0, 0, 0, 0, 0, 4, 4, 4, 0, 3, 0, 3, 4]"
7;4;"aucs";"flat_nw";4;0.4162;0.416;0.4094;0.411;"{'56': 0.14285714285714285, '9': 0.2976190476190476, '41': 0.5, '61': 0.2857142857142857, '45': 0.4368131868131868, '10': 0.75, '55': 0.26785714285714285, '54': 0.5571428571428572}";"{'56': 0.13392857142857142, '9': 0.2976190476190476, '41': 0.3571428571428571, '61': 0.2857142857142857, '45': 0.4368131868131868, '10': 0.6523809523809523, '55': 0.18253968253968253, '54': 0.5571428571428572}";"{'56': 0.42857142857142855, '9': 0.3857142857142857, '41': 0.5, '61': 0.35714285714285715, '45': 0.5228571428571429, '10': 0.8516483516483516, '55': 0.26785714285714285, '54': 0.5571428571428572}";"{'56': 0.26785714285714285, '9': 0.3571428571428571, '41': 0.5, '61': 0.3857142857142857, '45': 0.4368131868131868, '10': 0.75, '55': 0.26785714285714285, '54': 0.5571428571428572}";0.0;0.0;0.0;0.0555555555555555;0.958151101963811;1.0;0.9666918928239564;0.9636579250469968;1.0;0.9661272707646776;0.951986202130656;1.0;0.9776888090787323;0.9518930134573276;1.0;0.977058679642414;0.0024;0.0468;0.0042;"['56', '9', '41', '61', '45', '10', '55', '54']";"[('intraA', ('41', '56')), ('intraA', ('10', '55')), ('interA', ('39', '56')), ('interD', ('35', '41'))]";"[('intraD', ('56', '9')), ('intraD', ('56', '61')), ('intraD', ('45', '56')), ('intraD', ('10', '56'))]";"[('interA', ('20', '56')), ('interA', ('21', '61')), ('interA', ('56', '57')), ('interA', ('1', '9'))]";"[['16', '24', '25', '29', '31', '51', '48', '52', '47', '53', '50', '57', '44', '49', '59'], ['7', '32', '37', '26', '13', '34', '12', '30', '35', '36', '38', '39', '33', '14'], ['2', '46', '6', '27', '3', '19', '20', '15', '43', '28', '42', '11', '40'], ['18', '21', '23', '17', '1', '4', '58', '60', '8', '5', '22'], ['56', '41', '9', '61', '45', '10', '55', '54']]";"[['16', '24', '25', '29', '31', '51', '48', '52', '47', '53', '50', '57', '44', '49', '59'], ['2', '46', '6', '27', '3', '19', '20', '15', '43', '28', '42', '11', '40'], ['7', '32', '37', '26', '13', '34', '12', '30', '35', '36', '38', '39', '33'], ['22', '18', '21', '23', '17', '1', '4', '58', '60', '8', '5', '14'], ['56', '41', '9', '61', '45', '10', '55', '54']]";"[['16', '24', '25', '29', '31', '51', '48', '52', '47', '53', '50', '57', '44', '49', '59'], ['2', '46', '6', '27', '3', '19', '20', '15', '43', '28', '42', '11', '40'], ['7', '32', '37', '26', '13', '34', '12', '30', '35', '36', '38', '39', '33'], ['22', '18', '21', '23', '17', '4', '58', '60', '8', '5', '14'], ['56', '41', '9', '61', '1', '45', '10', '55', '54']]";"[3, 2, 2, 3, 3, 2, 1, 3, 4, 4, 2, 1, 1, 3, 2, 0, 3, 3, 2, 2, 3, 3, 3, 0, 0, 1, 2, 2, 0, 1, 0, 1, 1, 1, 1, 1, 1, 1, 1, 2, 4, 2, 2, 0, 4, 2, 0, 0, 0, 0, 0, 0, 0, 4, 4, 4, 0, 3, 0, 3, 4]";"[3, 2, 2, 3, 3, 2, 1, 3, 4, 4, 2, 1, 1, 1, 2, 0, 3, 3, 2, 2, 3, 3, 3, 0, 0, 1, 2, 2, 0, 1, 0, 1, 1, 1, 1, 1, 1, 1, 1, 2, 4, 2, 2, 0, 4, 2, 0, 0, 0, 0, 0, 0, 0, 4, 4, 4, 0, 3, 0, 3, 4]";"[3, 1, 1, 3, 3, 1, 2, 3, 4, 4, 1, 2, 2, 3, 1, 0, 3, 3, 1, 1, 3, 3, 3, 0, 0, 2, 1, 1, 0, 2, 0, 2, 2, 2, 2, 2, 2, 2, 2, 1, 4, 1, 1, 0, 4, 1, 0, 0, 0, 0, 0, 0, 0, 4, 4, 4, 0, 3, 0, 3, 4]";"[4, 1, 1, 3, 3, 1, 2, 3, 4, 4, 1, 2, 2, 3, 1, 0, 3, 3, 1, 1, 3, 3, 3, 0, 0, 2, 1, 1, 0, 2, 0, 2, 2, 2, 2, 2, 2, 2, 2, 1, 4, 1, 1, 0, 4, 1, 0, 0, 0, 0, 0, 0, 0, 4, 4, 4, 0, 3, 0, 3, 4]"
8;4;"aucs";"flat_nw";4;0.4162;0.4103;0.4094;0.4098;"{'56': 0.14285714285714285, '9': 0.2976190476190476, '41': 0.5, '61': 0.2857142857142857, '45': 0.4368131868131868, '10': 0.75, '55': 0.26785714285714285, '54': 0.5571428571428572}";"{'56': 0.21428571428571427, '9': 0.2976190476190476, '41': 0.6071428571428572, '61': 0.2857142857142857, '45': 0.44179894179894175, '10': 0.8452380952380952, '55': 0.26785714285714285, '54': 0.5571428571428572}";"{'56': 0.42857142857142855, '9': 0.3857142857142857, '41': 0.5, '61': 0.35714285714285715, '45': 0.5228571428571429, '10': 0.8516483516483516, '55': 0.26785714285714285, '54': 0.5571428571428572}";"{'56': 0.26785714285714285, '9': 0.3571428571428571, '41': 0.5, '61': 0.3857142857142857, '45': 0.4368131868131868, '10': 0.75, '55': 0.26785714285714285, '54': 0.5571428571428572}";0.0;0.1363636363636363;0.0;0.1363636363636363;0.874453305891433;1.0;0.874453305891433;0.897154322433119;1.0;0.897154322433119;0.9014872822917194;1.0;0.9014872822917194;0.9117606749303284;1.0;0.9117606749303284;0.003;0.0356;0.0059;"['56', '9', '41', '61', '45', '10', '55', '54']";"[('interA', ('17', '45')), ('interD', ('10', '35')), ('intraD', ('10', '41')), ('interA', ('22', '56'))]";"[('intraD', ('56', '9')), ('intraD', ('56', '61')), ('intraD', ('45', '56')), ('intraD', ('10', '56'))]";"[('interA', ('4', '56')), ('interA', ('12', '61')), ('interA', ('17', '56')), ('interA', ('21', '9'))]";"[['16', '24', '25', '29', '31', '51', '48', '52', '47', '53', '50', '57', '44', '49', '59'], ['7', '32', '37', '26', '13', '34', '12', '30', '35', '36', '38', '39', '33', '14'], ['2', '46', '6', '27', '3', '19', '20', '15', '43', '28', '42', '11', '40'], ['56', '41', '9', '61', '1', '4', '58', '45', '10', '55', '54'], ['18', '21', '23', '17', '60', '8', '5', '22']]";"[['16', '24', '25', '29', '31', '51', '48', '52', '47', '53', '50', '57', '44', '49', '59'], ['2', '46', '6', '27', '3', '19', '20', '15', '43', '28', '42', '11', '40'], ['7', '32', '37', '26', '13', '34', '12', '30', '35', '36', '38', '39', '33'], ['22', '18', '21', '23', '17', '1', '4', '58', '60', '8', '5', '14'], ['56', '41', '9', '61', '45', '10', '55', '54']]";"[['16', '24', '25', '29', '31', '51', '48', '52', '47', '53', '50', '57', '44', '49', '59'], ['7', '32', '37', '26', '13', '34', '12', '30', '35', '36', '38', '39', '33', '14'], ['2', '46', '6', '27', '3', '19', '20', '15', '43', '28', '42', '11', '40'], ['56', '41', '9', '61', '1', '4', '58', '45', '10', '55', '54'], ['18', '21', '23', '17', '60', '8', '5', '22']]";"[3, 2, 2, 3, 3, 2, 1, 3, 4, 4, 2, 1, 1, 3, 2, 0, 3, 3, 2, 2, 3, 3, 3, 0, 0, 1, 2, 2, 0, 1, 0, 1, 1, 1, 1, 1, 1, 1, 1, 2, 4, 2, 2, 0, 4, 2, 0, 0, 0, 0, 0, 0, 0, 4, 4, 4, 0, 3, 0, 3, 4]";"[3, 2, 2, 3, 4, 2, 1, 4, 3, 3, 2, 1, 1, 1, 2, 0, 4, 4, 2, 2, 4, 4, 4, 0, 0, 1, 2, 2, 0, 1, 0, 1, 1, 1, 1, 1, 1, 1, 1, 2, 3, 2, 2, 0, 3, 2, 0, 0, 0, 0, 0, 0, 0, 3, 3, 3, 0, 3, 0, 4, 3]";"[3, 1, 1, 3, 3, 1, 2, 3, 4, 4, 1, 2, 2, 3, 1, 0, 3, 3, 1, 1, 3, 3, 3, 0, 0, 2, 1, 1, 0, 2, 0, 2, 2, 2, 2, 2, 2, 2, 2, 1, 4, 1, 1, 0, 4, 1, 0, 0, 0, 0, 0, 0, 0, 4, 4, 4, 0, 3, 0, 3, 4]";"[3, 2, 2, 3, 4, 2, 1, 4, 3, 3, 2, 1, 1, 1, 2, 0, 4, 4, 2, 2, 4, 4, 4, 0, 0, 1, 2, 2, 0, 1, 0, 1, 1, 1, 1, 1, 1, 1, 1, 2, 3, 2, 2, 0, 3, 2, 0, 0, 0, 0, 0, 0, 0, 3, 3, 3, 0, 3, 0, 4, 3]"
9;4;"aucs";"flat_nw";4;0.4162;0.4142;0.4094;0.4067;"{'56': 0.14285714285714285, '9': 0.2976190476190476, '41': 0.5, '61': 0.2857142857142857, '45': 0.4368131868131868, '10': 0.75, '55': 0.26785714285714285, '54': 0.5571428571428572}";"{'56': 0.14285714285714285, '9': 0.4017857142857143, '41': 0.6071428571428572, '61': 0.2857142857142857, '45': 0.5228571428571429, '10': 0.6523809523809523, '55': 0.26785714285714285, '54': 0.45238095238095233}";"{'56': 0.42857142857142855, '9': 0.3857142857142857, '41': 0.5, '61': 0.35714285714285715, '45': 0.5228571428571429, '10': 0.8516483516483516, '55': 0.26785714285714285, '54': 0.5571428571428572}";"{'56': 0.26785714285714285, '9': 0.3571428571428571, '41': 0.5, '61': 0.3857142857142857, '45': 0.4368131868131868, '10': 0.75, '55': 0.26785714285714285, '54': 0.5571428571428572}";0.0;0.0555555555555555;0.0;0.0;0.9666918928239564;1.0;0.958151101963811;0.9661272707646776;1.0;0.9636579250469968;0.9776888090787323;1.0;0.951986202130656;0.977058679642414;1.0;0.9518930134573276;0.0015;0.0362;0.0042;"['56', '9', '41', '61', '45', '10', '55', '54']";"[('intraD', ('41', '45')), ('intraA', ('10', '54')), ('interA', ('37', '9')), ('interA', ('58', '9'))]";"[('intraD', ('56', '9')), ('intraD', ('56', '61')), ('intraD', ('45', '56')), ('intraD', ('10', '56'))]";"[('interA', ('15', '56')), ('interA', ('61', '7')), ('interA', ('2', '56')), ('interA', ('50', '9'))]";"[['16', '24', '25', '29', '31', '51', '48', '52', '47', '53', '50', '57', '44', '49', '59'], ['2', '46', '6', '27', '3', '19', '20', '15', '43', '28', '42', '11', '40'], ['7', '32', '37', '26', '13', '34', '12', '30', '35', '36', '38', '39', '33'], ['22', '18', '21', '23', '17', '1', '4', '60', '8', '5', '14'], ['56', '41', '9', '61', '58', '45', '10', '55', '54']]";"[['16', '24', '25', '29', '31', '51', '48', '52', '47', '53', '50', '57', '44', '49', '59'], ['2', '46', '6', '27', '3', '19', '20', '15', '43', '28', '42', '11', '40'], ['7', '32', '37', '26', '13', '34', '12', '30', '35', '36', '38', '39', '33'], ['22', '18', '21', '23', '17', '1', '4', '58', '60', '8', '5', '14'], ['56', '41', '9', '61', '45', '10', '55', '54']]";"[['16', '24', '25', '29', '31', '51', '48', '52', '47', '53', '50', '57', '44', '49', '59'], ['7', '32', '37', '26', '13', '34', '12', '30', '35', '36', '38', '39', '33', '14'], ['2', '46', '6', '27', '3', '19', '20', '15', '43', '28', '42', '11', '40'], ['18', '21', '23', '17', '1', '4', '58', '60', '8', '5', '22'], ['56', '41', '9', '61', '45', '10', '55', '54']]";"[3, 2, 2, 3, 3, 2, 1, 3, 4, 4, 2, 1, 1, 3, 2, 0, 3, 3, 2, 2, 3, 3, 3, 0, 0, 1, 2, 2, 0, 1, 0, 1, 1, 1, 1, 1, 1, 1, 1, 2, 4, 2, 2, 0, 4, 2, 0, 0, 0, 0, 0, 0, 0, 4, 4, 4, 0, 3, 0, 3, 4]";"[3, 1, 1, 3, 3, 1, 2, 3, 4, 4, 1, 2, 2, 3, 1, 0, 3, 3, 1, 1, 3, 3, 3, 0, 0, 2, 1, 1, 0, 2, 0, 2, 2, 2, 2, 2, 2, 2, 2, 1, 4, 1, 1, 0, 4, 1, 0, 0, 0, 0, 0, 0, 0, 4, 4, 4, 0, 4, 0, 3, 4]";"[3, 1, 1, 3, 3, 1, 2, 3, 4, 4, 1, 2, 2, 3, 1, 0, 3, 3, 1, 1, 3, 3, 3, 0, 0, 2, 1, 1, 0, 2, 0, 2, 2, 2, 2, 2, 2, 2, 2, 1, 4, 1, 1, 0, 4, 1, 0, 0, 0, 0, 0, 0, 0, 4, 4, 4, 0, 3, 0, 3, 4]";"[3, 2, 2, 3, 3, 2, 1, 3, 4, 4, 2, 1, 1, 1, 2, 0, 3, 3, 2, 2, 3, 3, 3, 0, 0, 1, 2, 2, 0, 1, 0, 1, 1, 1, 1, 1, 1, 1, 1, 2, 4, 2, 2, 0, 4, 2, 0, 0, 0, 0, 0, 0, 0, 4, 4, 4, 0, 3, 0, 3, 4]"
10;4;"aucs";"flat_nw";4;0.4162;0.4131;0.4094;0.407;"{'56': 0.14285714285714285, '9': 0.2976190476190476, '41': 0.5, '61': 0.2857142857142857, '45': 0.4368131868131868, '10': 0.75, '55': 0.26785714285714285, '54': 0.5571428571428572}";"{'56': 0.21428571428571427, '9': 0.21428571428571427, '41': 0.4017857142857143, '61': 0.2857142857142857, '45': 0.4368131868131868, '10': 0.75, '55': 0.3571428571428571, '54': 0.45238095238095233}";"{'56': 0.42857142857142855, '9': 0.3857142857142857, '41': 0.5, '61': 0.35714285714285715, '45': 0.5228571428571429, '10': 0.8516483516483516, '55': 0.26785714285714285, '54': 0.5571428571428572}";"{'56': 0.26785714285714285, '9': 0.3571428571428571, '41': 0.5, '61': 0.3857142857142857, '45': 0.4368131868131868, '10': 0.75, '55': 0.26785714285714285, '54': 0.5571428571428572}";0.0;0.0;0.0;0.0;0.958151101963811;1.0;0.958151101963811;0.9636579250469968;1.0;0.9636579250469968;0.951986202130656;1.0;0.951986202130656;0.9518930134573276;1.0;0.9518930134573276;0.0022;0.0371;0.004;"['56', '9', '41', '61', '45', '10', '55', '54']";"[('intraD', ('55', '61')), ('intraA', ('54', '9')), ('intraA', ('41', '61')), ('interA', ('56', '60'))]";"[('intraD', ('56', '9')), ('intraD', ('56', '61')), ('intraD', ('45', '56')), ('intraD', ('10', '56'))]";"[('interA', ('56', '7')), ('interA', ('27', '61')), ('interA', ('43', '56')), ('interA', ('23', '9'))]";"[['16', '24', '25', '29', '31', '51', '48', '52', '47', '53', '50', '57', '44', '49', '59'], ['7', '32', '37', '26', '13', '34', '12', '30', '35', '36', '38', '39', '33', '14'], ['2', '46', '6', '27', '3', '19', '20', '15', '43', '28', '42', '11', '40'], ['18', '21', '23', '17', '1', '4', '58', '60', '8', '5', '22'], ['56', '41', '9', '61', '45', '10', '55', '54']]";"[['16', '24', '25', '29', '31', '51', '48', '52', '47', '53', '50', '57', '44', '49', '59'], ['7', '32', '37', '26', '13', '34', '12', '30', '35', '36', '38', '39', '33'], ['2', '46', '6', '27', '3', '19', '20', '15', '43', '28', '42', '11', '40'], ['22', '18', '21', '23', '17', '1', '4', '58', '60', '8', '5', '14'], ['56', '41', '9', '61', '45', '10', '55', '54']]";"[['16', '24', '25', '29', '31', '51', '48', '52', '47', '53', '50', '57', '44', '49', '59'], ['7', '32', '37', '26', '13', '34', '12', '30', '35', '36', '38', '39', '33', '14'], ['2', '46', '6', '27', '3', '19', '20', '15', '43', '28', '42', '11', '40'], ['18', '21', '23', '17', '1', '4', '58', '60', '8', '5', '22'], ['56', '41', '9', '61', '45', '10', '55', '54']]";"[3, 2, 2, 3, 3, 2, 1, 3, 4, 4, 2, 1, 1, 3, 2, 0, 3, 3, 2, 2, 3, 3, 3, 0, 0, 1, 2, 2, 0, 1, 0, 1, 1, 1, 1, 1, 1, 1, 1, 2, 4, 2, 2, 0, 4, 2, 0, 0, 0, 0, 0, 0, 0, 4, 4, 4, 0, 3, 0, 3, 4]";"[3, 2, 2, 3, 3, 2, 1, 3, 4, 4, 2, 1, 1, 1, 2, 0, 3, 3, 2, 2, 3, 3, 3, 0, 0, 1, 2, 2, 0, 1, 0, 1, 1, 1, 1, 1, 1, 1, 1, 2, 4, 2, 2, 0, 4, 2, 0, 0, 0, 0, 0, 0, 0, 4, 4, 4, 0, 3, 0, 3, 4]";"[3, 2, 2, 3, 3, 2, 1, 3, 4, 4, 2, 1, 1, 3, 2, 0, 3, 3, 2, 2, 3, 3, 3, 0, 0, 1, 2, 2, 0, 1, 0, 1, 1, 1, 1, 1, 1, 1, 1, 2, 4, 2, 2, 0, 4, 2, 0, 0, 0, 0, 0, 0, 0, 4, 4, 4, 0, 3, 0, 3, 4]";"[3, 2, 2, 3, 3, 2, 1, 3, 4, 4, 2, 1, 1, 1, 2, 0, 3, 3, 2, 2, 3, 3, 3, 0, 0, 1, 2, 2, 0, 1, 0, 1, 1, 1, 1, 1, 1, 1, 1, 2, 4, 2, 2, 0, 4, 2, 0, 0, 0, 0, 0, 0, 0, 4, 4, 4, 0, 3, 0, 3, 4]"
11;4;"aucs";"flat_nw";4;0.4162;0.4125;0.4094;0.4108;"{'56': 0.14285714285714285, '9': 0.2976190476190476, '41': 0.5, '61': 0.2857142857142857, '45': 0.4368131868131868, '10': 0.75, '55': 0.26785714285714285, '54': 0.5571428571428572}";"{'56': 0.14285714285714285, '9': 0.2976190476190476, '41': 0.5, '61': 0.2976190476190476, '45': 0.44179894179894175, '10': 0.75, '55': 0.3571428571428571, '54': 0.5571428571428572}";"{'56': 0.42857142857142855, '9': 0.3857142857142857, '41': 0.5, '61': 0.35714285714285715, '45': 0.5228571428571429, '10': 0.8516483516483516, '55': 0.26785714285714285, '54': 0.5571428571428572}";"{'56': 0.26785714285714285, '9': 0.3571428571428571, '41': 0.5, '61': 0.3857142857142857, '45': 0.4368131868131868, '10': 0.75, '55': 0.26785714285714285, '54': 0.5571428571428572}";0.0;0.1363636363636363;0.0;0.0555555555555555;0.874453305891433;1.0;0.9666918928239564;0.897154322433119;1.0;0.9661272707646776;0.9014872822917194;1.0;0.9776888090787323;0.9117606749303284;1.0;0.977058679642414;0.0014;0.0383;0.0064;"['56', '9', '41', '61', '45', '10', '55', '54']";"[('interA', ('19', '61')), ('intraD', ('54', '55')), ('interA', ('1', '45')), ('intraA', ('54', '61'))]";"[('intraD', ('56', '9')), ('intraD', ('56', '61')), ('intraD', ('45', '56')), ('intraD', ('10', '56'))]";"[('interA', ('52', '56')), ('interA', ('51', '61')), ('interA', ('56', '60')), ('interA', ('28', '9'))]";"[['16', '24', '25', '29', '31', '51', '48', '52', '47', '53', '50', '57', '44', '49', '59'], ['7', '32', '37', '26', '13', '34', '12', '30', '35', '36', '38', '39', '33', '14'], ['2', '46', '6', '27', '3', '19', '20', '15', '43', '28', '42', '11', '40'], ['56', '41', '9', '61', '1', '4', '58', '45', '10', '55', '54'], ['18', '21', '23', '17', '60', '8', '5', '22']]";"[['16', '24', '25', '29', '31', '51', '48', '52', '47', '53', '50', '57', '44', '49', '59'], ['2', '46', '6', '27', '3', '19', '20', '15', '43', '28', '42', '11', '40'], ['7', '32', '37', '26', '13', '34', '12', '30', '35', '36', '38', '39', '33'], ['22', '18', '21', '23', '17', '1', '4', '58', '60', '8', '5', '14'], ['56', '41', '9', '61', '45', '10', '55', '54']]";"[['16', '24', '25', '29', '31', '51', '48', '52', '47', '53', '50', '57', '44', '49', '59'], ['7', '32', '37', '26', '13', '34', '12', '30', '35', '36', '38', '39', '33'], ['2', '46', '6', '27', '3', '19', '20', '15', '43', '28', '42', '11', '40'], ['22', '18', '21', '23', '17', '1', '4', '58', '8', '5', '14'], ['56', '41', '9', '61', '60', '45', '10', '55', '54']]";"[3, 2, 2, 3, 3, 2, 1, 3, 4, 4, 2, 1, 1, 3, 2, 0, 3, 3, 2, 2, 3, 3, 3, 0, 0, 1, 2, 2, 0, 1, 0, 1, 1, 1, 1, 1, 1, 1, 1, 2, 4, 2, 2, 0, 4, 2, 0, 0, 0, 0, 0, 0, 0, 4, 4, 4, 0, 3, 0, 3, 4]";"[3, 2, 2, 3, 4, 2, 1, 4, 3, 3, 2, 1, 1, 1, 2, 0, 4, 4, 2, 2, 4, 4, 4, 0, 0, 1, 2, 2, 0, 1, 0, 1, 1, 1, 1, 1, 1, 1, 1, 2, 3, 2, 2, 0, 3, 2, 0, 0, 0, 0, 0, 0, 0, 3, 3, 3, 0, 3, 0, 4, 3]";"[3, 1, 1, 3, 3, 1, 2, 3, 4, 4, 1, 2, 2, 3, 1, 0, 3, 3, 1, 1, 3, 3, 3, 0, 0, 2, 1, 1, 0, 2, 0, 2, 2, 2, 2, 2, 2, 2, 2, 1, 4, 1, 1, 0, 4, 1, 0, 0, 0, 0, 0, 0, 0, 4, 4, 4, 0, 3, 0, 3, 4]";"[3, 2, 2, 3, 3, 2, 1, 3, 4, 4, 2, 1, 1, 3, 2, 0, 3, 3, 2, 2, 3, 3, 3, 0, 0, 1, 2, 2, 0, 1, 0, 1, 1, 1, 1, 1, 1, 1, 1, 2, 4, 2, 2, 0, 4, 2, 0, 0, 0, 0, 0, 0, 0, 4, 4, 4, 0, 3, 0, 4, 4]"
12;4;"aucs";"flat_nw";4;0.4162;0.4161;0.4094;0.4067;"{'56': 0.14285714285714285, '9': 0.2976190476190476, '41': 0.5, '61': 0.2857142857142857, '45': 0.4368131868131868, '10': 0.75, '55': 0.26785714285714285, '54': 0.5571428571428572}";"{'56': 0.14285714285714285, '9': 0.2976190476190476, '41': 0.4017857142857143, '61': 0.2857142857142857, '45': 0.5178571428571428, '10': 0.7417582417582418, '55': 0.3571428571428571, '54': 0.45238095238095233}";"{'56': 0.42857142857142855, '9': 0.3857142857142857, '41': 0.5, '61': 0.35714285714285715, '45': 0.5228571428571429, '10': 0.8516483516483516, '55': 0.26785714285714285, '54': 0.5571428571428572}";"{'56': 0.26785714285714285, '9': 0.3571428571428571, '41': 0.5, '61': 0.3857142857142857, '45': 0.4368131868131868, '10': 0.75, '55': 0.26785714285714285, '54': 0.5571428571428572}";0.0;0.0;0.0;0.0;0.958151101963811;1.0;0.958151101963811;0.9636579250469968;1.0;0.9636579250469968;0.951986202130656;1.0;0.951986202130656;0.9518930134573276;1.0;0.9518930134573276;0.0017;0.0366;0.0077;"['56', '9', '41', '61', '45', '10', '55', '54']";"[('interD', ('10', '32')), ('interD', ('13', '45')), ('intraA', ('41', '54')), ('intraD', ('45', '55'))]";"[('intraD', ('56', '9')), ('intraD', ('56', '61')), ('intraD', ('45', '56')), ('intraD', ('10', '56'))]";"[('interA', ('56', '6')), ('interA', ('24', '61')), ('interA', ('32', '56')), ('interA', ('19', '9'))]";"[['16', '24', '25', '29', '31', '51', '48', '52', '47', '53', '50', '57', '44', '49', '59'], ['7', '32', '37', '26', '13', '34', '12', '30', '35', '36', '38', '39', '33', '14'], ['2', '46', '6', '27', '3', '19', '20', '15', '43', '28', '42', '11', '40'], ['18', '21', '23', '17', '1', '4', '58', '60', '8', '5', '22'], ['56', '41', '9', '61', '45', '10', '55', '54']]";"[['16', '24', '25', '29', '31', '51', '48', '52', '47', '53', '50', '57', '44', '49', '59'], ['2', '46', '6', '27', '3', '19', '20', '15', '43', '28', '42', '11', '40'], ['7', '32', '37', '26', '13', '34', '12', '30', '35', '36', '38', '39', '33'], ['22', '18', '21', '23', '17', '1', '4', '58', '60', '8', '5', '14'], ['56', '41', '9', '61', '45', '10', '55', '54']]";"[['16', '24', '25', '29', '31', '51', '48', '52', '47', '53', '50', '57', '44', '49', '59'], ['7', '32', '37', '26', '13', '34', '12', '30', '35', '36', '38', '39', '33', '14'], ['2', '46', '6', '27', '3', '19', '20', '15', '43', '28', '42', '11', '40'], ['18', '21', '23', '17', '1', '4', '58', '60', '8', '5', '22'], ['56', '41', '9', '61', '45', '10', '55', '54']]";"[3, 2, 2, 3, 3, 2, 1, 3, 4, 4, 2, 1, 1, 3, 2, 0, 3, 3, 2, 2, 3, 3, 3, 0, 0, 1, 2, 2, 0, 1, 0, 1, 1, 1, 1, 1, 1, 1, 1, 2, 4, 2, 2, 0, 4, 2, 0, 0, 0, 0, 0, 0, 0, 4, 4, 4, 0, 3, 0, 3, 4]";"[3, 2, 2, 3, 3, 2, 1, 3, 4, 4, 2, 1, 1, 1, 2, 0, 3, 3, 2, 2, 3, 3, 3, 0, 0, 1, 2, 2, 0, 1, 0, 1, 1, 1, 1, 1, 1, 1, 1, 2, 4, 2, 2, 0, 4, 2, 0, 0, 0, 0, 0, 0, 0, 4, 4, 4, 0, 3, 0, 3, 4]";"[3, 1, 1, 3, 3, 1, 2, 3, 4, 4, 1, 2, 2, 3, 1, 0, 3, 3, 1, 1, 3, 3, 3, 0, 0, 2, 1, 1, 0, 2, 0, 2, 2, 2, 2, 2, 2, 2, 2, 1, 4, 1, 1, 0, 4, 1, 0, 0, 0, 0, 0, 0, 0, 4, 4, 4, 0, 3, 0, 3, 4]";"[3, 2, 2, 3, 3, 2, 1, 3, 4, 4, 2, 1, 1, 1, 2, 0, 3, 3, 2, 2, 3, 3, 3, 0, 0, 1, 2, 2, 0, 1, 0, 1, 1, 1, 1, 1, 1, 1, 1, 2, 4, 2, 2, 0, 4, 2, 0, 0, 0, 0, 0, 0, 0, 4, 4, 4, 0, 3, 0, 3, 4]"
13;4;"aucs";"flat_nw";4;0.4162;0.4128;0.4094;0.4098;"{'56': 0.14285714285714285, '9': 0.2976190476190476, '41': 0.5, '61': 0.2857142857142857, '45': 0.4368131868131868, '10': 0.75, '55': 0.26785714285714285, '54': 0.5571428571428572}";"{'56': 0.21428571428571427, '9': 0.2976190476190476, '41': 0.45238095238095233, '61': 0.2857142857142857, '45': 0.6101190476190476, '10': 0.8516483516483516, '55': 0.45238095238095233, '54': 0.5571428571428572}";"{'56': 0.42857142857142855, '9': 0.3857142857142857, '41': 0.5, '61': 0.35714285714285715, '45': 0.5228571428571429, '10': 0.8516483516483516, '55': 0.26785714285714285, '54': 0.5571428571428572}";"{'56': 0.26785714285714285, '9': 0.3571428571428571, '41': 0.5, '61': 0.3857142857142857, '45': 0.4368131868131868, '10': 0.75, '55': 0.26785714285714285, '54': 0.5571428571428572}";0.0;0.0;0.0;0.0;1.0;1.0;1.0;1.0;1.0;1.0;1.0;1.0;1.0;1.0;1.0;1.0;0.0014;0.0355;0.0067;"['56', '9', '41', '61', '45', '10', '55', '54']";"[('intraD', ('45', '55')), ('interD', ('13', '41')), ('intraD', ('10', '45')), ('intraD', ('55', '56'))]";"[('intraD', ('56', '9')), ('intraD', ('56', '61')), ('intraD', ('45', '56')), ('intraD', ('10', '56'))]";"[('interA', ('29', '56')), ('interA', ('39', '61')), ('interA', ('38', '56')), ('interA', ('16', '9'))]";"[['16', '24', '25', '29', '31', '51', '48', '52', '47', '53', '50', '57', '44', '49', '59'], ['2', '46', '6', '27', '3', '19', '20', '15', '43', '28', '42', '11', '40'], ['7', '32', '37', '26', '13', '34', '12', '30', '35', '36', '38', '39', '33'], ['22', '18', '21', '23', '17', '1', '4', '58', '60', '8', '5', '14'], ['56', '41', '9', '61', '45', '10', '55', '54']]";"[['16', '24', '25', '29', '31', '51', '48', '52', '47', '53', '50', '57', '44', '49', '59'], ['2', '46', '6', '27', '3', '19', '20', '15', '43', '28', '42', '11', '40'], ['7', '32', '37', '26', '13', '34', '12', '30', '35', '36', '38', '39', '33'], ['22', '18', '21', '23', '17', '1', '4', '58', '60', '8', '5', '14'], ['56', '41', '9', '61', '45', '10', '55', '54']]";"[['16', '24', '25', '29', '31', '51', '48', '52', '47', '53', '50', '57', '44', '49', '59'], ['7', '32', '37', '26', '13', '34', '12', '30', '35', '36', '38', '39', '33'], ['2', '46', '6', '27', '3', '19', '20', '15', '43', '28', '42', '11', '40'], ['22', '18', '21', '23', '17', '1', '4', '58', '60', '8', '5', '14'], ['56', '41', '9', '61', '45', '10', '55', '54']]";"[3, 2, 2, 3, 3, 2, 1, 3, 4, 4, 2, 1, 1, 3, 2, 0, 3, 3, 2, 2, 3, 3, 3, 0, 0, 1, 2, 2, 0, 1, 0, 1, 1, 1, 1, 1, 1, 1, 1, 2, 4, 2, 2, 0, 4, 2, 0, 0, 0, 0, 0, 0, 0, 4, 4, 4, 0, 3, 0, 3, 4]";"[3, 1, 1, 3, 3, 1, 2, 3, 4, 4, 1, 2, 2, 3, 1, 0, 3, 3, 1, 1, 3, 3, 3, 0, 0, 2, 1, 1, 0, 2, 0, 2, 2, 2, 2, 2, 2, 2, 2, 1, 4, 1, 1, 0, 4, 1, 0, 0, 0, 0, 0, 0, 0, 4, 4, 4, 0, 3, 0, 3, 4]";"[3, 1, 1, 3, 3, 1, 2, 3, 4, 4, 1, 2, 2, 3, 1, 0, 3, 3, 1, 1, 3, 3, 3, 0, 0, 2, 1, 1, 0, 2, 0, 2, 2, 2, 2, 2, 2, 2, 2, 1, 4, 1, 1, 0, 4, 1, 0, 0, 0, 0, 0, 0, 0, 4, 4, 4, 0, 3, 0, 3, 4]";"[3, 2, 2, 3, 3, 2, 1, 3, 4, 4, 2, 1, 1, 3, 2, 0, 3, 3, 2, 2, 3, 3, 3, 0, 0, 1, 2, 2, 0, 1, 0, 1, 1, 1, 1, 1, 1, 1, 1, 2, 4, 2, 2, 0, 4, 2, 0, 0, 0, 0, 0, 0, 0, 4, 4, 4, 0, 3, 0, 3, 4]"
14;4;"aucs";"flat_nw";4;0.4162;0.419;0.4094;0.4067;"{'56': 0.14285714285714285, '9': 0.2976190476190476, '41': 0.5, '61': 0.2857142857142857, '45': 0.4368131868131868, '10': 0.75, '55': 0.26785714285714285, '54': 0.5571428571428572}";"{'56': 0.14285714285714285, '9': 0.21428571428571427, '41': 0.5, '61': 0.2857142857142857, '45': 0.4368131868131868, '10': 0.6318681318681318, '55': 0.26785714285714285, '54': 0.45238095238095233}";"{'56': 0.42857142857142855, '9': 0.3857142857142857, '41': 0.5, '61': 0.35714285714285715, '45': 0.5228571428571429, '10': 0.8516483516483516, '55': 0.26785714285714285, '54': 0.5571428571428572}";"{'56': 0.26785714285714285, '9': 0.3571428571428571, '41': 0.5, '61': 0.3857142857142857, '45': 0.4368131868131868, '10': 0.75, '55': 0.26785714285714285, '54': 0.5571428571428572}";0.0;0.0;0.0;0.0;0.958151101963811;1.0;0.958151101963811;0.9636579250469968;1.0;0.9636579250469968;0.951986202130656;1.0;0.951986202130656;0.9518930134573276;1.0;0.9518930134573276;0.0016;0.0322;0.0065;"['56', '9', '41', '61', '45', '10', '55', '54']";"[('interD', ('10', '44')), ('interD', ('10', '40')), ('interD', ('13', '9')), ('intraA', ('10', '54'))]";"[('intraD', ('56', '9')), ('intraD', ('56', '61')), ('intraD', ('45', '56')), ('intraD', ('10', '56'))]";"[('interA', ('50', '56')), ('interA', ('5', '61')), ('interA', ('37', '56')), ('interA', ('44', '9'))]";"[['16', '24', '25', '29', '31', '51', '48', '52', '47', '53', '50', '57', '44', '49', '59'], ['7', '32', '37', '26', '13', '34', '12', '30', '35', '36', '38', '39', '33', '14'], ['2', '46', '6', '27', '3', '19', '20', '15', '43', '28', '42', '11', '40'], ['18', '21', '23', '17', '1', '4', '58', '60', '8', '5', '22'], ['56', '41', '9', '61', '45', '10', '55', '54']]";"[['16', '24', '25', '29', '31', '51', '48', '52', '47', '53', '50', '57', '44', '49', '59'], ['7', '32', '37', '26', '13', '34', '12', '30', '35', '36', '38', '39', '33'], ['2', '46', '6', '27', '3', '19', '20', '15', '43', '28', '42', '11', '40'], ['22', '18', '21', '23', '17', '1', '4', '58', '60', '8', '5', '14'], ['56', '41', '9', '61', '45', '10', '55', '54']]";"[['16', '24', '25', '29', '31', '51', '48', '52', '47', '53', '50', '57', '44', '49', '59'], ['7', '32', '37', '26', '13', '34', '12', '30', '35', '36', '38', '39', '33', '14'], ['2', '46', '6', '27', '3', '19', '20', '15', '43', '28', '42', '11', '40'], ['18', '21', '23', '17', '1', '4', '58', '60', '8', '5', '22'], ['56', '41', '9', '61', '45', '10', '55', '54']]";"[3, 2, 2, 3, 3, 2, 1, 3, 4, 4, 2, 1, 1, 3, 2, 0, 3, 3, 2, 2, 3, 3, 3, 0, 0, 1, 2, 2, 0, 1, 0, 1, 1, 1, 1, 1, 1, 1, 1, 2, 4, 2, 2, 0, 4, 2, 0, 0, 0, 0, 0, 0, 0, 4, 4, 4, 0, 3, 0, 3, 4]";"[3, 2, 2, 3, 3, 2, 1, 3, 4, 4, 2, 1, 1, 1, 2, 0, 3, 3, 2, 2, 3, 3, 3, 0, 0, 1, 2, 2, 0, 1, 0, 1, 1, 1, 1, 1, 1, 1, 1, 2, 4, 2, 2, 0, 4, 2, 0, 0, 0, 0, 0, 0, 0, 4, 4, 4, 0, 3, 0, 3, 4]";"[3, 2, 2, 3, 3, 2, 1, 3, 4, 4, 2, 1, 1, 3, 2, 0, 3, 3, 2, 2, 3, 3, 3, 0, 0, 1, 2, 2, 0, 1, 0, 1, 1, 1, 1, 1, 1, 1, 1, 2, 4, 2, 2, 0, 4, 2, 0, 0, 0, 0, 0, 0, 0, 4, 4, 4, 0, 3, 0, 3, 4]";"[3, 2, 2, 3, 3, 2, 1, 3, 4, 4, 2, 1, 1, 1, 2, 0, 3, 3, 2, 2, 3, 3, 3, 0, 0, 1, 2, 2, 0, 1, 0, 1, 1, 1, 1, 1, 1, 1, 1, 2, 4, 2, 2, 0, 4, 2, 0, 0, 0, 0, 0, 0, 0, 4, 4, 4, 0, 3, 0, 3, 4]"
15;4;"aucs";"flat_nw";4;0.4162;0.4128;0.4094;0.4067;"{'56': 0.14285714285714285, '9': 0.2976190476190476, '41': 0.5, '61': 0.2857142857142857, '45': 0.4368131868131868, '10': 0.75, '55': 0.26785714285714285, '54': 0.5571428571428572}";"{'56': 0.21428571428571427, '9': 0.48214285714285715, '41': 0.5, '61': 0.2857142857142857, '45': 0.4314285714285714, '10': 0.75, '55': 0.2976190476190476, '54': 0.5571428571428572}";"{'56': 0.42857142857142855, '9': 0.3857142857142857, '41': 0.5, '61': 0.35714285714285715, '45': 0.5228571428571429, '10': 0.8516483516483516, '55': 0.26785714285714285, '54': 0.5571428571428572}";"{'56': 0.26785714285714285, '9': 0.3571428571428571, '41': 0.5, '61': 0.3857142857142857, '45': 0.4368131868131868, '10': 0.75, '55': 0.26785714285714285, '54': 0.5571428571428572}";0.0;0.1363636363636363;0.0;0.0;0.874453305891433;1.0;0.958151101963811;0.897154322433119;1.0;0.9636579250469968;0.9014872822917194;1.0;0.951986202130656;0.9117606749303284;1.0;0.9518930134573276;0.0015;0.0362;0.0039;"['56', '9', '41', '61', '45', '10', '55', '54']";"[('interD', ('37', '45')), ('interD', ('13', '55')), ('intraD', ('56', '9')), ('intraD', ('55', '9'))]";"[('intraD', ('56', '9')), ('intraD', ('56', '61')), ('intraD', ('45', '56')), ('intraD', ('10', '56'))]";"[('interA', ('50', '56')), ('interA', ('51', '61')), ('interA', ('28', '56')), ('interA', ('49', '9'))]";"[['16', '24', '25', '29', '31', '51', '48', '52', '47', '53', '50', '57', '44', '49', '59'], ['7', '32', '37', '26', '13', '34', '12', '30', '35', '36', '38', '39', '33', '14'], ['2', '46', '6', '27', '3', '19', '20', '15', '43', '28', '42', '11', '40'], ['56', '41', '9', '61', '1', '4', '58', '45', '10', '55', '54'], ['18', '21', '23', '17', '60', '8', '5', '22']]";"[['16', '24', '25', '29', '31', '51', '48', '52', '47', '53', '50', '57', '44', '49', '59'], ['2', '46', '6', '27', '3', '19', '20', '15', '43', '28', '42', '11', '40'], ['7', '32', '37', '26', '13', '34', '12', '30', '35', '36', '38', '39', '33'], ['22', '18', '21', '23', '17', '1', '4', '58', '60', '8', '5', '14'], ['56', '41', '9', '61', '45', '10', '55', '54']]";"[['16', '24', '25', '29', '31', '51', '48', '52', '47', '53', '50', '57', '44', '49', '59'], ['7', '32', '37', '26', '13', '34', '12', '30', '35', '36', '38', '39', '33', '14'], ['2', '46', '6', '27', '3', '19', '20', '15', '43', '28', '42', '11', '40'], ['18', '21', '23', '17', '1', '4', '58', '60', '8', '5', '22'], ['56', '41', '9', '61', '45', '10', '55', '54']]";"[3, 2, 2, 3, 3, 2, 1, 3, 4, 4, 2, 1, 1, 3, 2, 0, 3, 3, 2, 2, 3, 3, 3, 0, 0, 1, 2, 2, 0, 1, 0, 1, 1, 1, 1, 1, 1, 1, 1, 2, 4, 2, 2, 0, 4, 2, 0, 0, 0, 0, 0, 0, 0, 4, 4, 4, 0, 3, 0, 3, 4]";"[3, 2, 2, 3, 4, 2, 1, 4, 3, 3, 2, 1, 1, 1, 2, 0, 4, 4, 2, 2, 4, 4, 4, 0, 0, 1, 2, 2, 0, 1, 0, 1, 1, 1, 1, 1, 1, 1, 1, 2, 3, 2, 2, 0, 3, 2, 0, 0, 0, 0, 0, 0, 0, 3, 3, 3, 0, 3, 0, 4, 3]";"[3, 1, 1, 3, 3, 1, 2, 3, 4, 4, 1, 2, 2, 3, 1, 0, 3, 3, 1, 1, 3, 3, 3, 0, 0, 2, 1, 1, 0, 2, 0, 2, 2, 2, 2, 2, 2, 2, 2, 1, 4, 1, 1, 0, 4, 1, 0, 0, 0, 0, 0, 0, 0, 4, 4, 4, 0, 3, 0, 3, 4]";"[3, 2, 2, 3, 3, 2, 1, 3, 4, 4, 2, 1, 1, 1, 2, 0, 3, 3, 2, 2, 3, 3, 3, 0, 0, 1, 2, 2, 0, 1, 0, 1, 1, 1, 1, 1, 1, 1, 1, 2, 4, 2, 2, 0, 4, 2, 0, 0, 0, 0, 0, 0, 0, 4, 4, 4, 0, 3, 0, 3, 4]"
16;4;"aucs";"flat_nw";4;0.4162;0.4106;0.4094;0.4074;"{'56': 0.14285714285714285, '9': 0.2976190476190476, '41': 0.5, '61': 0.2857142857142857, '45': 0.4368131868131868, '10': 0.75, '55': 0.26785714285714285, '54': 0.5571428571428572}";"{'56': 0.07142857142857142, '9': 0.2976190476190476, '41': 0.4017857142857143, '61': 0.3857142857142857, '45': 0.4368131868131868, '10': 0.75, '55': 0.30952380952380953, '54': 0.6071428571428572}";"{'56': 0.42857142857142855, '9': 0.3857142857142857, '41': 0.5, '61': 0.35714285714285715, '45': 0.5228571428571429, '10': 0.8516483516483516, '55': 0.26785714285714285, '54': 0.5571428571428572}";"{'56': 0.26785714285714285, '9': 0.3571428571428571, '41': 0.5, '61': 0.3857142857142857, '45': 0.4368131868131868, '10': 0.75, '55': 0.26785714285714285, '54': 0.5571428571428572}";0.0;0.0;0.0;0.0;0.958151101963811;1.0;0.958151101963811;0.9636579250469968;1.0;0.9636579250469968;0.951986202130656;1.0;0.951986202130656;0.9518930134573276;1.0;0.9518930134573276;0.0015;0.0353;0.0039;"['56', '9', '41', '61', '45', '10', '55', '54']";"[('interA', ('21', '61')), ('intraA', ('41', '56')), ('interA', ('22', '54')), ('interA', ('43', '55'))]";"[('intraD', ('56', '9')), ('intraD', ('56', '61')), ('intraD', ('45', '56')), ('intraD', ('10', '56'))]";"[('interA', ('43', '56')), ('interA', ('46', '61')), ('interA', ('2', '56')), ('interA', ('17', '9'))]";"[['16', '24', '25', '29', '31', '51', '48', '52', '47', '53', '50', '57', '44', '49', '59'], ['7', '32', '37', '26', '13', '34', '12', '30', '35', '36', '38', '39', '33', '14'], ['2', '46', '6', '27', '3', '19', '20', '15', '43', '28', '42', '11', '40'], ['18', '21', '23', '17', '1', '4', '58', '60', '8', '5', '22'], ['56', '41', '9', '61', '45', '10', '55', '54']]";"[['16', '24', '25', '29', '31', '51', '48', '52', '47', '53', '50', '57', '44', '49', '59'], ['2', '46', '6', '27', '3', '19', '20', '15', '43', '28', '42', '11', '40'], ['7', '32', '37', '26', '13', '34', '12', '30', '35', '36', '38', '39', '33'], ['22', '18', '21', '23', '17', '1', '4', '58', '60', '8', '5', '14'], ['56', '41', '9', '61', '45', '10', '55', '54']]";"[['16', '24', '25', '29', '31', '51', '48', '52', '47', '53', '50', '57', '44', '49', '59'], ['7', '32', '37', '26', '13', '34', '12', '30', '35', '36', '38', '39', '33', '14'], ['2', '46', '6', '27', '3', '19', '20', '15', '43', '28', '42', '11', '40'], ['18', '21', '23', '17', '1', '4', '58', '60', '8', '5', '22'], ['56', '41', '9', '61', '45', '10', '55', '54']]";"[3, 2, 2, 3, 3, 2, 1, 3, 4, 4, 2, 1, 1, 3, 2, 0, 3, 3, 2, 2, 3, 3, 3, 0, 0, 1, 2, 2, 0, 1, 0, 1, 1, 1, 1, 1, 1, 1, 1, 2, 4, 2, 2, 0, 4, 2, 0, 0, 0, 0, 0, 0, 0, 4, 4, 4, 0, 3, 0, 3, 4]";"[3, 2, 2, 3, 3, 2, 1, 3, 4, 4, 2, 1, 1, 1, 2, 0, 3, 3, 2, 2, 3, 3, 3, 0, 0, 1, 2, 2, 0, 1, 0, 1, 1, 1, 1, 1, 1, 1, 1, 2, 4, 2, 2, 0, 4, 2, 0, 0, 0, 0, 0, 0, 0, 4, 4, 4, 0, 3, 0, 3, 4]";"[3, 1, 1, 3, 3, 1, 2, 3, 4, 4, 1, 2, 2, 3, 1, 0, 3, 3, 1, 1, 3, 3, 3, 0, 0, 2, 1, 1, 0, 2, 0, 2, 2, 2, 2, 2, 2, 2, 2, 1, 4, 1, 1, 0, 4, 1, 0, 0, 0, 0, 0, 0, 0, 4, 4, 4, 0, 3, 0, 3, 4]";"[3, 2, 2, 3, 3, 2, 1, 3, 4, 4, 2, 1, 1, 1, 2, 0, 3, 3, 2, 2, 3, 3, 3, 0, 0, 1, 2, 2, 0, 1, 0, 1, 1, 1, 1, 1, 1, 1, 1, 2, 4, 2, 2, 0, 4, 2, 0, 0, 0, 0, 0, 0, 0, 4, 4, 4, 0, 3, 0, 3, 4]"
17;4;"aucs";"flat_nw";4;0.4162;0.4162;0.4094;0.4108;"{'56': 0.14285714285714285, '9': 0.2976190476190476, '41': 0.5, '61': 0.2857142857142857, '45': 0.4368131868131868, '10': 0.75, '55': 0.26785714285714285, '54': 0.5571428571428572}";"{'56': 0.21428571428571427, '9': 0.2976190476190476, '41': 0.5, '61': 0.3857142857142857, '45': 0.4314285714285714, '10': 0.6523809523809523, '55': 0.18253968253968253, '54': 0.6785714285714286}";"{'56': 0.42857142857142855, '9': 0.3857142857142857, '41': 0.5, '61': 0.35714285714285715, '45': 0.5228571428571429, '10': 0.8516483516483516, '55': 0.26785714285714285, '54': 0.5571428571428572}";"{'56': 0.26785714285714285, '9': 0.3571428571428571, '41': 0.5, '61': 0.3857142857142857, '45': 0.4368131868131868, '10': 0.75, '55': 0.26785714285714285, '54': 0.5571428571428572}";0.0;0.0;0.0;0.0555555555555555;1.0;1.0;0.9262924710147012;1.0;1.0;0.9302980057893548;1.0;1.0;0.9309645687274742;1.0;1.0;0.930658531706969;0.0017;0.0394;0.0042;"['56', '9', '41', '61', '45', '10', '55', '54']";"[('interD', ('45', '52')), ('interA', ('25', '61')), ('intraA', ('10', '55')), ('intraD', ('54', '56'))]";"[('intraD', ('56', '9')), ('intraD', ('56', '61')), ('intraD', ('45', '56')), ('intraD', ('10', '56'))]";"[('interA', ('25', '56')), ('interA', ('1', '61')), ('interA', ('16', '56')), ('interA', ('20', '9'))]";"[['16', '24', '25', '29', '31', '51', '48', '52', '47', '53', '50', '57', '44', '49', '59'], ['2', '46', '6', '27', '3', '19', '20', '15', '43', '28', '42', '11', '40'], ['7', '32', '37', '26', '13', '34', '12', '30', '35', '36', '38', '39', '33'], ['22', '18', '21', '23', '17', '1', '4', '58', '60', '8', '5', '14'], ['56', '41', '9', '61', '45', '10', '55', '54']]";"[['16', '24', '25', '29', '31', '51', '48', '52', '47', '53', '50', '57', '44', '49', '59'], ['7', '32', '37', '26', '13', '34', '12', '30', '35', '36', '38', '39', '33'], ['2', '46', '6', '27', '3', '19', '20', '15', '43', '28', '42', '11', '40'], ['22', '18', '21', '23', '17', '1', '4', '58', '60', '8', '5', '14'], ['56', '41', '9', '61', '45', '10', '55', '54']]";"[['16', '24', '25', '29', '31', '51', '48', '52', '47', '53', '50', '57', '44', '49', '59'], ['7', '32', '37', '26', '13', '34', '12', '30', '35', '36', '38', '39', '33'], ['22', '18', '21', '23', '17', '3', '4', '58', '60', '8', '5', '14'], ['2', '46', '6', '27', '19', '20', '15', '43', '28', '42', '11', '40'], ['56', '41', '9', '61', '1', '45', '10', '55', '54']]";"[3, 2, 2, 3, 3, 2, 1, 3, 4, 4, 2, 1, 1, 3, 2, 0, 3, 3, 2, 2, 3, 3, 3, 0, 0, 1, 2, 2, 0, 1, 0, 1, 1, 1, 1, 1, 1, 1, 1, 2, 4, 2, 2, 0, 4, 2, 0, 0, 0, 0, 0, 0, 0, 4, 4, 4, 0, 3, 0, 3, 4]";"[3, 1, 1, 3, 3, 1, 2, 3, 4, 4, 1, 2, 2, 3, 1, 0, 3, 3, 1, 1, 3, 3, 3, 0, 0, 2, 1, 1, 0, 2, 0, 2, 2, 2, 2, 2, 2, 2, 2, 1, 4, 1, 1, 0, 4, 1, 0, 0, 0, 0, 0, 0, 0, 4, 4, 4, 0, 3, 0, 3, 4]";"[3, 2, 2, 3, 3, 2, 1, 3, 4, 4, 2, 1, 1, 3, 2, 0, 3, 3, 2, 2, 3, 3, 3, 0, 0, 1, 2, 2, 0, 1, 0, 1, 1, 1, 1, 1, 1, 1, 1, 2, 4, 2, 2, 0, 4, 2, 0, 0, 0, 0, 0, 0, 0, 4, 4, 4, 0, 3, 0, 3, 4]";"[4, 3, 2, 2, 2, 3, 1, 2, 4, 4, 3, 1, 1, 2, 3, 0, 2, 2, 3, 3, 2, 2, 2, 0, 0, 1, 3, 3, 0, 1, 0, 1, 1, 1, 1, 1, 1, 1, 1, 3, 4, 3, 3, 0, 4, 3, 0, 0, 0, 0, 0, 0, 0, 4, 4, 4, 0, 2, 0, 2, 4]"
18;4;"aucs";"flat_nw";4;0.4162;0.4137;0.4094;0.4063;"{'56': 0.14285714285714285, '9': 0.2976190476190476, '41': 0.5, '61': 0.2857142857142857, '45': 0.4368131868131868, '10': 0.75, '55': 0.26785714285714285, '54': 0.5571428571428572}";"{'56': 0.14285714285714285, '9': 0.3857142857142857, '41': 0.5357142857142857, '61': 0.35714285714285715, '45': 0.5228571428571429, '10': 0.6523809523809523, '55': 0.3571428571428571, '54': 0.45238095238095233}";"{'56': 0.42857142857142855, '9': 0.3857142857142857, '41': 0.5, '61': 0.35714285714285715, '45': 0.5228571428571429, '10': 0.8516483516483516, '55': 0.26785714285714285, '54': 0.5571428571428572}";"{'56': 0.26785714285714285, '9': 0.3571428571428571, '41': 0.5, '61': 0.3857142857142857, '45': 0.4368131868131868, '10': 0.75, '55': 0.26785714285714285, '54': 0.5571428571428572}";0.0;0.0555555555555555;0.0;0.0;0.9666918928239564;1.0;0.958151101963811;0.9661272707646776;1.0;0.9636579250469968;0.9776888090787323;1.0;0.951986202130656;0.977058679642414;1.0;0.9518930134573276;0.0023;0.0317;0.0039;"['56', '9', '41', '61', '45', '10', '55', '54']";"[('intraA', ('10', '54')), ('intraD', ('45', '9')), ('intraD', ('55', '61')), ('interA', ('41', '60'))]";"[('intraD', ('56', '9')), ('intraD', ('56', '61')), ('intraD', ('45', '56')), ('intraD', ('10', '56'))]";"[('interA', ('34', '56')), ('interA', ('50', '61')), ('interA', ('25', '56')), ('interA', ('53', '9'))]";"[['16', '24', '25', '29', '31', '51', '48', '52', '47', '53', '50', '57', '44', '49', '59'], ['2', '46', '6', '27', '3', '19', '20', '15', '43', '28', '42', '11', '40'], ['7', '32', '37', '26', '13', '34', '12', '30', '35', '36', '38', '39', '33'], ['22', '18', '21', '23', '17', '1', '4', '58', '8', '5', '14'], ['56', '41', '9', '61', '60', '45', '10', '55', '54']]";"[['16', '24', '25', '29', '31', '51', '48', '52', '47', '53', '50', '57', '44', '49', '59'], ['2', '46', '6', '27', '3', '19', '20', '15', '43', '28', '42', '11', '40'], ['7', '32', '37', '26', '13', '34', '12', '30', '35', '36', '38', '39', '33'], ['22', '18', '21', '23', '17', '1', '4', '58', '60', '8', '5', '14'], ['56', '41', '9', '61', '45', '10', '55', '54']]";"[['16', '24', '25', '29', '31', '51', '48', '52', '47', '53', '50', '57', '44', '49', '59'], ['7', '32', '37', '26', '13', '34', '12', '30', '35', '36', '38', '39', '33', '14'], ['2', '46', '6', '27', '3', '19', '20', '15', '43', '28', '42', '11', '40'], ['18', '21', '23', '17', '1', '4', '58', '60', '8', '5', '22'], ['56', '41', '9', '61', '45', '10', '55', '54']]";"[3, 2, 2, 3, 3, 2, 1, 3, 4, 4, 2, 1, 1, 3, 2, 0, 3, 3, 2, 2, 3, 3, 3, 0, 0, 1, 2, 2, 0, 1, 0, 1, 1, 1, 1, 1, 1, 1, 1, 2, 4, 2, 2, 0, 4, 2, 0, 0, 0, 0, 0, 0, 0, 4, 4, 4, 0, 3, 0, 3, 4]";"[3, 1, 1, 3, 3, 1, 2, 3, 4, 4, 1, 2, 2, 3, 1, 0, 3, 3, 1, 1, 3, 3, 3, 0, 0, 2, 1, 1, 0, 2, 0, 2, 2, 2, 2, 2, 2, 2, 2, 1, 4, 1, 1, 0, 4, 1, 0, 0, 0, 0, 0, 0, 0, 4, 4, 4, 0, 3, 0, 4, 4]";"[3, 1, 1, 3, 3, 1, 2, 3, 4, 4, 1, 2, 2, 3, 1, 0, 3, 3, 1, 1, 3, 3, 3, 0, 0, 2, 1, 1, 0, 2, 0, 2, 2, 2, 2, 2, 2, 2, 2, 1, 4, 1, 1, 0, 4, 1, 0, 0, 0, 0, 0, 0, 0, 4, 4, 4, 0, 3, 0, 3, 4]";"[3, 2, 2, 3, 3, 2, 1, 3, 4, 4, 2, 1, 1, 1, 2, 0, 3, 3, 2, 2, 3, 3, 3, 0, 0, 1, 2, 2, 0, 1, 0, 1, 1, 1, 1, 1, 1, 1, 1, 2, 4, 2, 2, 0, 4, 2, 0, 0, 0, 0, 0, 0, 0, 4, 4, 4, 0, 3, 0, 3, 4]"
19;4;"aucs";"flat_nw";4;0.4162;0.4162;0.4094;0.411;"{'56': 0.14285714285714285, '9': 0.2976190476190476, '41': 0.5, '61': 0.2857142857142857, '45': 0.4368131868131868, '10': 0.75, '55': 0.26785714285714285, '54': 0.5571428571428572}";"{'56': 0.14285714285714285, '9': 0.3571428571428571, '41': 0.6071428571428572, '61': 0.2857142857142857, '45': 0.4314285714285714, '10': 0.6523809523809523, '55': 0.26785714285714285, '54': 0.5571428571428572}";"{'56': 0.42857142857142855, '9': 0.3857142857142857, '41': 0.5, '61': 0.35714285714285715, '45': 0.5228571428571429, '10': 0.8516483516483516, '55': 0.26785714285714285, '54': 0.5571428571428572}";"{'56': 0.26785714285714285, '9': 0.3571428571428571, '41': 0.5, '61': 0.3857142857142857, '45': 0.4368131868131868, '10': 0.75, '55': 0.26785714285714285, '54': 0.5571428571428572}";0.0;0.0;0.0;0.0555555555555555;1.0;1.0;0.9666918928239564;1.0;1.0;0.9661272707646776;1.0;1.0;0.9776888090787323;1.0;1.0;0.977058679642414;0.0014;0.0382;0.0043;"['56', '9', '41', '61', '45', '10', '55', '54']";"[('interD', ('45', '47')), ('intraA', ('10', '55')), ('intraD', ('41', '55')), ('interA', ('31', '9'))]";"[('intraD', ('56', '9')), ('intraD', ('56', '61')), ('intraD', ('45', '56')), ('intraD', ('10', '56'))]";"[('interA', ('56', '8')), ('interA', ('43', '61')), ('interA', ('37', '56')), ('interA', ('60', '9'))]";"[['16', '24', '25', '29', '31', '51', '48', '52', '47', '53', '50', '57', '44', '49', '59'], ['7', '32', '37', '26', '13', '34', '12', '30', '35', '36', '38', '39', '33'], ['2', '46', '6', '27', '3', '19', '20', '15', '43', '28', '42', '11', '40'], ['22', '18', '21', '23', '17', '1', '4', '58', '60', '8', '5', '14'], ['56', '41', '9', '61', '45', '10', '55', '54']]";"[['16', '24', '25', '29', '31', '51', '48', '52', '47', '53', '50', '57', '44', '49', '59'], ['7', '32', '37', '26', '13', '34', '12', '30', '35', '36', '38', '39', '33'], ['2', '46', '6', '27', '3', '19', '20', '15', '43', '28', '42', '11', '40'], ['22', '18', '21', '23', '17', '1', '4', '58', '60', '8', '5', '14'], ['56', '41', '9', '61', '45', '10', '55', '54']]";"[['16', '24', '25', '29', '31', '51', '48', '52', '47', '53', '50', '57', '44', '49', '59'], ['2', '46', '6', '27', '3', '19', '20', '15', '43', '28', '42', '11', '40'], ['7', '32', '37', '26', '13', '34', '12', '30', '35', '36', '38', '39', '33'], ['22', '18', '21', '23', '17', '1', '4', '58', '8', '5', '14'], ['56', '41', '9', '61', '60', '45', '10', '55', '54']]";"[3, 2, 2, 3, 3, 2, 1, 3, 4, 4, 2, 1, 1, 3, 2, 0, 3, 3, 2, 2, 3, 3, 3, 0, 0, 1, 2, 2, 0, 1, 0, 1, 1, 1, 1, 1, 1, 1, 1, 2, 4, 2, 2, 0, 4, 2, 0, 0, 0, 0, 0, 0, 0, 4, 4, 4, 0, 3, 0, 3, 4]";"[3, 2, 2, 3, 3, 2, 1, 3, 4, 4, 2, 1, 1, 3, 2, 0, 3, 3, 2, 2, 3, 3, 3, 0, 0, 1, 2, 2, 0, 1, 0, 1, 1, 1, 1, 1, 1, 1, 1, 2, 4, 2, 2, 0, 4, 2, 0, 0, 0, 0, 0, 0, 0, 4, 4, 4, 0, 3, 0, 3, 4]";"[3, 2, 2, 3, 3, 2, 1, 3, 4, 4, 2, 1, 1, 3, 2, 0, 3, 3, 2, 2, 3, 3, 3, 0, 0, 1, 2, 2, 0, 1, 0, 1, 1, 1, 1, 1, 1, 1, 1, 2, 4, 2, 2, 0, 4, 2, 0, 0, 0, 0, 0, 0, 0, 4, 4, 4, 0, 3, 0, 3, 4]";"[3, 1, 1, 3, 3, 1, 2, 3, 4, 4, 1, 2, 2, 3, 1, 0, 3, 3, 1, 1, 3, 3, 3, 0, 0, 2, 1, 1, 0, 2, 0, 2, 2, 2, 2, 2, 2, 2, 2, 1, 4, 1, 1, 0, 4, 1, 0, 0, 0, 0, 0, 0, 0, 4, 4, 4, 0, 3, 0, 4, 4]"
